case,n,metric,method,steps,group,repeats,final_value,final_box_hash,kernel_us_per_step,repeat_q1_us,repeat_q3_us,context_ms,init_ms,kernel_ms,total_ms
AES,8,max,peigen,6912,practical,5,7,6818563556447043631,0.793261574074074,0.7928019386574074,0.793379050925926,0.013692,0.015757,5.483024,5.512111
AES,8,max,proposed,6912,practical,5,7,6818563556447043631,0.07519256365740741,0.07513454861111112,0.07526649305555556,0.013912,0.012269,0.519731,0.545371
AES,8,min,peigen,491,practical,5,7,16636583510454055501,2.3693462321792262,2.368590631364562,2.370450101832994,0.013882,0.019595,1.163349,1.196556
AES,8,min,proposed,491,practical,5,7,16636583510454055501,0.18672505091649694,0.1864378818737271,0.18868431771894095,0.014112,0.011246,0.091682,0.118143
CLEFIA_S0,8,max,peigen,6912,practical,5,7,8863744823894490581,0.7935052083333334,0.7921899594907408,0.7940765335648148,0.014473,0.016869,5.484708,5.51621
CLEFIA_S0,8,max,proposed,6912,practical,5,7,8863744823894490581,0.07277372685185185,0.0727622974537037,0.07308564814814815,0.014243,0.010474,0.503012,0.53225
CLEFIA_S0,8,min,peigen,491,practical,5,6,3159390917197768285,4.6560162932790226,4.650688391038697,4.657896130346232,0.014253,0.021991,2.286104,2.322518
CLEFIA_S0,8,min,proposed,491,practical,5,6,3159390917197768285,0.17100407331975562,0.1699857433808554,0.1780081466395112,0.014173,0.012489,0.083963,0.111407
CLEFIA_S1,8,max,peigen,6912,practical,5,7,1917540954068315207,0.797163917824074,0.7966025752314815,0.7981831597222222,0.014364,0.018933,5.509997,5.545949
CLEFIA_S1,8,max,proposed,6912,practical,5,7,1917540954068315207,0.07292607060185184,0.07280150462962963,0.07372511574074075,0.013381,0.010574,0.504065,0.52802
CLEFIA_S1,8,min,peigen,491,practical,5,7,15570690943541220489,2.366672097759674,2.3638757637474543,2.3671608961303465,0.013672,0.018253,1.162036,1.193248
CLEFIA_S1,8,min,proposed,491,practical,5,7,15570690943541220489,0.1751507128309572,0.1739246435845214,0.18213034623217922,0.014574,0.013451,0.085999,0.113312
MISTY1_FI_key0000,16,max,bitwise,512,practical,5,15,9218607083714491769,89.63752734375,89.61734375,89.65679296875,0.680473,1.934842,45.894414,48.493902
MISTY1_FI_key0000,16,max,proposed,512,practical,5,15,9218607083714491769,1.095501953125,1.091212890625,1.117955078125,0.676935,1.845947,0.560897,3.079438
MISTY1_FI_key0000,16,min,bitwise,1,practical,5,3,17334562851212503845,2380205.473,2379577.185,2382176.976,0.673667,2379.885941,2380.205473,4760.770544
MISTY1_FI_key0000,16,min,proposed,1,practical,5,3,17334562851212503845,111.458,111.197,111.508,0.677476,1.544731,0.111458,2.32741
MISTY1_S9,9,max,bitwise,5248,practical,5,8,11825394949459686321,0.5344462652439024,0.5341825457317073,0.5353647103658536,0.022371,0.009131,2.804774,2.836797
MISTY1_S9,9,max,proposed,5248,practical,5,8,11825394949459686321,0.0851108993902439,0.08446932164634147,0.08563814786585365,0.025418,0.008871,0.446662,0.482274
MISTY1_S9,9,min,bitwise,138,practical,5,2,534834668094775813,141.9590072463768,141.25484057971013,141.9785507246377,0.02194,0.14696,19.590343,19.759053
MISTY1_S9,9,min,proposed,138,practical,5,2,534834668094775813,0.7839855072463767,0.7822463768115943,0.786963768115942,0.023374,0.010053,0.10819,0.143762
PRESENT,4,max,peigen,262144,practical,5,3,8456544447002131761,0.06606266021728516,0.06592608642578125,0.06614081573486329,0.011236,0.001855,17.31793,17.330609
PRESENT,4,max,proposed,262144,practical,5,3,8456544447002131761,0.01498275375366211,0.01408380126953125,0.01613707733154297,0.010695,0.001314,3.927639,3.939477
PRESENT,4,min,peigen,262144,practical,5,2,11571942013630973373,0.034782360076904294,0.034774635314941404,0.03478312301635742,0.012098,0.001814,9.117987,9.13246
PRESENT,4,min,proposed,262144,practical,5,2,11571942013630973373,0.015274681091308594,0.01523491668701172,0.015297161102294923,0.010625,0.002155,4.004166,4.016755
random_n03_00,3,max,peigen,262144,random,5,2,7636763051026879803,0.026831928253173827,0.026742000579833985,0.026848175048828124,0.010555,0.001784,7.033829,7.04724
random_n03_00,3,max,proposed,262144,random,5,2,7636763051026879803,0.012214969635009766,0.012210308074951172,0.012266399383544922,0.010504,0.001183,3.202081,3.213377
random_n03_00,3,min,peigen,262144,random,5,1,7636763051026879803,0.023799327850341796,0.02375811004638672,0.02381959533691406,0.010534,0.001634,6.238851,6.251531
random_n03_00,3,min,proposed,262144,random,5,1,7636763051026879803,0.011713703155517579,0.011682353973388671,0.011717571258544921,0.011316,0.001934,3.070677,3.083136
random_n03_01,3,max,peigen,262144,random,5,2,14142554134551304703,0.02698995590209961,0.026974353790283203,0.027039772033691407,0.010444,0.001503,7.075255,7.086841
random_n03_01,3,max,proposed,262144,random,5,2,14142554134551304703,0.012367378234863282,0.012315071105957032,0.012384925842285156,0.011056,0.001323,3.242034,3.254964
random_n03_01,3,min,peigen,262144,random,5,1,9801746672055530301,0.023810150146484375,0.023802001953125,0.02382479476928711,0.011045,0.001403,6.241688,6.253976
random_n03_01,3,min,proposed,262144,random,5,1,9801746672055530301,0.012829414367675781,0.01279897689819336,0.01293356704711914,0.010985,0.002055,3.363154,3.375212
random_n03_02,3,max,peigen,262144,random,5,2,7666396878289038003,0.02698253631591797,0.02691321563720703,0.027012550354003906,0.011416,0.001804,7.07331,7.085698
random_n03_02,3,max,proposed,262144,random,5,2,7666396878289038003,0.012342601776123048,0.012250263214111328,0.012398082733154297,0.010514,0.001063,3.235539,3.247747
random_n03_02,3,min,peigen,262144,random,5,1,1859530999151717103,0.023993297576904295,0.023776729583740233,0.02414558792114258,0.010835,0.001684,6.289699,6.3033
random_n03_02,3,min,proposed,262144,random,5,1,1859530999151717103,0.010573223114013671,0.01044815444946289,0.010634628295898438,0.011086,0.002095,2.771707,2.785428
random_n03_03,3,max,peigen,262144,random,5,2,15909322669470997017,0.027364280700683592,0.02732749557495117,0.027377811431884766,0.010905,0.001533,7.173382,7.18572
random_n03_03,3,max,proposed,262144,random,5,2,15909322669470997017,0.012584632873535156,0.012470806121826172,0.012598476409912109,0.011638,0.001242,3.298986,3.311866
random_n03_03,3,min,peigen,262144,random,5,1,7255901354379398241,0.023748706817626954,0.023737842559814454,0.023765949249267577,0.010475,0.001413,6.225581,6.237218
random_n03_03,3,min,proposed,262144,random,5,1,7255901354379398241,0.01282513427734375,0.012792400360107422,0.012872890472412109,0.010083,0.002104,3.362032,3.37452
random_n03_04,3,max,peigen,262144,random,5,2,14815582749681212871,0.026970989227294923,0.026954471588134767,0.02697993469238281,0.011156,0.001634,7.070283,7.082561
random_n03_04,3,max,proposed,262144,random,5,2,14815582749681212871,0.012330020904541016,0.012270454406738282,0.012344017028808593,0.010425,0.001162,3.232241,3.24455
random_n03_04,3,min,peigen,262144,random,5,1,244660045374719309,0.02376315689086914,0.02374399948120117,0.02378659439086914,0.010504,0.001694,6.229369,6.241266
random_n03_04,3,min,proposed,262144,random,5,1,244660045374719309,0.01166579818725586,0.011646411895751952,0.011741806030273437,0.010584,0.002075,3.058119,3.070828
random_n03_05,3,max,peigen,262144,random,5,2,4630101290409038487,0.026898685455322265,0.026853492736816406,0.026925033569335937,0.010154,0.001484,7.051329,7.063448
random_n03_05,3,max,proposed,262144,random,5,2,4630101290409038487,0.012227970123291016,0.012218914031982421,0.012260967254638672,0.011576,0.001203,3.205489,3.219632
random_n03_05,3,min,peigen,262144,random,5,1,18004204871127701541,0.02377811050415039,0.023739295959472655,0.02389805221557617,0.011045,0.001414,6.233289,6.246238
random_n03_05,3,min,proposed,262144,random,5,1,18004204871127701541,0.010570430755615234,0.010537929534912109,0.010579456329345703,0.010574,0.002165,2.770975,2.783784
random_n03_06,3,max,peigen,262144,random,5,2,13908852184014430829,0.026960742950439452,0.026942008972167968,0.02700971984863281,0.011135,0.001704,7.067597,7.080506
random_n03_06,3,max,proposed,262144,random,5,2,13908852184014430829,0.012392993927001952,0.012364894866943359,0.012428096771240234,0.010544,0.001152,3.248749,3.261058
random_n03_06,3,min,peigen,262144,random,5,1,13908852184014430829,0.02380731964111328,0.023776504516601564,0.023820320129394532,0.010755,0.001713,6.240946,6.253515
random_n03_06,3,min,proposed,262144,random,5,1,13908852184014430829,0.011592769622802734,0.0115882568359375,0.011623966217041015,0.011155,0.002075,3.038975,3.051865
random_n03_07,3,max,peigen,262144,random,5,2,8710921205954301823,0.026695465087890623,0.02669221496582031,0.026751060485839844,0.010485,0.001504,6.998056,7.009663
random_n03_07,3,max,proposed,262144,random,5,2,8710921205954301823,0.012101642608642578,0.012058933258056641,0.012127449035644531,0.010935,0.001373,3.172373,3.183268
random_n03_07,3,min,peigen,262144,random,5,2,15827570484427973019,0.023723316192626954,0.02372075653076172,0.023728057861328124,0.010926,0.001533,6.218925,6.231785
random_n03_07,3,min,proposed,262144,random,5,2,15827570484427973019,0.009330764770507812,0.009317035675048829,0.009385787963867187,0.010433,0.002225,2.446004,2.458081
random_n03_08,3,max,peigen,262144,random,5,2,13774159825225929001,0.026992401123046874,0.026943649291992187,0.027047344207763672,0.011096,0.001614,7.075896,7.088044
random_n03_08,3,max,proposed,262144,random,5,2,13774159825225929001,0.012303028106689453,0.01229779052734375,0.01230593490600586,0.010775,0.001093,3.225165,3.236151
random_n03_08,3,min,peigen,262144,random,5,1,1674203713923053373,0.023789463043212892,0.02378495407104492,0.023792407989501954,0.010785,0.001674,6.236265,6.248123
random_n03_08,3,min,proposed,262144,random,5,1,1674203713923053373,0.01168671417236328,0.011668586730957031,0.011739437103271484,0.010955,0.002015,3.063602,3.07596
random_n03_09,3,max,peigen,262144,random,5,2,9352645789165162253,0.0269298095703125,0.026914783477783203,0.027112117767333986,0.010394,0.001473,7.059488,7.071415
random_n03_09,3,max,proposed,262144,random,5,2,9352645789165162253,0.012393455505371093,0.012376670837402343,0.01241543960571289,0.011577,0.001403,3.24887,3.260768
random_n03_09,3,min,peigen,262144,random,5,1,393153296211626443,0.023806095123291016,0.02376935577392578,0.023848728179931642,0.010986,0.001343,6.240625,6.254407
random_n03_09,3,min,proposed,262144,random,5,1,393153296211626443,0.010302478790283204,0.01024673080444336,0.010353294372558594,0.010595,0.002175,2.700733,2.714294
random_n04_00,4,max,peigen,262144,random,5,3,10056000149074021173,0.03544336700439453,0.035391712188720705,0.035499732971191404,0.011597,0.001734,9.291266,9.304407
random_n04_00,4,max,proposed,262144,random,5,3,10056000149074021173,0.012767742156982422,0.012766403198242187,0.012800849914550782,0.010885,0.001293,3.346987,3.359265
random_n04_00,4,min,peigen,262144,random,5,3,648900470063463495,0.034804073333740235,0.034795204162597654,0.034817573547363284,0.011236,0.001864,9.123679,9.13684
random_n04_00,4,min,proposed,262144,random,5,3,648900470063463495,0.010694698333740234,0.0106737060546875,0.010719432830810546,0.010424,0.001994,2.803551,2.81622
random_n04_01,4,max,peigen,262144,random,5,3,11243505782687389601,0.034918819427490234,0.03488230514526367,0.03497116470336914,0.011196,0.002025,9.153759,9.16707
random_n04_01,4,max,proposed,262144,random,5,3,11243505782687389601,0.012685916900634765,0.01263751220703125,0.012689243316650391,0.010905,0.001223,3.325537,3.338116
random_n04_01,4,min,peigen,262144,random,5,2,11243505782687389601,0.0347882080078125,0.034742206573486326,0.03485921096801758,0.010835,0.001655,9.11952,9.132299
random_n04_01,4,min,proposed,262144,random,5,2,11243505782687389601,0.011800155639648438,0.011772476196289062,0.01203878402709961,0.011696,0.002185,3.09334,3.10628
random_n04_02,4,max,peigen,262144,random,5,3,4963189078769256541,0.07685589218139649,0.07680159759521485,0.07694180297851562,0.011457,0.001985,20.147311,20.15957
random_n04_02,4,max,proposed,262144,random,5,3,4963189078769256541,0.02052852249145508,0.020503746032714844,0.020901927947998045,0.010855,0.001313,5.381429,5.392725
random_n04_02,4,min,peigen,262144,random,5,3,4600749817693117321,0.03477214813232422,0.03475146484375,0.03477398300170898,0.010895,0.001404,9.11531,9.127609
random_n04_02,4,min,proposed,262144,random,5,3,4600749817693117321,0.010765544891357422,0.010645221710205079,0.010789100646972655,0.010936,0.002265,2.822123,2.835053
random_n04_03,4,max,peigen,262144,random,5,3,9477830450276644509,0.0758968734741211,0.07574981689453125,0.07600079345703124,0.011266,0.001905,19.89591,19.908709
random_n04_03,4,max,proposed,262144,random,5,3,9477830450276644509,0.02041909408569336,0.01926913070678711,0.021105648040771485,0.011577,0.001353,5.352743,5.365583
random_n04_03,4,min,peigen,262144,random,5,1,11755973375899727629,0.03456690216064453,0.03455772399902344,0.034567398071289064,0.010875,0.001814,9.061506,9.073934
random_n04_03,4,min,proposed,262144,random,5,1,11755973375899727629,0.021190071105957033,0.021141128540039064,0.021190074920654296,0.010465,0.001994,5.55485,5.567129
random_n04_04,4,max,peigen,262144,random,5,3,8142339076655349603,0.06797508239746093,0.06787176513671875,0.0681226692199707,0.011597,0.001744,17.81926,17.831157
random_n04_04,4,max,proposed,262144,random,5,3,8142339076655349603,0.015240997314453124,0.015232200622558595,0.018540016174316408,0.011085,0.001374,3.995336,4.007654
random_n04_04,4,min,peigen,262144,random,5,2,5202368770147157075,0.034769512176513674,0.03475926208496094,0.034802547454833986,0.010825,0.001644,9.114619,9.12796
random_n04_04,4,min,proposed,262144,random,5,2,5202368770147157075,0.011778057098388672,0.011756301879882813,0.011840763092041016,0.011517,0.002395,3.087547,3.100247
random_n04_05,4,max,peigen,262144,random,5,3,15299815890740254205,0.03512521362304687,0.03510766220092774,0.035152549743652346,0.012258,0.001624,9.207864,9.220032
random_n04_05,4,max,proposed,262144,random,5,3,15299815890740254205,0.012699413299560546,0.012688671112060547,0.01275921630859375,0.011055,0.001363,3.329075,3.341463
random_n04_05,4,min,peigen,262144,random,5,2,3142292123888951059,0.03479986953735351,0.034748977661132815,0.03502874755859375,0.011417,0.001664,9.122577,9.136299
random_n04_05,4,min,proposed,262144,random,5,2,3142292123888951059,0.011882205963134766,0.011853343963623047,0.011913105010986328,0.010805,0.001964,3.114849,3.12787
random_n04_06,4,max,peigen,262144,random,5,3,9714011493228078851,0.058631736755371096,0.0581275634765625,0.059062572479248045,0.011056,0.001835,15.369958,15.382958
random_n04_06,4,max,proposed,262144,random,5,3,9714011493228078851,0.016073951721191405,0.014777809143066407,0.016089168548583985,0.011837,0.001403,4.21369,4.226931
random_n04_06,4,min,peigen,262144,random,5,2,4888612673069603655,0.034822811126708986,0.034780139923095706,0.035091224670410155,0.010745,0.001664,9.128591,9.140538
random_n04_06,4,min,proposed,262144,random,5,2,4888612673069603655,0.014285839080810547,0.01423253631591797,0.01431573486328125,0.011747,0.002245,3.744947,3.758969
random_n04_07,4,max,peigen,262144,random,5,3,13533242421692929235,0.0603394775390625,0.060169139862060544,0.06049337768554688,0.010936,0.001744,15.817632,15.829019
random_n04_07,4,max,proposed,262144,random,5,3,13533242421692929235,0.015193084716796874,0.013671855926513671,0.016218669891357423,0.011146,0.001424,3.982776,3.995476
random_n04_07,4,min,peigen,262144,random,5,3,7135515401231888007,0.03484449005126953,0.0348049201965332,0.03485810089111328,0.010685,0.001724,9.134274,9.146672
random_n04_07,4,min,proposed,262144,random,5,3,7135515401231888007,0.010843204498291016,0.010705516815185548,0.011017707824707032,0.011837,0.002205,2.842481,2.854418
random_n04_08,4,max,peigen,262144,random,5,3,14139836763276828007,0.04274333953857422,0.04253981399536133,0.04301504135131836,0.010314,0.001854,11.20491,11.217649
random_n04_08,4,max,proposed,262144,random,5,3,14139836763276828007,0.013338558197021485,0.013293132781982422,0.013347084045410157,0.010946,0.001133,3.496623,3.508701
random_n04_08,4,min,peigen,262144,random,5,2,13297643458665857401,0.03481061553955078,0.03480193328857422,0.03483366775512695,0.010404,0.001774,9.125394,9.138373
random_n04_08,4,min,proposed,262144,random,5,2,13297643458665857401,0.011792091369628907,0.011772285461425782,0.011838623046875,0.011837,0.002225,3.091226,3.106802
random_n04_09,4,max,peigen,262144,random,5,3,12189915393406953369,0.035302013397216794,0.03525838851928711,0.03531650543212891,0.010855,0.002015,9.254211,9.2668
random_n04_09,4,max,proposed,262144,random,5,3,12189915393406953369,0.012774276733398437,0.012762351989746094,0.012775314331054688,0.011566,0.001283,3.3487,3.361419
random_n04_09,4,min,peigen,262144,random,5,2,5990369543844654295,0.03478224182128906,0.034766757965087894,0.03483279037475586,0.010434,0.001663,9.117956,9.129763
random_n04_09,4,min,proposed,262144,random,5,2,5990369543844654295,0.013118473052978516,0.013086891174316407,0.013204654693603516,0.011687,0.002226,3.438929,3.451498
random_n05_00,5,max,peigen,262144,random,5,4,11969425198911059099,0.10292261505126953,0.1028013687133789,0.10300325393676758,0.011747,0.001964,26.980546,26.993867
random_n05_00,5,max,proposed,262144,random,5,4,11969425198911059099,0.04047113037109375,0.04040130996704101,0.04054094696044922,0.011817,0.001634,10.609264,10.623497
random_n05_00,5,min,peigen,262144,random,5,4,16947870535173449305,0.06955282592773437,0.06954314804077148,0.0695753059387207,0.011658,0.002174,18.232856,18.248132
random_n05_00,5,min,proposed,262144,random,5,4,16947870535173449305,0.031902969360351564,0.03186167526245117,0.03192116928100586,0.011286,0.002927,8.363172,8.381354
random_n05_01,5,max,peigen,262144,random,5,4,11580519662431885545,0.0460688247680664,0.04602061080932617,0.04725232315063477,0.011076,0.001844,12.076666,12.089245
random_n05_01,5,max,proposed,262144,random,5,4,11580519662431885545,0.02343621063232422,0.023377246856689453,0.023496124267578126,0.011677,0.001504,6.143662,6.15579
random_n05_01,5,min,peigen,262144,random,5,4,1376953963618185553,0.06891410446166993,0.0688888282775879,0.06912459182739258,0.011978,0.002064,18.065419,18.079652
random_n05_01,5,min,proposed,262144,random,5,4,1376953963618185553,0.032045700073242187,0.03203013610839844,0.03216564178466797,0.011326,0.003127,8.400588,8.415131
random_n05_02,5,max,peigen,262144,random,5,4,13360269548106771177,0.08262174987792968,0.08237287139892578,0.08264736557006835,0.011507,0.001834,21.658796,21.672878
random_n05_02,5,max,proposed,262144,random,5,4,13360269548106771177,0.023637096405029298,0.02361117172241211,0.024264575958251954,0.011075,0.001334,6.196323,6.208581
random_n05_02,5,min,peigen,262144,random,5,4,15993984202959268533,0.07044998168945313,0.07021066665649414,0.07046439743041992,0.010935,0.001924,18.46804,18.481871
random_n05_02,5,min,proposed,262144,random,5,4,15993984202959268533,0.031850395202636717,0.03183184814453125,0.031894287109375,0.011627,0.003127,8.34939,8.365246
random_n05_03,5,max,peigen,262144,random,5,4,2881834876004189083,0.06603658676147461,0.0651216926574707,0.06656629943847656,0.011526,0.001734,17.311095,17.324405
random_n05_03,5,max,proposed,262144,random,5,4,2881834876004189083,0.023498989105224608,0.02333871078491211,0.023511531829833985,0.011847,0.001444,6.160119,6.173289
random_n05_03,5,min,peigen,262144,random,5,3,8223924836659863749,0.07369853210449219,0.0736893539428711,0.07375412750244141,0.011205,0.002104,19.319628,19.332828
random_n05_03,5,min,proposed,262144,random,5,3,8223924836659863749,0.047501426696777344,0.047269603729248044,0.047616512298583984,0.012008,0.003288,12.452214,12.465484
random_n05_04,5,max,peigen,262144,random,5,4,4275124210449721879,0.10215018463134766,0.10211925506591797,0.10222107315063476,0.011627,0.001854,26.778058,26.792291
random_n05_04,5,max,proposed,262144,random,5,4,4275124210449721879,0.04063374328613281,0.04057490158081055,0.04063466262817383,0.011126,0.001514,10.651892,10.66401
random_n05_04,5,min,peigen,262144,random,5,3,2950888386676447487,0.07078052520751953,0.07075272750854492,0.07082442092895508,0.011467,0.002215,18.55469,18.567399
random_n05_04,5,min,proposed,262144,random,5,3,2950888386676447487,0.037009567260742185,0.036994884490966794,0.0370960578918457,0.011567,0.003097,9.701836,9.7165
random_n05_05,5,max,peigen,262144,random,5,4,2006029950690565223,0.10036719512939453,0.10019670104980469,0.10046411895751953,0.011748,0.001834,26.310658,26.32406
random_n05_05,5,max,proposed,262144,random,5,4,2006029950690565223,0.03759112930297852,0.03757897186279297,0.037596595764160155,0.011717,0.001543,9.854289,9.867389
random_n05_05,5,min,peigen,262144,random,5,4,2317865143460013683,0.06939380264282227,0.06920472717285156,0.06969425582885742,0.011276,0.002125,18.191169,18.208399
random_n05_05,5,min,proposed,262144,random,5,4,2317865143460013683,0.03184404754638672,0.031830284118652345,0.03188503646850586,0.011276,0.003127,8.347726,8.362129
random_n05_06,5,max,peigen,262144,random,5,4,15724870698591428101,0.09964718627929688,0.0996441650390625,0.09983992767333984,0.012018,0.001824,26.121912,26.136154
random_n05_06,5,max,proposed,262144,random,5,4,15724870698591428101,0.03673782730102539,0.03669060516357422,0.03675094223022461,0.011747,0.001514,9.630601,9.644273
random_n05_06,5,min,peigen,262144,random,5,3,9386305106446948233,0.07460719680786133,0.0744816665649414,0.07467307281494141,0.011496,0.002225,19.557829,19.572803
random_n05_06,5,min,proposed,262144,random,5,3,9386305106446948233,0.04304035568237305,0.04266010284423828,0.04304853439331055,0.011326,0.003087,11.282771,11.298086
random_n05_07,5,max,peigen,262144,random,5,4,5208226486000525907,0.10272757720947266,0.10259582138061524,0.10277812576293946,0.011787,0.001935,26.929418,26.942438
random_n05_07,5,max,proposed,262144,random,5,4,5208226486000525907,0.03828873443603516,0.038178001403808594,0.03860754013061524,0.011697,0.001614,10.037162,10.050633
random_n05_07,5,min,peigen,262144,random,5,3,11799743342084388221,0.07043346405029297,0.07029137802124023,0.0708930892944336,0.012148,0.002094,18.46371,18.478474
random_n05_07,5,min,proposed,262144,random,5,3,11799743342084388221,0.03444512176513672,0.0344094123840332,0.034546676635742186,0.011467,0.003007,9.029582,9.045248
random_n05_08,5,max,peigen,262144,random,5,4,8429318829303399981,0.10024468612670899,0.10016255950927734,0.10027753448486328,0.011567,0.001865,26.278543,26.291172
random_n05_08,5,max,proposed,262144,random,5,4,8429318829303399981,0.03769872283935547,0.03767344665527344,0.037779056549072265,0.011687,0.001484,9.882494,9.89404
random_n05_08,5,min,peigen,262144,random,5,3,455395676731781201,0.09015036392211914,0.08997643280029297,0.09020664978027344,0.011427,0.002035,23.632377,23.645979
random_n05_08,5,min,proposed,262144,random,5,3,455395676731781201,0.04760321044921875,0.047399337768554685,0.04799355316162109,0.011447,0.003067,12.478896,12.494662
random_n05_09,5,max,peigen,262144,random,5,4,12037126603382893635,0.10232228469848632,0.10223181915283203,0.10246069717407226,0.011567,0.001584,26.823173,26.836905
random_n05_09,5,max,proposed,262144,random,5,4,12037126603382893635,0.03894963073730469,0.03894641876220703,0.03901780319213867,0.011446,0.001564,10.210412,10.223362
random_n05_09,5,min,peigen,262144,random,5,3,1692101484396278431,0.07223713684082031,0.07215768432617188,0.07255602264404297,0.011547,0.002175,18.936532,18.950875
random_n05_09,5,min,proposed,262144,random,5,3,1692101484396278431,0.04304563140869141,0.04298873519897461,0.04312936782836914,0.012338,0.003097,11.284154,11.299589
random_n06_00,6,max,peigen,17536,random,5,5,17286820950395427765,0.11955668339416059,0.11951893248175181,0.12105993385036497,0.011877,0.002145,2.096546,2.113375
random_n06_00,6,max,proposed,17536,random,5,5,17286820950395427765,0.042729413777372265,0.04263902828467153,0.04282989279197081,0.012229,0.001584,0.749303,0.764256
random_n06_00,6,min,peigen,5699,random,5,4,2764653582592120883,0.15100894893841024,0.15085576416915247,0.15104228812072293,0.011898,0.002686,0.8606,0.875103
random_n06_00,6,min,proposed,5699,random,5,4,2764653582592120883,0.07891717845236006,0.07859712230215826,0.08115090366731006,0.012379,0.002606,0.449749,0.464964
random_n06_01,6,max,peigen,17536,random,5,5,9890737431341037969,0.12004539233576642,0.1196795734489051,0.12006825958029196,0.012308,0.001995,2.105116,2.118838
random_n06_01,6,max,proposed,17536,random,5,5,9890737431341037969,0.04350325045620438,0.043481523722627737,0.04350958029197081,0.012119,0.001613,0.762873,0.776605
random_n06_01,6,min,peigen,5699,random,5,4,12685888555283180917,0.19079013862081068,0.1907232847868047,0.1909062993507633,0.01268,0.002637,1.087313,1.102739
random_n06_01,6,min,proposed,5699,random,5,4,12685888555283180917,0.05262747850500088,0.0525481663449728,0.05270468503246183,0.011677,0.002505,0.299924,0.314928
random_n06_02,6,max,peigen,17536,random,5,5,6143009713771956613,0.1206455291970803,0.12055924954379561,0.12065237226277373,0.012098,0.002365,2.11564,2.128811
random_n06_02,6,max,proposed,17536,random,5,5,6143009713771956613,0.04333747718978102,0.043142620894160585,0.04342894616788321,0.012509,0.001633,0.759966,0.773428
random_n06_02,6,min,peigen,5699,random,5,4,15622550873995475277,0.153010352693455,0.15280803649763114,0.15302965432532023,0.012389,0.002696,0.872006,0.887201
random_n06_02,6,min,proposed,5699,random,5,4,15622550873995475277,0.08117722407439902,0.079852956659063,0.08352184593788384,0.012198,0.002555,0.462629,0.479127
random_n06_03,6,max,peigen,17536,random,5,5,15813160558979916471,0.12035236085766424,0.11994593978102189,0.12075245209854014,0.012308,0.002055,2.110499,2.125874
random_n06_03,6,max,proposed,17536,random,5,5,15813160558979916471,0.04198688412408759,0.041869696624087585,0.04212522810218978,0.012027,0.001644,0.736282,0.749994
random_n06_03,6,min,peigen,5699,random,5,4,10104285494690540065,0.15218371644148096,0.151918055799263,0.15221881031759957,0.011928,0.002767,0.867295,0.881528
random_n06_03,6,min,proposed,5699,random,5,4,10104285494690540065,0.06218266362519741,0.062006843305843135,0.0626013335672925,0.012599,0.002686,0.354379,0.368773
random_n06_04,6,max,peigen,17536,random,5,5,8775829560670879787,0.11997570711678833,0.11989963503649635,0.1201105155109489,0.012379,0.002325,2.103894,2.120351
random_n06_04,6,max,proposed,17536,random,5,5,8775829560670879787,0.042727645985401456,0.04271732436131387,0.04314028284671533,0.012459,0.001634,0.749272,0.762883
random_n06_04,6,min,peigen,5699,random,5,4,12276722482484465135,0.15133602386383574,0.15073451482716266,0.15150658010177223,0.0126,0.002696,0.862464,0.878451
random_n06_04,6,min,proposed,5699,random,5,4,12276722482484465135,0.05664432356553781,0.05630303562028426,0.05677627653974381,0.011968,0.002576,0.322816,0.33728
random_n06_05,6,max,peigen,17536,random,5,5,6279626704008078741,0.1203946738138686,0.1203671875,0.12043059990875912,0.011647,0.002104,2.111241,2.124852
random_n06_05,6,max,proposed,17536,random,5,5,6279626704008078741,0.043244924726277376,0.04308776231751825,0.04342381386861314,0.012509,0.001744,0.758343,0.772626
random_n06_05,6,min,peigen,5699,random,5,5,2535633982822509301,0.1501926653798912,0.14945586945078085,0.15020687839971925,0.011898,0.002787,0.855948,0.870843
random_n06_05,6,min,proposed,5699,random,5,5,2535633982822509301,0.06949903491840674,0.0690557992630286,0.06976995964204247,0.011798,0.002656,0.396075,0.409787
random_n06_06,6,max,peigen,17536,random,5,5,3406722784925412283,0.12014199361313868,0.1198882299270073,0.1201796875,0.011998,0.002256,2.10681,2.120853
random_n06_06,6,max,proposed,17536,random,5,5,3406722784925412283,0.04228410127737227,0.0422704151459854,0.042285812043795626,0.011627,0.001604,0.741494,0.754474
random_n06_06,6,min,peigen,5699,random,5,5,3535044076460954499,0.1501117739954378,0.14998526057203018,0.1501751184418319,0.012088,0.002646,0.855487,0.870783
random_n06_06,6,min,proposed,5699,random,5,5,3535044076460954499,0.05387787331110721,0.05382154763993683,0.05401509036673101,0.012098,0.002666,0.30705,0.322656
random_n06_07,6,max,peigen,17536,random,5,5,1967206448753359397,0.11908057709854014,0.11897884352189782,0.11909375,0.012088,0.002295,2.088197,2.10258
random_n06_07,6,max,proposed,17536,random,5,5,1967206448753359397,0.042658473996350366,0.0424092723540146,0.04267506843065694,0.012439,0.001654,0.748059,0.762192
random_n06_07,6,min,peigen,5699,random,5,4,10328983984709780499,0.15353974381470434,0.1528220740480786,0.15403737497806633,0.011978,0.002475,0.875023,0.888915
random_n06_07,6,min,proposed,5699,random,5,4,10328983984709780499,0.07967713633970873,0.07699666608176874,0.08003755044744691,0.012709,0.002596,0.45408,0.467882
random_n06_08,6,max,peigen,17536,random,5,5,6558496834786501535,0.12081535127737225,0.12057806797445256,0.12084215328467154,0.012529,0.002124,2.118618,2.132921
random_n06_08,6,max,proposed,17536,random,5,5,6558496834786501535,0.04143356523722628,0.0414284329379562,0.04162619753649635,0.011938,0.001613,0.726579,0.740131
random_n06_08,6,min,peigen,5699,random,5,5,1731207390879085339,0.15014177925951921,0.15003088261098438,0.15016634497280226,0.011817,0.002857,0.855658,0.869479
random_n06_08,6,min,proposed,5699,random,5,5,1731207390879085339,0.0774186699420951,0.07592560098262854,0.0814569222670644,0.011526,0.002577,0.441209,0.456435
random_n06_09,6,max,peigen,17536,random,5,5,17847043733727944485,0.11956757527372262,0.11934580291970803,0.11983793339416059,0.011858,0.002306,2.096737,2.11074
random_n06_09,6,max,proposed,17536,random,5,5,17847043733727944485,0.04247616332116788,0.04236644616788321,0.04275222399635037,0.012539,0.001744,0.744862,0.759797
random_n06_09,6,min,peigen,5699,random,5,4,8946816439959645945,0.15085593963853308,0.15067625899280573,0.15100350938761187,0.012138,0.002866,0.859728,0.875474
random_n06_09,6,min,proposed,5699,random,5,4,8946816439959645945,0.09207457448675206,0.09167713633970873,0.09213791893314617,0.012178,0.002576,0.524733,0.539848
random_n07_00,7,max,peigen,10240,random,5,6,1130050259678165671,0.54332431640625,0.54306591796875,0.5474873046875,0.01321,0.003337,5.563641,5.580059
random_n07_00,7,max,proposed,10240,random,5,6,1130050259678165671,0.057447265625,0.057275,0.05774482421875,0.01306,0.002145,0.58826,0.602814
random_n07_00,7,min,peigen,768,random,5,5,12118982100595556027,1.2641861979166666,1.2640416666666667,1.2653203125,0.01263,0.005001,0.970895,0.989608
random_n07_00,7,min,proposed,768,random,5,5,12118982100595556027,0.10297135416666667,0.10057161458333333,0.10455208333333332,0.012309,0.003007,0.079082,0.094799
random_n07_01,7,max,peigen,10240,random,5,6,16295324533905588019,0.5462578125,0.5454052734375,0.5500537109375,0.01323,0.003499,5.59368,5.609898
random_n07_01,7,max,proposed,10240,random,5,6,16295324533905588019,0.058961523437499996,0.05870703125,0.0598345703125,0.012139,0.002185,0.603766,0.617728
random_n07_01,7,min,peigen,768,random,5,5,11774944444829187485,1.2518255208333333,1.2516822916666668,1.25310546875,0.01262,0.004961,0.961402,0.980657
random_n07_01,7,min,proposed,768,random,5,5,11774944444829187485,0.133328125,0.13321223958333334,0.14007682291666665,0.012879,0.003208,0.102396,0.119015
random_n07_02,7,max,peigen,10240,random,5,6,6176892992790245491,0.5436903320312501,0.54366591796875,0.543712890625,0.012699,0.003518,5.567389,5.583426
random_n07_02,7,max,proposed,10240,random,5,6,6176892992790245491,0.05875390625,0.0587314453125,0.059099511718750004,0.01282,0.002085,0.60164,0.616565
random_n07_02,7,min,peigen,768,random,5,5,11150718532557585729,1.2776536458333332,1.2773020833333333,1.2801328125,0.012809,0.004821,0.981238,1.000773
random_n07_02,7,min,proposed,768,random,5,5,11150718532557585729,0.12446614583333333,0.1204609375,0.1300390625,0.013281,0.003178,0.09559,0.112359
random_n07_03,7,max,peigen,10240,random,5,6,13025143504037587319,0.54240517578125,0.5423551757812499,0.5426078125,0.012559,0.003348,5.554229,5.571148
random_n07_03,7,max,proposed,10240,random,5,6,13025143504037587319,0.058180468750000006,0.05794931640625,0.05841044921875,0.01302,0.002176,0.595768,0.613388
random_n07_03,7,min,peigen,768,random,5,5,7399310419340673565,1.2563424479166667,1.2557669270833332,1.25846875,0.0131,0.00459,0.964871,0.982962
random_n07_03,7,min,proposed,768,random,5,5,7399310419340673565,0.09687760416666667,0.09614583333333333,0.09766015625,0.0127,0.003078,0.074402,0.089708
random_n07_04,7,max,peigen,10240,random,5,6,2641533484073092695,0.542962109375,0.54295419921875,0.5429728515625,0.012689,0.003348,5.559932,5.575899
random_n07_04,7,max,proposed,10240,random,5,6,2641533484073092695,0.058626660156249996,0.0585279296875,0.05866982421875,0.013492,0.002194,0.600337,0.615012
random_n07_04,7,min,peigen,768,random,5,5,1773195362175513291,1.2650455729166667,1.2645638020833332,1.2656979166666666,0.012359,0.004861,0.971555,0.989257
random_n07_04,7,min,proposed,768,random,5,5,1773195362175513291,0.11927213541666667,0.11868619791666667,0.11953385416666668,0.01301,0.003127,0.091601,0.107228
random_n07_05,7,max,peigen,10240,random,5,6,17502526455081477265,0.54268896484375,0.5422710937499999,0.5432361328125,0.01292,0.003498,5.557135,5.572972
random_n07_05,7,max,proposed,10240,random,5,6,17502526455081477265,0.0587912109375,0.0585533203125,0.0589673828125,0.012799,0.002185,0.602022,0.617337
random_n07_05,7,min,peigen,768,random,5,5,148372246050430679,1.25444921875,1.2524388020833332,1.2560546875,0.012318,0.005102,0.963417,0.980446
random_n07_05,7,min,proposed,768,random,5,5,148372246050430679,0.10490364583333332,0.1048125,0.10694010416666667,0.013422,0.003167,0.080566,0.097816
random_n07_06,7,max,peigen,10240,random,5,6,10565476486961278273,0.54356416015625,0.543457421875,0.5438176757812501,0.012839,0.003368,5.566097,5.581974
random_n07_06,7,max,proposed,10240,random,5,6,10565476486961278273,0.060396484375,0.06020458984375,0.0607224609375,0.01286,0.002045,0.61846,0.632723
random_n07_06,7,min,peigen,768,random,5,5,12698328847155133853,1.2709205729166668,1.2701354166666667,1.2726940104166666,0.01295,0.004801,0.976067,0.994919
random_n07_06,7,min,proposed,768,random,5,5,12698328847155133853,0.08834244791666668,0.08780729166666668,0.08834244791666668,0.01294,0.003107,0.067847,0.084074
random_n07_07,7,max,peigen,10240,random,5,6,7183715048359273219,0.5444206054687499,0.5440936523437501,0.54461240234375,0.012298,0.003138,5.574867,5.590704
random_n07_07,7,max,proposed,10240,random,5,6,7183715048359273219,0.05870400390625,0.058431933593750006,0.0587794921875,0.01312,0.002174,0.601129,0.616926
random_n07_07,7,min,peigen,768,random,5,5,9981745022940271919,1.2572291666666668,1.2564453125,1.2577252604166667,0.013131,0.004851,0.965552,0.982982
random_n07_07,7,min,proposed,768,random,5,5,9981745022940271919,0.13129296875,0.12979166666666667,0.13143619791666666,0.012168,0.003137,0.100833,0.116018
random_n07_08,7,max,peigen,10240,random,5,6,5995585010809375741,0.5424178710937501,0.54232099609375,0.5428583984375,0.01308,0.003388,5.554359,5.5721
random_n07_08,7,max,proposed,10240,random,5,6,5995585010809375741,0.059229687499999996,0.05917294921875,0.0592306640625,0.012619,0.002215,0.606512,0.621226
random_n07_08,7,min,peigen,768,random,5,5,17787348553007348447,1.2558190104166667,1.2553098958333333,1.2565768229166667,0.01294,0.004841,0.964469,0.98227
random_n07_08,7,min,proposed,768,random,5,5,17787348553007348447,0.09421484375,0.09304036458333333,0.09508984375,0.013,0.002977,0.072357,0.088184
random_n07_09,7,max,peigen,10240,random,5,6,13879658160620638279,0.5448296874999999,0.54436181640625,0.54537294921875,0.013231,0.003468,5.579056,5.595224
random_n07_09,7,max,proposed,10240,random,5,6,13879658160620638279,0.058453515625,0.0583173828125,0.058500390625,0.012689,0.002196,0.598564,0.613929
random_n07_09,7,min,peigen,768,random,5,5,8590281172133726585,1.2525703125,1.2523880208333333,1.2531575520833333,0.012609,0.004891,0.961974,0.979635
random_n07_09,7,min,proposed,768,random,5,5,8590281172133726585,0.1360703125,0.13566536458333334,0.13674739583333334,0.013041,0.003167,0.104502,0.12078
random_n08_00,8,max,peigen,6912,random,5,7,2472326804411775659,0.7964547164351852,0.7940750868055555,0.7979949363425927,0.014102,0.01712,5.505095,5.536718
random_n08_00,8,max,proposed,6912,random,5,7,2472326804411775659,0.0729855324074074,0.07295949074074075,0.07335098379629629,0.014042,0.010444,0.504476,0.528632
random_n08_00,8,min,peigen,491,random,5,6,14302216915676772393,2.372,2.3690183299389,2.3726537678207738,0.013401,0.018122,1.164652,1.19867
random_n08_00,8,min,proposed,491,random,5,6,14302216915676772393,0.18139714867617107,0.1811507128309572,0.18527494908350306,0.013872,0.012058,0.089066,0.11683
random_n08_01,8,max,peigen,6912,random,5,7,15456454464624034109,0.7910341435185185,0.7891012731481482,0.7956861979166666,0.013822,0.015726,5.467628,5.495232
random_n08_01,8,max,proposed,6912,random,5,7,15456454464624034109,0.07037528935185185,0.07033622685185184,0.07052922453703704,0.014322,0.01348,0.486434,0.514279
random_n08_01,8,min,peigen,491,random,5,6,13088251914154843549,2.37120366598778,2.370427698574338,2.374103869653768,0.014002,0.019655,1.164261,1.198219
random_n08_01,8,min,proposed,491,random,5,6,13088251914154843549,0.14285539714867615,0.14126476578411404,0.14367209775967413,0.013491,0.012238,0.070142,0.094699
random_n08_02,8,max,peigen,6912,random,5,7,17543196234354959693,0.7922756076388889,0.7918854166666667,0.7949162326388889,0.013922,0.015205,5.476209,5.504624
random_n08_02,8,max,proposed,6912,random,5,7,17543196234354959693,0.0695183738425926,0.06926171875,0.06998524305555556,0.014403,0.011937,0.480511,0.509608
random_n08_02,8,min,peigen,491,random,5,6,14784075108990547983,2.390230142566191,2.3845539714867616,2.3981914460285134,0.013391,0.021079,1.173603,1.208584
random_n08_02,8,min,proposed,491,random,5,6,14784075108990547983,0.16873930753564156,0.16439103869653768,0.16974134419551937,0.014063,0.012088,0.082851,0.107428
random_n08_03,8,max,peigen,6912,random,5,7,12965790449268334107,0.7935457175925926,0.7893463541666667,0.794562355324074,0.014363,0.018282,5.484988,5.516672
random_n08_03,8,max,proposed,6912,random,5,7,12965790449268334107,0.06910951967592592,0.06892809606481481,0.069453125,0.013351,0.010996,0.477685,0.502983
random_n08_03,8,min,peigen,491,random,5,6,13911260715075711147,2.3763075356415477,2.3749796334012223,2.4024358452138497,0.013842,0.019185,1.166767,1.201517
random_n08_03,8,min,proposed,491,random,5,6,13911260715075711147,0.1419775967413442,0.1395478615071283,0.14440733197556008,0.013993,0.012208,0.069711,0.097696
random_n08_04,8,max,peigen,6912,random,5,7,8955790833600420655,0.7933051215277779,0.7927105034722222,0.7949204282407407,0.013942,0.016829,5.483325,5.514096
random_n08_04,8,max,proposed,6912,random,5,7,8955790833600420655,0.07323061342592592,0.07322641782407407,0.07332913773148148,0.013691,0.009742,0.50617,0.531188
random_n08_04,8,min,peigen,491,random,5,7,15942162012406510011,2.3732036659877798,2.371386965376782,2.37418533604888,0.013662,0.019124,1.165243,1.197919
random_n08_04,8,min,proposed,491,random,5,7,15942162012406510011,0.1654541751527495,0.1654338085539715,0.16561507128309572,0.014304,0.01284,0.081238,0.109833
random_n08_05,8,max,peigen,6912,random,5,7,625344146789304241,0.7964286747685185,0.7939997106481481,0.7978525752314816,0.013501,0.016047,5.504915,5.535045
random_n08_05,8,max,proposed,6912,random,5,7,625344146789304241,0.0744458912037037,0.07415436921296296,0.07470674189814815,0.014503,0.013451,0.51457,0.540509
random_n08_05,8,min,peigen,491,random,5,7,14463057154257847951,2.370448065173116,2.363264765784114,2.370714867617108,0.014092,0.020708,1.16389,1.19828
random_n08_05,8,min,proposed,491,random,5,7,14463057154257847951,0.16718940936863544,0.16547454175152748,0.16794501018329938,0.013712,0.012249,0.08209,0.104802
random_n08_06,8,max,peigen,6912,random,5,7,11176442591906351313,0.7958094618055556,0.7929774305555556,0.796611400462963,0.013953,0.015296,5.500635,5.530333
random_n08_06,8,max,proposed,6912,random,5,7,11176442591906351313,0.07430671296296296,0.07388903356481481,0.07438642939814816,0.014042,0.01259,0.513608,0.538665
random_n08_06,8,min,peigen,491,random,5,7,10877152334269854441,2.3984989816700613,2.3741242362525456,2.3992525458248473,0.014082,0.020287,1.177663,1.211089
random_n08_06,8,min,proposed,491,random,5,7,10877152334269854441,0.17331364562118126,0.1729042769857434,0.1734358452138493,0.014663,0.011076,0.085097,0.107919
random_n08_07,8,max,peigen,6912,random,5,7,7309893091177710659,0.7928585069444445,0.7907064525462963,0.7935342881944445,0.014293,0.016809,5.480238,5.510027
random_n08_07,8,max,proposed,6912,random,5,7,7309893091177710659,0.07322193287037036,0.07277387152777777,0.07331756365740741,0.013792,0.011426,0.50611,0.529915
random_n08_07,8,min,peigen,491,random,5,6,13545761909965494203,2.371,2.368386965376782,2.374285132382892,0.013992,0.018483,1.164161,1.19868
random_n08_07,8,min,proposed,491,random,5,6,13545761909965494203,0.1615560081466395,0.1586374745417515,0.16224847250509167,0.014343,0.014473,0.079324,0.108221
random_n08_08,8,max,peigen,6912,random,5,7,9569334280123929567,0.796927662037037,0.79406640625,0.7971449652777778,0.014383,0.018583,5.508364,5.541299
random_n08_08,8,max,proposed,6912,random,5,7,9569334280123929567,0.07314366319444444,0.07281163194444444,0.07380772569444444,0.013632,0.009913,0.505569,0.532421
random_n08_08,8,min,peigen,491,random,5,6,9400087221459158275,2.379940936863544,2.37957433808554,2.398211812627291,0.014153,0.019034,1.168551,1.209325
random_n08_08,8,min,proposed,491,random,5,6,9400087221459158275,0.1595132382892057,0.15924643584521386,0.16024847250509167,0.014003,0.01291,0.078321,0.104883
random_n08_09,8,max,peigen,6912,random,5,7,10755404331343011591,0.7972638888888889,0.795164207175926,0.798677806712963,0.013501,0.015065,5.510688,5.542021
random_n08_09,8,max,proposed,6912,random,5,7,10755404331343011591,0.07271875,0.0726695601851852,0.07287962962962963,0.014093,0.012188,0.502632,0.528462
random_n08_09,8,min,peigen,491,random,5,6,17643406256914060795,2.3838207739307538,2.3838004073319756,2.387494908350306,0.014453,0.02153,1.170456,1.208454
random_n08_09,8,min,proposed,491,random,5,6,17643406256914060795,0.14232382892057027,0.14214052953156822,0.14281466395112016,0.013922,0.012539,0.069881,0.095571
random_n09_00,9,max,bitwise,5248,random,5,8,3705362169156260849,0.5389056783536585,0.5378399390243902,0.5391063262195122,0.022302,0.006505,2.828177,2.855381
random_n09_00,9,max,proposed,5248,random,5,8,3705362169156260849,0.08765491615853659,0.08711451981707317,0.08801981707317073,0.023113,0.006556,0.460013,0.490133
random_n09_00,9,min,bitwise,138,random,5,7,21585384521114427,3.5136304347826086,3.491840579710145,3.5501666666666667,0.023595,0.012669,0.484881,0.521145
random_n09_00,9,min,proposed,138,random,5,7,21585384521114427,0.3468840579710145,0.342963768115942,0.348268115942029,0.023444,0.009412,0.04787,0.080917
random_n09_01,9,max,bitwise,5248,random,5,8,5140685786781166213,0.5389592225609756,0.5386116615853658,0.5412071265243902,0.025078,0.006776,2.828458,2.860051
random_n09_01,9,max,proposed,5248,random,5,8,5140685786781166213,0.08629897103658538,0.08587290396341463,0.0875251524390244,0.023154,0.006384,0.452897,0.482415
random_n09_01,9,min,bitwise,138,random,5,8,3875800111001051325,3.54681884057971,3.5443478260869563,3.566144927536232,0.023845,0.010965,0.489461,0.524422
random_n09_01,9,min,proposed,138,random,5,8,3875800111001051325,0.34492753623188405,0.3402753623188406,0.3468840579710145,0.023434,0.009432,0.0476,0.080025
random_n09_02,9,max,bitwise,5248,random,5,8,4542657886834352941,0.5405501143292682,0.540298018292683,0.5417572408536586,0.022131,0.006595,2.836807,2.865533
random_n09_02,9,max,proposed,5248,random,5,8,4542657886834352941,0.08639443597560975,0.08612881097560975,0.08669435975609756,0.023323,0.006555,0.453398,0.483167
random_n09_02,9,min,bitwise,138,random,5,7,13942785656654467209,3.5925072463768113,3.582413043478261,3.651268115942029,0.024466,0.011557,0.495766,0.532391
random_n09_02,9,min,proposed,138,random,5,7,13942785656654467209,0.3879275362318841,0.3848768115942029,0.3942463768115942,0.023264,0.009362,0.053534,0.087703
random_n09_03,9,max,bitwise,5248,random,5,8,905849063062888735,0.5421507240853658,0.5413313643292682,0.5421888338414634,0.023323,0.006665,2.845207,2.875156
random_n09_03,9,max,proposed,5248,random,5,8,905849063062888735,0.09377629573170732,0.09335213414634147,0.09399390243902439,0.022131,0.006505,0.492138,0.518358
random_n09_03,9,min,bitwise,138,random,5,8,401623033781017149,3.6073985507246373,3.607036231884058,3.6279565217391303,0.023504,0.011186,0.497821,0.533143
random_n09_03,9,min,proposed,138,random,5,8,401623033781017149,0.35981159420289854,0.35785507246376813,0.36192028985507246,0.023715,0.009602,0.049654,0.083272
random_n09_04,9,max,bitwise,5248,random,5,8,2297415230011022081,0.5416692073170732,0.5403572789634146,0.541764862804878,0.022492,0.006495,2.84268,2.868791
random_n09_04,9,max,proposed,5248,random,5,8,2297415230011022081,0.0876436737804878,0.087421875,0.08812099847560975,0.025739,0.006475,0.459954,0.491917
random_n09_04,9,min,bitwise,138,random,5,7,11439649592621031111,3.6005652173913045,3.588217391304348,3.627804347826087,0.023343,0.01258,0.496878,0.536019
random_n09_04,9,min,proposed,138,random,5,7,11439649592621031111,0.3595289855072464,0.35756521739130437,0.3601811594202899,0.022923,0.009492,0.049615,0.08236
random_n09_05,9,max,bitwise,5248,random,5,8,7235728728767974623,0.540452743902439,0.539952362804878,0.5405062881097561,0.023354,0.006555,2.836296,2.866516
random_n09_05,9,max,proposed,5248,random,5,8,7235728728767974623,0.09331021341463415,0.09327000762195123,0.0934516006097561,0.022522,0.006345,0.489692,0.518348
random_n09_05,9,min,bitwise,138,random,5,7,16835442216212202309,3.627514492753623,3.6271521739130437,3.6336159420289853,0.023885,0.012519,0.500597,0.537001
random_n09_05,9,min,proposed,138,random,5,7,16835442216212202309,0.35509420289855076,0.35000724637681163,0.35684057971014493,0.023223,0.009472,0.049003,0.081619
random_n09_06,9,max,bitwise,5248,random,5,8,10960632136190837225,0.5375916539634146,0.5364590320121951,0.5390910823170731,0.023114,0.006575,2.821281,2.850409
random_n09_06,9,max,proposed,5248,random,5,8,10960632136190837225,0.08826028963414635,0.08822027439024391,0.08890987042682927,0.022792,0.006425,0.46319,0.494784
random_n09_06,9,min,bitwise,138,random,5,8,13408745756380566965,3.5488623188405795,3.529753623188406,3.569123188405797,0.022542,0.011687,0.489743,0.52315
random_n09_06,9,min,proposed,138,random,5,8,13408745756380566965,0.36671739130434783,0.3620724637681159,0.36736956521739134,0.023364,0.009552,0.050607,0.083223
random_n09_07,9,max,bitwise,5248,random,5,8,18013414170048216773,0.5397785823170732,0.5395971798780488,0.5397862042682926,0.023584,0.006525,2.832758,2.85949
random_n09_07,9,max,proposed,5248,random,5,8,18013414170048216773,0.08794131097560975,0.08769131097560975,0.08809241615853658,0.023965,0.006545,0.461516,0.491456
random_n09_07,9,min,bitwise,138,random,5,7,9684766303113133647,3.519289855072464,3.4860289855072466,3.5206014492753623,0.022271,0.012729,0.485662,0.518889
random_n09_07,9,min,proposed,138,random,5,7,9684766303113133647,0.3265507246376812,0.3253188405797101,0.32720289855072465,0.022402,0.009302,0.045064,0.079734
random_n09_08,9,max,bitwise,5248,random,5,8,8142453869170220049,0.5434092987804878,0.5433176448170732,0.5436175685975609,0.023625,0.006625,2.851812,2.88127
random_n09_08,9,max,proposed,5248,random,5,8,8142453869170220049,0.08813814786585365,0.08811528201219512,0.08905297256097561,0.023263,0.006445,0.462549,0.4934
random_n09_08,9,min,bitwise,138,random,5,7,3072040733913497751,3.6188695652173917,3.5981739130434787,3.6205434782608696,0.023163,0.011246,0.499404,0.533493
random_n09_08,9,min,proposed,138,random,5,7,3072040733913497751,0.34209420289855075,0.3408550724637681,0.3436159420289855,0.022201,0.009552,0.047209,0.078912
random_n09_09,9,max,bitwise,5248,random,5,8,2707862256223625217,0.5382143673780488,0.5378227896341464,0.5396124237804878,0.022311,0.006676,2.824549,2.854308
random_n09_09,9,max,proposed,5248,random,5,8,2707862256223625217,0.09057717225609756,0.09053506097560975,0.09066310975609755,0.023254,0.006335,0.475349,0.507553
random_n09_09,9,min,bitwise,138,random,5,8,18194504372711129291,3.619014492753623,3.590036231884058,3.6243985507246377,0.022762,0.012128,0.499424,0.532551
random_n09_09,9,min,proposed,138,random,5,8,18194504372711129291,0.35052173913043483,0.35052173913043483,0.3508840579710145,0.023695,0.009332,0.048372,0.081609
random_n10_00,10,max,bitwise,1920,random,5,9,11298883045839332455,1.0081015625,1.0076104166666666,1.0306375,0.029578,0.016257,1.935555,1.98139
random_n10_00,10,max,proposed,1920,random,5,9,11298883045839332455,0.12400052083333334,0.12363489583333333,0.12452239583333334,0.027083,0.014082,0.238081,0.278234
random_n10_00,10,min,bitwise,71,random,5,8,10765755480040864697,10.912971830985917,10.875,10.961957746478873,0.027494,0.029217,0.774821,0.829017
random_n10_00,10,min,proposed,71,random,5,8,10765755480040864697,0.4931126760563381,0.4897323943661972,0.49735211267605633,0.027394,0.019715,0.035011,0.084014
random_n10_01,10,max,bitwise,1920,random,5,9,588486407912727499,1.0105651041666666,1.0095890625,1.0108005208333333,0.027854,0.016709,1.940285,1.984026
random_n10_01,10,max,proposed,1920,random,5,9,588486407912727499,0.12079479166666666,0.11957864583333334,0.1208265625,0.027624,0.014132,0.231926,0.273723
random_n10_01,10,min,bitwise,71,random,5,9,17627669299565737605,12.0773661971831,12.013267605633802,12.18012676056338,0.027273,0.029929,0.857493,0.911237
random_n10_01,10,min,proposed,71,random,5,9,17627669299565737605,0.5409718309859155,0.5396901408450705,0.5422394366197183,0.028556,0.018783,0.038409,0.085838
random_n10_02,10,max,bitwise,1920,random,5,9,9382271339543954185,1.0090302083333333,1.0083828125,1.0102515625,0.028255,0.016368,1.937338,1.982051
random_n10_02,10,max,proposed,1920,random,5,9,9382271339543954185,0.115840625,0.11566822916666666,0.11591927083333332,0.026201,0.014092,0.222414,0.262908
random_n10_02,10,min,bitwise,71,random,5,9,3335738602064708251,10.559760563380282,10.558633802816901,10.565267605633803,0.027132,0.029228,0.749743,0.806113
random_n10_02,10,min,proposed,71,random,5,9,3335738602064708251,0.4778591549295775,0.47602816901408446,0.48350704225352115,0.027032,0.018964,0.033928,0.08194
random_n10_03,10,max,bitwise,1920,random,5,9,10712218069677533509,1.0105338541666666,1.0096307291666666,1.0131182291666667,0.02623,0.016157,1.940225,1.984026
random_n10_03,10,max,proposed,1920,random,5,9,10712218069677533509,0.11837291666666667,0.11825260416666668,0.12175520833333332,0.028135,0.014203,0.227276,0.271939
random_n10_03,10,min,bitwise,71,random,5,8,11352767571899738767,11.672042253521127,11.46961971830986,11.753492957746479,0.028316,0.029719,0.828715,0.889706
random_n10_03,10,min,proposed,71,random,5,8,11352767571899738767,0.515830985915493,0.512887323943662,0.5221971830985915,0.026752,0.018643,0.036624,0.081749
random_n10_04,10,max,bitwise,1920,random,5,9,15272727214087190045,1.0086177083333334,1.0082677083333333,1.0109932291666666,0.027213,0.016298,1.936546,1.982352
random_n10_04,10,max,proposed,1920,random,5,9,15272727214087190045,0.11579375,0.11572083333333333,0.11618020833333334,0.026392,0.014163,0.222324,0.262928
random_n10_04,10,min,bitwise,71,random,5,8,15800818818410377107,11.11880281690141,11.062197183098592,11.150704225352111,0.027644,0.030861,0.789435,0.84794
random_n10_04,10,min,proposed,71,random,5,8,15800818818410377107,0.5127464788732394,0.5125915492957746,0.5202112676056337,0.029709,0.020027,0.036405,0.0864
random_n10_05,10,max,bitwise,1920,random,5,9,4753649951057268011,1.0108734375,1.009134375,1.0156026041666666,0.028115,0.016448,1.940877,1.987384
random_n10_05,10,max,proposed,1920,random,5,9,4753649951057268011,0.1204296875,0.120371875,0.12045052083333332,0.029789,0.014193,0.231225,0.274926
random_n10_05,10,min,bitwise,71,random,5,8,8451315852810322995,11.463957746478872,11.358647887323944,11.475408450704226,0.027394,0.03013,0.813941,0.871274
random_n10_05,10,min,proposed,71,random,5,8,8451315852810322995,0.5018732394366198,0.5018732394366198,0.5055352112676056,0.026762,0.018663,0.035633,0.081048
random_n10_06,10,max,bitwise,1920,random,5,9,14322861342602014903,1.0074223958333333,1.0056427083333332,1.0075005208333334,0.027984,0.016268,1.934251,1.97707
random_n10_06,10,max,proposed,1920,random,5,9,14322861342602014903,0.113909375,0.11382083333333334,0.11407135416666667,0.027063,0.014052,0.218706,0.260092
random_n10_06,10,min,bitwise,71,random,5,9,9319756346050341027,11.959338028169013,11.89694366197183,11.971338028169013,0.027443,0.031442,0.849113,0.906055
random_n10_06,10,min,proposed,71,random,5,9,9319756346050341027,0.5211971830985915,0.5193661971830986,0.530112676056338,0.028376,0.018834,0.037005,0.085748
random_n10_07,10,max,bitwise,1920,random,5,9,10419709797048458067,1.011734375,1.0109307291666667,1.0135510416666667,0.027133,0.016468,1.94253,1.987304
random_n10_07,10,max,proposed,1920,random,5,9,10419709797048458067,0.12060677083333333,0.12047135416666667,0.12307083333333334,0.027804,0.014243,0.231565,0.277431
random_n10_07,10,min,bitwise,71,random,5,9,12295521138726637641,12.640774647887323,12.592915492957747,12.690591549295775,0.027463,0.031092,0.897495,0.957803
random_n10_07,10,min,proposed,71,random,5,9,12295521138726637641,0.5422394366197183,0.5422394366197183,0.5438028169014085,0.026742,0.018753,0.038499,0.083994
random_n10_08,10,max,bitwise,1920,random,5,9,4962121584720791561,1.0070723958333334,1.0070625,1.0074796875,0.027434,0.016138,1.933579,1.977721
random_n10_08,10,max,proposed,1920,random,5,9,4962121584720791561,0.1187796875,0.11803854166666666,0.11995989583333333,0.027423,0.014203,0.228057,0.271848
random_n10_08,10,min,bitwise,71,random,5,8,3063291666954838625,12.510746478873239,12.49,12.645718309859154,0.027854,0.030921,0.888263,0.945606
random_n10_08,10,min,proposed,71,random,5,8,3063291666954838625,0.5372957746478874,0.5349014084507042,0.538,0.029729,0.019274,0.038148,0.086871
random_n10_09,10,max,bitwise,1920,random,5,9,12052777975020420417,1.0106177083333334,1.0090302083333333,1.0109776041666667,0.027283,0.016569,1.940386,1.987444
random_n10_09,10,max,proposed,1920,random,5,9,12052777975020420417,0.11579895833333333,0.11568906250000001,0.11584583333333333,0.028265,0.014092,0.222334,0.264852
random_n10_09,10,min,bitwise,71,random,5,9,6561460534787167737,11.583676056338028,11.510830985915492,11.645098591549296,0.027935,0.030179,0.822441,0.880234
random_n10_09,10,min,proposed,71,random,5,9,6561460534787167737,0.5243098591549296,0.5200704225352113,0.5262957746478873,0.027103,0.02162,0.037226,0.084315
random_n11_00,11,max,bitwise,1536,random,5,10,5672297777591276065,2.019192708333333,2.01868359375,2.020810546875,0.040433,0.029087,3.10148,3.171882
random_n11_00,11,max,proposed,1536,random,5,10,5672297777591276065,0.14590299479166666,0.14532942708333335,0.14662109375,0.040364,0.028877,0.224107,0.294281
random_n11_00,11,min,bitwise,45,random,5,9,5672297777591276065,39.48168888888888,39.382155555555556,40.11562222222222,0.040614,0.070783,1.776676,1.892595
random_n11_00,11,min,proposed,45,random,5,9,5672297777591276065,0.9927333333333334,0.9882888888888889,0.9994222222222222,0.040012,0.034681,0.044673,0.122614
random_n11_01,11,max,bitwise,1536,random,5,10,6836713052730629127,2.039983072916667,2.03147265625,2.040883463541667,0.042699,0.028877,3.133414,3.20557
random_n11_01,11,max,proposed,1536,random,5,10,6836713052730629127,0.14916666666666667,0.149048828125,0.15214192708333335,0.038168,0.029017,0.22912,0.297759
random_n11_01,11,min,bitwise,45,random,5,9,6836713052730629127,37.671955555555556,37.43897777777778,37.678422222222224,0.040103,0.068629,1.695238,1.801283
random_n11_01,11,min,proposed,45,random,5,9,6836713052730629127,0.9894,0.9869333333333333,0.9927555555555556,0.040242,0.033348,0.044523,0.118163
random_n11_02,11,max,bitwise,1536,random,5,10,11370792716676426551,2.034880208333333,2.034794921875,2.0350299479166667,0.039351,0.029067,3.125576,3.194074
random_n11_02,11,max,proposed,1536,random,5,10,11370792716676426551,0.15734895833333334,0.15607682291666666,0.157642578125,0.042268,0.029168,0.241688,0.310538
random_n11_02,11,min,bitwise,45,random,5,9,11370792716676426551,37.15186666666667,37.07973333333333,37.24764444444444,0.040704,0.06891,1.671834,1.781117
random_n11_02,11,min,proposed,45,random,5,9,11370792716676426551,1.0464222222222221,1.0424,1.047088888888889,0.040133,0.033237,0.047089,0.122082
random_n11_03,11,max,bitwise,1536,random,5,10,1012445725925618871,2.0346184895833335,2.0338678385416666,2.039362630208333,0.040233,0.029057,3.125174,3.193071
random_n11_03,11,max,proposed,1536,random,5,10,1012445725925618871,0.15150911458333335,0.151482421875,0.16107552083333335,0.041005,0.028936,0.232718,0.305025
random_n11_03,11,min,bitwise,45,random,5,9,1012445725925618871,35.73482222222223,34.85768888888889,35.78473333333333,0.039802,0.066123,1.608067,1.713942
random_n11_03,11,min,proposed,45,random,5,9,1012445725925618871,1.0408444444444445,1.0392888888888887,1.0412888888888887,0.03928,0.033067,0.046838,0.119115
random_n11_04,11,max,bitwise,1536,random,5,10,14454597028358002151,2.0338548177083333,2.03116015625,2.0356295572916667,0.042367,0.029288,3.124001,3.196419
random_n11_04,11,max,proposed,1536,random,5,10,14454597028358002151,0.15166536458333335,0.15130013020833336,0.15183528645833333,0.039311,0.029519,0.232958,0.300425
random_n11_04,11,min,bitwise,45,random,5,9,14454597028358002151,37.79204444444444,37.58311111111111,37.79293333333334,0.039421,0.067546,1.700642,1.807649
random_n11_04,11,min,proposed,45,random,5,9,14454597028358002151,1.0043333333333333,1.0043111111111112,1.0081111111111112,0.041796,0.033417,0.045195,0.12121
random_n11_05,11,max,bitwise,1536,random,5,10,4768387606334954073,2.037111328125,2.0362565104166666,2.0379921875,0.038649,0.029287,3.129003,3.197501
random_n11_05,11,max,proposed,1536,random,5,10,4768387606334954073,0.1519140625,0.151880859375,0.156390625,0.042548,0.028967,0.23334,0.303652
random_n11_05,11,min,bitwise,45,random,5,9,4768387606334954073,36.95142222222222,36.89462222222222,37.048088888888884,0.040925,0.066934,1.662814,1.770192
random_n11_05,11,min,proposed,45,random,5,9,4768387606334954073,1.0056444444444443,1.003,1.009,0.039942,0.033558,0.045254,0.118754
random_n11_06,11,max,bitwise,1536,random,5,10,11974050247590690731,2.0318255208333333,2.030376953125,2.0804993489583334,0.03899,0.029117,3.120884,3.191317
random_n11_06,11,max,proposed,1536,random,5,10,11974050247590690731,0.149904296875,0.14976041666666665,0.153486328125,0.041636,0.029318,0.230253,0.302921
random_n11_06,11,min,bitwise,45,random,5,10,2434783249079198991,37.388644444444445,37.21671111111111,37.4176,0.041026,0.070593,1.682489,1.792533
random_n11_06,11,min,proposed,45,random,5,10,2434783249079198991,0.9960888888888888,0.9865111111111111,0.9976444444444443,0.041105,0.032946,0.044824,0.118253
random_n11_07,11,max,bitwise,1536,random,5,10,5198802719230293567,2.036041015625,2.0350234375,2.044439453125,0.042679,0.028967,3.127359,3.197852
random_n11_07,11,max,proposed,1536,random,5,10,5198802719230293567,0.16263541666666664,0.161943359375,0.16482096354166667,0.0392,0.028586,0.249808,0.323669
random_n11_07,11,min,bitwise,45,random,5,9,5198802719230293567,36.88837777777778,36.828466666666664,37.35635555555556,0.039772,0.070372,1.659977,1.769209
random_n11_07,11,min,proposed,45,random,5,9,5198802719230293567,0.9851777777777778,0.9840666666666668,0.9862666666666666,0.04316,0.033227,0.044333,0.120769
random_n11_08,11,max,bitwise,1536,random,5,10,10937613597159324139,2.0346901041666667,2.033672526041667,2.0351341145833333,0.03909,0.028767,3.125284,3.191447
random_n11_08,11,max,proposed,1536,random,5,10,10937613597159324139,0.15632486979166665,0.1553984375,0.15652734375,0.041176,0.029218,0.240115,0.308554
random_n11_08,11,min,bitwise,45,random,5,9,3704154132791314411,37.255222222222216,37.162800000000004,37.385533333333335,0.040774,0.068488,1.676485,1.782791
random_n11_08,11,min,proposed,45,random,5,9,3704154132791314411,0.9876222222222223,0.9867111111111111,0.9896,0.039391,0.032897,0.044443,0.11684
random_n11_09,11,max,bitwise,1536,random,5,10,16538387061755449187,2.029502604166667,2.0290651041666665,2.030376953125,0.039932,0.029047,3.117316,3.187778
random_n11_09,11,max,proposed,1536,random,5,10,16538387061755449187,0.16495833333333335,0.16312434895833333,0.16579361979166665,0.042217,0.029097,0.253376,0.325051
random_n11_09,11,min,bitwise,45,random,5,10,4699691743405923461,36.068044444444446,35.93015555555555,36.09722222222222,0.039681,0.068268,1.623062,1.73023
random_n11_09,11,min,proposed,45,random,5,10,4699691743405923461,0.9891777777777778,0.9882888888888889,1.0043111111111112,0.040884,0.032926,0.044513,0.119205
random_n12_00,12,max,bitwise,1152,random,5,11,8804046851422926517,4.157005208333333,4.156361111111111,4.157944444444444,0.069762,0.059598,4.78887,4.917999
random_n12_00,12,max,proposed,1152,random,5,11,8804046851422926517,0.20651041666666667,0.20558854166666665,0.20740625,0.062534,0.058215,0.2379,0.35904
random_n12_00,12,min,bitwise,21,random,5,11,10369071449047864353,131.46580952380953,131.08780952380954,131.66766666666666,0.063737,0.200944,2.760782,3.024061
random_n12_00,12,min,proposed,21,random,5,11,10369071449047864353,2.1554285714285717,2.1535238095238096,2.1611428571428575,0.068859,0.069481,0.045264,0.18628
random_n12_01,12,max,bitwise,1152,random,5,11,1647697014988990785,4.156979166666667,4.156953125,4.16759375,0.070513,0.060029,4.78884,4.916806
random_n12_01,12,max,proposed,1152,random,5,11,1647697014988990785,0.22037065972222222,0.22008333333333335,0.22084895833333335,0.06481,0.058165,0.253867,0.379507
random_n12_01,12,min,bitwise,21,random,5,11,14856282284819661081,133.61890476190476,133.54919047619046,134.35485714285713,0.065211,0.202177,2.805997,3.076201
random_n12_01,12,min,proposed,21,random,5,11,14856282284819661081,2.155904761904762,2.1473333333333335,2.3225238095238097,0.070383,0.069159,0.045274,0.184025
random_n12_02,12,max,bitwise,1152,random,5,11,551812054085997871,4.153681423611111,4.153229166666667,4.161964409722223,0.067516,0.059958,4.785041,4.917137
random_n12_02,12,max,proposed,1152,random,5,11,551812054085997871,0.2165078125,0.21361024305555554,0.21719444444444447,0.066734,0.058365,0.249417,0.375197
random_n12_02,12,min,bitwise,21,random,5,10,10625771051721711491,129.59766666666667,129.3752380952381,130.77371428571428,0.067206,0.201466,2.721551,2.990031
random_n12_02,12,min,proposed,21,random,5,10,10625771051721711491,2.1444285714285716,2.1411428571428575,2.1444761904761904,0.068539,0.068929,0.045033,0.183655
random_n12_03,12,max,bitwise,1152,random,5,11,15297496666252283963,4.1537421875,4.148347222222222,4.157857638888888,0.067646,0.06045,4.785111,4.918078
random_n12_03,12,max,proposed,1152,random,5,11,15297496666252283963,0.21515885416666666,0.21387934027777777,0.2202829861111111,0.066704,0.058024,0.247863,0.372952
random_n12_03,12,min,bitwise,21,random,5,11,11051330402730660119,133.08242857142858,132.83657142857143,133.1797619047619,0.066213,0.205375,2.794731,3.067791
random_n12_03,12,min,proposed,21,random,5,11,11051330402730660119,2.196,2.1955714285714283,2.2404285714285717,0.068468,0.069631,0.046116,0.184947
random_n12_04,12,max,bitwise,1152,random,5,11,15542978741235808161,4.157997395833333,4.152689236111112,4.160519965277778,0.06932,0.059888,4.790013,4.916675
random_n12_04,12,max,proposed,1152,random,5,11,15542978741235808161,0.21339236111111112,0.2131232638888889,0.21394097222222222,0.069932,0.058244,0.245828,0.374236
random_n12_04,12,min,bitwise,21,random,5,11,12810909895952700053,131.4147142857143,131.33361904761907,131.9927142857143,0.069731,0.195813,2.759709,3.025915
random_n12_04,12,min,proposed,21,random,5,11,12810909895952700053,2.1850476190476193,2.1845238095238098,2.1955714285714283,0.064749,0.070583,0.045886,0.180507
random_n12_05,12,max,bitwise,1152,random,5,11,4700236685700553837,4.155413194444444,4.154917534722222,4.155421875,0.065121,0.060209,4.787036,4.912516
random_n12_05,12,max,proposed,1152,random,5,11,4700236685700553837,0.21293142361111111,0.21239149305555555,0.21301822916666666,0.070332,0.057844,0.245297,0.373904
random_n12_05,12,min,bitwise,21,random,5,10,14816977723257413609,131.03242857142857,131.01619047619047,131.57514285714288,0.069851,0.195693,2.751681,3.017635
random_n12_05,12,min,proposed,21,random,5,10,14816977723257413609,2.1597142857142857,2.1502380952380955,2.2437142857142858,0.065341,0.069922,0.045354,0.181419
random_n12_06,12,max,bitwise,1152,random,5,11,2194064363073796457,4.165184027777777,4.1508715277777775,4.1709696180555556,0.065712,0.059979,4.798292,4.923171
random_n12_06,12,max,proposed,1152,random,5,11,2194064363073796457,0.20733680555555553,0.20698871527777776,0.20760590277777777,0.06957,0.058204,0.238852,0.366076
random_n12_06,12,min,bitwise,21,random,5,10,1684493841084196215,129.56619047619049,129.4587619047619,129.78476190476192,0.068438,0.200614,2.72089,2.989792
random_n12_06,12,min,proposed,21,random,5,10,1684493841084196215,2.1535238095238096,2.142095238095238,2.154047619047619,0.065752,0.069771,0.045224,0.182121
random_n12_07,12,max,bitwise,1152,random,5,11,5071048013973907993,4.148251736111112,4.147825520833333,4.1488611111111116,0.066093,0.059729,4.778786,4.904487
random_n12_07,12,max,proposed,1152,random,5,11,5071048013973907993,0.2264609375,0.22589583333333335,0.22728732638888888,0.067626,0.058034,0.260883,0.385992
random_n12_07,12,min,bitwise,21,random,5,10,8425953194475902057,129.5422857142857,129.23442857142857,129.9365238095238,0.067777,0.193968,2.720388,2.984018
random_n12_07,12,min,proposed,21,random,5,10,8425953194475902057,2.1860476190476192,2.1836190476190476,2.2275238095238095,0.070403,0.069751,0.045907,0.185219
random_n12_08,12,max,bitwise,1152,random,5,11,4933914577815142083,4.141334201388888,4.136758680555555,4.141840277777777,0.069731,0.059587,4.770817,4.897561
random_n12_08,12,max,proposed,1152,random,5,11,4933914577815142083,0.19957638888888887,0.19533940972222222,0.20221267361111112,0.065672,0.058455,0.229912,0.355582
random_n12_08,12,min,bitwise,21,random,5,10,1474338417735977103,127.78204761904762,127.57152380952381,129.57809523809524,0.06485,0.203782,2.683423,2.951262
random_n12_08,12,min,proposed,21,random,5,10,1474338417735977103,2.153095238095238,2.1488095238095237,2.1564285714285716,0.068488,0.069731,0.045215,0.183344
random_n12_09,12,max,bitwise,1152,random,5,11,7032261349950592813,4.161250868055555,4.157683159722223,4.163600694444444,0.069891,0.060389,4.793761,4.921146
random_n12_09,12,max,proposed,1152,random,5,11,7032261349950592813,0.22572135416666667,0.22380729166666666,0.2277578125,0.065521,0.058274,0.260031,0.383115
random_n12_09,12,min,bitwise,21,random,5,10,1453831282754374829,126.40076190476191,125.65619047619047,127.17923809523809,0.065431,0.188405,2.654416,2.904183
random_n12_09,12,min,proposed,21,random,5,10,1453831282754374829,2.2084285714285716,2.1964761904761905,2.271904761904762,0.06933,0.069371,0.046377,0.184967
random_n13_00,13,max,bitwise,1664,random,5,12,9371464230091477723,8.947810697115385,8.9346015625,9.007305889423076,0.107989,0.12514,14.889157,15.122286
random_n13_00,13,max,proposed,1664,random,5,12,9371464230091477723,0.30164663461538466,0.29848377403846155,0.30669471153846156,0.108882,0.118023,0.50194,0.729015
random_n13_00,13,min,bitwise,5,random,5,11,5242538475904815865,472.8972,472.436,472.9192,0.107278,0.598614,2.364486,3.067972
random_n13_00,13,min,proposed,5,random,5,11,5242538475904815865,4.5123999999999995,4.5106,4.5166,0.10384,0.140755,0.022562,0.266897
random_n13_01,13,max,bitwise,1664,random,5,12,13146823425850893059,8.984518028846153,8.97298918269231,9.00213762019231,0.106677,0.12567,14.950238,15.177664
random_n13_01,13,max,proposed,1664,random,5,12,13146823425850893059,0.2884128605769231,0.28764783653846154,0.2938287259615385,0.103319,0.119446,0.479919,0.704529
random_n13_01,13,min,bitwise,5,random,5,12,4586286178651582013,489.7522,488.15259999999995,490.7644,0.10384,0.610071,2.448761,3.163382
random_n13_01,13,min,proposed,5,random,5,12,4586286178651582013,4.5024,4.4864,4.5166,0.107208,0.139122,0.022512,0.268951
random_n13_02,13,max,bitwise,1664,random,5,12,16692412077356845275,9.027399639423077,8.935763822115385,9.030099158653845,0.101434,0.127976,15.021593,15.248227
random_n13_02,13,max,proposed,1664,random,5,12,16692412077356845275,0.2764921875,0.2761370192307692,0.2765282451923077,0.106035,0.119888,0.460083,0.686878
random_n13_02,13,min,bitwise,5,random,5,11,4187173367145587861,482.329,482.0002,483.91859999999997,0.101615,0.608707,2.411645,3.12749
random_n13_02,13,min,proposed,5,random,5,11,4187173367145587861,4.5526,4.546399999999999,4.5826,0.105614,0.141207,0.022763,0.271517
random_n13_03,13,max,bitwise,1664,random,5,12,6222595780571724363,8.941040865384615,8.9346796875,8.953177884615386,0.107158,0.124828,14.877892,15.108926
random_n13_03,13,max,proposed,1664,random,5,12,6222595780571724363,0.28890685096153845,0.2882866586538461,0.29192427884615385,0.10386,0.1212,0.480741,0.702724
random_n13_03,13,min,bitwise,5,random,5,11,8900916478520104389,482.383,481.4568,482.6818,0.104492,0.608737,2.411915,3.125144
random_n13_03,13,min,proposed,5,random,5,11,8900916478520104389,4.538399999999999,4.5244,4.5646,0.102537,0.139933,0.022692,0.265022
random_n13_04,13,max,bitwise,1664,random,5,12,2759824327210118125,8.946033653846154,8.94488341346154,8.953274038461538,0.10394,0.123997,14.8862,15.11546
random_n13_04,13,max,proposed,1664,random,5,12,2759824327210118125,0.2819501201923077,0.2808539663461539,0.28403966346153847,0.10419,0.118474,0.469165,0.697402
random_n13_04,13,min,bitwise,5,random,5,11,12018118990531844711,497.7646,495.5314,500.0118,0.101886,0.612255,2.488823,3.200378
random_n13_04,13,min,proposed,5,random,5,11,12018118990531844711,4.5024,4.490399999999999,4.554399999999999,0.10803,0.145235,0.022512,0.272159
random_n13_05,13,max,bitwise,1664,random,5,12,10191142616763633793,8.929204326923076,8.928818509615384,8.934209735576923,0.10408,0.124548,14.858196,15.087325
random_n13_05,13,max,proposed,1664,random,5,12,10191142616763633793,0.3143623798076923,0.3138984375,0.31834435096153846,0.107879,0.117412,0.523099,0.753041
random_n13_05,13,min,bitwise,5,random,5,11,5216874929108739009,497.1712,495.8682,497.3778,0.107509,0.620625,2.485856,3.208556
random_n13_05,13,min,proposed,5,random,5,11,5216874929108739009,4.6206000000000005,4.6008000000000004,4.737,0.102787,0.141437,0.023103,0.269092
random_n13_06,13,max,bitwise,1664,random,5,12,9791727950472772291,8.985439903846155,8.943353365384615,8.99799278846154,0.105885,0.124448,14.951772,15.190825
random_n13_06,13,max,proposed,1664,random,5,12,9791727950472772291,0.2940090144230769,0.2938407451923077,0.29414783653846155,0.103038,0.118384,0.489231,0.70911
random_n13_06,13,min,bitwise,5,random,5,11,12873621503469808959,483.8966,482.748,485.777,0.104532,0.604517,2.419483,3.131429
random_n13_06,13,min,proposed,5,random,5,11,12873621503469808959,4.4803999999999995,4.4803999999999995,4.5123999999999995,0.100582,0.141738,0.022402,0.264401
random_n13_07,13,max,bitwise,1664,random,5,12,7296441417376847611,8.972826923076925,8.957515024038461,9.046693509615384,0.107358,0.124808,14.930784,15.169335
random_n13_07,13,max,proposed,1664,random,5,12,7296441417376847611,0.32968028846153846,0.32815685096153846,0.3301436298076923,0.104402,0.118745,0.548588,0.770801
random_n13_07,13,min,bitwise,5,random,5,12,15940619113968811747,492.5506,492.18559999999997,493.8656,0.102407,0.608376,2.462753,3.172082
random_n13_07,13,min,proposed,5,random,5,12,15940619113968811747,4.530600000000001,4.5164,4.5406,0.107499,0.140475,0.022653,0.27245
random_n13_08,13,max,bitwise,1664,random,5,12,17612815534214606881,8.996824519230769,8.936366586538462,9.073239182692308,0.107118,0.128116,14.970716,15.200969
random_n13_08,13,max,proposed,1664,random,5,12,17612815534214606881,0.3082001201923077,0.3069296875,0.3089651442307692,0.105083,0.118884,0.512845,0.741334
random_n13_08,13,min,bitwise,5,random,5,12,3615847459374494773,483.1026,482.96040000000005,483.41740000000004,0.106315,0.60553,2.415513,3.128922
random_n13_08,13,min,proposed,5,random,5,12,3615847459374494773,4.5724,4.5004,4.6446000000000005,0.104241,0.14284,0.022862,0.272029
random_n13_09,13,max,bitwise,1664,random,5,12,12659677418939318021,9.043235576923076,8.973314302884615,9.054602764423077,0.105474,0.124237,15.047944,15.276483
random_n13_09,13,max,proposed,1664,random,5,12,12659677418939318021,0.2929128605769231,0.29274399038461535,0.29343689903846154,0.105174,0.118403,0.487407,0.710984
random_n13_09,13,min,bitwise,5,random,5,11,6577348526319050845,483.219,483.0266,483.9488,0.101575,0.6098,2.416095,3.126457
random_n13_09,13,min,proposed,5,random,5,11,6577348526319050845,4.538399999999999,4.5164,4.5644,0.106406,0.140244,0.022692,0.270044
random_n14_00,14,max,bitwise,1152,random,5,13,7572980563483217683,19.05286111111111,19.040254340277777,19.124885416666668,0.168058,0.28113,21.948896,22.400761
random_n14_00,14,max,proposed,1152,random,5,13,7572980563483217683,0.4608229166666667,0.4593689236111111,0.4622838541666667,0.16893,0.262316,0.530868,0.963126
random_n14_00,14,min,bitwise,5,random,5,12,8302849839141124581,1806.2412,1806.0348000000001,1807.6686000000002,0.174363,2.113365,9.031206,11.320077
random_n14_00,14,min,proposed,5,random,5,12,8302849839141124581,9.3858,9.3816,9.415799999999999,0.166976,0.313895,0.046929,0.529654
random_n14_01,14,max,bitwise,1152,random,5,13,7105340256630996777,19.058987847222223,19.048703125,19.059135416666667,0.170674,0.281491,21.955954,22.402797
random_n14_01,14,max,proposed,1152,random,5,13,7105340256630996777,0.45669010416666667,0.45315711805555553,0.45920399305555554,0.171125,0.262316,0.526107,0.963026
random_n14_01,14,min,bitwise,5,random,5,12,5534068438000360021,1810.411,1810.1763999999998,1811.4633999999999,0.168851,2.122687,9.052055,11.342088
random_n14_01,14,min,proposed,5,random,5,12,5534068438000360021,9.4498,9.4338,9.5622,0.171727,0.308032,0.047249,0.526587
random_n14_02,14,max,bitwise,1152,random,5,13,618097441784826649,19.065895833333332,19.025124131944445,19.1361875,0.170013,0.280388,21.963912,22.414242
random_n14_02,14,max,proposed,1152,random,5,13,618097441784826649,0.4146475694444445,0.4135347222222222,0.4157083333333333,0.169913,0.261534,0.477674,0.910073
random_n14_02,14,min,bitwise,5,random,5,12,9245653717978125829,1857.4958000000001,1856.8162,1859.7048,0.163348,2.150612,9.287479,11.60685
random_n14_02,14,min,proposed,5,random,5,12,9245653717978125829,9.4236,9.399799999999999,9.49,0.170795,0.310648,0.047118,0.525124
random_n14_03,14,max,bitwise,1152,random,5,13,18317261242129527213,19.153911458333333,19.123546006944444,19.15908854166667,0.163458,0.282332,22.065306,22.516078
random_n14_03,14,max,proposed,1152,random,5,13,18317261242129527213,0.4342769097222222,0.43168402777777776,0.43435503472222226,0.169743,0.266897,0.500287,0.936073
random_n14_03,14,min,bitwise,5,random,5,12,2899951276687846397,1808.7772,1806.0448000000001,1810.3186,0.170093,2.113866,9.043886,11.332516
random_n14_03,14,min,proposed,5,random,5,12,2899951276687846397,9.4918,9.448,9.536,0.16435,0.309986,0.047459,0.521395
random_n14_04,14,max,bitwise,1152,random,5,13,3669065801963464269,19.05267013888889,19.03694791666667,19.05786458333333,0.165723,0.280418,21.948676,22.394186
random_n14_04,14,max,proposed,1152,random,5,13,3669065801963464269,0.4552803819444445,0.4531128472222222,0.4580286458333333,0.171436,0.26361,0.524483,0.957693
random_n14_04,14,min,bitwise,5,random,5,12,1966215713796031219,1851.9188000000001,1846.4784,1856.8002,0.169401,2.140077,9.259594,11.555431
random_n14_04,14,min,proposed,5,random,5,12,1966215713796031219,9.3918,9.387799999999999,9.403799999999999,0.170784,0.310949,0.046959,0.529524
random_n14_05,14,max,bitwise,1152,random,5,13,4859751846965026275,19.099113715277777,19.053627604166667,19.12043142361111,0.168189,0.282403,22.002179,22.447208
random_n14_05,14,max,proposed,1152,random,5,13,4859751846965026275,0.4287083333333333,0.42695920138888893,0.430109375,0.170224,0.262427,0.493872,0.926732
random_n14_05,14,min,bitwise,5,random,5,12,15899357985088781533,1834.5086000000001,1831.9508,1843.321,0.163708,2.134695,9.172543,11.470946
random_n14_05,14,min,proposed,5,random,5,12,15899357985088781533,9.425799999999999,9.4116,9.4498,0.16914,0.310548,0.047129,0.527479
random_n14_06,14,max,bitwise,1152,random,5,13,15346824681516850355,19.117098958333333,19.04662326388889,19.13944270833333,0.168831,0.280528,22.022898,22.481558
random_n14_06,14,max,proposed,1152,random,5,13,15346824681516850355,0.4054427083333333,0.4040243055555555,0.40614756944444447,0.167707,0.262917,0.46707,0.898878
random_n14_06,14,min,bitwise,5,random,5,12,6498206762789691193,1847.1798000000001,1846.1836,1847.607,0.169913,2.142844,9.235899,11.548015
random_n14_06,14,min,proposed,5,random,5,12,6498206762789691193,9.451799999999999,9.4398,9.4558,0.163829,0.312141,0.047259,0.526557
random_n14_07,14,max,bitwise,1152,random,5,13,6521635575446348151,19.048216145833333,19.040053819444445,19.11559375,0.16847,0.277381,21.943545,22.392653
random_n14_07,14,max,proposed,1152,random,5,13,6521635575446348151,0.4247222222222222,0.42433159722222225,0.4283342013888889,0.172148,0.266596,0.48928,0.923204
random_n14_07,14,min,bitwise,5,random,5,12,6341712636658299047,1817.0,1816.7536,1820.9352,0.172008,2.094872,9.085,11.36028
random_n14_07,14,min,proposed,5,random,5,12,6341712636658299047,9.367799999999999,9.3536,9.3736,0.164741,0.309235,0.046839,0.519511
random_n14_08,14,max,bitwise,1152,random,5,13,9261562583594160393,19.04034114583333,19.03942795138889,19.064102430555554,0.167016,0.282352,21.934473,22.390037
random_n14_08,14,max,proposed,1152,random,5,13,9261562583594160393,0.45087760416666667,0.44726649305555555,0.45212152777777775,0.168029,0.262117,0.519411,0.949455
random_n14_08,14,min,bitwise,5,random,5,12,6637472626942302933,1841.6792,1837.251,1853.0793999999999,0.169352,2.138143,9.208396,11.51598
random_n14_08,14,min,proposed,5,random,5,12,6637472626942302933,9.4056,9.3956,9.428,0.168038,0.308253,0.047028,0.523871
random_n14_09,14,max,bitwise,1152,random,5,13,1713223286662874179,18.996020833333333,18.988668402777776,19.05539322916667,0.169372,0.282272,21.883416,22.335952
random_n14_09,14,max,proposed,1152,random,5,13,1713223286662874179,0.4491458333333333,0.4470659722222222,0.44966840277777775,0.167707,0.265484,0.517416,0.953304
random_n14_09,14,min,bitwise,5,random,5,12,12172066389686296605,1791.7818,1791.3588,1792.5836000000002,0.164871,2.094642,8.958909,11.22172
random_n14_09,14,min,proposed,5,random,5,12,12172066389686296605,9.4218,9.3858,9.4398,0.171527,0.307361,0.047109,0.527871
random_n15_00,15,max,bitwise,768,random,5,14,11775008753609185415,41.29321354166667,41.240369791666666,41.39131770833333,0.36776,0.603736,31.713188,32.672105
random_n15_00,15,max,proposed,768,random,5,14,11775008753609185415,0.7679205729166666,0.7573880208333333,0.7741067708333333,0.365625,0.565627,0.589763,1.526117
random_n15_00,15,min,bitwise,3,random,5,13,11775008753609185415,7523.919,7501.313333333333,7555.625666666667,0.366026,8.108223,22.571757,31.021248
random_n15_00,15,min,proposed,3,random,5,13,11775008753609185415,20.834666666666667,20.808333333333334,20.854666666666667,0.369203,0.658502,0.062504,1.09001
random_n15_01,15,max,bitwise,768,random,5,14,8175590383877222909,41.22986458333334,41.222502604166664,41.26891276041666,0.372191,0.604096,31.664536,32.640893
random_n15_01,15,max,proposed,768,random,5,14,8175590383877222909,0.7099752604166666,0.7042838541666666,0.7232734375,0.372271,0.564625,0.545261,1.481775
random_n15_01,15,min,bitwise,3,random,5,13,8175590383877222909,7364.680666666667,7324.330666666667,7819.131333333333,0.366437,7.905825,22.094042,30.610899
random_n15_01,15,min,proposed,3,random,5,13,8175590383877222909,20.868333333333332,20.84133333333333,20.91166666666667,0.372271,0.657951,0.062605,1.096946
random_n15_02,15,max,bitwise,768,random,5,14,14956690768126185305,41.18861067708333,41.16995963541667,41.310140625,0.370426,0.599536,31.632853,32.595017
random_n15_02,15,max,proposed,768,random,5,14,14956690768126185305,0.7077161458333334,0.70558984375,0.7085130208333333,0.366678,0.567672,0.543526,1.476623
random_n15_02,15,min,bitwise,3,random,5,13,14956690768126185305,7794.768333333333,7440.877,8364.084333333332,0.367379,8.372163,23.384305,32.123847
random_n15_02,15,min,proposed,3,random,5,13,14956690768126185305,20.958333333333332,20.905,20.968333333333334,0.368161,0.658994,0.062875,1.089999
random_n15_03,15,max,bitwise,768,random,5,14,1692562362688980047,41.316717447916666,41.224970052083336,41.379140625,0.367941,0.604167,31.731239,32.703006
random_n15_03,15,max,proposed,768,random,5,14,1692562362688980047,0.61803125,0.6169986979166666,0.6190611979166666,0.371639,0.563152,0.474648,1.410531
random_n15_03,15,min,bitwise,3,random,5,13,1692562362688980047,7411.836333333333,7349.379,7610.242,0.357817,7.935845,22.235509,30.549889
random_n15_03,15,min,proposed,3,random,5,13,1692562362688980047,20.764666666666667,20.758,20.785,0.362117,0.662862,0.062294,1.087634
random_n15_04,15,max,bitwise,768,random,5,14,12374861874671329715,41.352790364583335,41.252234375,41.40739583333333,0.364292,0.601651,31.758943,32.728865
random_n15_04,15,max,proposed,768,random,5,14,12374861874671329715,0.66446484375,0.6632513020833334,0.6699596354166666,0.370035,0.566049,0.510309,1.447796
random_n15_04,15,min,bitwise,3,random,5,14,12374861874671329715,7572.514333333333,7490.601666666667,7829.883,0.36755,8.122266,22.717543,31.201875
random_n15_04,15,min,proposed,3,random,5,14,12374861874671329715,20.831333333333333,20.77466666666667,20.865,0.361896,0.662161,0.062494,1.089759
random_n15_05,15,max,bitwise,768,random,5,14,15303683283008684229,41.182450520833335,41.17571484375,41.273270833333335,0.366226,0.599967,31.628122,32.597663
random_n15_05,15,max,proposed,768,random,5,14,15303683283008684229,0.6523411458333334,0.6469388020833333,0.6555,0.367861,0.563202,0.500998,1.427811
random_n15_05,15,min,bitwise,3,random,5,14,15303683283008684229,7899.587333333333,7569.584666666667,7961.861333333333,0.369724,8.430067,23.698762,32.503404
random_n15_05,15,min,proposed,3,random,5,14,15303683283008684229,20.764666666666667,20.75466666666667,20.811333333333334,0.368662,0.660979,0.062294,1.092936
random_n15_06,15,max,bitwise,768,random,5,14,12914700904059738449,41.412381510416665,41.216760416666666,41.42459765625,0.366898,0.603516,31.804709,32.765981
random_n15_06,15,max,proposed,768,random,5,14,12914700904059738449,0.6572877604166666,0.6571041666666666,0.66383984375,0.369144,0.56651,0.504797,1.438135
random_n15_06,15,min,bitwise,3,random,5,13,12914700904059738449,7683.571333333333,7564.82,7696.811666666667,0.369103,8.242393,23.050714,31.696329
random_n15_06,15,min,proposed,3,random,5,13,12914700904059738449,21.232333333333333,20.79133333333333,21.422666666666668,0.368141,0.6576,0.063697,1.090781
random_n15_07,15,max,bitwise,768,random,5,14,4299472525710188853,41.287263020833336,41.211631510416666,41.31177213541667,0.372721,0.598633,31.708618,32.67874
random_n15_07,15,max,proposed,768,random,5,14,4299472525710188853,0.68439453125,0.6805442708333334,0.6876822916666666,0.373865,0.560064,0.525615,1.458361
random_n15_07,15,min,bitwise,3,random,5,14,4299472525710188853,7822.653,7448.504666666667,7860.129333333333,0.371098,8.35794,23.467959,32.214367
random_n15_07,15,min,proposed,3,random,5,14,4299472525710188853,20.811333333333334,20.79133333333333,20.828,0.36318,0.658472,0.062434,1.084217
random_n15_08,15,max,bitwise,768,random,5,14,4944031596106775061,41.42596875,41.34122786458334,41.43113671875,0.369304,0.603425,31.815144,32.781247
random_n15_08,15,max,proposed,768,random,5,14,4944031596106775061,0.6424088541666666,0.63871484375,0.64379296875,0.368342,0.565197,0.49337,1.423561
random_n15_08,15,min,bitwise,3,random,5,13,4944031596106775061,7443.196,7409.7283333333335,7905.547666666667,0.360032,7.953124,22.329588,30.646683
random_n15_08,15,min,proposed,3,random,5,13,4944031596106775061,20.811333333333334,20.801333333333332,20.84133333333333,0.366928,0.662382,0.062434,1.087925
random_n15_09,15,max,bitwise,768,random,5,14,3702163809475997743,41.38390494791666,41.328921875,41.413921875,0.37206,0.598123,31.782839,32.757482
random_n15_09,15,max,proposed,768,random,5,14,3702163809475997743,0.7153255208333333,0.7098307291666667,0.72376953125,0.369635,0.565708,0.54937,1.477836
random_n15_09,15,min,bitwise,3,random,5,14,3702163809475997743,7364.520666666667,7355.840333333333,7407.717,0.365094,7.894018,22.093562,30.340004
random_n15_09,15,min,proposed,3,random,5,14,3702163809475997743,20.82466666666667,20.815,20.92833333333333,0.366217,0.660286,0.062474,1.090652
random_n16_00,16,max,bitwise,512,random,5,15,14737456436268887033,88.7252734375,88.680109375,88.785236328125,0.671682,1.349219,45.42734,47.436023
random_n16_00,16,max,proposed,512,random,5,15,14737456436268887033,0.9326640625,0.93101953125,0.94603515625,0.676243,1.268232,0.477524,2.42718
random_n16_00,16,min,bitwise,1,random,5,14,14737456436268887033,30447.282,30267.677,31208.652,0.67083,31.620644,30.447282,62.750002
random_n16_00,16,min,proposed,1,random,5,14,14737456436268887033,43.049,42.749,43.069,0.675291,1.46226,0.043049,2.183998
random_n16_01,16,max,bitwise,512,random,5,15,16616056235222173981,88.785275390625,88.599806640625,88.7948671875,0.67486,1.348186,45.458061,47.474091
random_n16_01,16,max,proposed,512,random,5,15,16616056235222173981,1.125884765625,1.124767578125,1.127666015625,0.680714,1.265034,0.576453,2.51787
random_n16_01,16,min,bitwise,1,random,5,14,16616056235222173981,30856.688,30078.74,31555.564,0.677266,32.080056,30.856688,63.616576
random_n16_01,16,min,proposed,1,random,5,14,16616056235222173981,43.029,42.629,43.03,0.679751,1.465628,0.043029,2.194462
random_n16_02,16,max,bitwise,512,random,5,15,4368476618699203441,88.7727265625,88.713310546875,88.800171875,0.682748,1.347686,45.451636,47.481528
random_n16_02,16,max,proposed,512,random,5,15,4368476618699203441,1.10611328125,1.0881015625,1.115251953125,0.680282,1.258649,0.56633,2.499798
random_n16_02,16,min,bitwise,1,random,5,14,4724323837088691,31801.672,31635.418,31931.753,0.67926,33.024299,31.801672,65.490668
random_n16_02,16,min,proposed,1,random,5,14,4724323837088691,43.059,42.779,48.552,0.672995,1.467732,0.043059,2.186273
random_n16_03,16,max,bitwise,512,random,5,15,9409585520029719219,88.7390546875,88.65896875,88.83041796875,0.668415,1.348217,45.434396,47.461001
random_n16_03,16,max,proposed,512,random,5,15,9409585520029719219,0.97158203125,0.97138671875,0.97788671875,0.672735,1.26732,0.49745,2.439609
random_n16_03,16,min,bitwise,1,random,5,14,9409585520029719219,31662.972,31649.461,32678.66,0.673096,32.748892,31.662972,65.059071
random_n16_03,16,min,proposed,1,random,5,14,9409585520029719219,42.99,42.94,43.039,0.676995,1.470239,0.04299,2.182455
random_n16_04,16,max,bitwise,512,random,5,15,3170366089088760231,88.733142578125,88.680912109375,88.77983203125,0.678258,1.352517,45.431369,47.463306
random_n16_04,16,max,proposed,512,random,5,15,3170366089088760231,1.038826171875,1.028275390625,1.047126953125,0.683239,1.261687,0.531879,2.480053
random_n16_04,16,min,bitwise,1,random,5,14,3819540617728449353,31831.933,30628.541,32725.008,0.670019,33.001446,31.831933,65.502215
random_n16_04,16,min,proposed,1,random,5,14,3819540617728449353,43.039,43.01,43.05,0.675261,1.46219,0.043039,2.176963
random_n16_05,16,max,bitwise,512,random,5,15,15168352931324912107,88.897115234375,88.81178125,89.305814453125,0.676223,1.343496,45.515323,47.541898
random_n16_05,16,max,proposed,512,random,5,15,15168352931324912107,0.903337890625,0.8993046875,0.911541015625,0.672835,1.266007,0.462509,2.4007
random_n16_05,16,min,bitwise,1,random,5,15,15751568125513477357,30357.053,30105.412,30907.305,0.677175,31.29406,30.357053,62.321643
random_n16_05,16,min,proposed,1,random,5,15,15751568125513477357,42.849,42.779,42.96,0.676885,1.468023,0.042849,2.192899
random_n16_06,16,max,bitwise,512,random,5,15,16739776606092881405,88.857455078125,88.8111953125,88.976576171875,0.671051,1.34967,45.495017,47.514365
random_n16_06,16,max,proposed,512,random,5,15,16739776606092881405,1.038767578125,1.03773046875,1.03923828125,0.674519,1.266538,0.531849,2.469959
random_n16_06,16,min,bitwise,1,random,5,15,4244132753006452527,30238.85,30229.559,31290.36,0.676023,31.47589,30.23885,62.40264
random_n16_06,16,min,proposed,1,random,5,15,4244132753006452527,42.829,42.77,42.879,0.676013,1.47552,0.042829,2.194503
random_n16_07,16,max,bitwise,512,random,5,15,12841734385939328501,88.704189453125,88.65914453125,88.830947265625,0.684171,1.338955,45.416545,47.443861
random_n16_07,16,max,proposed,512,random,5,15,12841734385939328501,1.082013671875,1.07774609375,1.08757421875,0.681776,1.264944,0.553991,2.500891
random_n16_07,16,min,bitwise,1,random,5,14,4426892772981898309,30997.635,30267.547,31202.749,0.670901,32.251843,30.997635,63.905184
random_n16_07,16,min,proposed,1,random,5,14,4426892772981898309,42.879,42.869,43.139,0.679491,1.468535,0.042879,2.189682
random_n16_08,16,max,bitwise,512,random,5,15,13198896234579546435,88.652841796875,88.557423828125,88.710001953125,0.675733,1.353789,45.390255,47.408199
random_n16_08,16,max,proposed,512,random,5,15,13198896234579546435,1.076140625,1.075708984375,1.08344140625,0.680433,1.264704,0.550984,2.49606
random_n16_08,16,min,bitwise,1,random,5,14,13198896234579546435,30205.653,30111.316,30241.256,0.673727,31.260552,30.205653,62.133147
random_n16_08,16,min,proposed,1,random,5,14,13198896234579546435,42.859,42.779,42.929,0.677025,1.480883,0.042859,2.190865
random_n16_09,16,max,bitwise,512,random,5,15,5694330828512168087,88.97696875,88.9616015625,89.027908203125,0.682307,1.347044,45.556208,47.591192
random_n16_09,16,max,proposed,512,random,5,15,5694330828512168087,1.154876953125,1.152919921875,1.158068359375,0.677476,1.263982,0.591297,2.531492
random_n16_09,16,min,bitwise,1,random,5,14,10264746823587184143,30393.177,30128.154,30397.998,0.68353,31.469595,30.393177,62.546302
random_n16_09,16,min,proposed,1,random,5,14,10264746823587184143,42.749,42.679,42.89,0.670962,1.469988,0.042749,2.197509
random_n17_00,17,max,bitwise,512,random,5,16,4044930555586997077,195.620517578125,195.600548828125,196.012751953125,1.31967,2.973324,100.157705,104.462777
random_n17_00,17,max,proposed,512,random,5,16,4044930555586997077,1.239369140625,1.235494140625,1.2507421875,1.332851,2.79017,0.634557,4.758841
random_n17_00,17,min,bitwise,1,random,5,15,53928603138817671,117138.087,117089.184,117504.173,1.325303,120.243917,117.138087,238.772799
random_n17_00,17,min,proposed,1,random,5,15,53928603138817671,190.39,189.829,192.104,1.331568,3.581038,0.19039,5.102996
random_n17_01,17,max,bitwise,512,random,5,16,9656841630073110639,195.845353515625,195.69526171875,197.237751953125,1.330305,2.956645,100.272821,104.562428
random_n17_01,17,max,proposed,512,random,5,16,9656841630073110639,1.215876953125,1.21321484375,1.22881640625,1.326055,2.795221,0.622529,4.744477
random_n17_01,17,min,bitwise,1,random,5,16,9476625586251178041,117380.859,117170.402,117714.419,1.329413,120.105557,117.380859,238.815829
random_n17_01,17,min,proposed,1,random,5,16,9476625586251178041,185.499,184.406,187.513,1.333773,3.536144,0.185499,5.071363
random_n17_02,17,max,bitwise,512,random,5,16,920153404770472039,196.049615234375,195.827951171875,196.24303125,1.32792,2.951814,100.377403,104.64581
random_n17_02,17,max,proposed,512,random,5,16,920153404770472039,1.37426953125,1.35827734375,1.382158203125,1.32415,2.783193,0.703626,4.814879
random_n17_02,17,min,bitwise,1,random,5,15,920153404770472039,117240.334,117117.53,117337.84,1.329954,119.913613,117.240334,238.563526
random_n17_02,17,min,proposed,1,random,5,15,920153404770472039,186.211,185.439,187.123,1.334956,3.540254,0.186211,5.06576
random_n17_03,17,max,bitwise,512,random,5,16,8778335657814217681,195.807845703125,195.766970703125,195.950109375,1.332069,2.963731,100.253617,104.543343
random_n17_03,17,max,proposed,512,random,5,16,8778335657814217681,1.306771484375,1.305890625,1.321982421875,1.330776,2.786731,0.669067,4.791126
random_n17_03,17,min,bitwise,1,random,5,16,14428296076722714661,118231.937,117276.277,118921.991,1.325423,120.85073,118.231937,240.400884
random_n17_03,17,min,proposed,1,random,5,16,14428296076722714661,185.468,185.027,186.12,1.325534,3.544534,0.185468,5.059075
random_n17_04,17,max,bitwise,512,random,5,16,127756811521768271,195.784845703125,195.72897265625,195.8183203125,1.32808,2.960364,100.241841,104.532529
random_n17_04,17,max,proposed,512,random,5,16,127756811521768271,1.15871484375,1.1586171875,1.165251953125,1.318789,2.795814,0.593262,4.718267
random_n17_04,17,min,bitwise,1,random,5,16,127756811521768271,117143.721,117118.352,117377.812,1.333593,120.040046,117.143721,238.497975
random_n17_04,17,min,proposed,1,random,5,16,127756811521768271,184.477,184.427,187.152,1.32357,3.555158,0.184477,5.082538
random_n17_05,17,max,bitwise,512,random,5,16,13353353299512201183,196.07348046875,195.806359375,196.90129296875,1.328781,2.964312,100.389622,104.685824
random_n17_05,17,max,proposed,512,random,5,16,13353353299512201183,1.2505859375,1.2484140625,1.255048828125,1.332451,2.795844,0.6403,4.772122
random_n17_05,17,min,bitwise,1,random,5,15,13353353299512201183,117160.7,117148.282,117274.704,1.324893,120.02445,117.1607,238.621782
random_n17_05,17,min,proposed,1,random,5,15,13353353299512201183,194.57,185.148,194.901,1.3193,3.542108,0.19457,5.076394
random_n17_06,17,max,bitwise,512,random,5,16,5113287498576228263,195.858431640625,195.76051171875,195.870748046875,1.321305,2.960774,100.279517,104.567671
random_n17_06,17,max,proposed,512,random,5,16,5113287498576228263,1.19334375,1.186353515625,1.196732421875,1.331869,2.796695,0.610992,4.733792
random_n17_06,17,min,bitwise,1,random,5,16,5113287498576228263,117216.45,117162.084,117385.7,1.332129,119.858628,117.21645,238.431092
random_n17_06,17,min,proposed,1,random,5,16,5113287498576228263,187.282,185.79,189.428,1.318528,3.548824,0.187282,5.057381
random_n17_07,17,max,bitwise,512,random,5,16,7275317829648067493,196.268150390625,195.934859375,196.592611328125,1.325464,2.948997,100.489293,104.808267
random_n17_07,17,max,proposed,512,random,5,16,7275317829648067493,1.364306640625,1.362857421875,1.36753515625,1.327839,2.788045,0.698525,4.807563
random_n17_07,17,min,bitwise,1,random,5,16,7275317829648067493,117378.274,117115.427,119099.392,1.322787,120.173706,117.378274,238.874767
random_n17_07,17,min,proposed,1,random,5,16,7275317829648067493,187.814,184.607,192.225,1.332741,3.546087,0.187814,5.063064
random_n17_08,17,max,bitwise,512,random,5,16,11701902499389328625,195.8164609375,195.7923046875,196.170482421875,1.324842,2.958369,100.258028,104.557316
random_n17_08,17,max,proposed,512,random,5,16,11701902499389328625,1.260591796875,1.26051171875,1.268048828125,1.327759,2.789017,0.645423,4.763521
random_n17_08,17,min,bitwise,1,random,5,15,2952536478109152921,117682.236,117351.993,118336.249,1.32373,120.04566,117.682236,239.016996
random_n17_08,17,min,proposed,1,random,5,15,2952536478109152921,189.639,186.922,190.329,1.327108,3.556772,0.189639,5.074209
random_n17_09,17,max,bitwise,512,random,5,16,8942016743302861989,195.857103515625,195.79921484375,196.13587109375,1.331848,2.964072,100.278837,104.576601
random_n17_09,17,max,proposed,512,random,5,16,8942016743302861989,1.44176953125,1.42101953125,1.441908203125,1.335628,2.785088,0.738186,4.858521
random_n17_09,17,min,bitwise,1,random,5,16,8942016743302861989,118814.704,117475.329,119208.796,1.317425,121.640216,118.814704,241.770602
random_n17_09,17,min,proposed,1,random,5,16,8942016743302861989,186.942,186.161,187.764,1.323409,3.550307,0.186942,5.051016
random_n18_00,18,max,bitwise,512,random,5,17,4258757466311995337,426.17498046875,425.751501953125,427.13381640625,2.63011,6.2037,218.20159,227.0354
random_n18_00,18,max,proposed,512,random,5,17,4258757466311995337,1.851330078125,1.84463671875,1.869439453125,2.629809,5.84851,0.947881,9.453734
random_n18_00,18,min,bitwise,1,random,5,16,4258757466311995337,471103.964,468911.517,472574.514,2.640163,475.98186,471.103964,949.72731
random_n18_00,18,min,proposed,1,random,5,16,4258757466311995337,423.63,423.469,423.92,2.630371,7.411733,0.42363,10.468559
random_n18_01,18,max,bitwise,512,random,5,17,5206265997317122609,425.197076171875,424.659056640625,425.939591796875,2.631463,6.179745,217.700903,226.504393
random_n18_01,18,max,proposed,512,random,5,17,5206265997317122609,2.08209765625,2.054201171875,2.083056640625,2.646317,5.849532,1.066034,9.561202
random_n18_01,18,min,bitwise,1,random,5,16,5206265997317122609,469048.204,468953.045,472140.652,2.637828,474.949405,469.048204,946.631888
random_n18_01,18,min,proposed,1,random,5,16,5206265997317122609,416.733,416.302,416.914,2.632084,7.392028,0.416733,10.462085
random_n18_02,18,max,bitwise,512,random,5,17,10155716222270664097,426.02234375,425.975830078125,426.46541796875,2.63448,6.183273,218.12344,226.921849
random_n18_02,18,max,proposed,512,random,5,17,10155716222270664097,2.17328515625,2.16651171875,2.201359375,2.646999,5.849652,1.112722,9.620509
random_n18_02,18,min,bitwise,1,random,5,16,10155716222270664097,472171.094,468801.235,472367.008,2.635963,477.924093,472.171094,952.759095
random_n18_02,18,min,proposed,1,random,5,16,10155716222270664097,411.601,409.086,415.531,2.636274,7.441682,0.411601,10.488025
random_n18_03,18,max,bitwise,512,random,5,17,18287338620758432531,425.623884765625,424.73031640625,425.751232421875,2.626141,6.196885,217.919429,226.7231
random_n18_03,18,max,proposed,512,random,5,17,18287338620758432531,2.5100390625,2.466619140625,2.5213359375,2.629929,5.846174,1.28514,9.78557
random_n18_03,18,min,bitwise,1,random,5,16,18287338620758432531,473131.687,469309.811,473648.12,2.637386,478.692933,473.131687,954.462006
random_n18_03,18,min,proposed,1,random,5,16,18287338620758432531,411.943,409.537,416.142,2.629238,7.387026,0.411943,10.425691
random_n18_04,18,max,bitwise,512,random,5,17,2199271015290009395,425.228990234375,424.59012890625,425.69312890625,2.634651,6.19048,217.717243,226.509828
random_n18_04,18,max,proposed,512,random,5,17,2199271015290009395,2.2506328125,2.24755859375,2.25208203125,2.63889,5.858793,1.152324,9.660541
random_n18_04,18,min,bitwise,1,random,5,16,2199271015290009395,472843.482,469124.055,476057.662,2.63916,478.457409,472.843482,953.940051
random_n18_04,18,min,proposed,1,random,5,16,2199271015290009395,413.356,411.08,416.443,2.633106,7.418088,0.413356,10.476628
random_n18_05,18,max,bitwise,512,random,5,17,9689590332847028783,425.851091796875,425.81759765625,426.785654296875,2.623174,6.191362,218.035759,226.871484
random_n18_05,18,max,proposed,512,random,5,17,9689590332847028783,2.225359375,2.207857421875,2.231056640625,2.63447,5.847968,1.139384,9.617763
random_n18_05,18,min,bitwise,1,random,5,16,9689590332847028783,470403.684,468965.258,473074.307,2.636625,476.084025,470.403684,949.130628
random_n18_05,18,min,proposed,1,random,5,16,9689590332847028783,408.043,407.642,415.942,2.628977,7.414439,0.408043,10.460872
random_n18_06,18,max,bitwise,512,random,5,17,2930348210414840197,425.644111328125,425.3830390625,425.898587890625,2.633006,6.189197,217.929785,226.758795
random_n18_06,18,max,proposed,512,random,5,17,2930348210414840197,2.466208984375,2.4536015625,2.473236328125,2.64761,5.849803,1.262699,9.760864
random_n18_06,18,min,bitwise,1,random,5,17,2930348210414840197,472157.009,468490.051,472618.565,2.631353,478.301692,472.157009,953.102503
random_n18_06,18,min,proposed,1,random,5,17,2930348210414840197,408.765,406.479,418.909,2.633328,7.401519,0.408765,10.417111
random_n18_07,18,max,bitwise,512,random,5,17,4641160885965114381,424.889576171875,424.7963125,425.014552734375,2.641667,6.19025,217.543463,226.422799
random_n18_07,18,max,proposed,512,random,5,17,4641160885965114381,1.820517578125,1.81480078125,1.826056640625,2.623625,5.848209,0.932105,9.413902
random_n18_07,18,min,bitwise,1,random,5,16,4641160885965114381,472752.516,469237.791,477636.547,2.651218,478.644596,472.752516,954.054365
random_n18_07,18,min,proposed,1,random,5,16,4641160885965114381,409.106,407.292,417.024,2.631924,7.387357,0.409106,10.445366
random_n18_08,18,max,bitwise,512,random,5,17,7268631631794971905,424.99441015625,424.784060546875,425.49351171875,2.636434,6.198028,217.597138,226.373927
random_n18_08,18,max,proposed,512,random,5,17,7268631631794971905,2.20799609375,2.196189453125,2.209951171875,2.63455,5.856529,1.130494,9.624859
random_n18_08,18,min,bitwise,1,random,5,16,7268631631794971905,474127.385,469443.038,485663.833,2.63887,479.98237,474.127385,956.752153
random_n18_08,18,min,proposed,1,random,5,16,7268631631794971905,407.562,407.332,412.383,2.635052,7.449601,0.407562,10.483745
random_n18_09,18,max,bitwise,512,random,5,17,15045863687301323839,424.85383203125,424.66460546875,426.04120703125,2.632114,6.191704,217.525162,226.373336
random_n18_09,18,max,proposed,512,random,5,17,15045863687301323839,2.180978515625,2.161166015625,2.186517578125,2.641526,5.844751,1.116661,9.596945
random_n18_09,18,min,bitwise,1,random,5,17,15045863687301323839,472790.035,469108.184,477195.881,2.636704,478.149524,472.790035,953.597824
random_n18_09,18,min,proposed,1,random,5,17,15045863687301323839,409.276,406.92,409.336,2.630039,7.373996,0.409276,10.423846
random_n19_00,19,max,bitwise,512,random,5,18,16455898633111993517,945.085490234375,944.9850234375,945.251771484375,5.44627,13.048434,483.883771,502.431076
random_n19_00,19,max,proposed,512,random,5,18,16455898633111993517,2.976,2.965666015625,2.993482421875,5.463149,12.344326,1.523712,19.324912
random_n19_00,19,min,bitwise,1,random,5,17,16455898633111993517,1869259.412,1867455.491,1873872.671,5.415599,1881.244215,1869.259412,3755.919226
random_n19_00,19,min,proposed,1,random,5,17,16455898633111993517,899.159,896.573,900.201,5.354257,15.635754,0.899159,21.908414
random_n19_01,19,max,bitwise,512,random,5,18,7286983342742389075,944.67243359375,943.988841796875,944.9518515625,5.374585,13.022092,483.672286,502.074997
random_n19_01,19,max,proposed,512,random,5,18,7286983342742389075,4.153017578125,4.136435546875,4.225822265625,5.392115,12.364593,2.126345,19.882411
random_n19_01,19,min,bitwise,1,random,5,18,7286983342742389075,1876322.101,1874900.588,1889095.667,5.375066,1888.623758,1876.322101,3770.34526
random_n19_01,19,min,proposed,1,random,5,18,7286983342742389075,899.469,894.698,904.751,5.39457,15.636256,0.899469,21.894412
random_n19_02,19,max,bitwise,512,random,5,18,10080240590503035007,944.544705078125,944.292365234375,945.31582421875,5.432558,13.088466,483.606889,502.175293
random_n19_02,19,max,proposed,512,random,5,18,10080240590503035007,3.82066796875,3.80030859375,3.8595078125,5.443644,12.349247,1.956182,19.752872
random_n19_02,19,min,bitwise,1,random,5,17,10080240590503035007,1876448.553,1861743.809,1889585.239,5.378284,1888.995066,1876.448553,3770.886552
random_n19_02,19,min,proposed,1,random,5,17,10080240590503035007,892.463,891.37,893.034,5.458538,15.493416,0.892463,21.848476
random_n19_03,19,max,bitwise,512,random,5,18,17177797428737689847,944.2160234375,944.1877734375,944.31488671875,5.429582,13.04266,483.438604,502.025231
random_n19_03,19,max,proposed,512,random,5,18,17177797428737689847,3.72576171875,3.64696484375,3.735765625,5.431055,12.343374,1.90759,19.646497
random_n19_03,19,min,bitwise,1,random,5,17,17177797428737689847,1877390.088,1876477.653,1890917.746,5.39404,1888.991745,1877.390088,3771.775873
random_n19_03,19,min,proposed,1,random,5,17,17177797428737689847,885.357,884.855,887.752,5.43769,15.480186,0.885357,21.802731
random_n19_04,19,max,bitwise,512,random,5,18,10358563718858219553,944.40768359375,944.1854140625,946.102853515625,5.455391,13.117964,483.536734,502.11006
random_n19_04,19,max,proposed,512,random,5,18,10358563718858219553,2.9095390625,2.8833828125,2.91646875,5.45951,12.3374,1.489684,19.286625
random_n19_04,19,min,bitwise,1,random,5,17,10358563718858219553,1880574.759,1862143.074,1968627.338,5.382172,1891.649418,1880.574759,3777.588278
random_n19_04,19,min,proposed,1,random,5,17,10358563718858219553,895.139,893.395,901.804,5.408152,15.601566,0.895139,21.911522
random_n19_05,19,max,bitwise,512,random,5,18,9367602929676264243,946.238505859375,944.900021484375,946.65174609375,5.366135,13.087444,484.474115,503.06907
random_n19_05,19,max,proposed,512,random,5,18,9367602929676264243,2.960830078125,2.95399609375,2.978564453125,5.45032,12.338403,1.515945,19.304897
random_n19_05,19,min,bitwise,1,random,5,17,9367602929676264243,1876404.652,1866380.205,1905781.896,5.388466,1888.521231,1876.404652,3770.368915
random_n19_05,19,min,proposed,1,random,5,17,9367602929676264243,892.413,891.982,892.494,5.456193,15.510375,0.892413,21.859062
random_n19_06,19,max,bitwise,512,random,5,18,14608527166820409507,944.02963671875,943.92725,945.92767578125,5.373071,13.061254,483.343174,501.868569
random_n19_06,19,max,proposed,512,random,5,18,14608527166820409507,3.597615234375,3.593326171875,3.601646484375,5.38128,12.329883,1.841979,19.637496
random_n19_06,19,min,bitwise,1,random,5,18,14608527166820409507,1869060.319,1867997.855,1869549.513,5.374675,1880.461975,1869.060319,3754.97992
random_n19_06,19,min,proposed,1,random,5,18,14608527166820409507,895.62,893.415,896.141,5.366245,15.625932,0.89562,21.87542
random_n19_07,19,max,bitwise,512,random,5,18,3046314305277499899,944.214916015625,943.9484765625,944.615546875,5.431567,13.078583,483.438037,501.987488
random_n19_07,19,max,proposed,512,random,5,18,3046314305277499899,3.4884921875,3.463044921875,3.491978515625,5.447272,12.365455,1.786108,19.560738
random_n19_07,19,min,bitwise,1,random,5,17,3046314305277499899,1891093.816,1884245.018,1900063.176,5.38966,1903.118993,1891.093816,3799.562245
random_n19_07,19,min,proposed,1,random,5,17,3046314305277499899,898.788,887.161,899.9,5.438292,15.629992,0.898788,21.968184
random_n19_08,19,max,bitwise,512,random,5,18,13456358624434115965,943.8859375,943.761607421875,943.99362890625,5.378324,13.053606,483.2696,501.616874
random_n19_08,19,max,proposed,512,random,5,18,13456358624434115965,3.089603515625,3.072845703125,3.09747265625,5.373522,12.360393,1.581877,19.339287
random_n19_08,19,min,bitwise,1,random,5,17,13456358624434115965,1873296.423,1867741.808,1884128.492,5.379486,1885.168317,1873.296423,3763.843644
random_n19_08,19,min,proposed,1,random,5,17,13456358624434115965,880.856,880.837,884.815,5.387855,15.636678,0.880856,21.959724
random_n19_09,19,max,bitwise,512,random,5,18,13949344457970967357,945.8963515625,944.528091796875,946.3949453125,5.418636,13.082102,484.298932,502.855489
random_n19_09,19,max,proposed,512,random,5,18,13949344457970967357,3.4466796875,3.433640625,3.557970703125,5.46799,12.385491,1.7647,19.633026
random_n19_09,19,min,bitwise,1,random,5,17,13949344457970967357,1871842.056,1871032.069,1875169.179,5.392596,1883.468432,1871.842056,3760.680362
random_n19_09,19,min,proposed,1,random,5,17,13949344457970967357,894.467,891.972,900.682,5.432038,15.648154,0.894467,21.988933
