case,n,metric,method,steps,group,repeats,initial_value,final_value,accepted,final_box_hash,final_histogram,kernel_us_per_step,repeat_q1_us,repeat_q3_us,context_ms,init_ms,kernel_ms,total_ms
AES,8,max,peigen,6912,practical,5,7,7,0,6818563556447043631,"[0, 0, 0, 0, 0, 0, 3, 252, 0, 0, 0, 0, 0, 0, 0, 0, 0]",0.8599441550925926,0.8572578125,0.8609888599537037,0.010264,0.010504,5.943934,5.964652
AES,8,max,proposed,6912,practical,5,7,7,0,6818563556447043631,"[0, 0, 0, 0, 0, 0, 3, 252, 0, 0, 0, 0, 0, 0, 0, 0, 0]",0.07019473379629629,0.06986877893518519,0.07040596064814815,0.010103,0.005623,0.485186,0.500913
AES,8,min,peigen,491,practical,5,7,7,0,16636583510454055501,"[0, 0, 0, 0, 0, 0, 0, 255, 0, 0, 0, 0, 0, 0, 0, 0, 0]",2.4959327902240327,2.491682281059063,2.5019653767820773,0.012469,0.009321,1.225503,1.249529
AES,8,min,proposed,491,practical,5,7,7,0,16636583510454055501,"[0, 0, 0, 0, 0, 0, 0, 255, 0, 0, 0, 0, 0, 0, 0, 0, 0]",0.23200610997963342,0.23186354378818738,0.23602851323828922,0.012408,0.002085,0.113915,0.130664
AES,8,spectrum,peigen,640,practical,5,1785,1784,0,3003501176460699189,"[0, 0, 0, 0, 0, 0, 1, 254, 0, 0, 0, 0, 0, 0, 0, 0, 0]",3.6349640625000004,3.6039140625,3.6405765624999997,0.010144,0.016528,2.326377,2.35324
AES,8,spectrum,proposed,640,practical,5,1785,1784,0,3003501176460699189,"[0, 0, 0, 0, 0, 0, 1, 254, 0, 0, 0, 0, 0, 0, 0, 0, 0]",0.33999375,0.33908437500000005,0.3496140625,0.010144,0.014083,0.217596,0.241701
CLEFIA_S0,8,max,peigen,6912,practical,5,6,7,0,8863744823894490581,"[0, 0, 0, 0, 0, 0, 3, 252, 0, 0, 0, 0, 0, 0, 0, 0, 0]",0.8521555266203703,0.8507863136574074,0.8530379050925926,0.009913,0.010705,5.890099,5.913223
CLEFIA_S0,8,max,proposed,6912,practical,5,6,7,0,8863744823894490581,"[0, 0, 0, 0, 0, 0, 3, 252, 0, 0, 0, 0, 0, 0, 0, 0, 0]",0.06894140625,0.06820124421296296,0.06900868055555556,0.009953,0.005794,0.476523,0.491979
CLEFIA_S0,8,min,peigen,491,practical,5,6,6,0,3159390917197768285,"[0, 0, 0, 0, 0, 0, 255, 0, 0, 0, 0, 0, 0, 0, 0, 0, 0]",4.792631364562118,4.786091649694501,4.795136456211813,0.012188,0.013722,2.353182,2.380222
CLEFIA_S0,8,min,proposed,491,practical,5,6,6,0,3159390917197768285,"[0, 0, 0, 0, 0, 0, 255, 0, 0, 0, 0, 0, 0, 0, 0, 0, 0]",0.24427291242362525,0.24360081466395112,0.24547861507128307,0.012349,0.002376,0.119938,0.136188
CLEFIA_S0,8,spectrum,peigen,640,practical,5,1530,1784,0,7980356083323159871,"[0, 0, 0, 0, 0, 0, 1, 254, 0, 0, 0, 0, 0, 0, 0, 0, 0]",3.6233421875,3.6209609375,3.6296234375,0.010133,0.016538,2.318939,2.346423
CLEFIA_S0,8,spectrum,proposed,640,practical,5,1530,1784,0,7980356083323159871,"[0, 0, 0, 0, 0, 0, 1, 254, 0, 0, 0, 0, 0, 0, 0, 0, 0]",0.32259375,0.32141718750000003,0.3226875,0.010053,0.014263,0.20646,0.230647
CLEFIA_S1,8,max,peigen,6912,practical,5,7,7,0,1917540954068315207,"[0, 0, 0, 0, 0, 0, 0, 255, 0, 0, 0, 0, 0, 0, 0, 0, 0]",0.8530465856481482,0.8516637731481481,0.853461082175926,0.010233,0.011838,5.896258,5.915382
CLEFIA_S1,8,max,proposed,6912,practical,5,7,7,0,1917540954068315207,"[0, 0, 0, 0, 0, 0, 0, 255, 0, 0, 0, 0, 0, 0, 0, 0, 0]",0.068390625,0.06811284722222223,0.06933362268518518,0.009933,0.005684,0.472716,0.488252
CLEFIA_S1,8,min,peigen,491,practical,5,7,7,0,15570690943541220489,"[0, 0, 0, 0, 0, 0, 0, 255, 0, 0, 0, 0, 0, 0, 0, 0, 0]",2.5059551934826882,2.491757637474542,2.513020366598778,0.01253,0.010474,1.230424,1.25443
CLEFIA_S1,8,min,proposed,491,practical,5,7,7,0,15570690943541220489,"[0, 0, 0, 0, 0, 0, 0, 255, 0, 0, 0, 0, 0, 0, 0, 0, 0]",0.2395193482688391,0.2350692464358452,0.2420264765784114,0.012359,0.001964,0.117604,0.131867
CLEFIA_S1,8,spectrum,peigen,640,practical,5,1785,1784,0,2718168156065974173,"[0, 0, 0, 0, 0, 0, 1, 254, 0, 0, 0, 0, 0, 0, 0, 0, 0]",3.6015281249999997,3.601040625,3.6197468749999997,0.010073,0.015055,2.304978,2.330116
CLEFIA_S1,8,spectrum,proposed,640,practical,5,1785,1784,0,2718168156065974173,"[0, 0, 0, 0, 0, 0, 1, 254, 0, 0, 0, 0, 0, 0, 0, 0, 0]",0.3420765625,0.3405265625,0.3495625,0.010054,0.013972,0.218929,0.242954
MISTY1_FI_key0000,16,max,bitwise,512,practical,5,4,15,0,9218607083714491769,"[0, 0, 0, 7, 4088, 0, 0, 0, 0, 0, 0, 0, 0, 0, 0, 61440, 0]",92.630021484375,92.54373046875,92.76654296875,0.65407,1.926655,47.426571,50.002648
MISTY1_FI_key0000,16,max,proposed,512,practical,5,4,15,0,9218607083714491769,"[0, 0, 0, 7, 4088, 0, 0, 0, 0, 0, 0, 0, 0, 0, 0, 61440, 0]",0.970595703125,0.967439453125,1.005177734375,0.65147,1.846437,0.496945,3.00691
MISTY1_FI_key0000,16,min,bitwise,1,practical,5,3,3,0,17334562851212503845,"[0, 0, 0, 127, 65408, 0, 0, 0, 0, 0, 0, 0, 0, 0, 0, 0, 0]",2380960.15,2380905.749,2381593.997,0.641581,2380.990623,2380.96015,4762.933972
MISTY1_FI_key0000,16,min,proposed,1,practical,5,3,3,0,17334562851212503845,"[0, 0, 0, 127, 65408, 0, 0, 0, 0, 0, 0, 0, 0, 0, 0, 0, 0]",134.203,130.884,135.504,0.668433,0.438894,0.134203,1.240518
MISTY1_FI_key0000,16,spectrum,bitwise,128,practical,5,262013,983024,0,15794973879584243881,"[0, 0, 0, 0, 0, 0, 0, 0, 0, 0, 0, 0, 0, 0, 1, 65534, 0]",44826.0380703125,44062.273109375,45449.2535625,0.634986,2380.014198,5737.732873,8118.364301
MISTY1_FI_key0000,16,spectrum,proposed,128,practical,5,262013,983024,0,15794973879584243881,"[0, 0, 0, 0, 0, 0, 0, 0, 0, 0, 0, 0, 0, 0, 1, 65534, 0]",4111.0225078125,4108.6194921875,4117.9672421875,0.658427,464.273494,526.210881,990.835216
MISTY1_S9,9,max,bitwise,5248,practical,5,2,8,0,11825394949459686321,"[0, 0, 0, 0, 0, 0, 0, 1, 510, 0, 0, 0, 0, 0, 0, 0, 0]",0.5395158155487805,0.5393044969512195,0.5396377667682927,0.013572,0.00888,2.831379,2.85355
MISTY1_S9,9,max,proposed,5248,practical,5,2,8,0,11825394949459686321,"[0, 0, 0, 0, 0, 0, 0, 1, 510, 0, 0, 0, 0, 0, 0, 0, 0]",0.0819373094512195,0.08164005335365852,0.0825123856707317,0.013552,0.008961,0.430007,0.45259
MISTY1_S9,9,min,bitwise,138,practical,5,2,2,0,534834668094775813,"[0, 0, 511, 0, 0, 0, 0, 0, 0, 0, 0, 0, 0, 0, 0, 0, 0]",147.6470652173913,147.28336231884057,148.12869565217392,0.013833,0.151432,20.375295,20.538063
MISTY1_S9,9,min,proposed,138,practical,5,2,2,0,534834668094775813,"[0, 0, 511, 0, 0, 0, 0, 0, 0, 0, 0, 0, 0, 0, 0, 0, 0]",0.8802391304347826,0.8800072463768116,0.8808913043478261,0.013602,0.005222,0.121473,0.140296
MISTY1_S9,9,spectrum,bitwise,256,practical,5,1022,4087,0,8210718714563871935,"[0, 0, 0, 0, 0, 0, 0, 1, 510, 0, 0, 0, 0, 0, 0, 0, 0]",6.9003125,6.897421875,6.9115,0.013471,0.149577,1.76648,1.926852
MISTY1_S9,9,spectrum,proposed,256,practical,5,1022,4087,0,8210718714563871935,"[0, 0, 0, 0, 0, 0, 0, 1, 510, 0, 0, 0, 0, 0, 0, 0, 0]",0.6465390625,0.64083203125,0.65366796875,0.013582,0.043572,0.165514,0.224553
PRESENT,4,max,peigen,23808,practical,5,3,3,0,10172215303610603643,"[0, 0, 0, 15, 0, 0, 0, 0, 0, 0, 0, 0, 0, 0, 0, 0, 0]",0.07512609206989249,0.0748828125,0.0751696068548387,0.007698,0.001805,1.788602,1.799241
PRESENT,4,max,proposed,23808,practical,5,3,3,0,10172215303610603643,"[0, 0, 0, 15, 0, 0, 0, 0, 0, 0, 0, 0, 0, 0, 0, 0, 0]",0.02096396169354839,0.020880250336021505,0.02104053259408602,0.007728,0.001334,0.49911,0.508191
PRESENT,4,min,peigen,9594,practical,5,2,2,0,11571942013630973373,"[0, 0, 3, 12, 0, 0, 0, 0, 0, 0, 0, 0, 0, 0, 0, 0, 0]",0.04942891390452366,0.04869439232853867,0.04949812382739212,0.007798,0.001323,0.474221,0.483272
PRESENT,4,min,proposed,9594,practical,5,2,2,0,11571942013630973373,"[0, 0, 3, 12, 0, 0, 0, 0, 0, 0, 0, 0, 0, 0, 0, 0, 0]",0.0535134459036898,0.05333718991036064,0.05401334167187826,0.007898,0.001624,0.513408,0.52306
PRESENT,4,spectrum,peigen,15872,practical,5,42,45,0,13575300617661221679,"[0, 0, 0, 15, 0, 0, 0, 0, 0, 0, 0, 0, 0, 0, 0, 0, 0]",0.06162373991935484,0.061571950604838714,0.06173784022177419,0.007758,0.003999,0.978092,0.990361
PRESENT,4,spectrum,proposed,15872,practical,5,42,45,0,13575300617661221679,"[0, 0, 0, 15, 0, 0, 0, 0, 0, 0, 0, 0, 0, 0, 0, 0, 0]",0.06646931703629032,0.06621024445564516,0.06725963961693548,0.007608,0.001684,1.055001,1.064183
random_n03_00,3,max,peigen,15744,random,5,2,2,0,5700990275963241469,"[0, 0, 7, 0, 0, 0, 0, 0, 0, 0, 0, 0, 0, 0, 0, 0, 0]",0.028111661585365856,0.02809375,0.028125190548780488,0.007507,0.001484,0.44259,0.451673
random_n03_00,3,max,proposed,15744,random,5,2,2,0,5700990275963241469,"[0, 0, 7, 0, 0, 0, 0, 0, 0, 0, 0, 0, 0, 0, 0, 0, 0]",0.012129382621951219,0.011861344004065041,0.012343178353658536,0.007478,0.001163,0.190965,0.199876
random_n03_00,3,min,peigen,27413,random,5,1,1,0,7636763051026879803,"[0, 3, 4, 0, 0, 0, 0, 0, 0, 0, 0, 0, 0, 0, 0, 0, 0]",0.03478915113267428,0.034729726771969505,0.03485061831977529,0.007487,0.001334,0.953675,0.962386
random_n03_00,3,min,proposed,27413,random,5,1,1,0,7636763051026879803,"[0, 3, 4, 0, 0, 0, 0, 0, 0, 0, 0, 0, 0, 0, 0, 0, 0]",0.0209591069930325,0.020892022033341846,0.02109178127165943,0.007538,0.001383,0.574552,0.583543
random_n03_00,3,spectrum,peigen,20864,random,5,11,14,0,5700990275963241469,"[0, 0, 7, 0, 0, 0, 0, 0, 0, 0, 0, 0, 0, 0, 0, 0, 0]",0.0504670245398773,0.05041880751533742,0.050513276457055216,0.007468,0.001433,1.052944,1.061945
random_n03_00,3,spectrum,proposed,20864,random,5,11,14,0,5700990275963241469,"[0, 0, 7, 0, 0, 0, 0, 0, 0, 0, 0, 0, 0, 0, 0, 0, 0]",0.026423169095092024,0.026027942868098158,0.026511934432515337,0.007437,0.001584,0.551293,0.560224
random_n03_01,3,max,peigen,15744,random,5,2,2,0,14142554134551304703,"[0, 3, 4, 0, 0, 0, 0, 0, 0, 0, 0, 0, 0, 0, 0, 0, 0]",0.029726181402439024,0.029181656504065043,0.029819359756097563,0.007467,0.00436,0.468009,0.47715
random_n03_01,3,max,proposed,15744,random,5,2,2,0,14142554134551304703,"[0, 3, 4, 0, 0, 0, 0, 0, 0, 0, 0, 0, 0, 0, 0, 0, 0]",0.012897865853658538,0.012732151930894308,0.01297097306910569,0.007477,0.001292,0.203064,0.212955
random_n03_01,3,min,peigen,27413,random,5,1,1,0,9801746672055530301,"[0, 3, 4, 0, 0, 0, 0, 0, 0, 0, 0, 0, 0, 0, 0, 0, 0]",0.034797431875387586,0.034728997191113706,0.03486152555356947,0.007648,0.001343,0.953902,0.963984
random_n03_01,3,min,proposed,27413,random,5,1,1,0,9801746672055530301,"[0, 3, 4, 0, 0, 0, 0, 0, 0, 0, 0, 0, 0, 0, 0, 0, 0]",0.022322948965819135,0.022168970926202895,0.02234684273884653,0.007538,0.001373,0.611939,0.620829
random_n03_01,3,spectrum,peigen,20864,random,5,11,14,0,11914899718416040545,"[0, 0, 7, 0, 0, 0, 0, 0, 0, 0, 0, 0, 0, 0, 0, 0, 0]",0.050449338573619634,0.05044406633435583,0.050546779141104295,0.007427,0.001424,1.052575,1.063458
random_n03_01,3,spectrum,proposed,20864,random,5,11,14,0,11914899718416040545,"[0, 0, 7, 0, 0, 0, 0, 0, 0, 0, 0, 0, 0, 0, 0, 0, 0]",0.027679831288343556,0.027564273389570553,0.028090682515337424,0.007347,0.001494,0.577512,0.586353
random_n03_02,3,max,peigen,15744,random,5,2,2,0,7666396878289038003,"[0, 1, 6, 0, 0, 0, 0, 0, 0, 0, 0, 0, 0, 0, 0, 0, 0]",0.029106516768292682,0.02907856961382114,0.029517276422764225,0.007477,0.00415,0.458253,0.469302
random_n03_02,3,max,proposed,15744,random,5,2,2,0,7666396878289038003,"[0, 1, 6, 0, 0, 0, 0, 0, 0, 0, 0, 0, 0, 0, 0, 0, 0]",0.012485772357723577,0.012441374491869918,0.012487042682926828,0.007408,0.001213,0.196576,0.205317
random_n03_02,3,min,peigen,27413,random,5,1,1,0,1859530999151717103,"[0, 1, 6, 0, 0, 0, 0, 0, 0, 0, 0, 0, 0, 0, 0, 0, 0]",0.03477258964724766,0.03473060226899646,0.0347843723780688,0.007457,0.001223,0.953221,0.961871
random_n03_02,3,min,proposed,27413,random,5,1,1,0,1859530999151717103,"[0, 1, 6, 0, 0, 0, 0, 0, 0, 0, 0, 0, 0, 0, 0, 0, 0]",0.01910688359537446,0.01910257906832525,0.01932951519352132,0.007597,0.001343,0.523777,0.532599
random_n03_02,3,spectrum,peigen,20864,random,5,13,13,0,17805135671022482449,"[0, 1, 6, 0, 0, 0, 0, 0, 0, 0, 0, 0, 0, 0, 0, 0, 0]",0.05070628834355829,0.05054620398773006,0.050746261503067484,0.007498,0.001423,1.057936,1.066966
random_n03_02,3,spectrum,proposed,20864,random,5,13,13,0,17805135671022482449,"[0, 1, 6, 0, 0, 0, 0, 0, 0, 0, 0, 0, 0, 0, 0, 0, 0]",0.027264666411042946,0.02720350843558282,0.027286330521472394,0.007527,0.001553,0.56885,0.57776
random_n03_03,3,max,peigen,15744,random,5,2,2,0,15880975087845803987,"[0, 1, 6, 0, 0, 0, 0, 0, 0, 0, 0, 0, 0, 0, 0, 0, 0]",0.03344359756097561,0.03337271341463415,0.03352654979674796,0.007357,0.001524,0.526536,0.535871
random_n03_03,3,max,proposed,15744,random,5,2,2,0,15880975087845803987,"[0, 1, 6, 0, 0, 0, 0, 0, 0, 0, 0, 0, 0, 0, 0, 0, 0]",0.014406631097560975,0.014229611280487806,0.014759845020325204,0.007607,0.001203,0.226818,0.235628
random_n03_03,3,min,peigen,27413,random,5,1,1,0,7255901354379398241,"[0, 1, 6, 0, 0, 0, 0, 0, 0, 0, 0, 0, 0, 0, 0, 0, 0]",0.03479830737241455,0.034754021814467594,0.034821143253201035,0.007548,0.001384,0.953926,0.962767
random_n03_03,3,min,proposed,27413,random,5,1,1,0,7255901354379398241,"[0, 1, 6, 0, 0, 0, 0, 0, 0, 0, 0, 0, 0, 0, 0, 0, 0]",0.02299182869441506,0.022793492138766278,0.024932915040309343,0.007498,0.001453,0.630275,0.641451
random_n03_03,3,spectrum,peigen,20864,random,5,13,13,0,16814126291484478447,"[0, 1, 6, 0, 0, 0, 0, 0, 0, 0, 0, 0, 0, 0, 0, 0, 0]",0.05054256134969325,0.05054145897239264,0.05071764762269939,0.007327,0.001504,1.05452,1.066488
random_n03_03,3,spectrum,proposed,20864,random,5,13,13,0,16814126291484478447,"[0, 1, 6, 0, 0, 0, 0, 0, 0, 0, 0, 0, 0, 0, 0, 0, 0]",0.032719756518404905,0.03227578604294479,0.032875,0.007467,0.001554,0.682665,0.691846
random_n03_04,3,max,peigen,15744,random,5,2,2,0,14815582749681212871,"[0, 3, 4, 0, 0, 0, 0, 0, 0, 0, 0, 0, 0, 0, 0, 0, 0]",0.029371760670731707,0.029338986280487804,0.029536204268292683,0.007537,0.00433,0.462429,0.47424
random_n03_04,3,max,proposed,15744,random,5,2,2,0,14815582749681212871,"[0, 3, 4, 0, 0, 0, 0, 0, 0, 0, 0, 0, 0, 0, 0, 0, 0]",0.012653264735772357,0.01265066056910569,0.01266552337398374,0.007407,0.001213,0.199213,0.207865
random_n03_04,3,min,peigen,27413,random,5,1,1,0,244660045374719309,"[0, 3, 4, 0, 0, 0, 0, 0, 0, 0, 0, 0, 0, 0, 0, 0, 0]",0.03479779666581549,0.03477339218618904,0.03490650421332944,0.007568,0.001474,0.953912,0.96569
random_n03_04,3,min,proposed,27413,random,5,1,1,0,244660045374719309,"[0, 3, 4, 0, 0, 0, 0, 0, 0, 0, 0, 0, 0, 0, 0, 0, 0]",0.023842921241746615,0.023782657863057673,0.023967205340531865,0.007577,0.001384,0.653606,0.662075
random_n03_04,3,spectrum,peigen,20864,random,5,11,11,0,4794375013691363531,"[0, 3, 4, 0, 0, 0, 0, 0, 0, 0, 0, 0, 0, 0, 0, 0, 0]",0.05059442101226994,0.05050258819018405,0.05060956671779141,0.007637,0.001654,1.055602,1.065124
random_n03_04,3,spectrum,proposed,20864,random,5,11,11,0,4794375013691363531,"[0, 3, 4, 0, 0, 0, 0, 0, 0, 0, 0, 0, 0, 0, 0, 0, 0]",0.027401025690184048,0.027274587806748466,0.02755919286809816,0.007327,0.001593,0.571695,0.580827
random_n03_05,3,max,peigen,15744,random,5,2,2,0,1806319374553813993,"[0, 1, 6, 0, 0, 0, 0, 0, 0, 0, 0, 0, 0, 0, 0, 0, 0]",0.028625190548780488,0.02845026676829268,0.028641958841463415,0.007447,0.00417,0.450675,0.45998
random_n03_05,3,max,proposed,15744,random,5,2,2,0,1806319374553813993,"[0, 1, 6, 0, 0, 0, 0, 0, 0, 0, 0, 0, 0, 0, 0, 0, 0]",0.012065040650406504,0.012040840955284553,0.012076600609756098,0.007417,0.001183,0.189952,0.198532
random_n03_05,3,min,peigen,27413,random,5,1,1,0,18004204871127701541,"[0, 1, 6, 0, 0, 0, 0, 0, 0, 0, 0, 0, 0, 0, 0, 0, 0]",0.034853682559369645,0.03478393462955532,0.03489698318316128,0.007578,0.001404,0.955444,0.964425
random_n03_05,3,min,proposed,27413,random,5,1,1,0,18004204871127701541,"[0, 1, 6, 0, 0, 0, 0, 0, 0, 0, 0, 0, 0, 0, 0, 0, 0]",0.020949330609564804,0.020936271112246014,0.020995695472950788,0.007367,0.001393,0.574284,0.583325
random_n03_05,3,spectrum,peigen,20864,random,5,13,13,0,15203487743310875295,"[0, 1, 6, 0, 0, 0, 0, 0, 0, 0, 0, 0, 0, 0, 0, 0, 0]",0.05039795820552147,0.05035352760736196,0.050504601226993864,0.007558,0.00432,1.051503,1.060364
random_n03_05,3,spectrum,proposed,20864,random,5,13,13,0,15203487743310875295,"[0, 1, 6, 0, 0, 0, 0, 0, 0, 0, 0, 0, 0, 0, 0, 0, 0]",0.027518356978527607,0.027458253450920247,0.027556652607361964,0.007538,0.001604,0.574143,0.583454
random_n03_06,3,max,peigen,15744,random,5,2,2,0,13803103935844963521,"[0, 0, 7, 0, 0, 0, 0, 0, 0, 0, 0, 0, 0, 0, 0, 0, 0]",0.027751333841463412,0.027723196138211382,0.02791666666666667,0.007527,0.001534,0.436917,0.445968
random_n03_06,3,max,proposed,15744,random,5,2,2,0,13803103935844963521,"[0, 0, 7, 0, 0, 0, 0, 0, 0, 0, 0, 0, 0, 0, 0, 0, 0]",0.012088668699186992,0.012084095528455284,0.012096798780487805,0.007448,0.001293,0.190324,0.199092
random_n03_06,3,min,peigen,27413,random,5,1,1,0,13908852184014430829,"[0, 3, 4, 0, 0, 0, 0, 0, 0, 0, 0, 0, 0, 0, 0, 0, 0]",0.03482376974428191,0.03475774267683216,0.03550027359282092,0.007617,0.001283,0.954624,0.964551
random_n03_06,3,min,proposed,27413,random,5,1,1,0,13908852184014430829,"[0, 3, 4, 0, 0, 0, 0, 0, 0, 0, 0, 0, 0, 0, 0, 0, 0]",0.02202805238390545,0.021927443183890855,0.02205672491153832,0.007527,0.001423,0.603855,0.612936
random_n03_06,3,spectrum,peigen,20864,random,5,11,14,0,13803103935844963521,"[0, 0, 7, 0, 0, 0, 0, 0, 0, 0, 0, 0, 0, 0, 0, 0, 0]",0.05061162768404908,0.05046999616564417,0.05073547737730061,0.007347,0.001383,1.055961,1.064481
random_n03_06,3,spectrum,proposed,20864,random,5,11,14,0,13803103935844963521,"[0, 0, 7, 0, 0, 0, 0, 0, 0, 0, 0, 0, 0, 0, 0, 0, 0]",0.027089628067484665,0.0268879888803681,0.02711479102760736,0.007438,0.001544,0.565198,0.574249
random_n03_07,3,max,peigen,15744,random,5,2,2,0,15827570484427973019,"[0, 0, 7, 0, 0, 0, 0, 0, 0, 0, 0, 0, 0, 0, 0, 0, 0]",0.027457952235772357,0.027160315040650407,0.02746995680894309,0.007528,0.001463,0.432298,0.44127
random_n03_07,3,max,proposed,15744,random,5,2,2,0,15827570484427973019,"[0, 0, 7, 0, 0, 0, 0, 0, 0, 0, 0, 0, 0, 0, 0, 0, 0]",0.01162696900406504,0.011583777947154471,0.011681084857723577,0.007367,0.001273,0.183055,0.191725
random_n03_07,3,min,peigen,27413,random,5,2,2,0,15827570484427973019,"[0, 0, 7, 0, 0, 0, 0, 0, 0, 0, 0, 0, 0, 0, 0, 0, 0]",0.034683143034326784,0.03466698281837085,0.03470466566957283,0.007607,0.004461,0.950769,0.962414
random_n03_07,3,min,proposed,27413,random,5,2,2,0,15827570484427973019,"[0, 0, 7, 0, 0, 0, 0, 0, 0, 0, 0, 0, 0, 0, 0, 0, 0]",0.019498121329296316,0.019441542333929158,0.019570422792105933,0.007608,0.001363,0.534502,0.543433
random_n03_07,3,spectrum,peigen,20864,random,5,14,11,0,12293598688555620571,"[0, 3, 4, 0, 0, 0, 0, 0, 0, 0, 0, 0, 0, 0, 0, 0, 0]",0.05020945168711656,0.050137940950920244,0.050338861196319015,0.007587,0.001373,1.04757,1.055999
random_n03_07,3,spectrum,proposed,20864,random,5,14,11,0,12293598688555620571,"[0, 3, 4, 0, 0, 0, 0, 0, 0, 0, 0, 0, 0, 0, 0, 0, 0]",0.026519555214723926,0.02643438458588957,0.026755607745398775,0.007498,0.001504,0.553304,0.562305
random_n03_08,3,max,peigen,15744,random,5,2,2,0,13774159825225929001,"[0, 1, 6, 0, 0, 0, 0, 0, 0, 0, 0, 0, 0, 0, 0, 0, 0]",0.029288998983739836,0.029259908536585368,0.029489900914634146,0.007437,0.001614,0.461126,0.473073
random_n03_08,3,max,proposed,15744,random,5,2,2,0,13774159825225929001,"[0, 1, 6, 0, 0, 0, 0, 0, 0, 0, 0, 0, 0, 0, 0, 0, 0]",0.012996443089430893,0.012568724593495935,0.013054306402439025,0.007468,0.001263,0.204616,0.213266
random_n03_08,3,min,peigen,27413,random,5,1,1,0,1674203713923053373,"[0, 1, 6, 0, 0, 0, 0, 0, 0, 0, 0, 0, 0, 0, 0, 0, 0]",0.034757341407361475,0.03475227082041367,0.03481249772005982,0.007658,0.001314,0.952803,0.963497
random_n03_08,3,min,proposed,27413,random,5,1,1,0,1674203713923053373,"[0, 1, 6, 0, 0, 0, 0, 0, 0, 0, 0, 0, 0, 0, 0, 0, 0]",0.022265749826724548,0.021900010943712835,0.023310217779885456,0.007478,0.001483,0.610371,0.61892
random_n03_08,3,spectrum,peigen,20864,random,5,13,13,0,15516890761011876313,"[0, 1, 6, 0, 0, 0, 0, 0, 0, 0, 0, 0, 0, 0, 0, 0, 0]",0.05087787576687117,0.05043620590490798,0.05138463381901841,0.007477,0.001503,1.061516,1.070206
random_n03_08,3,spectrum,proposed,20864,random,5,13,13,0,15516890761011876313,"[0, 1, 6, 0, 0, 0, 0, 0, 0, 0, 0, 0, 0, 0, 0, 0, 0]",0.0276467120398773,0.027270465874233128,0.027656537576687117,0.007377,0.001603,0.576821,0.585591
random_n03_09,3,max,peigen,15744,random,5,2,2,0,9352645789165162253,"[0, 1, 6, 0, 0, 0, 0, 0, 0, 0, 0, 0, 0, 0, 0, 0, 0]",0.02960334095528455,0.02911229674796748,0.02961661585365854,0.007438,0.001603,0.466075,0.475269
random_n03_09,3,max,proposed,15744,random,5,2,2,0,9352645789165162253,"[0, 1, 6, 0, 0, 0, 0, 0, 0, 0, 0, 0, 0, 0, 0, 0, 0]",0.012750635162601625,0.012733485772357724,0.013088033536585365,0.007497,0.001203,0.200746,0.209456
random_n03_09,3,min,peigen,27413,random,5,1,1,0,393153296211626443,"[0, 1, 6, 0, 0, 0, 0, 0, 0, 0, 0, 0, 0, 0, 0, 0, 0]",0.034901068835953744,0.0348002772407252,0.034984751760113814,0.007497,0.001273,0.956743,0.965243
random_n03_09,3,min,proposed,27413,random,5,1,1,0,393153296211626443,"[0, 1, 6, 0, 0, 0, 0, 0, 0, 0, 0, 0, 0, 0, 0, 0, 0]",0.021516032539306167,0.021483821544522674,0.02159953306825229,0.007578,0.001503,0.589819,0.599732
random_n03_09,3,spectrum,peigen,20864,random,5,13,7,0,14991079572557836149,"[0, 7, 0, 0, 0, 0, 0, 0, 0, 0, 0, 0, 0, 0, 0, 0, 0]",0.0504434911809816,0.05039028949386503,0.05045580904907975,0.007498,0.001463,1.052453,1.064771
random_n03_09,3,spectrum,proposed,20864,random,5,13,7,0,14991079572557836149,"[0, 7, 0, 0, 0, 0, 0, 0, 0, 0, 0, 0, 0, 0, 0, 0, 0]",0.02818366564417178,0.02812447277607362,0.028260640337423315,0.007517,0.001574,0.588024,0.596523
random_n04_00,4,max,peigen,23808,random,5,3,3,0,6453122843884374401,"[0, 0, 1, 14, 0, 0, 0, 0, 0, 0, 0, 0, 0, 0, 0, 0, 0]",0.04201251680107527,0.04198336693548387,0.04205993783602151,0.007698,0.001775,1.000234,1.009566
random_n04_00,4,max,proposed,23808,random,5,3,3,0,6453122843884374401,"[0, 0, 1, 14, 0, 0, 0, 0, 0, 0, 0, 0, 0, 0, 0, 0, 0]",0.013539104502688172,0.013516927083333335,0.01396341565860215,0.007608,0.001203,0.322339,0.33135
random_n04_00,4,min,peigen,9594,random,5,3,3,0,648900470063463495,"[0, 0, 0, 15, 0, 0, 0, 0, 0, 0, 0, 0, 0, 0, 0, 0, 0]",0.0488083176985616,0.04869543464665416,0.0492759016051699,0.007598,0.001444,0.468267,0.47862
random_n04_00,4,min,proposed,9594,random,5,3,3,0,648900470063463495,"[0, 0, 0, 15, 0, 0, 0, 0, 0, 0, 0, 0, 0, 0, 0, 0, 0]",0.045295809881175736,0.04527819470502397,0.046556180946424844,0.007878,0.001373,0.434568,0.44394
random_n04_00,4,spectrum,peigen,15872,random,5,45,45,0,9470872467498534061,"[0, 0, 0, 15, 0, 0, 0, 0, 0, 0, 0, 0, 0, 0, 0, 0, 0]",0.061110383064516126,0.060988722278225806,0.06117149697580645,0.007758,0.001613,0.969944,0.980185
random_n04_00,4,spectrum,proposed,15872,random,5,45,45,0,9470872467498534061,"[0, 0, 0, 15, 0, 0, 0, 0, 0, 0, 0, 0, 0, 0, 0, 0, 0]",0.04889238911290322,0.04838715977822581,0.04901247479838709,0.007668,0.001564,0.77602,0.785271
random_n04_01,4,max,peigen,23808,random,5,3,3,0,16570290204359007833,"[0, 0, 0, 15, 0, 0, 0, 0, 0, 0, 0, 0, 0, 0, 0, 0, 0]",0.03757253864247312,0.037500882056451613,0.03761374327956989,0.007778,0.001824,0.894527,0.905181
random_n04_01,4,max,proposed,23808,random,5,3,3,0,16570290204359007833,"[0, 0, 0, 15, 0, 0, 0, 0, 0, 0, 0, 0, 0, 0, 0, 0, 0]",0.01285240255376344,0.012833627352150538,0.012862525201612903,0.007838,0.001272,0.30599,0.315394
random_n04_01,4,min,peigen,9594,random,5,2,2,0,11243505782687389601,"[0, 0, 1, 14, 0, 0, 0, 0, 0, 0, 0, 0, 0, 0, 0, 0, 0]",0.048725661872003334,0.04864060871377944,0.0487852824682093,0.007758,0.004471,0.467474,0.479773
random_n04_01,4,min,proposed,9594,random,5,2,2,0,11243505782687389601,"[0, 0, 1, 14, 0, 0, 0, 0, 0, 0, 0, 0, 0, 0, 0, 0, 0]",0.030925474254742548,0.030745048988951428,0.030931623931623933,0.007749,0.001373,0.296699,0.30565
random_n04_01,4,spectrum,peigen,15872,random,5,44,45,0,164449706283517533,"[0, 0, 0, 15, 0, 0, 0, 0, 0, 0, 0, 0, 0, 0, 0, 0, 0]",0.0610300529233871,0.06090171370967742,0.061059790826612906,0.007799,0.001574,0.968669,0.978251
random_n04_01,4,spectrum,proposed,15872,random,5,44,45,0,164449706283517533,"[0, 0, 0, 15, 0, 0, 0, 0, 0, 0, 0, 0, 0, 0, 0, 0, 0]",0.03849029737903226,0.038306640625,0.03900743447580645,0.007547,0.001744,0.610918,0.62014
random_n04_02,4,max,peigen,23808,random,5,3,3,0,11645171672644860307,"[0, 0, 1, 14, 0, 0, 0, 0, 0, 0, 0, 0, 0, 0, 0, 0, 0]",0.07857682291666668,0.0785554435483871,0.07877671370967743,0.007698,0.001784,1.870757,1.880219
random_n04_02,4,max,proposed,23808,random,5,3,3,0,11645171672644860307,"[0, 0, 1, 14, 0, 0, 0, 0, 0, 0, 0, 0, 0, 0, 0, 0, 0]",0.023899613575268815,0.02389574932795699,0.023930863575268815,0.007788,0.001203,0.569002,0.578617
random_n04_02,4,min,peigen,9594,random,5,3,3,0,4600749817693117321,"[0, 0, 0, 15, 0, 0, 0, 0, 0, 0, 0, 0, 0, 0, 0, 0, 0]",0.04869387116948093,0.04861746925161559,0.04948947258703356,0.007948,0.001473,0.467169,0.478895
random_n04_02,4,min,proposed,9594,random,5,3,3,0,4600749817693117321,"[0, 0, 0, 15, 0, 0, 0, 0, 0, 0, 0, 0, 0, 0, 0, 0, 0]",0.038353971232020015,0.03818865957890348,0.04182843443819054,0.007758,0.001473,0.367968,0.3775
random_n04_02,4,spectrum,peigen,15872,random,5,45,45,0,14893770419090858049,"[0, 0, 0, 15, 0, 0, 0, 0, 0, 0, 0, 0, 0, 0, 0, 0, 0]",0.061754977318548385,0.06174558971774194,0.06175598538306452,0.007769,0.001624,0.980175,0.989268
random_n04_02,4,spectrum,proposed,15872,random,5,45,45,0,14893770419090858049,"[0, 0, 0, 15, 0, 0, 0, 0, 0, 0, 0, 0, 0, 0, 0, 0, 0]",0.0683952872983871,0.06817319808467742,0.0686476814516129,0.007658,0.001613,1.08557,1.094491
random_n04_03,4,max,peigen,23808,random,5,3,3,0,8010544516559633997,"[0, 0, 0, 15, 0, 0, 0, 0, 0, 0, 0, 0, 0, 0, 0, 0, 0]",0.07761470934139786,0.0774700940860215,0.07762197580645161,0.007668,0.001784,1.847851,1.857436
random_n04_03,4,max,proposed,23808,random,5,3,3,0,8010544516559633997,"[0, 0, 0, 15, 0, 0, 0, 0, 0, 0, 0, 0, 0, 0, 0, 0, 0]",0.024098664314516127,0.024003948252688173,0.02443787802419355,0.007758,0.001343,0.573741,0.582873
random_n04_03,4,min,peigen,9594,random,5,1,1,0,11755973375899727629,"[0, 1, 2, 12, 0, 0, 0, 0, 0, 0, 0, 0, 0, 0, 0, 0, 0]",0.04930466958515739,0.049290494058786744,0.04941838649155722,0.007869,0.001303,0.473029,0.482065
random_n04_03,4,min,proposed,9594,random,5,1,1,0,11755973375899727629,"[0, 1, 2, 12, 0, 0, 0, 0, 0, 0, 0, 0, 0, 0, 0, 0, 0]",0.03705086512403586,0.03701959558057119,0.037776214300604544,0.007788,0.001484,0.355466,0.364577
random_n04_03,4,spectrum,peigen,15872,random,5,41,44,0,17720096610381586855,"[0, 0, 1, 14, 0, 0, 0, 0, 0, 0, 0, 0, 0, 0, 0, 0, 0]",0.061769909274193555,0.06171597782258065,0.06177198840725807,0.007788,0.004189,0.980412,0.991674
random_n04_03,4,spectrum,proposed,15872,random,5,41,44,0,17720096610381586855,"[0, 0, 1, 14, 0, 0, 0, 0, 0, 0, 0, 0, 0, 0, 0, 0, 0]",0.06864112903225807,0.06845016381048387,0.06868151461693549,0.007638,0.001654,1.089472,1.098623
random_n04_04,4,max,peigen,23808,random,5,3,3,0,12690884926791022921,"[0, 0, 0, 15, 0, 0, 0, 0, 0, 0, 0, 0, 0, 0, 0, 0, 0]",0.07587298387096775,0.0758426999327957,0.07685786290322581,0.007547,0.00444,1.806384,1.818683
random_n04_04,4,max,proposed,23808,random,5,3,3,0,12690884926791022921,"[0, 0, 0, 15, 0, 0, 0, 0, 0, 0, 0, 0, 0, 0, 0, 0, 0]",0.021731770833333334,0.021563046034946236,0.021876764112903225,0.007688,0.001193,0.51739,0.526351
random_n04_04,4,min,peigen,9594,random,5,2,2,0,5202368770147157075,"[0, 0, 1, 14, 0, 0, 0, 0, 0, 0, 0, 0, 0, 0, 0, 0, 0]",0.048700958932666245,0.048695538878465706,0.04935636856368564,0.007809,0.001573,0.467237,0.47819
random_n04_04,4,min,proposed,9594,random,5,2,2,0,5202368770147157075,"[0, 0, 1, 14, 0, 0, 0, 0, 0, 0, 0, 0, 0, 0, 0, 0, 0]",0.03929695643110277,0.03887419220346049,0.03949676881384198,0.007808,0.001453,0.377015,0.386006
random_n04_04,4,spectrum,peigen,15872,random,5,44,44,0,14659076377726135253,"[0, 0, 1, 14, 0, 0, 0, 0, 0, 0, 0, 0, 0, 0, 0, 0, 0]",0.061702305947580645,0.06163514364919355,0.061753717237903225,0.007598,0.001624,0.979339,0.988671
random_n04_04,4,spectrum,proposed,15872,random,5,44,44,0,14659076377726135253,"[0, 0, 1, 14, 0, 0, 0, 0, 0, 0, 0, 0, 0, 0, 0, 0, 0]",0.0667179939516129,0.06660282258064516,0.06678377016129032,0.007788,0.001704,1.058948,1.068189
random_n04_05,4,max,peigen,23808,random,5,3,3,0,16434794915624648367,"[0, 0, 1, 14, 0, 0, 0, 0, 0, 0, 0, 0, 0, 0, 0, 0, 0]",0.03955174731182796,0.03949781586021506,0.039589801747311824,0.007708,0.001644,0.941648,0.95127
random_n04_05,4,max,proposed,23808,random,5,3,3,0,16434794915624648367,"[0, 0, 1, 14, 0, 0, 0, 0, 0, 0, 0, 0, 0, 0, 0, 0, 0]",0.013379578293010752,0.013245379704301076,0.013527301747311827,0.007707,0.001203,0.318541,0.327633
random_n04_05,4,min,peigen,9594,random,5,2,2,0,3142292123888951059,"[0, 0, 1, 14, 0, 0, 0, 0, 0, 0, 0, 0, 0, 0, 0, 0, 0]",0.048806337294142174,0.04864144256827183,0.04901521784448614,0.007828,0.001393,0.468248,0.477108
random_n04_05,4,min,proposed,9594,random,5,2,2,0,3142292123888951059,"[0, 0, 1, 14, 0, 0, 0, 0, 0, 0, 0, 0, 0, 0, 0, 0, 0]",0.03457786116322702,0.03456160100062539,0.03503450072962268,0.007848,0.001544,0.33174,0.341036
random_n04_05,4,spectrum,peigen,15872,random,5,44,45,0,17366250893880928493,"[0, 0, 0, 15, 0, 0, 0, 0, 0, 0, 0, 0, 0, 0, 0, 0, 0]",0.060990297379032256,0.06098141381048387,0.06109305695564516,0.007648,0.001614,0.968038,0.97747
random_n04_05,4,spectrum,proposed,15872,random,5,44,45,0,17366250893880928493,"[0, 0, 0, 15, 0, 0, 0, 0, 0, 0, 0, 0, 0, 0, 0, 0, 0]",0.04309192288306452,0.043058530745967744,0.04381287802419355,0.007568,0.001654,0.683955,0.693107
random_n04_06,4,max,peigen,23808,random,5,3,3,0,10274365400710796055,"[0, 0, 1, 14, 0, 0, 0, 0, 0, 0, 0, 0, 0, 0, 0, 0, 0]",0.07162752016129031,0.07140301579301075,0.07179863911290323,0.007718,0.001864,1.705308,1.718318
random_n04_06,4,max,proposed,23808,random,5,3,3,0,10274365400710796055,"[0, 0, 1, 14, 0, 0, 0, 0, 0, 0, 0, 0, 0, 0, 0, 0, 0]",0.02019791666666667,0.019885290658602152,0.020256216397849462,0.007848,0.001213,0.480872,0.490083
random_n04_06,4,min,peigen,9594,random,5,2,2,0,4888612673069603655,"[0, 0, 1, 14, 0, 0, 0, 0, 0, 0, 0, 0, 0, 0, 0, 0, 0]",0.04864800917239942,0.048640087554721705,0.04880842193037315,0.007758,0.001504,0.466729,0.479042
random_n04_06,4,min,proposed,9594,random,5,2,2,0,4888612673069603655,"[0, 0, 1, 14, 0, 0, 0, 0, 0, 0, 0, 0, 0, 0, 0, 0, 0]",0.05081853241609339,0.0504720658745049,0.05157473420888055,0.007748,0.001483,0.487553,0.498969
random_n04_06,4,spectrum,peigen,15872,random,5,44,44,0,16722500778995383391,"[0, 0, 1, 14, 0, 0, 0, 0, 0, 0, 0, 0, 0, 0, 0, 0, 0]",0.061581401209677415,0.06139604334677419,0.06183770161290322,0.007697,0.004751,0.97742,0.9901
random_n04_06,4,spectrum,proposed,15872,random,5,44,44,0,16722500778995383391,"[0, 0, 1, 14, 0, 0, 0, 0, 0, 0, 0, 0, 0, 0, 0, 0, 0]",0.06459816028225807,0.06441418850806452,0.06467710433467742,0.007738,0.001594,1.025302,1.034634
random_n04_07,4,max,peigen,23808,random,5,3,3,0,8767539587330237959,"[0, 0, 0, 15, 0, 0, 0, 0, 0, 0, 0, 0, 0, 0, 0, 0, 0]",0.07308014112903226,0.07304322076612904,0.07344711861559139,0.007657,0.001775,1.739892,1.749144
random_n04_07,4,max,proposed,23808,random,5,3,3,0,8767539587330237959,"[0, 0, 0, 15, 0, 0, 0, 0, 0, 0, 0, 0, 0, 0, 0, 0, 0]",0.019467195900537637,0.019441532258064515,0.019479082661290323,0.007668,0.001193,0.463475,0.472516
random_n04_07,4,min,peigen,9594,random,5,3,3,0,7135515401231888007,"[0, 0, 0, 15, 0, 0, 0, 0, 0, 0, 0, 0, 0, 0, 0, 0, 0]",0.04881092349385033,0.048800917239941635,0.04938117573483427,0.007698,0.001483,0.468292,0.477333
random_n04_07,4,min,proposed,9594,random,5,3,3,0,7135515401231888007,"[0, 0, 0, 15, 0, 0, 0, 0, 0, 0, 0, 0, 0, 0, 0, 0, 0]",0.028991974150510736,0.02896153846153846,0.029582864290181362,0.007768,0.001403,0.278149,0.287379
random_n04_07,4,spectrum,peigen,15872,random,5,45,44,0,18277730356547528191,"[0, 0, 1, 14, 0, 0, 0, 0, 0, 0, 0, 0, 0, 0, 0, 0, 0]",0.06141746471774193,0.061390120967741935,0.06156048387096774,0.007688,0.001583,0.974818,0.986089
random_n04_07,4,spectrum,proposed,15872,random,5,45,44,0,18277730356547528191,"[0, 0, 1, 14, 0, 0, 0, 0, 0, 0, 0, 0, 0, 0, 0, 0, 0]",0.06569871471774194,0.06569720262096775,0.06610868195564516,0.007628,0.001614,1.04277,1.052323
random_n04_08,4,max,peigen,23808,random,5,3,3,0,10618506892171694853,"[0, 0, 1, 14, 0, 0, 0, 0, 0, 0, 0, 0, 0, 0, 0, 0, 0]",0.06346862399193548,0.06304028057795699,0.06353322412634409,0.007668,0.004801,1.511061,1.52381
random_n04_08,4,max,proposed,23808,random,5,3,3,0,10618506892171694853,"[0, 0, 1, 14, 0, 0, 0, 0, 0, 0, 0, 0, 0, 0, 0, 0, 0]",0.017479040658602153,0.017411500336021506,0.017686449932795698,0.007758,0.001203,0.416141,0.424952
random_n04_08,4,min,peigen,9594,random,5,2,2,0,13297643458665857401,"[0, 0, 1, 14, 0, 0, 0, 0, 0, 0, 0, 0, 0, 0, 0, 0, 0]",0.04935709818636648,0.04864019178653325,0.04940275171982489,0.007838,0.001414,0.473532,0.482784
random_n04_08,4,min,proposed,9594,random,5,2,2,0,13297643458665857401,"[0, 0, 1, 14, 0, 0, 0, 0, 0, 0, 0, 0, 0, 0, 0, 0, 0]",0.04974536168438608,0.04910037523452158,0.04982989368355222,0.007718,0.001453,0.477257,0.48681
random_n04_08,4,spectrum,peigen,15872,random,5,44,44,0,7791287887133325539,"[0, 0, 1, 14, 0, 0, 0, 0, 0, 0, 0, 0, 0, 0, 0, 0, 0]",0.06122303427419355,0.061203125,0.061288243447580645,0.007778,0.001534,0.971732,0.980858
random_n04_08,4,spectrum,proposed,15872,random,5,44,44,0,7791287887133325539,"[0, 0, 1, 14, 0, 0, 0, 0, 0, 0, 0, 0, 0, 0, 0, 0, 0]",0.06233543346774194,0.06231111391129032,0.0626945564516129,0.007668,0.001644,0.989388,0.998589
random_n04_09,4,max,peigen,23808,random,5,3,3,0,3307628247042334843,"[0, 0, 1, 14, 0, 0, 0, 0, 0, 0, 0, 0, 0, 0, 0, 0, 0]",0.04062596606182796,0.04062247983870968,0.04069098622311828,0.007859,0.001875,0.967223,0.978263
random_n04_09,4,max,proposed,23808,random,5,3,3,0,3307628247042334843,"[0, 0, 1, 14, 0, 0, 0, 0, 0, 0, 0, 0, 0, 0, 0, 0, 0]",0.013753444220430108,0.01372555443548387,0.01377158938172043,0.007658,0.001223,0.327442,0.336534
random_n04_09,4,min,peigen,9594,random,5,2,2,0,5990369543844654295,"[0, 0, 1, 14, 0, 0, 0, 0, 0, 0, 0, 0, 0, 0, 0, 0, 0]",0.04870283510527413,0.04869533041484261,0.048871586408171776,0.007898,0.001403,0.467255,0.476837
random_n04_09,4,min,proposed,9594,random,5,2,2,0,5990369543844654295,"[0, 0, 1, 14, 0, 0, 0, 0, 0, 0, 0, 0, 0, 0, 0, 0, 0]",0.032713362518240564,0.03244684177611007,0.03295643110277257,0.007738,0.001463,0.313852,0.322913
random_n04_09,4,spectrum,peigen,15872,random,5,44,42,0,12189915393406953369,"[0, 0, 3, 12, 0, 0, 0, 0, 0, 0, 0, 0, 0, 0, 0, 0, 0]",0.06105330141129032,0.06096849798387097,0.06109261592741935,0.007758,0.001574,0.969038,0.97834
random_n04_09,4,spectrum,proposed,15872,random,5,44,42,0,12189915393406953369,"[0, 0, 3, 12, 0, 0, 0, 0, 0, 0, 0, 0, 0, 0, 0, 0, 0]",0.03983121219758065,0.039799899193548385,0.04120451108870968,0.007627,0.001664,0.632201,0.641803
random_n05_00,5,max,peigen,20096,random,5,4,4,0,15899667500639112017,"[0, 0, 0, 1, 30, 0, 0, 0, 0, 0, 0, 0, 0, 0, 0, 0, 0]",0.09454478503184713,0.09449402866242038,0.09457309912420382,0.008219,0.001614,1.899972,1.909504
random_n05_00,5,max,proposed,20096,random,5,4,4,0,15899667500639112017,"[0, 0, 0, 1, 30, 0, 0, 0, 0, 0, 0, 0, 0, 0, 0, 0, 0]",0.03952841361464968,0.03946302746815287,0.03961295780254777,0.008229,0.001344,0.794363,0.803966
random_n05_00,5,min,peigen,10649,random,5,4,4,0,16947870535173449305,"[0, 0, 0, 0, 31, 0, 0, 0, 0, 0, 0, 0, 0, 0, 0, 0, 0]",0.08710620715560147,0.08709033712085641,0.08792027420415063,0.00828,0.004129,0.927594,0.940855
random_n05_00,5,min,proposed,10649,random,5,4,4,0,16947870535173449305,"[0, 0, 0, 0, 31, 0, 0, 0, 0, 0, 0, 0, 0, 0, 0, 0, 0]",0.06385416471030143,0.061587191285566716,0.06545112217109587,0.008239,0.001443,0.679983,0.689204
random_n05_00,5,spectrum,peigen,3200,random,5,124,124,0,6606177490198669461,"[0, 0, 0, 0, 31, 0, 0, 0, 0, 0, 0, 0, 0, 0, 0, 0, 0]",0.3041534375,0.30367625,0.304296875,0.008309,0.004501,0.973291,0.985268
random_n05_00,5,spectrum,proposed,3200,random,5,124,124,0,6606177490198669461,"[0, 0, 0, 0, 31, 0, 0, 0, 0, 0, 0, 0, 0, 0, 0, 0, 0]",0.0992621875,0.09864468750000001,0.099356875,0.008149,0.001744,0.317639,0.327431
random_n05_01,5,max,peigen,20096,random,5,4,4,0,9773109730676199333,"[0, 0, 0, 0, 31, 0, 0, 0, 0, 0, 0, 0, 0, 0, 0, 0, 0]",0.07435499601910829,0.07428159832802549,0.07457285031847134,0.008098,0.001504,1.494238,1.50366
random_n05_01,5,max,proposed,20096,random,5,4,4,0,9773109730676199333,"[0, 0, 0, 0, 31, 0, 0, 0, 0, 0, 0, 0, 0, 0, 0, 0, 0]",0.028961982484076432,0.02866381369426752,0.029220690684713377,0.00821,0.001323,0.58202,0.591271
random_n05_01,5,min,peigen,10649,random,5,4,4,0,1376953963618185553,"[0, 0, 0, 0, 31, 0, 0, 0, 0, 0, 0, 0, 0, 0, 0, 0, 0]",0.08789914545966758,0.08775396750868626,0.08807747206310453,0.008279,0.004229,0.936038,0.946031
random_n05_01,5,min,proposed,10649,random,5,4,4,0,1376953963618185553,"[0, 0, 0, 0, 31, 0, 0, 0, 0, 0, 0, 0, 0, 0, 0, 0, 0]",0.05173819137947225,0.04958916330171847,0.052441543806930224,0.008179,0.001393,0.55096,0.560553
random_n05_01,5,spectrum,peigen,3200,random,5,124,123,0,18074877460718354815,"[0, 0, 0, 1, 30, 0, 0, 0, 0, 0, 0, 0, 0, 0, 0, 0, 0]",0.30315031249999996,0.30309781249999995,0.30327468750000003,0.008098,0.001834,0.970081,0.980135
random_n05_01,5,spectrum,proposed,3200,random,5,124,123,0,18074877460718354815,"[0, 0, 0, 1, 30, 0, 0, 0, 0, 0, 0, 0, 0, 0, 0, 0, 0]",0.095075,0.0946009375,0.0968125,0.008169,0.001794,0.30424,0.314042
random_n05_02,5,max,peigen,20096,random,5,4,4,0,13360269548106771177,"[0, 0, 0, 3, 28, 0, 0, 0, 0, 0, 0, 0, 0, 0, 0, 0, 0]",0.08567361664012739,0.08554657643312102,0.08568839570063695,0.008059,0.001514,1.721697,1.731406
random_n05_02,5,max,proposed,20096,random,5,4,4,0,13360269548106771177,"[0, 0, 0, 3, 28, 0, 0, 0, 0, 0, 0, 0, 0, 0, 0, 0, 0]",0.02828000597133758,0.028130125398089175,0.028434315286624205,0.008209,0.001333,0.568315,0.578008
random_n05_02,5,min,peigen,10649,random,5,4,4,0,15993984202959268533,"[0, 0, 0, 0, 31, 0, 0, 0, 0, 0, 0, 0, 0, 0, 0, 0, 0]",0.08897539675086863,0.08884796694525307,0.08958258991454596,0.00836,0.001714,0.947499,0.957563
random_n05_02,5,min,proposed,10649,random,5,4,4,0,15993984202959268533,"[0, 0, 0, 0, 31, 0, 0, 0, 0, 0, 0, 0, 0, 0, 0, 0, 0]",0.05947290825429618,0.0594123391867781,0.05965198610198141,0.008249,0.001473,0.633327,0.64294
random_n05_02,5,spectrum,peigen,3200,random,5,124,124,0,4074059451983719851,"[0, 0, 0, 0, 31, 0, 0, 0, 0, 0, 0, 0, 0, 0, 0, 0, 0]",0.3017371875,0.3012728125,0.3024896875,0.008129,0.001904,0.965559,0.9781
random_n05_02,5,spectrum,proposed,3200,random,5,124,124,0,4074059451983719851,"[0, 0, 0, 0, 31, 0, 0, 0, 0, 0, 0, 0, 0, 0, 0, 0, 0]",0.0952434375,0.0944384375,0.0967684375,0.008049,0.001753,0.304779,0.314491
random_n05_03,5,max,peigen,20096,random,5,4,4,0,10854240112447980419,"[0, 0, 0, 1, 30, 0, 0, 0, 0, 0, 0, 0, 0, 0, 0, 0, 0]",0.07582309912420382,0.0756313694267516,0.07594954219745223,0.008139,0.001764,1.523741,1.533623
random_n05_03,5,max,proposed,20096,random,5,4,4,0,10854240112447980419,"[0, 0, 0, 1, 30, 0, 0, 0, 0, 0, 0, 0, 0, 0, 0, 0, 0]",0.029027418391719746,0.02902682125796178,0.02910609076433121,0.008159,0.001273,0.583335,0.593176
random_n05_03,5,min,peigen,10649,random,5,3,3,0,8223924836659863749,"[0, 0, 0, 1, 30, 0, 0, 0, 0, 0, 0, 0, 0, 0, 0, 0, 0]",0.09068954831439573,0.0901729739881679,0.09136782796506714,0.00819,0.002004,0.965753,0.978292
random_n05_03,5,min,proposed,10649,random,5,3,3,0,8223924836659863749,"[0, 0, 0, 1, 30, 0, 0, 0, 0, 0, 0, 0, 0, 0, 0, 0, 0]",0.08905258709738004,0.08755131937271105,0.08954662409615927,0.008239,0.001573,0.948321,0.958053
random_n05_03,5,spectrum,peigen,3200,random,5,123,123,0,551043220175414163,"[0, 0, 0, 1, 30, 0, 0, 0, 0, 0, 0, 0, 0, 0, 0, 0, 0]",0.2989659375,0.29855312500000003,0.30004906249999996,0.008159,0.001845,0.956691,0.966464
random_n05_03,5,spectrum,proposed,3200,random,5,123,123,0,551043220175414163,"[0, 0, 0, 1, 30, 0, 0, 0, 0, 0, 0, 0, 0, 0, 0, 0, 0]",0.09814125,0.0975825,0.09959375,0.008239,0.001904,0.314052,0.324046
random_n05_04,5,max,peigen,20096,random,5,4,4,0,6134954695135390057,"[0, 0, 0, 1, 30, 0, 0, 0, 0, 0, 0, 0, 0, 0, 0, 0, 0]",0.09443257364649682,0.09437559713375797,0.09444899482484077,0.008149,0.003959,1.897717,1.907943
random_n05_04,5,max,proposed,20096,random,5,4,4,0,6134954695135390057,"[0, 0, 0, 1, 30, 0, 0, 0, 0, 0, 0, 0, 0, 0, 0, 0, 0]",0.04048731090764331,0.04029652667197452,0.04053508160828026,0.008169,0.001323,0.813633,0.823105
random_n05_04,5,min,peigen,10649,random,5,3,3,0,2950888386676447487,"[0, 0, 0, 1, 30, 0, 0, 0, 0, 0, 0, 0, 0, 0, 0, 0, 0]",0.08809615926378063,0.08783801295896328,0.08828641186965912,0.00834,0.001874,0.938136,0.950617
random_n05_04,5,min,proposed,10649,random,5,3,3,0,2950888386676447487,"[0, 0, 0, 1, 30, 0, 0, 0, 0, 0, 0, 0, 0, 0, 0, 0, 0]",0.05573020940933421,0.05511879049676026,0.056361536294487743,0.008229,0.001524,0.593471,0.603184
random_n05_04,5,spectrum,peigen,3200,random,5,123,123,0,16021813065016053071,"[0, 0, 0, 1, 30, 0, 0, 0, 0, 0, 0, 0, 0, 0, 0, 0, 0]",0.299933125,0.2990315625,0.30021749999999997,0.008149,0.00424,0.959786,0.972894
random_n05_04,5,spectrum,proposed,3200,random,5,123,123,0,16021813065016053071,"[0, 0, 0, 1, 30, 0, 0, 0, 0, 0, 0, 0, 0, 0, 0, 0, 0]",0.10308625,0.1023434375,0.10314374999999999,0.008149,0.001804,0.329876,0.339572
random_n05_05,5,max,peigen,20096,random,5,4,4,0,2468149364291609289,"[0, 0, 0, 1, 30, 0, 0, 0, 0, 0, 0, 0, 0, 0, 0, 0, 0]",0.09351542595541401,0.09342754777070064,0.09352204418789808,0.008349,0.001464,1.879286,1.889109
random_n05_05,5,max,proposed,20096,random,5,4,4,0,2468149364291609289,"[0, 0, 0, 1, 30, 0, 0, 0, 0, 0, 0, 0, 0, 0, 0, 0, 0]",0.040030304538216564,0.04002094944267516,0.04006011146496815,0.00839,0.001354,0.804449,0.814034
random_n05_05,5,min,peigen,10649,random,5,4,4,0,2317865143460013683,"[0, 0, 0, 0, 31, 0, 0, 0, 0, 0, 0, 0, 0, 0, 0, 0, 0]",0.08804807963189032,0.0880036623157104,0.08814714996713306,0.008409,0.001804,0.937624,0.950522
random_n05_05,5,min,proposed,10649,random,5,4,4,0,2317865143460013683,"[0, 0, 0, 0, 31, 0, 0, 0, 0, 0, 0, 0, 0, 0, 0, 0, 0]",0.04500281716593107,0.04495558268382008,0.04509568973612546,0.008149,0.001474,0.479235,0.489078
random_n05_05,5,spectrum,peigen,3200,random,5,124,121,0,1060467733461127739,"[0, 0, 0, 3, 28, 0, 0, 0, 0, 0, 0, 0, 0, 0, 0, 0, 0]",0.3010728125,0.2999834375,0.3011871875,0.008159,0.001854,0.963433,0.973882
random_n05_05,5,spectrum,proposed,3200,random,5,124,121,0,1060467733461127739,"[0, 0, 0, 3, 28, 0, 0, 0, 0, 0, 0, 0, 0, 0, 0, 0, 0]",0.09852375000000001,0.09847937500000001,0.09913,0.008118,0.001744,0.315276,0.325219
random_n05_06,5,max,peigen,20096,random,5,4,4,0,1707173117826483751,"[0, 0, 0, 0, 31, 0, 0, 0, 0, 0, 0, 0, 0, 0, 0, 0, 0]",0.09305881767515924,0.09301930732484076,0.09311544585987261,0.008149,0.004,1.87011,1.881897
random_n05_06,5,max,proposed,20096,random,5,4,4,0,1707173117826483751,"[0, 0, 0, 0, 31, 0, 0, 0, 0, 0, 0, 0, 0, 0, 0, 0, 0]",0.0396780951433121,0.03948601711783439,0.039855841958598724,0.008179,0.001294,0.797371,0.806983
random_n05_06,5,min,peigen,10649,random,5,3,3,0,9386305106446948233,"[0, 0, 0, 1, 30, 0, 0, 0, 0, 0, 0, 0, 0, 0, 0, 0, 0]",0.08956568691895953,0.08955319748333178,0.0908795192036811,0.008259,0.002115,0.953785,0.971092
random_n05_06,5,min,proposed,10649,random,5,3,3,0,9386305106446948233,"[0, 0, 0, 1, 30, 0, 0, 0, 0, 0, 0, 0, 0, 0, 0, 0, 0]",0.050393933702695085,0.049999624377875855,0.050620527749084425,0.008339,0.001564,0.536645,0.546388
random_n05_06,5,spectrum,peigen,3200,random,5,123,124,0,434948602175416759,"[0, 0, 0, 0, 31, 0, 0, 0, 0, 0, 0, 0, 0, 0, 0, 0, 0]",0.30216375,0.3020046875,0.3023575,0.008239,0.002145,0.966924,0.977548
random_n05_06,5,spectrum,proposed,3200,random,5,123,124,0,434948602175416759,"[0, 0, 0, 0, 31, 0, 0, 0, 0, 0, 0, 0, 0, 0, 0, 0, 0]",0.1002640625,0.099186875,0.1008540625,0.008079,0.001773,0.320845,0.330467
random_n05_07,5,max,peigen,20096,random,5,4,4,0,2994136663460911323,"[0, 0, 0, 1, 30, 0, 0, 0, 0, 0, 0, 0, 0, 0, 0, 0, 0]",0.095499900477707,0.09533698248407643,0.09556598328025478,0.00832,0.004269,1.919166,1.930668
random_n05_07,5,max,proposed,20096,random,5,4,4,0,2994136663460911323,"[0, 0, 0, 1, 30, 0, 0, 0, 0, 0, 0, 0, 0, 0, 0, 0, 0]",0.039517466162420384,0.039469546178343945,0.039525029856687904,0.008079,0.001293,0.794143,0.803685
random_n05_07,5,min,peigen,10649,random,5,3,3,0,11799743342084388221,"[0, 0, 0, 1, 30, 0, 0, 0, 0, 0, 0, 0, 0, 0, 0, 0, 0]",0.08704573199361443,0.0865955488778289,0.08716076626913324,0.008168,0.00443,0.92695,0.939308
random_n05_07,5,min,proposed,10649,random,5,3,3,0,11799743342084388221,"[0, 0, 0, 1, 30, 0, 0, 0, 0, 0, 0, 0, 0, 0, 0, 0, 0]",0.07585904779791529,0.07516264437975397,0.07693079162362663,0.008048,0.001444,0.807823,0.817346
random_n05_07,5,spectrum,peigen,3200,random,5,123,123,0,10912971071131419143,"[0, 0, 0, 1, 30, 0, 0, 0, 0, 0, 0, 0, 0, 0, 0, 0, 0]",0.309169375,0.3086978125,0.309875,0.007868,0.00417,0.989342,1.002061
random_n05_07,5,spectrum,proposed,3200,random,5,123,123,0,10912971071131419143,"[0, 0, 0, 1, 30, 0, 0, 0, 0, 0, 0, 0, 0, 0, 0, 0, 0]",0.096376875,0.096285625,0.09802781249999999,0.008149,0.001834,0.308406,0.318389
random_n05_08,5,max,peigen,20096,random,5,4,4,0,14161054680667013891,"[0, 0, 0, 1, 30, 0, 0, 0, 0, 0, 0, 0, 0, 0, 0, 0, 0]",0.09337614450636943,0.09319884554140127,0.0934623805732484,0.008089,0.001564,1.876487,1.887201
random_n05_08,5,max,proposed,20096,random,5,4,4,0,14161054680667013891,"[0, 0, 0, 1, 30, 0, 0, 0, 0, 0, 0, 0, 0, 0, 0, 0, 0]",0.04011499800955414,0.04010947452229299,0.04021501791401274,0.008129,0.001273,0.806151,0.815533
random_n05_08,5,min,peigen,10649,random,5,3,3,0,455395676731781201,"[0, 0, 0, 1, 30, 0, 0, 0, 0, 0, 0, 0, 0, 0, 0, 0, 0]",0.10616780918396095,0.10604939430932482,0.10621833035965818,0.008259,0.001804,1.130581,1.141262
random_n05_08,5,min,proposed,10649,random,5,3,3,0,455395676731781201,"[0, 0, 0, 1, 30, 0, 0, 0, 0, 0, 0, 0, 0, 0, 0, 0, 0]",0.06973368391398253,0.06530359658183868,0.07309127617616677,0.008269,0.001513,0.742594,0.752397
random_n05_08,5,spectrum,peigen,3200,random,5,123,123,0,14235538576976157239,"[0, 0, 0, 1, 30, 0, 0, 0, 0, 0, 0, 0, 0, 0, 0, 0, 0]",0.30054312499999997,0.3003559375,0.301325,0.007968,0.001754,0.961738,0.97134
random_n05_08,5,spectrum,proposed,3200,random,5,123,123,0,14235538576976157239,"[0, 0, 0, 1, 30, 0, 0, 0, 0, 0, 0, 0, 0, 0, 0, 0, 0]",0.1024609375,0.10069,0.10251906250000001,0.008119,0.001804,0.327875,0.337788
random_n05_09,5,max,peigen,20096,random,5,4,4,0,13160219032027826061,"[0, 0, 0, 0, 31, 0, 0, 0, 0, 0, 0, 0, 0, 0, 0, 0, 0]",0.0950220939490446,0.09479956210191082,0.09516784434713375,0.008059,0.001503,1.909564,1.922025
random_n05_09,5,max,proposed,20096,random,5,4,4,0,13160219032027826061,"[0, 0, 0, 0, 31, 0, 0, 0, 0, 0, 0, 0, 0, 0, 0, 0, 0]",0.039266520700636943,0.03914589968152866,0.03966734673566879,0.007939,0.001323,0.7891,0.798322
random_n05_09,5,min,peigen,10649,random,5,3,3,0,1692101484396278431,"[0, 0, 0, 1, 30, 0, 0, 0, 0, 0, 0, 0, 0, 0, 0, 0, 0]",0.08969978401727861,0.08912423701756034,0.08984590102357029,0.008259,0.00436,0.955213,0.965246
random_n05_09,5,min,proposed,10649,random,5,3,3,0,1692101484396278431,"[0, 0, 0, 1, 30, 0, 0, 0, 0, 0, 0, 0, 0, 0, 0, 0, 0]",0.05342961780448868,0.05301436754624847,0.053590102357028824,0.0084,0.001684,0.568972,0.578654
random_n05_09,5,spectrum,peigen,3200,random,5,123,123,0,8889686234003918075,"[0, 0, 0, 1, 30, 0, 0, 0, 0, 0, 0, 0, 0, 0, 0, 0, 0]",0.3040746875,0.3038275,0.3046403125,0.008109,0.001855,0.973039,0.984441
random_n05_09,5,spectrum,proposed,3200,random,5,123,123,0,8889686234003918075,"[0, 0, 0, 1, 30, 0, 0, 0, 0, 0, 0, 0, 0, 0, 0, 0, 0]",0.098063125,0.097730625,0.09812749999999999,0.008149,0.001874,0.313802,0.323825
random_n06_00,6,max,peigen,17536,random,5,5,5,0,17286820950395427765,"[0, 0, 0, 0, 3, 60, 0, 0, 0, 0, 0, 0, 0, 0, 0, 0, 0]",0.11342546760948904,0.11333935903284671,0.11368681569343066,0.008631,0.001915,1.989029,1.999564
random_n06_00,6,max,proposed,17536,random,5,5,5,0,17286820950395427765,"[0, 0, 0, 0, 3, 60, 0, 0, 0, 0, 0, 0, 0, 0, 0, 0, 0]",0.04152953923357664,0.04146247718978102,0.04154026003649635,0.00858,0.001533,0.728262,0.738356
random_n06_00,6,min,peigen,5699,random,5,4,4,0,2764653582592120883,"[0, 0, 0, 0, 1, 62, 0, 0, 0, 0, 0, 0, 0, 0, 0, 0, 0]",0.1683202316195824,0.1683070714160379,0.16929601684506054,0.008771,0.002405,0.959257,0.973225
random_n06_00,6,min,proposed,5699,random,5,4,4,0,2764653582592120883,"[0, 0, 0, 0, 1, 62, 0, 0, 0, 0, 0, 0, 0, 0, 0, 0, 0]",0.10044604316546762,0.09928233023337428,0.1006829268292683,0.00868,0.001724,0.572442,0.582796
random_n06_00,6,spectrum,peigen,4096,random,5,314,314,0,8149711948052975845,"[0, 0, 0, 0, 1, 62, 0, 0, 0, 0, 0, 0, 0, 0, 0, 0, 0]",0.51854736328125,0.518169677734375,0.519037353515625,0.00854,0.005062,2.12397,2.136315
random_n06_00,6,spectrum,proposed,4096,random,5,314,314,0,8149711948052975845,"[0, 0, 0, 0, 1, 62, 0, 0, 0, 0, 0, 0, 0, 0, 0, 0, 0]",0.099368896484375,0.099146240234375,0.09987353515625,0.00851,0.002807,0.407015,0.418441
random_n06_01,6,max,peigen,17536,random,5,5,5,0,9890737431341037969,"[0, 0, 0, 0, 0, 63, 0, 0, 0, 0, 0, 0, 0, 0, 0, 0, 0]",0.11394776459854014,0.11384734260948905,0.11400866788321168,0.00857,0.004882,1.998188,2.00997
random_n06_01,6,max,proposed,17536,random,5,5,5,0,9890737431341037969,"[0, 0, 0, 0, 0, 63, 0, 0, 0, 0, 0, 0, 0, 0, 0, 0, 0]",0.04206272810218978,0.041732036952554744,0.042235401459854015,0.008599,0.001574,0.737612,0.749353
random_n06_01,6,min,peigen,5699,random,5,4,4,0,12685888555283180917,"[0, 0, 0, 0, 1, 62, 0, 0, 0, 0, 0, 0, 0, 0, 0, 0, 0]",0.20227373223372522,0.20192981224776274,0.20304527110019302,0.00875,0.002225,1.152758,1.163508
random_n06_01,6,min,proposed,5699,random,5,4,4,0,12685888555283180917,"[0, 0, 0, 0, 1, 62, 0, 0, 0, 0, 0, 0, 0, 0, 0, 0, 0]",0.07131128268117214,0.07106211616072995,0.0715100894893841,0.008601,0.001584,0.406403,0.416837
random_n06_01,6,spectrum,peigen,4096,random,5,314,314,0,15162453824697655261,"[0, 0, 0, 0, 1, 62, 0, 0, 0, 0, 0, 0, 0, 0, 0, 0, 0]",0.522843017578125,0.522235107421875,0.52375830078125,0.00859,0.002776,2.141565,2.152491
random_n06_01,6,spectrum,proposed,4096,random,5,314,314,0,15162453824697655261,"[0, 0, 0, 0, 1, 62, 0, 0, 0, 0, 0, 0, 0, 0, 0, 0, 0]",0.09665478515625,0.095646728515625,0.09717236328125,0.0086,0.002837,0.395898,0.407335
random_n06_02,6,max,peigen,17536,random,5,5,5,0,6143009713771956613,"[0, 0, 0, 0, 3, 60, 0, 0, 0, 0, 0, 0, 0, 0, 0, 0, 0]",0.11464507299270073,0.11425382071167883,0.11466833941605839,0.00856,0.002074,2.010416,2.021489
random_n06_02,6,max,proposed,17536,random,5,5,5,0,6143009713771956613,"[0, 0, 0, 0, 3, 60, 0, 0, 0, 0, 0, 0, 0, 0, 0, 0, 0]",0.041973083941605836,0.04193521897810219,0.04197405337591241,0.008529,0.001614,0.73604,0.745923
random_n06_02,6,min,peigen,5699,random,5,4,4,0,15622550873995475277,"[0, 0, 0, 0, 1, 62, 0, 0, 0, 0, 0, 0, 0, 0, 0, 0, 0]",0.16970977364449902,0.16738954202491665,0.17092489910510617,0.00856,0.002165,0.967176,0.977731
random_n06_02,6,min,proposed,5699,random,5,4,4,0,15622550873995475277,"[0, 0, 0, 0, 1, 62, 0, 0, 0, 0, 0, 0, 0, 0, 0, 0, 0]",0.11050394806106334,0.10646780136866117,0.1107129320933497,0.00868,0.001674,0.629762,0.639936
random_n06_02,6,spectrum,peigen,4096,random,5,314,314,0,13374552692593671707,"[0, 0, 0, 0, 1, 62, 0, 0, 0, 0, 0, 0, 0, 0, 0, 0, 0]",0.530365478515625,0.52998583984375,0.531126953125,0.008299,0.005653,2.172377,2.18601
random_n06_02,6,spectrum,proposed,4096,random,5,314,314,0,13374552692593671707,"[0, 0, 0, 0, 1, 62, 0, 0, 0, 0, 0, 0, 0, 0, 0, 0, 0]",0.097155517578125,0.096970703125,0.097915771484375,0.00868,0.002957,0.397949,0.409135
random_n06_03,6,max,peigen,17536,random,5,5,5,0,15813160558979916471,"[0, 0, 0, 0, 1, 62, 0, 0, 0, 0, 0, 0, 0, 0, 0, 0, 0]",0.1142331204379562,0.11412636861313868,0.11459403512773723,0.00856,0.0044,2.003192,2.013786
random_n06_03,6,max,proposed,17536,random,5,5,5,0,15813160558979916471,"[0, 0, 0, 0, 1, 62, 0, 0, 0, 0, 0, 0, 0, 0, 0, 0, 0]",0.04098990647810219,0.04073654197080292,0.04100701414233577,0.00862,0.001603,0.718799,0.729243
random_n06_03,6,min,peigen,5699,random,5,4,4,0,10104285494690540065,"[0, 0, 0, 0, 1, 62, 0, 0, 0, 0, 0, 0, 0, 0, 0, 0, 0]",0.1706857343393578,0.1706523951570451,0.17125302684681523,0.00879,0.004902,0.972738,0.983793
random_n06_03,6,min,proposed,5699,random,5,4,4,0,10104285494690540065,"[0, 0, 0, 0, 1, 62, 0, 0, 0, 0, 0, 0, 0, 0, 0, 0, 0]",0.08657255658887525,0.08632426741533603,0.08690331637129321,0.00863,0.001664,0.493377,0.504571
random_n06_03,6,spectrum,peigen,4096,random,5,314,314,0,8291753145038023825,"[0, 0, 0, 0, 1, 62, 0, 0, 0, 0, 0, 0, 0, 0, 0, 0, 0]",0.525458984375,0.52501171875,0.525469970703125,0.00863,0.002366,2.15228,2.163321
random_n06_03,6,spectrum,proposed,4096,random,5,314,314,0,8291753145038023825,"[0, 0, 0, 0, 1, 62, 0, 0, 0, 0, 0, 0, 0, 0, 0, 0, 0]",0.09662939453125,0.096197265625,0.097357666015625,0.00856,0.002837,0.395794,0.40701
random_n06_04,6,max,peigen,17536,random,5,5,5,0,8775829560670879787,"[0, 0, 0, 0, 0, 63, 0, 0, 0, 0, 0, 0, 0, 0, 0, 0, 0]",0.11370329607664233,0.11365522354014598,0.11387283302919708,0.00841,0.002055,1.993901,2.003844
random_n06_04,6,max,proposed,17536,random,5,5,5,0,8775829560670879787,"[0, 0, 0, 0, 0, 63, 0, 0, 0, 0, 0, 0, 0, 0, 0, 0, 0]",0.04150364963503649,0.04144508439781022,0.04152959625912409,0.008641,0.001663,0.727808,0.738112
random_n06_04,6,min,peigen,5699,random,5,4,4,0,12276722482484465135,"[0, 0, 0, 0, 1, 62, 0, 0, 0, 0, 0, 0, 0, 0, 0, 0, 0]",0.1696595894016494,0.1691223021582734,0.17008738375153534,0.00874,0.004621,0.96689,0.980283
random_n06_04,6,min,proposed,5699,random,5,4,4,0,12276722482484465135,"[0, 0, 0, 0, 1, 62, 0, 0, 0, 0, 0, 0, 0, 0, 0, 0, 0]",0.07645744867520618,0.0764541147569749,0.07660221091419547,0.008881,0.001684,0.435731,0.447201
random_n06_04,6,spectrum,peigen,4096,random,5,314,314,0,6229054297602768085,"[0, 0, 0, 0, 1, 62, 0, 0, 0, 0, 0, 0, 0, 0, 0, 0, 0]",0.52484130859375,0.5248154296875,0.525572021484375,0.00857,0.002485,2.14975,2.163506
random_n06_04,6,spectrum,proposed,4096,random,5,314,314,0,6229054297602768085,"[0, 0, 0, 0, 1, 62, 0, 0, 0, 0, 0, 0, 0, 0, 0, 0, 0]",0.096792236328125,0.09609033203125,0.098826904296875,0.00873,0.002956,0.396461,0.408188
random_n06_05,6,max,peigen,17536,random,5,5,5,0,6279626704008078741,"[0, 0, 0, 0, 1, 62, 0, 0, 0, 0, 0, 0, 0, 0, 0, 0, 0]",0.11442826186131387,0.11427754333941606,0.11451841925182482,0.00867,0.001975,2.006614,2.01871
random_n06_05,6,max,proposed,17536,random,5,5,5,0,6279626704008078741,"[0, 0, 0, 0, 1, 62, 0, 0, 0, 0, 0, 0, 0, 0, 0, 0, 0]",0.041184876824817515,0.041116046989051094,0.04144884808394161,0.008601,0.001544,0.722218,0.732572
random_n06_05,6,min,peigen,5699,random,5,5,5,0,2535633982822509301,"[0, 0, 0, 0, 0, 63, 0, 0, 0, 0, 0, 0, 0, 0, 0, 0, 0]",0.16773995437796105,0.16734163888401474,0.1682131952974206,0.00877,0.005212,0.95595,0.969733
random_n06_05,6,min,proposed,5699,random,5,5,5,0,2535633982822509301,"[0, 0, 0, 0, 0, 63, 0, 0, 0, 0, 0, 0, 0, 0, 0, 0, 0]",0.08594455167573259,0.08434900859799964,0.0875228987541674,0.008689,0.001683,0.489798,0.499961
random_n06_05,6,spectrum,peigen,4096,random,5,315,315,0,8130036438655894677,"[0, 0, 0, 0, 0, 63, 0, 0, 0, 0, 0, 0, 0, 0, 0, 0, 0]",0.526046142578125,0.525475830078125,0.526420654296875,0.0086,0.005102,2.154685,2.168347
random_n06_05,6,spectrum,proposed,4096,random,5,315,315,0,8130036438655894677,"[0, 0, 0, 0, 0, 63, 0, 0, 0, 0, 0, 0, 0, 0, 0, 0, 0]",0.097367431640625,0.096234619140625,0.097523681640625,0.00862,0.002766,0.398817,0.410052
random_n06_06,6,max,peigen,17536,random,5,5,5,0,3406722784925412283,"[0, 0, 0, 0, 1, 62, 0, 0, 0, 0, 0, 0, 0, 0, 0, 0, 0]",0.11434711450729927,0.11382213731751825,0.11441491788321168,0.00851,0.005052,2.005191,2.018822
random_n06_06,6,max,proposed,17536,random,5,5,5,0,3406722784925412283,"[0, 0, 0, 0, 1, 62, 0, 0, 0, 0, 0, 0, 0, 0, 0, 0, 0]",0.04091662864963504,0.04086268248175182,0.04099720574817518,0.0086,0.001523,0.717514,0.727647
random_n06_06,6,min,peigen,5699,random,5,5,5,0,3535044076460954499,"[0, 0, 0, 0, 0, 63, 0, 0, 0, 0, 0, 0, 0, 0, 0, 0, 0]",0.1675604492016143,0.16660045622038952,0.1677892612739077,0.00871,0.002105,0.954927,0.965642
random_n06_06,6,min,proposed,5699,random,5,5,5,0,3535044076460954499,"[0, 0, 0, 0, 0, 63, 0, 0, 0, 0, 0, 0, 0, 0, 0, 0, 0]",0.07614616599403404,0.07474539392875942,0.0764593788383927,0.00865,0.001533,0.433957,0.444201
random_n06_06,6,spectrum,peigen,4096,random,5,315,314,0,1045279452178621901,"[0, 0, 0, 0, 1, 62, 0, 0, 0, 0, 0, 0, 0, 0, 0, 0, 0]",0.5361328125,0.5360341796875,0.537386474609375,0.00838,0.002266,2.196,2.209551
random_n06_06,6,spectrum,proposed,4096,random,5,315,314,0,1045279452178621901,"[0, 0, 0, 0, 1, 62, 0, 0, 0, 0, 0, 0, 0, 0, 0, 0, 0]",0.097675537109375,0.0971689453125,0.09971435546875,0.00864,0.002927,0.400079,0.411847
random_n06_07,6,max,peigen,17536,random,5,5,5,0,1967206448753359397,"[0, 0, 0, 0, 1, 62, 0, 0, 0, 0, 0, 0, 0, 0, 0, 0, 0]",0.11313805885036497,0.11306592153284671,0.11320050182481753,0.008631,0.001985,1.983989,1.995663
random_n06_07,6,max,proposed,17536,random,5,5,5,0,1967206448753359397,"[0, 0, 0, 0, 1, 62, 0, 0, 0, 0, 0, 0, 0, 0, 0, 0, 0]",0.04144223312043795,0.04130314781021898,0.04168139826642336,0.00857,0.001593,0.726731,0.737296
random_n06_07,6,min,peigen,5699,random,5,4,4,0,10328983984709780499,"[0, 0, 0, 0, 1, 62, 0, 0, 0, 0, 0, 0, 0, 0, 0, 0, 0]",0.1697659238462888,0.16972503948061063,0.17120740480786104,0.00871,0.002205,0.967496,0.980727
random_n06_07,6,min,proposed,5699,random,5,4,4,0,10328983984709780499,"[0, 0, 0, 0, 1, 62, 0, 0, 0, 0, 0, 0, 0, 0, 0, 0, 0]",0.1003732233725215,0.09968415511493244,0.10156413405860677,0.00858,0.001684,0.572027,0.58215
random_n06_07,6,spectrum,peigen,4096,random,5,314,314,0,8981745683081224645,"[0, 0, 0, 0, 1, 62, 0, 0, 0, 0, 0, 0, 0, 0, 0, 0, 0]",0.522205810546875,0.521913330078125,0.52224169921875,0.00858,0.002797,2.138955,2.14979
random_n06_07,6,spectrum,proposed,4096,random,5,314,314,0,8981745683081224645,"[0, 0, 0, 0, 1, 62, 0, 0, 0, 0, 0, 0, 0, 0, 0, 0, 0]",0.099655029296875,0.09697900390625,0.10224658203125,0.00855,0.002957,0.408187,0.419142
random_n06_08,6,max,peigen,17536,random,5,5,5,0,6558496834786501535,"[0, 0, 0, 0, 1, 62, 0, 0, 0, 0, 0, 0, 0, 0, 0, 0, 0]",0.11444274635036497,0.11419097855839416,0.11446367472627737,0.00857,0.001885,2.006868,2.017142
random_n06_08,6,max,proposed,17536,random,5,5,5,0,6558496834786501535,"[0, 0, 0, 0, 1, 62, 0, 0, 0, 0, 0, 0, 0, 0, 0, 0, 0]",0.04079830063868613,0.04070489279197081,0.04079887089416059,0.00863,0.001554,0.715439,0.725613
random_n06_08,6,min,peigen,5699,random,5,5,5,0,1731207390879085339,"[0, 0, 0, 0, 0, 63, 0, 0, 0, 0, 0, 0, 0, 0, 0, 0, 0]",0.16737374978066327,0.16728513774346376,0.1674921916125636,0.00868,0.002215,0.953863,0.964758
random_n06_08,6,min,proposed,5699,random,5,5,5,0,1731207390879085339,"[0, 0, 0, 0, 0, 63, 0, 0, 0, 0, 0, 0, 0, 0, 0, 0, 0]",0.10282154763993683,0.10103105808036497,0.10317459203369012,0.00863,0.001714,0.58598,0.596524
random_n06_08,6,spectrum,peigen,4096,random,5,315,314,0,16740736141073700531,"[0, 0, 0, 0, 1, 62, 0, 0, 0, 0, 0, 0, 0, 0, 0, 0, 0]",0.53131005859375,0.530306640625,0.532294921875,0.00862,0.002436,2.176246,2.187392
random_n06_08,6,spectrum,proposed,4096,random,5,315,314,0,16740736141073700531,"[0, 0, 0, 0, 1, 62, 0, 0, 0, 0, 0, 0, 0, 0, 0, 0, 0]",0.09462744140625,0.09414208984375,0.09607080078125,0.00854,0.002807,0.387594,0.399081
random_n06_09,6,max,peigen,17536,random,5,5,5,0,17847043733727944485,"[0, 0, 0, 0, 0, 63, 0, 0, 0, 0, 0, 0, 0, 0, 0, 0, 0]",0.11347245666058395,0.11320814324817517,0.11371242016423358,0.008449,0.001915,1.989853,2.000217
random_n06_09,6,max,proposed,17536,random,5,5,5,0,17847043733727944485,"[0, 0, 0, 0, 0, 63, 0, 0, 0, 0, 0, 0, 0, 0, 0, 0, 0]",0.04094719434306569,0.040857265054744525,0.04099486770072993,0.00856,0.001573,0.71805,0.728354
random_n06_09,6,min,peigen,5699,random,5,4,4,0,8946816439959645945,"[0, 0, 0, 0, 1, 62, 0, 0, 0, 0, 0, 0, 0, 0, 0, 0, 0]",0.16854220038603265,0.16807492542551325,0.1685434286716968,0.00866,0.004531,0.960522,0.973301
random_n06_09,6,min,proposed,5699,random,5,4,4,0,8946816439959645945,"[0, 0, 0, 0, 1, 62, 0, 0, 0, 0, 0, 0, 0, 0, 0, 0, 0]",0.11189050710650991,0.11174241094928936,0.11216388840147394,0.00878,0.001714,0.637664,0.648409
random_n06_09,6,spectrum,peigen,4096,random,5,314,315,0,10288925272192615815,"[0, 0, 0, 0, 0, 63, 0, 0, 0, 0, 0, 0, 0, 0, 0, 0, 0]",0.5258310546875,0.525821533203125,0.52624169921875,0.00865,0.005743,2.153804,2.168617
random_n06_09,6,spectrum,proposed,4096,random,5,314,315,0,10288925272192615815,"[0, 0, 0, 0, 0, 63, 0, 0, 0, 0, 0, 0, 0, 0, 0, 0, 0]",0.096229736328125,0.095546630859375,0.096774658203125,0.00845,0.002927,0.394157,0.405323
random_n07_00,7,max,peigen,10240,random,5,6,6,0,1130050259678165671,"[0, 0, 0, 0, 0, 0, 127, 0, 0, 0, 0, 0, 0, 0, 0, 0, 0]",0.5357455078125001,0.5356886718749999,0.5361685546875,0.009332,0.005663,5.486034,5.501881
random_n07_00,7,max,proposed,10240,random,5,6,6,0,1130050259678165671,"[0, 0, 0, 0, 0, 0, 127, 0, 0, 0, 0, 0, 0, 0, 0, 0, 0]",0.0526515625,0.0526302734375,0.05272802734375,0.009222,0.002335,0.539152,0.551331
random_n07_00,7,min,peigen,768,random,5,5,5,0,12118982100595556027,"[0, 0, 0, 0, 0, 1, 126, 0, 0, 0, 0, 0, 0, 0, 0, 0, 0]",1.2947473958333333,1.2930208333333333,1.2950130208333333,0.009412,0.00847,0.994366,1.011757
random_n07_00,7,min,proposed,768,random,5,5,5,0,12118982100595556027,"[0, 0, 0, 0, 0, 1, 126, 0, 0, 0, 0, 0, 0, 0, 0, 0, 0]",0.1310859375,0.13053776041666665,0.13167447916666666,0.009232,0.004159,0.100674,0.114015
random_n07_00,7,spectrum,peigen,1408,random,5,761,762,0,16409048143984531277,"[0, 0, 0, 0, 0, 0, 127, 0, 0, 0, 0, 0, 0, 0, 0, 0, 0]",1.9053288352272728,1.9048615056818183,1.9055383522727272,0.009232,0.005052,2.682703,2.696896
random_n07_00,7,spectrum,proposed,1408,random,5,761,762,0,16409048143984531277,"[0, 0, 0, 0, 0, 0, 127, 0, 0, 0, 0, 0, 0, 0, 0, 0, 0]",0.18157315340909091,0.18064133522727271,0.1820134943181818,0.009262,0.006715,0.255655,0.271271
random_n07_01,7,max,peigen,10240,random,5,6,6,0,16295324533905588019,"[0, 0, 0, 0, 0, 0, 127, 0, 0, 0, 0, 0, 0, 0, 0, 0, 0]",0.53605283203125,0.53535390625,0.53633984375,0.009171,0.005904,5.489181,5.504376
random_n07_01,7,max,proposed,10240,random,5,6,6,0,16295324533905588019,"[0, 0, 0, 0, 0, 0, 127, 0, 0, 0, 0, 0, 0, 0, 0, 0, 0]",0.05307470703125,0.052951953125,0.05356533203125,0.009261,0.002145,0.543485,0.554871
random_n07_01,7,min,peigen,768,random,5,5,5,0,11774944444829187485,"[0, 0, 0, 0, 0, 1, 126, 0, 0, 0, 0, 0, 0, 0, 0, 0, 0]",1.2842122395833333,1.2824010416666667,1.2875846354166667,0.009392,0.006145,0.986275,1.001782
random_n07_01,7,min,proposed,768,random,5,5,5,0,11774944444829187485,"[0, 0, 0, 0, 0, 1, 126, 0, 0, 0, 0, 0, 0, 0, 0, 0, 0]",0.16432682291666667,0.16351822916666667,0.16572265625,0.009362,0.00417,0.126203,0.139645
random_n07_01,7,spectrum,peigen,1408,random,5,761,761,0,16325695295458866087,"[0, 0, 0, 0, 0, 1, 126, 0, 0, 0, 0, 0, 0, 0, 0, 0, 0]",1.8975759943181818,1.897401278409091,1.8982102272727273,0.009211,0.004831,2.671787,2.686742
random_n07_01,7,spectrum,proposed,1408,random,5,761,761,0,16325695295458866087,"[0, 0, 0, 0, 0, 1, 126, 0, 0, 0, 0, 0, 0, 0, 0, 0, 0]",0.18163068181818182,0.18145951704545454,0.1843125,0.009181,0.006775,0.255736,0.271874
random_n07_02,7,max,peigen,10240,random,5,6,6,0,6176892992790245491,"[0, 0, 0, 0, 0, 1, 126, 0, 0, 0, 0, 0, 0, 0, 0, 0, 0]",0.53563017578125,0.5352611328125,0.5359286132812501,0.009272,0.003168,5.484853,5.500298
random_n07_02,7,max,proposed,10240,random,5,6,6,0,6176892992790245491,"[0, 0, 0, 0, 0, 1, 126, 0, 0, 0, 0, 0, 0, 0, 0, 0, 0]",0.05359013671875,0.05346826171875,0.05428603515625,0.009232,0.002245,0.548763,0.56024
random_n07_02,7,min,peigen,768,random,5,5,5,0,11150718532557585729,"[0, 0, 0, 0, 0, 3, 124, 0, 0, 0, 0, 0, 0, 0, 0, 0, 0]",1.3074322916666667,1.3066080729166667,1.31005859375,0.009422,0.006124,1.004108,1.02137
random_n07_02,7,min,proposed,768,random,5,5,5,0,11150718532557585729,"[0, 0, 0, 0, 0, 3, 124, 0, 0, 0, 0, 0, 0, 0, 0, 0, 0]",0.15848046875,0.14900390625,0.15965625,0.009281,0.00413,0.121713,0.135244
random_n07_02,7,spectrum,peigen,1408,random,5,759,761,0,17772149033700507985,"[0, 0, 0, 0, 0, 1, 126, 0, 0, 0, 0, 0, 0, 0, 0, 0, 0]",1.8954758522727273,1.8951129261363637,1.8965177556818182,0.009101,0.007638,2.66883,2.68581
random_n07_02,7,spectrum,proposed,1408,random,5,759,761,0,17772149033700507985,"[0, 0, 0, 0, 0, 1, 126, 0, 0, 0, 0, 0, 0, 0, 0, 0, 0]",0.18419886363636362,0.18374360795454547,0.1842556818181818,0.009392,0.006706,0.259352,0.275069
random_n07_03,7,max,peigen,10240,random,5,6,6,0,13025143504037587319,"[0, 0, 0, 0, 0, 0, 127, 0, 0, 0, 0, 0, 0, 0, 0, 0, 0]",0.5357240234375,0.535680859375,0.53694375,0.009152,0.003418,5.485814,5.501931
random_n07_03,7,max,proposed,10240,random,5,6,6,0,13025143504037587319,"[0, 0, 0, 0, 0, 0, 127, 0, 0, 0, 0, 0, 0, 0, 0, 0, 0]",0.053798046875,0.053009960937499996,0.053853515625,0.009201,0.002266,0.550892,0.562559
random_n07_03,7,min,peigen,768,random,5,5,5,0,7399310419340673565,"[0, 0, 0, 0, 0, 3, 124, 0, 0, 0, 0, 0, 0, 0, 0, 0, 0]",1.291171875,1.2893463541666668,1.2927434895833332,0.009251,0.007868,0.99162,1.008292
random_n07_03,7,min,proposed,768,random,5,5,5,0,7399310419340673565,"[0, 0, 0, 0, 0, 3, 124, 0, 0, 0, 0, 0, 0, 0, 0, 0, 0]",0.12602213541666668,0.12488671875,0.12775651041666666,0.009272,0.00402,0.096785,0.110076
random_n07_03,7,spectrum,peigen,1408,random,5,759,761,0,291429051818418891,"[0, 0, 0, 0, 0, 1, 126, 0, 0, 0, 0, 0, 0, 0, 0, 0, 0]",1.9024119318181818,1.9015376420454546,1.9025092329545454,0.009282,0.006124,2.678596,2.693723
random_n07_03,7,spectrum,proposed,1408,random,5,759,761,0,291429051818418891,"[0, 0, 0, 0, 0, 1, 126, 0, 0, 0, 0, 0, 0, 0, 0, 0, 0]",0.1829318181818182,0.18266761363636363,0.18344673295454547,0.009391,0.006966,0.257568,0.273936
random_n07_04,7,max,peigen,10240,random,5,6,6,0,2641533484073092695,"[0, 0, 0, 0, 0, 3, 124, 0, 0, 0, 0, 0, 0, 0, 0, 0, 0]",0.5359462890625,0.535610546875,0.53661279296875,0.009041,0.005162,5.48809,5.502283
random_n07_04,7,max,proposed,10240,random,5,6,6,0,2641533484073092695,"[0, 0, 0, 0, 0, 3, 124, 0, 0, 0, 0, 0, 0, 0, 0, 0, 0]",0.05349560546875,0.052861523437499995,0.05372529296875,0.009021,0.002175,0.547795,0.558851
random_n07_04,7,min,peigen,768,random,5,5,5,0,1773195362175513291,"[0, 0, 0, 0, 0, 1, 126, 0, 0, 0, 0, 0, 0, 0, 0, 0, 0]",1.2921901041666668,1.2918151041666668,1.2922213541666667,0.009372,0.005974,0.992402,1.00759
random_n07_04,7,min,proposed,768,random,5,5,5,0,1773195362175513291,"[0, 0, 0, 0, 0, 1, 126, 0, 0, 0, 0, 0, 0, 0, 0, 0, 0]",0.14604166666666665,0.14472395833333335,0.14801432291666666,0.009352,0.00423,0.11216,0.126103
random_n07_04,7,spectrum,peigen,1408,random,5,761,761,0,11384340129234138035,"[0, 0, 0, 0, 0, 1, 126, 0, 0, 0, 0, 0, 0, 0, 0, 0, 0]",1.8876811079545455,1.8866413352272728,1.8920688920454545,0.009172,0.004781,2.657855,2.672489
random_n07_04,7,spectrum,proposed,1408,random,5,761,761,0,11384340129234138035,"[0, 0, 0, 0, 0, 1, 126, 0, 0, 0, 0, 0, 0, 0, 0, 0, 0]",0.18642045454545453,0.18594957386363636,0.1866122159090909,0.009172,0.006675,0.26248,0.278397
random_n07_05,7,max,peigen,10240,random,5,6,6,0,17502526455081477265,"[0, 0, 0, 0, 0, 1, 126, 0, 0, 0, 0, 0, 0, 0, 0, 0, 0]",0.5350330078125001,0.53494375,0.5360814453125,0.009261,0.005573,5.478738,5.49328
random_n07_05,7,max,proposed,10240,random,5,6,6,0,17502526455081477265,"[0, 0, 0, 0, 0, 1, 126, 0, 0, 0, 0, 0, 0, 0, 0, 0, 0]",0.05385537109375,0.053774804687500004,0.05396220703125,0.009312,0.002265,0.551479,0.563005
random_n07_05,7,min,peigen,768,random,5,5,5,0,148372246050430679,"[0, 0, 0, 0, 0, 1, 126, 0, 0, 0, 0, 0, 0, 0, 0, 0, 0]",1.2866393229166668,1.28347265625,1.2869596354166668,0.009301,0.00824,0.988139,1.003439
random_n07_05,7,min,proposed,768,random,5,5,5,0,148372246050430679,"[0, 0, 0, 0, 0, 1, 126, 0, 0, 0, 0, 0, 0, 0, 0, 0, 0]",0.13148958333333335,0.12856770833333334,0.1359921875,0.009351,0.00392,0.100984,0.114315
random_n07_05,7,spectrum,peigen,1408,random,5,761,761,0,6897394105676839909,"[0, 0, 0, 0, 0, 1, 126, 0, 0, 0, 0, 0, 0, 0, 0, 0, 0]",1.897557528409091,1.8968245738636362,1.8977535511363637,0.009251,0.005142,2.671761,2.685559
random_n07_05,7,spectrum,proposed,1408,random,5,761,761,0,6897394105676839909,"[0, 0, 0, 0, 0, 1, 126, 0, 0, 0, 0, 0, 0, 0, 0, 0, 0]",0.18204332386363636,0.18175923295454546,0.18456889204545454,0.009322,0.006786,0.256317,0.27588
random_n07_06,7,max,peigen,10240,random,5,6,6,0,10565476486961278273,"[0, 0, 0, 0, 0, 1, 126, 0, 0, 0, 0, 0, 0, 0, 0, 0, 0]",0.5362388671875,0.5357092773437501,0.536327734375,0.009302,0.005162,5.491086,5.504044
random_n07_06,7,max,proposed,10240,random,5,6,6,0,10565476486961278273,"[0, 0, 0, 0, 0, 1, 126, 0, 0, 0, 0, 0, 0, 0, 0, 0, 0]",0.05569482421875,0.05495263671875,0.05584384765625,0.009211,0.002185,0.570315,0.581672
random_n07_06,7,min,peigen,768,random,5,5,5,0,12698328847155133853,"[0, 0, 0, 0, 0, 1, 126, 0, 0, 0, 0, 0, 0, 0, 0, 0, 0]",1.3027369791666668,1.3025963541666667,1.3036484375,0.009522,0.008058,1.000502,1.018686
random_n07_06,7,min,proposed,768,random,5,5,5,0,12698328847155133853,"[0, 0, 0, 0, 0, 1, 126, 0, 0, 0, 0, 0, 0, 0, 0, 0, 0]",0.11725130208333333,0.11708203125,0.1175,0.009302,0.00409,0.090049,0.10336
random_n07_06,7,spectrum,peigen,1408,random,5,761,762,0,17462613923631130427,"[0, 0, 0, 0, 0, 0, 127, 0, 0, 0, 0, 0, 0, 0, 0, 0, 0]",1.8887698863636362,1.885958096590909,1.890385653409091,0.009081,0.007017,2.659388,2.676107
random_n07_06,7,spectrum,proposed,1408,random,5,761,762,0,17462613923631130427,"[0, 0, 0, 0, 0, 0, 127, 0, 0, 0, 0, 0, 0, 0, 0, 0, 0]",0.1783465909090909,0.17762357954545455,0.17997798295454548,0.009101,0.006745,0.251112,0.266808
random_n07_07,7,max,peigen,10240,random,5,6,6,0,7183715048359273219,"[0, 0, 0, 0, 0, 1, 126, 0, 0, 0, 0, 0, 0, 0, 0, 0, 0]",0.5365080078125,0.53531396484375,0.53657177734375,0.009252,0.003468,5.493842,5.506954
random_n07_07,7,max,proposed,10240,random,5,6,6,0,7183715048359273219,"[0, 0, 0, 0, 0, 1, 126, 0, 0, 0, 0, 0, 0, 0, 0, 0, 0]",0.05396474609375,0.05351416015625,0.054134472656249995,0.009151,0.002225,0.552599,0.563966
random_n07_07,7,min,peigen,768,random,5,5,5,0,9981745022940271919,"[0, 0, 0, 0, 0, 1, 126, 0, 0, 0, 0, 0, 0, 0, 0, 0, 0]",1.29109765625,1.29061328125,1.2922721354166666,0.009402,0.008199,0.991563,1.008862
random_n07_07,7,min,proposed,768,random,5,5,5,0,9981745022940271919,"[0, 0, 0, 0, 0, 1, 126, 0, 0, 0, 0, 0, 0, 0, 0, 0, 0]",0.16516145833333334,0.164640625,0.16572526041666666,0.009322,0.0042,0.126844,0.140255
random_n07_07,7,spectrum,peigen,1408,random,5,761,761,0,3364170421072116903,"[0, 0, 0, 0, 0, 1, 126, 0, 0, 0, 0, 0, 0, 0, 0, 0, 0]",1.9047478693181819,1.9032492897727273,1.911421875,0.009262,0.004611,2.681885,2.697852
random_n07_07,7,spectrum,proposed,1408,random,5,761,761,0,3364170421072116903,"[0, 0, 0, 0, 0, 1, 126, 0, 0, 0, 0, 0, 0, 0, 0, 0, 0]",0.185203125,0.1848487215909091,0.18847727272727272,0.009231,0.006816,0.260766,0.276783
random_n07_08,7,max,peigen,10240,random,5,6,6,0,5995585010809375741,"[0, 0, 0, 0, 0, 1, 126, 0, 0, 0, 0, 0, 0, 0, 0, 0, 0]",0.5344125000000001,0.5342293945312501,0.53467060546875,0.009101,0.003218,5.472384,5.484752
random_n07_08,7,max,proposed,10240,random,5,6,6,0,5995585010809375741,"[0, 0, 0, 0, 0, 1, 126, 0, 0, 0, 0, 0, 0, 0, 0, 0, 0]",0.05425673828125,0.0536279296875,0.05429287109375,0.009191,0.002275,0.555589,0.567016
random_n07_08,7,min,peigen,768,random,5,5,5,0,17787348553007348447,"[0, 0, 0, 0, 0, 1, 126, 0, 0, 0, 0, 0, 0, 0, 0, 0, 0]",1.2833802083333332,1.2824830729166667,1.28538671875,0.009332,0.006806,0.985636,1.000955
random_n07_08,7,min,proposed,768,random,5,5,5,0,17787348553007348447,"[0, 0, 0, 0, 0, 1, 126, 0, 0, 0, 0, 0, 0, 0, 0, 0, 0]",0.12482161458333332,0.124390625,0.13483072916666666,0.009392,0.00419,0.095863,0.110948
random_n07_08,7,spectrum,peigen,1408,random,5,761,761,0,10374956343475937157,"[0, 0, 0, 0, 0, 1, 126, 0, 0, 0, 0, 0, 0, 0, 0, 0, 0]",1.8955610795454545,1.8952130681818182,1.8971732954545455,0.009332,0.004781,2.66895,2.682573
random_n07_08,7,spectrum,proposed,1408,random,5,761,761,0,10374956343475937157,"[0, 0, 0, 0, 0, 1, 126, 0, 0, 0, 0, 0, 0, 0, 0, 0, 0]",0.1833380681818182,0.18313920454545454,0.18627272727272728,0.009332,0.006625,0.25814,0.273817
random_n07_09,7,max,peigen,10240,random,5,6,6,0,13879658160620638279,"[0, 0, 0, 0, 0, 0, 127, 0, 0, 0, 0, 0, 0, 0, 0, 0, 0]",0.53566923828125,0.53451884765625,0.5359697265625,0.009251,0.003238,5.485253,5.500439
random_n07_09,7,max,proposed,10240,random,5,6,6,0,13879658160620638279,"[0, 0, 0, 0, 0, 0, 127, 0, 0, 0, 0, 0, 0, 0, 0, 0, 0]",0.05360029296875,0.05358916015625,0.05363935546875,0.009342,0.002255,0.548867,0.56039
random_n07_09,7,min,peigen,768,random,5,5,5,0,8590281172133726585,"[0, 0, 0, 0, 0, 1, 126, 0, 0, 0, 0, 0, 0, 0, 0, 0, 0]",1.2838229166666668,1.2834036458333333,1.28757421875,0.009292,0.006526,0.985976,1.003425
random_n07_09,7,min,proposed,768,random,5,5,5,0,8590281172133726585,"[0, 0, 0, 0, 0, 1, 126, 0, 0, 0, 0, 0, 0, 0, 0, 0, 0]",0.161078125,0.15738411458333335,0.16321744791666665,0.009332,0.00412,0.123708,0.137781
random_n07_09,7,spectrum,peigen,1408,random,5,761,761,0,110542845915620843,"[0, 0, 0, 0, 0, 1, 126, 0, 0, 0, 0, 0, 0, 0, 0, 0, 0]",1.9067620738636362,1.905018465909091,1.9076988636363637,0.009241,0.006886,2.684721,2.701109
random_n07_09,7,spectrum,proposed,1408,random,5,761,761,0,110542845915620843,"[0, 0, 0, 0, 0, 1, 126, 0, 0, 0, 0, 0, 0, 0, 0, 0, 0]",0.18231960227272728,0.18198508522727272,0.18343110795454548,0.009231,0.006685,0.256706,0.272683
random_n08_00,8,max,peigen,6912,random,5,7,7,0,2472326804411775659,"[0, 0, 0, 0, 0, 0, 0, 255, 0, 0, 0, 0, 0, 0, 0, 0, 0]",0.8489784432870371,0.841732349537037,0.8552436342592592,0.010153,0.010464,5.868139,5.887704
random_n08_00,8,max,proposed,6912,random,5,7,7,0,2472326804411775659,"[0, 0, 0, 0, 0, 0, 0, 255, 0, 0, 0, 0, 0, 0, 0, 0, 0]",0.0691511863425926,0.06772670717592592,0.06920515046296297,0.010033,0.005663,0.477973,0.493298
random_n08_00,8,min,peigen,491,random,5,6,6,0,14302216915676772393,"[0, 0, 0, 0, 0, 0, 1, 254, 0, 0, 0, 0, 0, 0, 0, 0, 0]",2.487246435845214,2.482537678207739,2.496769857433809,0.012469,0.009763,1.221238,1.244021
random_n08_00,8,min,proposed,491,random,5,6,6,0,14302216915676772393,"[0, 0, 0, 0, 0, 0, 1, 254, 0, 0, 0, 0, 0, 0, 0, 0, 0]",0.2505621181262729,0.24925458248472507,0.25121384928716906,0.012469,0.002035,0.123026,0.13787
random_n08_00,8,spectrum,peigen,640,random,5,1784,1784,0,2567062163970657093,"[0, 0, 0, 0, 0, 0, 1, 254, 0, 0, 0, 0, 0, 0, 0, 0, 0]",3.60868125,3.6038109375,3.612609375,0.010264,0.013471,2.309556,2.333381
random_n08_00,8,spectrum,proposed,640,random,5,1784,1784,0,2567062163970657093,"[0, 0, 0, 0, 0, 0, 1, 254, 0, 0, 0, 0, 0, 0, 0, 0, 0]",0.33527968750000003,0.3326,0.34768125,0.010084,0.014133,0.214579,0.238324
random_n08_01,8,max,peigen,6912,random,5,7,7,0,15456454464624034109,"[0, 0, 0, 0, 0, 0, 1, 254, 0, 0, 0, 0, 0, 0, 0, 0, 0]",0.8509898726851852,0.8507728587962963,0.8513247974537037,0.010194,0.010585,5.882042,5.903275
random_n08_01,8,max,proposed,6912,random,5,7,7,0,15456454464624034109,"[0, 0, 0, 0, 0, 0, 1, 254, 0, 0, 0, 0, 0, 0, 0, 0, 0]",0.06596252893518519,0.06572294560185185,0.06643156828703704,0.010063,0.005914,0.455933,0.471971
random_n08_01,8,min,peigen,491,random,5,6,6,0,13088251914154843549,"[0, 0, 0, 0, 0, 0, 1, 254, 0, 0, 0, 0, 0, 0, 0, 0, 0]",2.4967474541751526,2.4904725050916494,2.5110183299389,0.012468,0.011817,1.225903,1.248796
random_n08_01,8,min,proposed,491,random,5,6,6,0,13088251914154843549,"[0, 0, 0, 0, 0, 0, 1, 254, 0, 0, 0, 0, 0, 0, 0, 0, 0]",0.24531568228105904,0.2370692464358452,0.2535824847250509,0.012378,0.002035,0.12045,0.135264
random_n08_01,8,spectrum,peigen,640,random,5,1784,1784,0,13075263813838567471,"[0, 0, 0, 0, 0, 0, 1, 254, 0, 0, 0, 0, 0, 0, 0, 0, 0]",3.5930515625,3.5895578125000003,3.6326593750000002,0.010024,0.013371,2.299553,2.323017
random_n08_01,8,spectrum,proposed,640,random,5,1784,1784,0,13075263813838567471,"[0, 0, 0, 0, 0, 0, 1, 254, 0, 0, 0, 0, 0, 0, 0, 0, 0]",0.334875,0.33480937499999996,0.34426718749999996,0.009893,0.014133,0.21432,0.238877
random_n08_02,8,max,peigen,6912,random,5,7,7,0,17543196234354959693,"[0, 0, 0, 0, 0, 0, 1, 254, 0, 0, 0, 0, 0, 0, 0, 0, 0]",0.852416087962963,0.843572482638889,0.8532236689814815,0.010234,0.010174,5.8919,5.915194
random_n08_02,8,max,proposed,6912,random,5,7,7,0,17543196234354959693,"[0, 0, 0, 0, 0, 0, 1, 254, 0, 0, 0, 0, 0, 0, 0, 0, 0]",0.06485763888888889,0.06461154513888888,0.06520529513888888,0.010123,0.005703,0.448296,0.464092
random_n08_02,8,min,peigen,491,random,5,6,6,0,14784075108990547983,"[0, 0, 0, 0, 0, 0, 1, 254, 0, 0, 0, 0, 0, 0, 0, 0, 0]",2.5007474541751527,2.5004663951120163,2.5023319755600815,0.012288,0.011206,1.227867,1.252246
random_n08_02,8,min,proposed,491,random,5,6,6,0,14784075108990547983,"[0, 0, 0, 0, 0, 0, 1, 254, 0, 0, 0, 0, 0, 0, 0, 0, 0]",0.23668024439918534,0.23580448065173115,0.2375376782077393,0.012419,0.002124,0.11621,0.130854
random_n08_02,8,spectrum,peigen,640,random,5,1784,1784,0,2443942742717446591,"[0, 0, 0, 0, 0, 0, 1, 254, 0, 0, 0, 0, 0, 0, 0, 0, 0]",3.5936218749999997,3.5894765625,3.5989250000000004,0.010124,0.014353,2.299918,2.324154
random_n08_02,8,spectrum,proposed,640,random,5,1784,1784,0,2443942742717446591,"[0, 0, 0, 0, 0, 0, 1, 254, 0, 0, 0, 0, 0, 0, 0, 0, 0]",0.330971875,0.3305640625,0.33213125000000004,0.010043,0.014103,0.211822,0.236319
random_n08_03,8,max,peigen,6912,random,5,7,7,0,12965790449268334107,"[0, 0, 0, 0, 0, 0, 0, 255, 0, 0, 0, 0, 0, 0, 0, 0, 0]",0.8547747395833334,0.8515881076388889,0.8624675925925926,0.010313,0.011858,5.908203,5.930504
random_n08_03,8,max,proposed,6912,random,5,7,7,0,12965790449268334107,"[0, 0, 0, 0, 0, 0, 0, 255, 0, 0, 0, 0, 0, 0, 0, 0, 0]",0.06578428819444444,0.06573842592592592,0.06607667824074075,0.010094,0.005713,0.454701,0.470508
random_n08_03,8,min,peigen,491,random,5,6,6,0,13911260715075711147,"[0, 0, 0, 0, 0, 0, 1, 254, 0, 0, 0, 0, 0, 0, 0, 0, 0]",2.4975763747454174,2.4943706720977596,2.5034276985743382,0.01252,0.011155,1.22631,1.250988
random_n08_03,8,min,proposed,491,random,5,6,6,0,13911260715075711147,"[0, 0, 0, 0, 0, 0, 1, 254, 0, 0, 0, 0, 0, 0, 0, 0, 0]",0.21779633401221998,0.21616496945010183,0.21781873727087578,0.012299,0.002094,0.106938,0.121291
random_n08_03,8,spectrum,peigen,640,random,5,1784,1782,0,16741839417726355591,"[0, 0, 0, 0, 0, 0, 3, 252, 0, 0, 0, 0, 0, 0, 0, 0, 0]",3.6327984375,3.628321875,3.6415984375,0.010143,0.013551,2.324991,2.351042
random_n08_03,8,spectrum,proposed,640,random,5,1784,1782,0,16741839417726355591,"[0, 0, 0, 0, 0, 0, 3, 252, 0, 0, 0, 0, 0, 0, 0, 0, 0]",0.32454843749999995,0.3239859375,0.3248171875,0.010043,0.014042,0.207711,0.231737
random_n08_04,8,max,peigen,6912,random,5,7,7,0,8955790833600420655,"[0, 0, 0, 0, 0, 0, 3, 252, 0, 0, 0, 0, 0, 0, 0, 0, 0]",0.8512915219907408,0.8510455729166666,0.853111400462963,0.010073,0.010886,5.884127,5.904638
random_n08_04,8,max,proposed,6912,random,5,7,7,0,8955790833600420655,"[0, 0, 0, 0, 0, 0, 3, 252, 0, 0, 0, 0, 0, 0, 0, 0, 0]",0.06963208912037036,0.06945818865740741,0.06987572337962963,0.010104,0.005603,0.481297,0.496983
random_n08_04,8,min,peigen,491,random,5,7,7,0,15942162012406510011,"[0, 0, 0, 0, 0, 0, 0, 255, 0, 0, 0, 0, 0, 0, 0, 0, 0]",2.491539714867617,2.488095723014257,2.5032708757637474,0.012469,0.010635,1.223346,1.245368
random_n08_04,8,min,proposed,491,random,5,7,7,0,15942162012406510011,"[0, 0, 0, 0, 0, 0, 0, 255, 0, 0, 0, 0, 0, 0, 0, 0, 0]",0.2305336048879837,0.2305132382892057,0.24462321792260694,0.012439,0.001985,0.113192,0.127776
random_n08_04,8,spectrum,peigen,640,random,5,1785,1784,0,17234143371983421069,"[0, 0, 0, 0, 0, 0, 1, 254, 0, 0, 0, 0, 0, 0, 0, 0, 0]",3.6339453125,3.62725625,3.6442484375,0.010194,0.015205,2.325725,2.351304
random_n08_04,8,spectrum,proposed,640,random,5,1785,1784,0,17234143371983421069,"[0, 0, 0, 0, 0, 0, 1, 254, 0, 0, 0, 0, 0, 0, 0, 0, 0]",0.3201015625,0.31980624999999996,0.33155,0.010074,0.013962,0.204865,0.229072
random_n08_05,8,max,peigen,6912,random,5,7,7,0,625344146789304241,"[0, 0, 0, 0, 0, 0, 3, 252, 0, 0, 0, 0, 0, 0, 0, 0, 0]",0.8499849537037037,0.8490364583333334,0.854126880787037,0.010033,0.01303,5.875096,5.898581
random_n08_05,8,max,proposed,6912,random,5,7,7,0,625344146789304241,"[0, 0, 0, 0, 0, 0, 3, 252, 0, 0, 0, 0, 0, 0, 0, 0, 0]",0.06956264467592592,0.0692918113425926,0.07056018518518518,0.010073,0.005673,0.480817,0.496744
random_n08_05,8,min,peigen,491,random,5,7,7,0,14463057154257847951,"[0, 0, 0, 0, 0, 0, 0, 255, 0, 0, 0, 0, 0, 0, 0, 0, 0]",2.488010183299389,2.4859327902240325,2.4882057026476576,0.012519,0.009582,1.221613,1.242183
random_n08_05,8,min,proposed,491,random,5,7,7,0,14463057154257847951,"[0, 0, 0, 0, 0, 0, 0, 255, 0, 0, 0, 0, 0, 0, 0, 0, 0]",0.2330468431771894,0.2286374745417515,0.23323014256619143,0.012369,0.002115,0.114426,0.128659
random_n08_05,8,spectrum,peigen,640,random,5,1785,1784,0,3032619481602477993,"[0, 0, 0, 0, 0, 0, 1, 254, 0, 0, 0, 0, 0, 0, 0, 0, 0]",3.6328453125,3.626615625,3.6351765625,0.010163,0.013701,2.325021,2.349386
random_n08_05,8,spectrum,proposed,640,random,5,1785,1784,0,3032619481602477993,"[0, 0, 0, 0, 0, 0, 1, 254, 0, 0, 0, 0, 0, 0, 0, 0, 0]",0.349659375,0.33961874999999997,0.3505484375,0.010184,0.014052,0.223782,0.248119
random_n08_06,8,max,peigen,6912,random,5,7,7,0,11176442591906351313,"[0, 0, 0, 0, 0, 0, 3, 252, 0, 0, 0, 0, 0, 0, 0, 0, 0]",0.8522977430555555,0.844402488425926,0.8547667824074074,0.010143,0.012729,5.891082,5.911179
random_n08_06,8,max,proposed,6912,random,5,7,7,0,11176442591906351313,"[0, 0, 0, 0, 0, 0, 3, 252, 0, 0, 0, 0, 0, 0, 0, 0, 0]",0.06904224537037036,0.06903978587962964,0.07010329861111111,0.010123,0.005714,0.47722,0.499445
random_n08_06,8,min,peigen,491,random,5,7,7,0,10877152334269854441,"[0, 0, 0, 0, 0, 0, 0, 255, 0, 0, 0, 0, 0, 0, 0, 0, 0]",2.4987780040733196,2.4882790224032587,2.5040346232179225,0.012259,0.010244,1.2269,1.248481
random_n08_06,8,min,proposed,491,random,5,7,7,0,10877152334269854441,"[0, 0, 0, 0, 0, 0, 0, 255, 0, 0, 0, 0, 0, 0, 0, 0, 0]",0.2324562118126273,0.2310692464358452,0.23823014256619143,0.012379,0.002045,0.114136,0.128599
random_n08_06,8,spectrum,peigen,640,random,5,1785,1784,0,16736927190402224081,"[0, 0, 0, 0, 0, 0, 1, 254, 0, 0, 0, 0, 0, 0, 0, 0, 0]",3.6205484375,3.618515625,3.636078125,0.010154,0.015115,2.317151,2.343122
random_n08_06,8,spectrum,proposed,640,random,5,1785,1784,0,16736927190402224081,"[0, 0, 0, 0, 0, 0, 1, 254, 0, 0, 0, 0, 0, 0, 0, 0, 0]",0.3376765625,0.3374390625,0.341590625,0.010114,0.014113,0.216113,0.240249
random_n08_07,8,max,peigen,6912,random,5,7,7,0,7309893091177710659,"[0, 0, 0, 0, 0, 0, 0, 255, 0, 0, 0, 0, 0, 0, 0, 0, 0]",0.8523172743055556,0.8426999421296297,0.8581578414351853,0.010154,0.012419,5.891217,5.917178
random_n08_07,8,max,proposed,6912,random,5,7,7,0,7309893091177710659,"[0, 0, 0, 0, 0, 0, 0, 255, 0, 0, 0, 0, 0, 0, 0, 0, 0]",0.06871788194444445,0.06847092013888889,0.06907508680555556,0.010284,0.005763,0.474978,0.490654
random_n08_07,8,min,peigen,491,random,5,6,6,0,13545761909965494203,"[0, 0, 0, 0, 0, 0, 1, 254, 0, 0, 0, 0, 0, 0, 0, 0, 0]",2.492429735234216,2.483714867617108,2.494765784114053,0.012399,0.010986,1.223783,1.247198
random_n08_07,8,min,proposed,491,random,5,6,6,0,13545761909965494203,"[0, 0, 0, 0, 0, 0, 1, 254, 0, 0, 0, 0, 0, 0, 0, 0, 0]",0.24060081466395114,0.24037474541751527,0.2414175152749491,0.012268,0.002025,0.118135,0.132629
random_n08_07,8,spectrum,peigen,640,random,5,1784,1784,0,5980325290497599523,"[0, 0, 0, 0, 0, 0, 1, 254, 0, 0, 0, 0, 0, 0, 0, 0, 0]",3.6166640625,3.6157984375,3.6219609375,0.010184,0.014955,2.314665,2.340543
random_n08_07,8,spectrum,proposed,640,random,5,1784,1784,0,5980325290497599523,"[0, 0, 0, 0, 0, 0, 1, 254, 0, 0, 0, 0, 0, 0, 0, 0, 0]",0.3315828125,0.329359375,0.3412453125,0.010134,0.014263,0.212213,0.236629
random_n08_08,8,max,peigen,6912,random,5,7,7,0,9569334280123929567,"[0, 0, 0, 0, 0, 0, 1, 254, 0, 0, 0, 0, 0, 0, 0, 0, 0]",0.8526043113425926,0.8497346643518519,0.8571500289351852,0.009993,0.010815,5.893201,5.91429
random_n08_08,8,max,proposed,6912,random,5,7,7,0,9569334280123929567,"[0, 0, 0, 0, 0, 0, 1, 254, 0, 0, 0, 0, 0, 0, 0, 0, 0]",0.06873509837962963,0.0686925636574074,0.06945225694444444,0.010023,0.005724,0.475097,0.49086
random_n08_08,8,min,peigen,491,random,5,6,6,0,9400087221459158275,"[0, 0, 0, 0, 0, 0, 3, 252, 0, 0, 0, 0, 0, 0, 0, 0, 0]",2.5067820773930753,2.5016069246435846,2.525224032586558,0.012088,0.009642,1.23083,1.253954
random_n08_08,8,min,proposed,491,random,5,6,6,0,9400087221459158275,"[0, 0, 0, 0, 0, 0, 3, 252, 0, 0, 0, 0, 0, 0, 0, 0, 0]",0.23539511201629326,0.23294501018329938,0.24978615071283097,0.012339,0.002196,0.115579,0.130003
random_n08_08,8,spectrum,peigen,640,random,5,1782,1784,0,1283696357719199251,"[0, 0, 0, 0, 0, 0, 1, 254, 0, 0, 0, 0, 0, 0, 0, 0, 0]",3.59660625,3.5953359375,3.6081546875,0.010244,0.014964,2.301828,2.327036
random_n08_08,8,spectrum,proposed,640,random,5,1782,1784,0,1283696357719199251,"[0, 0, 0, 0, 0, 0, 1, 254, 0, 0, 0, 0, 0, 0, 0, 0, 0]",0.3314609375,0.33108125,0.33541875,0.009883,0.014123,0.212135,0.236167
random_n08_09,8,max,peigen,6912,random,5,7,7,0,10755404331343011591,"[0, 0, 0, 0, 0, 0, 1, 254, 0, 0, 0, 0, 0, 0, 0, 0, 0]",0.8589675925925926,0.8575588831018518,0.8594006076388889,0.010445,0.012458,5.937184,5.960729
random_n08_09,8,max,proposed,6912,random,5,7,7,0,10755404331343011591,"[0, 0, 0, 0, 0, 0, 1, 254, 0, 0, 0, 0, 0, 0, 0, 0, 0]",0.0684810474537037,0.06798900462962963,0.06905121527777777,0.010084,0.005794,0.473341,0.489168
random_n08_09,8,min,peigen,491,random,5,6,6,0,17643406256914060795,"[0, 0, 0, 0, 0, 0, 3, 252, 0, 0, 0, 0, 0, 0, 0, 0, 0]",2.5095865580448065,2.5031771894093686,2.5253604887983707,0.012329,0.011887,1.232207,1.257737
random_n08_09,8,min,proposed,491,random,5,6,6,0,17643406256914060795,"[0, 0, 0, 0, 0, 0, 3, 252, 0, 0, 0, 0, 0, 0, 0, 0, 0]",0.23206720977596743,0.22124847250509166,0.2329022403258656,0.012169,0.002165,0.113945,0.128379
random_n08_09,8,spectrum,peigen,640,random,5,1782,1785,0,4077821611163485823,"[0, 0, 0, 0, 0, 0, 0, 255, 0, 0, 0, 0, 0, 0, 0, 0, 0]",3.6595703125,3.6554140625,3.6615375,0.010133,0.01689,2.342125,2.368272
random_n08_09,8,spectrum,proposed,640,random,5,1782,1785,0,4077821611163485823,"[0, 0, 0, 0, 0, 0, 0, 255, 0, 0, 0, 0, 0, 0, 0, 0, 0]",0.33678593749999997,0.3360453125,0.347040625,0.010144,0.014313,0.215543,0.24009
random_n09_00,9,max,bitwise,5248,random,5,8,8,0,3705362169156260849,"[0, 0, 0, 0, 0, 0, 0, 1, 510, 0, 0, 0, 0, 0, 0, 0, 0]",0.5441945503048781,0.5441318597560976,0.5451364329268292,0.013511,0.006365,2.855933,2.87587
random_n09_00,9,max,proposed,5248,random,5,8,8,0,3705362169156260849,"[0, 0, 0, 0, 0, 0, 0, 1, 510, 0, 0, 0, 0, 0, 0, 0, 0]",0.08488490853658537,0.08350914634146342,0.08501448170731707,0.013602,0.006485,0.445476,0.465182
random_n09_00,9,min,bitwise,138,random,5,7,7,0,21585384521114427,"[0, 0, 0, 0, 0, 0, 0, 1, 510, 0, 0, 0, 0, 0, 0, 0, 0]",8.008514492753623,7.989797101449275,8.016376811594203,0.013652,0.015175,1.105175,1.134122
random_n09_00,9,min,proposed,138,random,5,7,7,0,21585384521114427,"[0, 0, 0, 0, 0, 0, 0, 1, 510, 0, 0, 0, 0, 0, 0, 0, 0]",0.4323840579710145,0.42192753623188406,0.4339782608695652,0.013512,0.004701,0.059669,0.077821
random_n09_00,9,spectrum,bitwise,256,random,5,4087,4087,0,11408856967150050297,"[0, 0, 0, 0, 0, 0, 0, 1, 510, 0, 0, 0, 0, 0, 0, 0, 0]",6.43022265625,6.400296875,6.43916015625,0.013411,0.013171,1.646137,1.672328
random_n09_00,9,spectrum,proposed,256,random,5,4087,4087,0,11408856967150050297,"[0, 0, 0, 0, 0, 0, 0, 1, 510, 0, 0, 0, 0, 0, 0, 0, 0]",0.62689453125,0.62548046875,0.6297421875,0.013361,0.036655,0.160485,0.212934
random_n09_01,9,max,bitwise,5248,random,5,8,8,0,5140685786781166213,"[0, 0, 0, 0, 0, 0, 0, 1, 510, 0, 0, 0, 0, 0, 0, 0, 0]",0.545774199695122,0.5457513338414635,0.5459239710365854,0.013721,0.006405,2.864223,2.884511
random_n09_01,9,max,proposed,5248,random,5,8,8,0,5140685786781166213,"[0, 0, 0, 0, 0, 0, 0, 1, 510, 0, 0, 0, 0, 0, 0, 0, 0]",0.08467244664634146,0.08440929878048781,0.0847109375,0.013321,0.006425,0.444361,0.464097
random_n09_01,9,min,bitwise,138,random,5,8,8,0,3875800111001051325,"[0, 0, 0, 0, 0, 0, 0, 0, 511, 0, 0, 0, 0, 0, 0, 0, 0]",7.917666666666667,7.902384057971014,7.979985507246377,0.013752,0.013431,1.092638,1.119942
random_n09_01,9,min,proposed,138,random,5,8,8,0,3875800111001051325,"[0, 0, 0, 0, 0, 0, 0, 0, 511, 0, 0, 0, 0, 0, 0, 0, 0]",0.412268115942029,0.40993478260869565,0.4124782608695652,0.013562,0.004711,0.056893,0.075106
random_n09_01,9,spectrum,bitwise,256,random,5,4088,4087,0,12724731978524340439,"[0, 0, 0, 0, 0, 0, 0, 1, 510, 0, 0, 0, 0, 0, 0, 0, 0]",6.33424609375,6.31633203125,6.345734375,0.013441,0.011477,1.621567,1.646676
random_n09_01,9,spectrum,proposed,256,random,5,4088,4087,0,12724731978524340439,"[0, 0, 0, 0, 0, 0, 0, 1, 510, 0, 0, 0, 0, 0, 0, 0, 0]",0.64787109375,0.6434453125,0.6485390625,0.013451,0.036044,0.165855,0.215771
random_n09_02,9,max,bitwise,5248,random,5,8,8,0,4542657886834352941,"[0, 0, 0, 0, 0, 0, 0, 1, 510, 0, 0, 0, 0, 0, 0, 0, 0]",0.546462461890244,0.5458086890243902,0.5465611661585366,0.013381,0.006325,2.867835,2.887571
random_n09_02,9,max,proposed,5248,random,5,8,8,0,4542657886834352941,"[0, 0, 0, 0, 0, 0, 0, 1, 510, 0, 0, 0, 0, 0, 0, 0, 0]",0.08252572408536585,0.08251619664634147,0.0840201981707317,0.013362,0.006424,0.433095,0.453281
random_n09_02,9,min,bitwise,138,random,5,7,7,0,13942785656654467209,"[0, 0, 0, 0, 0, 0, 0, 1, 510, 0, 0, 0, 0, 0, 0, 0, 0]",7.983384057971014,7.952673913043478,8.033485507246377,0.013481,0.013832,1.101707,1.12899
random_n09_02,9,min,proposed,138,random,5,7,7,0,13942785656654467209,"[0, 0, 0, 0, 0, 0, 0, 1, 510, 0, 0, 0, 0, 0, 0, 0, 0]",0.47959420289855076,0.47342028985507245,0.4827101449275362,0.013491,0.004871,0.066184,0.085708
random_n09_02,9,spectrum,bitwise,256,random,5,4087,4088,0,10425990392788389069,"[0, 0, 0, 0, 0, 0, 0, 0, 511, 0, 0, 0, 0, 0, 0, 0, 0]",6.44416796875,6.43219140625,6.4506875,0.013502,0.011958,1.649707,1.675136
random_n09_02,9,spectrum,proposed,256,random,5,4087,4088,0,10425990392788389069,"[0, 0, 0, 0, 0, 0, 0, 0, 511, 0, 0, 0, 0, 0, 0, 0, 0]",0.66675,0.6553125,0.6702265625,0.013532,0.036033,0.170688,0.220053
random_n09_03,9,max,bitwise,5248,random,5,8,8,0,905849063062888735,"[0, 0, 0, 0, 0, 0, 0, 0, 511, 0, 0, 0, 0, 0, 0, 0, 0]",0.5478132621951219,0.5472360899390244,0.5479878048780488,0.013441,0.006445,2.874924,2.89481
random_n09_03,9,max,proposed,5248,random,5,8,8,0,905849063062888735,"[0, 0, 0, 0, 0, 0, 0, 0, 511, 0, 0, 0, 0, 0, 0, 0, 0]",0.09132088414634147,0.0906592987804878,0.09155259146341463,0.013511,0.006425,0.479252,0.498868
random_n09_03,9,min,bitwise,138,random,5,8,8,0,401623033781017149,"[0, 0, 0, 0, 0, 0, 0, 0, 511, 0, 0, 0, 0, 0, 0, 0, 0]",7.968,7.962144927536232,8.005021739130434,0.013602,0.013612,1.099584,1.126066
random_n09_03,9,min,proposed,138,random,5,8,8,0,401623033781017149,"[0, 0, 0, 0, 0, 0, 0, 0, 511, 0, 0, 0, 0, 0, 0, 0, 0]",0.437536231884058,0.4269347826086956,0.43826086956521737,0.013532,0.004791,0.06038,0.078722
random_n09_03,9,spectrum,bitwise,256,random,5,4088,4087,0,15977477141656472797,"[0, 0, 0, 0, 0, 0, 0, 1, 510, 0, 0, 0, 0, 0, 0, 0, 0]",6.42823046875,6.40772265625,6.42905859375,0.013551,0.011667,1.645627,1.670906
random_n09_03,9,spectrum,proposed,256,random,5,4088,4087,0,15977477141656472797,"[0, 0, 0, 0, 0, 0, 0, 1, 510, 0, 0, 0, 0, 0, 0, 0, 0]",0.67348046875,0.67160546875,0.6782578125,0.013411,0.036064,0.172411,0.222358
random_n09_04,9,max,bitwise,5248,random,5,8,8,0,2297415230011022081,"[0, 0, 0, 0, 0, 0, 0, 3, 508, 0, 0, 0, 0, 0, 0, 0, 0]",0.5480764100609756,0.5469849466463415,0.5482000762195122,0.013421,0.006365,2.876305,2.895911
random_n09_04,9,max,proposed,5248,random,5,8,8,0,2297415230011022081,"[0, 0, 0, 0, 0, 0, 0, 3, 508, 0, 0, 0, 0, 0, 0, 0, 0]",0.08574447408536585,0.08507717225609755,0.08596760670731707,0.013651,0.006485,0.449987,0.470144
random_n09_04,9,min,bitwise,138,random,5,7,7,0,11439649592621031111,"[0, 0, 0, 0, 0, 0, 0, 1, 510, 0, 0, 0, 0, 0, 0, 0, 0]",7.95986231884058,7.947398550724638,7.964376811594203,0.013581,0.015035,1.098461,1.126848
random_n09_04,9,min,proposed,138,random,5,7,7,0,11439649592621031111,"[0, 0, 0, 0, 0, 0, 0, 1, 510, 0, 0, 0, 0, 0, 0, 0, 0]",0.4742173913043478,0.44792028985507243,0.47843478260869565,0.013521,0.005071,0.065442,0.084036
random_n09_04,9,spectrum,bitwise,256,random,5,4087,4088,0,9182802636917269841,"[0, 0, 0, 0, 0, 0, 0, 0, 511, 0, 0, 0, 0, 0, 0, 0, 0]",6.4913515625,6.473265625,6.55007421875,0.013532,0.01308,1.661786,1.687647
random_n09_04,9,spectrum,proposed,256,random,5,4087,4088,0,9182802636917269841,"[0, 0, 0, 0, 0, 0, 0, 0, 511, 0, 0, 0, 0, 0, 0, 0, 0]",0.6825234375,0.65605859375,0.6880390625,0.013261,0.036234,0.174726,0.224692
random_n09_05,9,max,bitwise,5248,random,5,8,8,0,7235728728767974623,"[0, 0, 0, 0, 0, 0, 0, 1, 510, 0, 0, 0, 0, 0, 0, 0, 0]",0.5477402820121952,0.5468858612804878,0.547814024390244,0.013541,0.006275,2.874541,2.894583
random_n09_05,9,max,proposed,5248,random,5,8,8,0,7235728728767974623,"[0, 0, 0, 0, 0, 0, 0, 1, 510, 0, 0, 0, 0, 0, 0, 0, 0]",0.0897686737804878,0.08936128048780488,0.08995826981707317,0.013271,0.006555,0.471106,0.490952
random_n09_05,9,min,bitwise,138,random,5,7,7,0,16835442216212202309,"[0, 0, 0, 0, 0, 0, 0, 1, 510, 0, 0, 0, 0, 0, 0, 0, 0]",7.825927536231884,7.814557971014493,7.832217391304348,0.013772,0.014564,1.079978,1.108771
random_n09_05,9,min,proposed,138,random,5,7,7,0,16835442216212202309,"[0, 0, 0, 0, 0, 0, 0, 1, 510, 0, 0, 0, 0, 0, 0, 0, 0]",0.4346304347826087,0.42940579710144927,0.4403695652173913,0.013542,0.004831,0.059979,0.078853
random_n09_05,9,spectrum,bitwise,256,random,5,4087,4087,0,13621608190648951505,"[0, 0, 0, 0, 0, 0, 0, 1, 510, 0, 0, 0, 0, 0, 0, 0, 0]",6.49540234375,6.4942421875,6.52505859375,0.013582,0.012769,1.662823,1.689565
random_n09_05,9,spectrum,proposed,256,random,5,4087,4087,0,13621608190648951505,"[0, 0, 0, 0, 0, 0, 0, 1, 510, 0, 0, 0, 0, 0, 0, 0, 0]",0.66525390625,0.6541328125,0.668234375,0.013632,0.036444,0.170305,0.220803
random_n09_06,9,max,bitwise,5248,random,5,8,8,0,10960632136190837225,"[0, 0, 0, 0, 0, 0, 0, 1, 510, 0, 0, 0, 0, 0, 0, 0, 0]",0.543508193597561,0.5432690548780488,0.544328506097561,0.013461,0.006375,2.852331,2.872357
random_n09_06,9,max,proposed,5248,random,5,8,8,0,10960632136190837225,"[0, 0, 0, 0, 0, 0, 0, 1, 510, 0, 0, 0, 0, 0, 0, 0, 0]",0.0847703887195122,0.0847250381097561,0.08548971036585365,0.013541,0.006405,0.444875,0.464942
random_n09_06,9,min,bitwise,138,random,5,8,8,0,13408745756380566965,"[0, 0, 0, 0, 0, 0, 0, 0, 511, 0, 0, 0, 0, 0, 0, 0, 0]",7.914746376811594,7.884826086956522,7.940760869565217,0.013692,0.014193,1.092235,1.120059
random_n09_06,9,min,proposed,138,random,5,8,8,0,13408745756380566965,"[0, 0, 0, 0, 0, 0, 0, 0, 511, 0, 0, 0, 0, 0, 0, 0, 0]",0.45134057971014496,0.451268115942029,0.45184057971014496,0.013561,0.004821,0.062285,0.080837
random_n09_06,9,spectrum,bitwise,256,random,5,4088,4087,0,11378675659196528459,"[0, 0, 0, 0, 0, 0, 0, 1, 510, 0, 0, 0, 0, 0, 0, 0, 0]",6.41124609375,6.40580078125,6.41311328125,0.013452,0.012218,1.641279,1.666839
random_n09_06,9,spectrum,proposed,256,random,5,4088,4087,0,11378675659196528459,"[0, 0, 0, 0, 0, 0, 0, 1, 510, 0, 0, 0, 0, 0, 0, 0, 0]",0.61561328125,0.61534375,0.623828125,0.013451,0.036425,0.157597,0.207684
random_n09_07,9,max,bitwise,5248,random,5,8,8,0,18013414170048216773,"[0, 0, 0, 0, 0, 0, 0, 0, 511, 0, 0, 0, 0, 0, 0, 0, 0]",0.5454493140243902,0.5451364329268292,0.5457599085365854,0.013581,0.006496,2.862518,2.882595
random_n09_07,9,max,proposed,5248,random,5,8,8,0,18013414170048216773,"[0, 0, 0, 0, 0, 0, 0, 0, 511, 0, 0, 0, 0, 0, 0, 0, 0]",0.0845219131097561,0.08424142530487805,0.08453105945121951,0.013521,0.006415,0.443571,0.463296
random_n09_07,9,min,bitwise,138,random,5,7,7,0,9684766303113133647,"[0, 0, 0, 0, 0, 0, 0, 1, 510, 0, 0, 0, 0, 0, 0, 0, 0]",7.909094202898551,7.86636231884058,7.945876811594203,0.013641,0.015045,1.091455,1.119801
random_n09_07,9,min,proposed,138,random,5,7,7,0,9684766303113133647,"[0, 0, 0, 0, 0, 0, 0, 1, 510, 0, 0, 0, 0, 0, 0, 0, 0]",0.42336956521739133,0.4201811594202899,0.4422608695652174,0.013622,0.004741,0.058425,0.077048
random_n09_07,9,spectrum,bitwise,256,random,5,4087,4088,0,17920022018867733499,"[0, 0, 0, 0, 0, 0, 0, 0, 511, 0, 0, 0, 0, 0, 0, 0, 0]",6.44690625,6.4315234375,6.45409375,0.013411,0.013091,1.650408,1.67712
random_n09_07,9,spectrum,proposed,256,random,5,4087,4088,0,17920022018867733499,"[0, 0, 0, 0, 0, 0, 0, 0, 511, 0, 0, 0, 0, 0, 0, 0, 0]",0.63769140625,0.63471484375,0.646703125,0.013581,0.036274,0.163249,0.215332
random_n09_08,9,max,bitwise,5248,random,5,8,8,0,8142453869170220049,"[0, 0, 0, 0, 0, 0, 0, 0, 511, 0, 0, 0, 0, 0, 0, 0, 0]",0.548076600609756,0.5477109375,0.5487890625,0.013531,0.006274,2.876306,2.895971
random_n09_08,9,max,proposed,5248,random,5,8,8,0,8142453869170220049,"[0, 0, 0, 0, 0, 0, 0, 0, 511, 0, 0, 0, 0, 0, 0, 0, 0]",0.08488662347560975,0.08433822408536586,0.08557755335365853,0.013311,0.006455,0.445485,0.46493
random_n09_08,9,min,bitwise,138,random,5,7,7,0,3072040733913497751,"[0, 0, 0, 0, 0, 0, 0, 1, 510, 0, 0, 0, 0, 0, 0, 0, 0]",7.826797101449275,7.823666666666667,7.87368115942029,0.013441,0.013562,1.080098,1.107239
random_n09_08,9,min,proposed,138,random,5,7,7,0,3072040733913497751,"[0, 0, 0, 0, 0, 0, 0, 1, 510, 0, 0, 0, 0, 0, 0, 0, 0]",0.43471014492753624,0.43267391304347824,0.4371811594202899,0.013572,0.004711,0.05999,0.078102
random_n09_08,9,spectrum,bitwise,256,random,5,4087,4087,0,16462329649181553585,"[0, 0, 0, 0, 0, 0, 0, 1, 510, 0, 0, 0, 0, 0, 0, 0, 0]",6.4942109375,6.4915,6.525171875,0.013552,0.011978,1.662518,1.688787
random_n09_08,9,spectrum,proposed,256,random,5,4087,4087,0,16462329649181553585,"[0, 0, 0, 0, 0, 0, 0, 1, 510, 0, 0, 0, 0, 0, 0, 0, 0]",0.62245703125,0.61866015625,0.62915625,0.013421,0.036155,0.159349,0.209125
random_n09_09,9,max,bitwise,5248,random,5,8,8,0,2707862256223625217,"[0, 0, 0, 0, 0, 0, 0, 0, 511, 0, 0, 0, 0, 0, 0, 0, 0]",0.5448669969512195,0.5445682164634146,0.5468993902439024,0.013491,0.006415,2.859462,2.879569
random_n09_09,9,max,proposed,5248,random,5,8,8,0,2707862256223625217,"[0, 0, 0, 0, 0, 0, 0, 0, 511, 0, 0, 0, 0, 0, 0, 0, 0]",0.08761756859756098,0.0867810594512195,0.08800705030487804,0.013522,0.006385,0.459817,0.479372
random_n09_09,9,min,bitwise,138,random,5,8,8,0,18194504372711129291,"[0, 0, 0, 0, 0, 0, 0, 0, 511, 0, 0, 0, 0, 0, 0, 0, 0]",7.97663768115942,7.968036231884058,7.976688405797101,0.013632,0.014393,1.100776,1.128732
random_n09_09,9,min,proposed,138,random,5,8,8,0,18194504372711129291,"[0, 0, 0, 0, 0, 0, 0, 0, 511, 0, 0, 0, 0, 0, 0, 0, 0]",0.43071014492753623,0.4255507246376812,0.44335507246376815,0.013562,0.004671,0.059438,0.079213
random_n09_09,9,spectrum,bitwise,256,random,5,4088,4087,0,17590837651817560475,"[0, 0, 0, 0, 0, 0, 0, 1, 510, 0, 0, 0, 0, 0, 0, 0, 0]",6.41259375,6.37940625,6.4225625,0.013391,0.011917,1.641624,1.667344
random_n09_09,9,spectrum,proposed,256,random,5,4088,4087,0,17590837651817560475,"[0, 0, 0, 0, 0, 0, 0, 1, 510, 0, 0, 0, 0, 0, 0, 0, 0]",0.65816796875,0.654375,0.6706640625,0.013571,0.035853,0.168491,0.218527
random_n10_00,10,max,bitwise,1920,random,5,9,9,0,11298883045839332455,"[0, 0, 0, 0, 0, 0, 0, 0, 1, 1022, 0, 0, 0, 0, 0, 0, 0]",1.0100651041666666,1.00711875,1.0122588541666666,0.015356,0.016257,1.939325,1.971129
random_n10_00,10,max,proposed,1920,random,5,9,9,0,11298883045839332455,"[0, 0, 0, 0, 0, 0, 0, 0, 1, 1022, 0, 0, 0, 0, 0, 0, 0]",0.11500729166666666,0.11471406249999999,0.11516302083333334,0.015365,0.016077,0.220814,0.252335
random_n10_00,10,min,bitwise,71,random,5,8,8,0,10765755480040864697,"[0, 0, 0, 0, 0, 0, 0, 0, 1, 1022, 0, 0, 0, 0, 0, 0, 0]",20.859478873239436,20.808957746478875,21.40987323943662,0.015526,0.030791,1.481023,1.526609
random_n10_00,10,min,proposed,71,random,5,8,8,0,10765755480040864697,"[0, 0, 0, 0, 0, 0, 0, 0, 1, 1022, 0, 0, 0, 0, 0, 0, 0]",0.8000281690140845,0.7997464788732395,0.8005915492957746,0.015476,0.006966,0.056802,0.079274
random_n10_00,10,spectrum,bitwise,128,random,5,9206,9206,0,6469907303832865463,"[0, 0, 0, 0, 0, 0, 0, 0, 1, 1022, 0, 0, 0, 0, 0, 0, 0]",16.9287890625,16.914609375,16.9397265625,0.015376,0.03021,2.166885,2.21234
random_n10_00,10,spectrum,proposed,128,random,5,9206,9206,0,6469907303832865463,"[0, 0, 0, 0, 0, 0, 0, 0, 1, 1022, 0, 0, 0, 0, 0, 0, 0]",1.365125,1.358640625,1.4403046875,0.015416,0.123698,0.174736,0.313642
random_n10_01,10,max,bitwise,1920,random,5,9,9,0,588486407912727499,"[0, 0, 0, 0, 0, 0, 0, 0, 1, 1022, 0, 0, 0, 0, 0, 0, 0]",1.0123760416666667,1.0089479166666666,1.0133416666666668,0.015296,0.016137,1.943762,1.974995
random_n10_01,10,max,proposed,1920,random,5,9,9,0,588486407912727499,"[0, 0, 0, 0, 0, 0, 0, 0, 1, 1022, 0, 0, 0, 0, 0, 0, 0]",0.1111015625,0.10918020833333333,0.11227135416666667,0.015266,0.016288,0.213315,0.244738
random_n10_01,10,min,bitwise,71,random,5,9,9,0,17627669299565737605,"[0, 0, 0, 0, 0, 0, 0, 0, 0, 1023, 0, 0, 0, 0, 0, 0, 0]",21.780464788732395,21.761028169014082,21.971971830985915,0.015546,0.030872,1.546413,1.593081
random_n10_01,10,min,proposed,71,random,5,9,9,0,17627669299565737605,"[0, 0, 0, 0, 0, 0, 0, 0, 0, 1023, 0, 0, 0, 0, 0, 0, 0]",0.8416760563380281,0.8388450704225352,0.8418169014084507,0.015345,0.007087,0.059759,0.082131
random_n10_01,10,spectrum,bitwise,128,random,5,9207,9207,0,14059898158829237231,"[0, 0, 0, 0, 0, 0, 0, 0, 0, 1023, 0, 0, 0, 0, 0, 0, 0]",16.5452421875,16.5355859375,16.5932109375,0.015256,0.030961,2.117791,2.163798
random_n10_01,10,spectrum,proposed,128,random,5,9207,9207,0,14059898158829237231,"[0, 0, 0, 0, 0, 0, 0, 0, 0, 1023, 0, 0, 0, 0, 0, 0, 0]",1.4047578125,1.380546875,1.405703125,0.015416,0.124479,0.179809,0.320426
random_n10_02,10,max,bitwise,1920,random,5,9,9,0,9382271339543954185,"[0, 0, 0, 0, 0, 0, 0, 0, 0, 1023, 0, 0, 0, 0, 0, 0, 0]",1.0083567708333334,1.0072828125,1.0111265624999999,0.015336,0.015997,1.936045,1.966987
random_n10_02,10,max,proposed,1920,random,5,9,9,0,9382271339543954185,"[0, 0, 0, 0, 0, 0, 0, 0, 0, 1023, 0, 0, 0, 0, 0, 0, 0]",0.11119166666666666,0.10886197916666668,0.11506406250000001,0.015456,0.016088,0.213488,0.245002
random_n10_02,10,min,bitwise,71,random,5,9,9,0,3335738602064708251,"[0, 0, 0, 0, 0, 0, 0, 0, 0, 1023, 0, 0, 0, 0, 0, 0, 0]",20.333507042253522,20.329154929577463,20.370732394366197,0.015796,0.03033,1.443679,1.492901
random_n10_02,10,min,proposed,71,random,5,9,9,0,3335738602064708251,"[0, 0, 0, 0, 0, 0, 0, 0, 0, 1023, 0, 0, 0, 0, 0, 0, 0]",0.7935352112676056,0.7904225352112676,0.8339154929577465,0.015506,0.006896,0.056341,0.078853
random_n10_02,10,spectrum,bitwise,128,random,5,9207,9206,0,1921099589153965805,"[0, 0, 0, 0, 0, 0, 0, 0, 1, 1022, 0, 0, 0, 0, 0, 0, 0]",16.768328125,16.7277421875,16.8163671875,0.015245,0.030361,2.146346,2.192794
random_n10_02,10,spectrum,proposed,128,random,5,9207,9206,0,1921099589153965805,"[0, 0, 0, 0, 0, 0, 0, 0, 1, 1022, 0, 0, 0, 0, 0, 0, 0]",1.4558046875,1.43553125,1.47490625,0.015466,0.122926,0.186343,0.326528
random_n10_03,10,max,bitwise,1920,random,5,9,9,0,10712218069677533509,"[0, 0, 0, 0, 0, 0, 0, 0, 0, 1023, 0, 0, 0, 0, 0, 0, 0]",1.0123291666666667,1.0123255208333333,1.0159338541666667,0.015355,0.015957,1.943672,1.974977
random_n10_03,10,max,proposed,1920,random,5,9,9,0,10712218069677533509,"[0, 0, 0, 0, 0, 0, 0, 0, 0, 1023, 0, 0, 0, 0, 0, 0, 0]",0.11099739583333333,0.11052864583333333,0.11210364583333333,0.015315,0.016238,0.213115,0.244819
random_n10_03,10,min,bitwise,71,random,5,8,8,0,11352767571899738767,"[0, 0, 0, 0, 0, 0, 0, 0, 1, 1022, 0, 0, 0, 0, 0, 0, 0]",21.405647887323944,21.192816901408452,21.512408450704225,0.015426,0.030481,1.519801,1.565567
random_n10_03,10,min,proposed,71,random,5,8,8,0,11352767571899738767,"[0, 0, 0, 0, 0, 0, 0, 0, 1, 1022, 0, 0, 0, 0, 0, 0, 0]",0.8289859154929577,0.8254366197183098,0.8303802816901408,0.015627,0.007106,0.058858,0.08147
random_n10_03,10,spectrum,bitwise,128,random,5,9206,9206,0,12440987869812738991,"[0, 0, 0, 0, 0, 0, 0, 0, 1, 1022, 0, 0, 0, 0, 0, 0, 0]",16.582359375,16.5807734375,16.6364296875,0.015496,0.031473,2.122542,2.169381
random_n10_03,10,spectrum,proposed,128,random,5,9206,9206,0,12440987869812738991,"[0, 0, 0, 0, 0, 0, 0, 0, 1, 1022, 0, 0, 0, 0, 0, 0, 0]",1.4449921875,1.411640625,1.455171875,0.015296,0.122856,0.184959,0.324283
random_n10_04,10,max,bitwise,1920,random,5,9,9,0,15272727214087190045,"[0, 0, 0, 0, 0, 0, 0, 0, 0, 1023, 0, 0, 0, 0, 0, 0, 0]",1.0088421875,1.0084989583333333,1.0097807291666667,0.015386,0.016007,1.936977,1.968102
random_n10_04,10,max,proposed,1920,random,5,9,9,0,15272727214087190045,"[0, 0, 0, 0, 0, 0, 0, 0, 0, 1023, 0, 0, 0, 0, 0, 0, 0]",0.10943177083333333,0.10812135416666667,0.10954583333333333,0.015416,0.016107,0.210109,0.241731
random_n10_04,10,min,bitwise,71,random,5,8,8,0,15800818818410377107,"[0, 0, 0, 0, 0, 0, 0, 0, 3, 1020, 0, 0, 0, 0, 0, 0, 0]",21.425338028169016,21.076169014084506,21.897211267605634,0.015356,0.031573,1.521199,1.567807
random_n10_04,10,min,proposed,71,random,5,8,8,0,15800818818410377107,"[0, 0, 0, 0, 0, 0, 0, 0, 3, 1020, 0, 0, 0, 0, 0, 0, 0]",0.8265633802816901,0.8231830985915493,0.8278450704225352,0.015586,0.007186,0.058686,0.081379
random_n10_04,10,spectrum,bitwise,128,random,5,9204,9204,0,9286781006553367763,"[0, 0, 0, 0, 0, 0, 0, 0, 3, 1020, 0, 0, 0, 0, 0, 0, 0]",16.359875,16.3578984375,16.362796875,0.015366,0.031633,2.094064,2.141096
random_n10_04,10,spectrum,proposed,128,random,5,9204,9204,0,9286781006553367763,"[0, 0, 0, 0, 0, 0, 0, 0, 3, 1020, 0, 0, 0, 0, 0, 0, 0]",1.29825,1.2946484375,1.3381796875,0.015837,0.12467,0.166176,0.308284
random_n10_05,10,max,bitwise,1920,random,5,9,9,0,4753649951057268011,"[0, 0, 0, 0, 0, 0, 0, 0, 1, 1022, 0, 0, 0, 0, 0, 0, 0]",1.0106796875,1.0087130208333333,1.0115875,0.015335,0.016247,1.940505,1.972539
random_n10_05,10,max,proposed,1920,random,5,9,9,0,4753649951057268011,"[0, 0, 0, 0, 0, 0, 0, 0, 1, 1022, 0, 0, 0, 0, 0, 0, 0]",0.11370625,0.1117921875,0.11612395833333333,0.015467,0.016288,0.218316,0.249879
random_n10_05,10,min,bitwise,71,random,5,8,8,0,8451315852810322995,"[0, 0, 0, 0, 0, 0, 0, 0, 1, 1022, 0, 0, 0, 0, 0, 0, 0]",21.31887323943662,21.210112676056337,21.352943661971832,0.015656,0.031323,1.51364,1.560599
random_n10_05,10,min,proposed,71,random,5,8,8,0,8451315852810322995,"[0, 0, 0, 0, 0, 0, 0, 0, 1, 1022, 0, 0, 0, 0, 0, 0, 0]",0.8207887323943662,0.8206338028169013,0.8577746478873239,0.015616,0.007067,0.058276,0.081159
random_n10_05,10,spectrum,bitwise,128,random,5,9206,9207,0,18023303059168432207,"[0, 0, 0, 0, 0, 0, 0, 0, 0, 1023, 0, 0, 0, 0, 0, 0, 0]",16.6221328125,16.615140625,16.6404921875,0.015406,0.031644,2.127633,2.175063
random_n10_05,10,spectrum,proposed,128,random,5,9206,9207,0,18023303059168432207,"[0, 0, 0, 0, 0, 0, 0, 0, 0, 1023, 0, 0, 0, 0, 0, 0, 0]",1.514453125,1.4379453125,1.5174296875,0.015547,0.124108,0.19385,0.332472
random_n10_06,10,max,bitwise,1920,random,5,9,9,0,14322861342602014903,"[0, 0, 0, 0, 0, 0, 0, 0, 1, 1022, 0, 0, 0, 0, 0, 0, 0]",1.0064921875,1.006403125,1.0095395833333334,0.015416,0.016167,1.932465,1.969648
random_n10_06,10,max,proposed,1920,random,5,9,9,0,14322861342602014903,"[0, 0, 0, 0, 0, 0, 0, 0, 1, 1022, 0, 0, 0, 0, 0, 0, 0]",0.11229166666666666,0.11133229166666667,0.12066666666666667,0.015145,0.016107,0.2156,0.247133
random_n10_06,10,min,bitwise,71,random,5,9,9,0,9319756346050341027,"[0, 0, 0, 0, 0, 0, 0, 0, 0, 1023, 0, 0, 0, 0, 0, 0, 0]",21.560746478873238,21.502802816901408,21.634056338028167,0.015727,0.032475,1.530813,1.578624
random_n10_06,10,min,proposed,71,random,5,9,9,0,9319756346050341027,"[0, 0, 0, 0, 0, 0, 0, 0, 0, 1023, 0, 0, 0, 0, 0, 0, 0]",0.8213521126760563,0.8202253521126761,0.8219154929577465,0.015576,0.007237,0.058316,0.08114
random_n10_06,10,spectrum,bitwise,128,random,5,9207,9206,0,606146273674797291,"[0, 0, 0, 0, 0, 0, 0, 0, 1, 1022, 0, 0, 0, 0, 0, 0, 0]",16.53934375,16.4915859375,16.5864609375,0.015295,0.032605,2.117036,2.164375
random_n10_06,10,spectrum,proposed,128,random,5,9207,9206,0,606146273674797291,"[0, 0, 0, 0, 0, 0, 0, 0, 1, 1022, 0, 0, 0, 0, 0, 0, 0]",1.355640625,1.3521171875,1.3700546875,0.015405,0.122816,0.173522,0.315734
random_n10_07,10,max,bitwise,1920,random,5,9,9,0,10419709797048458067,"[0, 0, 0, 0, 0, 0, 0, 0, 3, 1020, 0, 0, 0, 0, 0, 0, 0]",1.0109713541666667,1.009259375,1.0111463541666668,0.015326,0.016038,1.941065,1.972688
random_n10_07,10,max,proposed,1920,random,5,9,9,0,10419709797048458067,"[0, 0, 0, 0, 0, 0, 0, 0, 3, 1020, 0, 0, 0, 0, 0, 0, 0]",0.11493906250000001,0.11342083333333333,0.11535104166666665,0.015336,0.016167,0.220683,0.251845
random_n10_07,10,min,bitwise,71,random,5,9,9,0,12295521138726637641,"[0, 0, 0, 0, 0, 0, 0, 0, 0, 1023, 0, 0, 0, 0, 0, 0, 0]",22.305408450704224,22.255591549295776,22.624859154929577,0.015587,0.032245,1.583684,1.631516
random_n10_07,10,min,proposed,71,random,5,9,9,0,12295521138726637641,"[0, 0, 0, 0, 0, 0, 0, 0, 0, 1023, 0, 0, 0, 0, 0, 0, 0]",0.848605633802817,0.8467464788732394,0.8488732394366197,0.015416,0.007317,0.060251,0.082862
random_n10_07,10,spectrum,bitwise,128,random,5,9207,9207,0,756058576038606375,"[0, 0, 0, 0, 0, 0, 0, 0, 0, 1023, 0, 0, 0, 0, 0, 0, 0]",16.5869453125,16.558875,16.623671875,0.015406,0.032987,2.123129,2.171511
random_n10_07,10,spectrum,proposed,128,random,5,9207,9207,0,756058576038606375,"[0, 0, 0, 0, 0, 0, 0, 0, 0, 1023, 0, 0, 0, 0, 0, 0, 0]",1.6300390625,1.5711640625,1.630265625,0.015436,0.123887,0.208645,0.346334
random_n10_08,10,max,bitwise,1920,random,5,9,9,0,4962121584720791561,"[0, 0, 0, 0, 0, 0, 0, 0, 1, 1022, 0, 0, 0, 0, 0, 0, 0]",1.0101723958333333,1.0095255208333334,1.0125255208333332,0.015486,0.016137,1.939531,1.971345
random_n10_08,10,max,proposed,1920,random,5,9,9,0,4962121584720791561,"[0, 0, 0, 0, 0, 0, 0, 0, 1, 1022, 0, 0, 0, 0, 0, 0, 0]",0.11364895833333334,0.11141510416666667,0.11385833333333334,0.015256,0.016008,0.218206,0.249459
random_n10_08,10,min,bitwise,71,random,5,8,8,0,3063291666954838625,"[0, 0, 0, 0, 0, 0, 0, 0, 3, 1020, 0, 0, 0, 0, 0, 0, 0]",22.186957746478875,22.172408450704225,22.193816901408454,0.015576,0.031663,1.575274,1.622222
random_n10_08,10,min,proposed,71,random,5,8,8,0,3063291666954838625,"[0, 0, 0, 0, 0, 0, 0, 0, 3, 1020, 0, 0, 0, 0, 0, 0, 0]",0.8341830985915493,0.8333521126760564,0.8398450704225352,0.015436,0.007327,0.059227,0.082261
random_n10_08,10,spectrum,bitwise,128,random,5,9204,9204,0,9400149001789877933,"[0, 0, 0, 0, 0, 0, 0, 0, 3, 1020, 0, 0, 0, 0, 0, 0, 0]",16.6523203125,16.6238359375,16.666703125,0.015426,0.032185,2.131497,2.179509
random_n10_08,10,spectrum,proposed,128,random,5,9204,9204,0,9400149001789877933,"[0, 0, 0, 0, 0, 0, 0, 0, 3, 1020, 0, 0, 0, 0, 0, 0, 0]",1.3762421875,1.375390625,1.3784296875,0.015406,0.122795,0.176159,0.315001
random_n10_09,10,max,bitwise,1920,random,5,9,9,0,12052777975020420417,"[0, 0, 0, 0, 0, 0, 0, 0, 3, 1020, 0, 0, 0, 0, 0, 0, 0]",1.0114255208333334,1.0099151041666667,1.0128458333333332,0.015305,0.015968,1.941937,1.97321
random_n10_09,10,max,proposed,1920,random,5,9,9,0,12052777975020420417,"[0, 0, 0, 0, 0, 0, 0, 0, 3, 1020, 0, 0, 0, 0, 0, 0, 0]",0.107640625,0.1075828125,0.109484375,0.015496,0.016147,0.20667,0.238433
random_n10_09,10,min,bitwise,71,random,5,9,9,0,6561460534787167737,"[0, 0, 0, 0, 0, 0, 0, 0, 0, 1023, 0, 0, 0, 0, 0, 0, 0]",21.268169014084506,21.210887323943663,21.273309859154928,0.015456,0.030842,1.51004,1.556542
random_n10_09,10,min,proposed,71,random,5,9,9,0,6561460534787167737,"[0, 0, 0, 0, 0, 0, 0, 0, 0, 1023, 0, 0, 0, 0, 0, 0, 0]",0.8313661971830986,0.8295352112676057,0.8317887323943662,0.015576,0.006966,0.059027,0.081369
random_n10_09,10,spectrum,bitwise,128,random,5,9207,9206,0,13484195240543385185,"[0, 0, 0, 0, 0, 0, 0, 0, 1, 1022, 0, 0, 0, 0, 0, 0, 0]",16.739796875,16.73934375,16.7573203125,0.015406,0.032084,2.142694,2.190447
random_n10_09,10,spectrum,proposed,128,random,5,9207,9206,0,13484195240543385185,"[0, 0, 0, 0, 0, 0, 0, 0, 1, 1022, 0, 0, 0, 0, 0, 0, 0]",1.397234375,1.3709921875,1.4197890625,0.015235,0.124468,0.178846,0.319011
random_n11_00,11,max,bitwise,1536,random,5,10,10,0,5672297777591276065,"[0, 0, 0, 0, 0, 0, 0, 0, 0, 3, 2044, 0, 0, 0, 0, 0, 0]",2.019324869791667,2.0189713541666667,2.020892578125,0.028346,0.03047,3.101683,3.159837
random_n11_00,11,max,proposed,1536,random,5,10,10,0,5672297777591276065,"[0, 0, 0, 0, 0, 0, 0, 0, 0, 3, 2044, 0, 0, 0, 0, 0, 0]",0.135974609375,0.13585026041666665,0.13616861979166667,0.028677,0.028617,0.208857,0.266151
random_n11_00,11,min,bitwise,45,random,5,9,9,0,5672297777591276065,"[0, 0, 0, 0, 0, 0, 0, 0, 0, 3, 2044, 0, 0, 0, 0, 0, 0]",59.00351111111111,58.99926666666667,59.04922222222222,0.028817,0.069882,2.655158,2.753927
random_n11_00,11,min,proposed,45,random,5,9,9,0,5672297777591276065,"[0, 0, 0, 0, 0, 0, 0, 0, 0, 3, 2044, 0, 0, 0, 0, 0, 0]",1.597511111111111,1.5974888888888887,1.6010666666666666,0.028457,0.010093,0.071888,0.110467
random_n11_00,11,spectrum,bitwise,128,random,5,20467,20469,0,919689367804898237,"[0, 0, 0, 0, 0, 0, 0, 0, 0, 1, 2046, 0, 0, 0, 0, 0, 0]",43.79265625,43.5807578125,43.857796875,0.028235,0.073682,5.60546,5.708059
random_n11_00,11,spectrum,proposed,128,random,5,20467,20469,0,919689367804898237,"[0, 0, 0, 0, 0, 0, 0, 0, 0, 1, 2046, 0, 0, 0, 0, 0, 0]",3.3121484375,3.2406015625,3.3220078125,0.028376,0.419945,0.423955,0.869066
random_n11_01,11,max,bitwise,1536,random,5,10,10,0,6836713052730629127,"[0, 0, 0, 0, 0, 0, 0, 0, 0, 3, 2044, 0, 0, 0, 0, 0, 0]",2.0381399739583332,2.037138671875,2.0387708333333334,0.028476,0.030521,3.130583,3.190182
random_n11_01,11,max,proposed,1536,random,5,10,10,0,6836713052730629127,"[0, 0, 0, 0, 0, 0, 0, 0, 0, 3, 2044, 0, 0, 0, 0, 0, 0]",0.136509765625,0.13634505208333333,0.13688020833333334,0.028737,0.028366,0.209679,0.266829
random_n11_01,11,min,bitwise,45,random,5,9,9,0,6836713052730629127,"[0, 0, 0, 0, 0, 0, 0, 0, 0, 3, 2044, 0, 0, 0, 0, 0, 0]",57.208466666666666,57.157199999999996,57.25297777777778,0.028657,0.068319,2.574381,2.671165
random_n11_01,11,min,proposed,45,random,5,9,9,0,6836713052730629127,"[0, 0, 0, 0, 0, 0, 0, 0, 0, 3, 2044, 0, 0, 0, 0, 0, 0]",1.5796666666666668,1.5783555555555555,1.5807777777777778,0.028767,0.010254,0.071085,0.109967
random_n11_01,11,spectrum,bitwise,128,random,5,20467,20469,0,2471353210489734067,"[0, 0, 0, 0, 0, 0, 0, 0, 0, 1, 2046, 0, 0, 0, 0, 0, 0]",43.46784375,43.35984375,43.533546875,0.028436,0.071336,5.563884,5.663415
random_n11_01,11,spectrum,proposed,128,random,5,20467,20469,0,2471353210489734067,"[0, 0, 0, 0, 0, 0, 0, 0, 0, 1, 2046, 0, 0, 0, 0, 0, 0]",3.2665625,3.2661796875,3.3316640625,0.028807,0.419043,0.41812,0.867078
random_n11_02,11,max,bitwise,1536,random,5,10,10,0,11370792716676426551,"[0, 0, 0, 0, 0, 0, 0, 0, 0, 1, 2046, 0, 0, 0, 0, 0, 0]",2.038150390625,2.0366471354166666,2.0386751302083335,0.028265,0.030361,3.130599,3.189226
random_n11_02,11,max,proposed,1536,random,5,10,10,0,11370792716676426551,"[0, 0, 0, 0, 0, 0, 0, 0, 0, 1, 2046, 0, 0, 0, 0, 0, 0]",0.14550065104166665,0.13977083333333334,0.149037109375,0.028316,0.028506,0.223489,0.280922
random_n11_02,11,min,bitwise,45,random,5,9,9,0,11370792716676426551,"[0, 0, 0, 0, 0, 0, 0, 0, 0, 1, 2046, 0, 0, 0, 0, 0, 0]",57.55568888888889,57.48764444444444,57.601800000000004,0.028496,0.06883,2.590006,2.688264
random_n11_02,11,min,proposed,45,random,5,9,9,0,11370792716676426551,"[0, 0, 0, 0, 0, 0, 0, 0, 0, 1, 2046, 0, 0, 0, 0, 0, 0]",1.6398222222222223,1.6375777777777778,1.6431333333333333,0.029087,0.010564,0.073792,0.113683
random_n11_02,11,spectrum,bitwise,128,random,5,20469,20469,0,3885136255197266709,"[0, 0, 0, 0, 0, 0, 0, 0, 0, 1, 2046, 0, 0, 0, 0, 0, 0]",44.1642109375,43.8830078125,44.3657109375,0.028546,0.072017,5.653019,5.752661
random_n11_02,11,spectrum,proposed,128,random,5,20469,20469,0,3885136255197266709,"[0, 0, 0, 0, 0, 0, 0, 0, 0, 1, 2046, 0, 0, 0, 0, 0, 0]",3.5090078125,3.4626640625,3.5930625,0.028557,0.421668,0.449153,0.897734
random_n11_03,11,max,bitwise,1536,random,5,10,10,0,1012445725925618871,"[0, 0, 0, 0, 0, 0, 0, 0, 0, 1, 2046, 0, 0, 0, 0, 0, 0]",2.0408782552083333,2.0403795572916668,2.0435553385416667,0.028266,0.03041,3.134789,3.197768
random_n11_03,11,max,proposed,1536,random,5,10,10,0,1012445725925618871,"[0, 0, 0, 0, 0, 0, 0, 0, 0, 1, 2046, 0, 0, 0, 0, 0, 0]",0.144958984375,0.14382356770833335,0.14514192708333334,0.028627,0.028306,0.222657,0.279058
random_n11_03,11,min,bitwise,45,random,5,9,9,0,1012445725925618871,"[0, 0, 0, 0, 0, 0, 0, 0, 0, 1, 2046, 0, 0, 0, 0, 0, 0]",56.34262222222222,55.77113333333333,56.983355555555555,0.028627,0.067215,2.535418,2.63078
random_n11_03,11,min,proposed,45,random,5,9,9,0,1012445725925618871,"[0, 0, 0, 0, 0, 0, 0, 0, 0, 1, 2046, 0, 0, 0, 0, 0, 0]",1.638911111111111,1.6326666666666667,1.6507111111111112,0.028997,0.010204,0.073751,0.113784
random_n11_03,11,spectrum,bitwise,128,random,5,20469,20469,0,5592475375828263361,"[0, 0, 0, 0, 0, 0, 0, 0, 0, 1, 2046, 0, 0, 0, 0, 0, 0]",44.3786875,44.3479375,44.4457421875,0.028196,0.069291,5.680472,5.778751
random_n11_03,11,spectrum,proposed,128,random,5,20469,20469,0,5592475375828263361,"[0, 0, 0, 0, 0, 0, 0, 0, 0, 1, 2046, 0, 0, 0, 0, 0, 0]",3.3110546875,3.287,3.3997109375,0.028586,0.418876,0.423815,0.877031
random_n11_04,11,max,bitwise,1536,random,5,10,10,0,14454597028358002151,"[0, 0, 0, 0, 0, 0, 0, 0, 0, 3, 2044, 0, 0, 0, 0, 0, 0]",2.034994140625,2.034013671875,2.041615234375,0.028466,0.030902,3.125751,3.185119
random_n11_04,11,max,proposed,1536,random,5,10,10,0,14454597028358002151,"[0, 0, 0, 0, 0, 0, 0, 0, 0, 3, 2044, 0, 0, 0, 0, 0, 0]",0.14138997395833333,0.13936002604166667,0.14409895833333333,0.028756,0.028406,0.217175,0.274018
random_n11_04,11,min,bitwise,45,random,5,9,9,0,14454597028358002151,"[0, 0, 0, 0, 0, 0, 0, 0, 0, 3, 2044, 0, 0, 0, 0, 0, 0]",58.74406666666667,58.17402222222222,58.828222222222216,0.028597,0.067147,2.643483,2.738645
random_n11_04,11,min,proposed,45,random,5,9,9,0,14454597028358002151,"[0, 0, 0, 0, 0, 0, 0, 0, 0, 3, 2044, 0, 0, 0, 0, 0, 0]",1.6520666666666666,1.6304666666666667,1.6582888888888887,0.028927,0.010194,0.074343,0.113313
random_n11_04,11,spectrum,bitwise,128,random,5,20467,20470,0,1470427321614242553,"[0, 0, 0, 0, 0, 0, 0, 0, 0, 0, 2047, 0, 0, 0, 0, 0, 0]",43.1547578125,43.1268203125,43.1674609375,0.028326,0.070704,5.523809,5.622568
random_n11_04,11,spectrum,proposed,128,random,5,20467,20470,0,1470427321614242553,"[0, 0, 0, 0, 0, 0, 0, 0, 0, 0, 2047, 0, 0, 0, 0, 0, 0]",3.4394609375,3.4277109375,3.4437265625,0.028636,0.422724,0.440251,0.894307
random_n11_05,11,max,bitwise,1536,random,5,10,10,0,4768387606334954073,"[0, 0, 0, 0, 0, 0, 0, 0, 0, 1, 2046, 0, 0, 0, 0, 0, 0]",2.0382018229166667,2.036227213541667,2.046623046875,0.028066,0.030341,3.130678,3.189085
random_n11_05,11,max,proposed,1536,random,5,10,10,0,4768387606334954073,"[0, 0, 0, 0, 0, 0, 0, 0, 0, 1, 2046, 0, 0, 0, 0, 0, 0]",0.14448372395833334,0.14380403645833334,0.14457356770833335,0.028576,0.028486,0.221927,0.278989
random_n11_05,11,min,bitwise,45,random,5,9,9,0,4768387606334954073,"[0, 0, 0, 0, 0, 0, 0, 0, 0, 1, 2046, 0, 0, 0, 0, 0, 0]",57.28617777777777,57.1924,57.51426666666667,0.028205,0.067888,2.577878,2.676226
random_n11_05,11,min,proposed,45,random,5,9,9,0,4768387606334954073,"[0, 0, 0, 0, 0, 0, 0, 0, 0, 1, 2046, 0, 0, 0, 0, 0, 0]",1.6039555555555556,1.6032888888888888,1.6092888888888888,0.028596,0.010234,0.072178,0.111199
random_n11_05,11,spectrum,bitwise,128,random,5,20469,20467,0,10062410954011486815,"[0, 0, 0, 0, 0, 0, 0, 0, 0, 3, 2044, 0, 0, 0, 0, 0, 0]",43.6264921875,43.476984375,43.887484375,0.028707,0.070133,5.584191,5.681417
random_n11_05,11,spectrum,proposed,128,random,5,20469,20467,0,10062410954011486815,"[0, 0, 0, 0, 0, 0, 0, 0, 0, 3, 2044, 0, 0, 0, 0, 0, 0]",3.269484375,3.2611171875,3.2944453125,0.028847,0.418681,0.418494,0.869393
random_n11_06,11,max,bitwise,1536,random,5,10,10,0,11974050247590690731,"[0, 0, 0, 0, 0, 0, 0, 0, 0, 1, 2046, 0, 0, 0, 0, 0, 0]",2.035907552083333,2.035625651041667,2.035929036458333,0.028467,0.030471,3.127154,3.186071
random_n11_06,11,max,proposed,1536,random,5,10,10,0,11974050247590690731,"[0, 0, 0, 0, 0, 0, 0, 0, 0, 1, 2046, 0, 0, 0, 0, 0, 0]",0.13838151041666666,0.13819205729166667,0.142330078125,0.028326,0.028566,0.212554,0.275161
random_n11_06,11,min,bitwise,45,random,5,10,10,0,2434783249079198991,"[0, 0, 0, 0, 0, 0, 0, 0, 0, 0, 2047, 0, 0, 0, 0, 0, 0]",56.81064444444444,55.9894,56.879555555555555,0.028446,0.069462,2.556479,2.655459
random_n11_06,11,min,proposed,45,random,5,10,10,0,2434783249079198991,"[0, 0, 0, 0, 0, 0, 0, 0, 0, 0, 2047, 0, 0, 0, 0, 0, 0]",1.5934666666666666,1.5914888888888887,1.5937111111111113,0.028807,0.010183,0.071706,0.110707
random_n11_06,11,spectrum,bitwise,128,random,5,20470,20470,0,3794736407392712025,"[0, 0, 0, 0, 0, 0, 0, 0, 0, 0, 2047, 0, 0, 0, 0, 0, 0]",43.6898359375,43.61425,43.8945390625,0.028395,0.07337,5.592299,5.701813
random_n11_06,11,spectrum,proposed,128,random,5,20470,20470,0,3794736407392712025,"[0, 0, 0, 0, 0, 0, 0, 0, 0, 0, 2047, 0, 0, 0, 0, 0, 0]",3.1180078125,3.0741953125,3.1196640625,0.028627,0.417684,0.399105,0.839808
random_n11_07,11,max,bitwise,1536,random,5,10,10,0,5198802719230293567,"[0, 0, 0, 0, 0, 0, 0, 0, 0, 1, 2046, 0, 0, 0, 0, 0, 0]",2.036345052083333,2.035981119791667,2.0371595052083333,0.028596,0.030591,3.127826,3.187446
random_n11_07,11,max,proposed,1536,random,5,10,10,0,5198802719230293567,"[0, 0, 0, 0, 0, 0, 0, 0, 0, 1, 2046, 0, 0, 0, 0, 0, 0]",0.151080078125,0.14859375,0.15273177083333334,0.028466,0.028857,0.232059,0.288891
random_n11_07,11,min,bitwise,45,random,5,9,9,0,5198802719230293567,"[0, 0, 0, 0, 0, 0, 0, 0, 0, 1, 2046, 0, 0, 0, 0, 0, 0]",57.63682222222222,57.54122222222222,57.854844444444446,0.028436,0.069902,2.593657,2.692096
random_n11_07,11,min,proposed,45,random,5,9,9,0,5198802719230293567,"[0, 0, 0, 0, 0, 0, 0, 0, 0, 1, 2046, 0, 0, 0, 0, 0, 0]",1.5714444444444444,1.5705333333333333,1.5736444444444444,0.028917,0.010074,0.070715,0.109695
random_n11_07,11,spectrum,bitwise,128,random,5,20469,20470,0,6112965681343909921,"[0, 0, 0, 0, 0, 0, 0, 0, 0, 0, 2047, 0, 0, 0, 0, 0, 0]",43.583171875,43.2934609375,43.827109375,0.028496,0.07328,5.578646,5.681134
random_n11_07,11,spectrum,proposed,128,random,5,20469,20470,0,6112965681343909921,"[0, 0, 0, 0, 0, 0, 0, 0, 0, 0, 2047, 0, 0, 0, 0, 0, 0]",3.1751796875,3.1573203125,3.1886640625,0.028246,0.420456,0.406423,0.854944
random_n11_08,11,max,bitwise,1536,random,5,10,10,0,10937613597159324139,"[0, 0, 0, 0, 0, 0, 0, 0, 0, 1, 2046, 0, 0, 0, 0, 0, 0]",2.0369524739583333,2.034184895833333,2.038384765625,0.028286,0.030591,3.128759,3.187565
random_n11_08,11,max,proposed,1536,random,5,10,10,0,10937613597159324139,"[0, 0, 0, 0, 0, 0, 0, 0, 0, 1, 2046, 0, 0, 0, 0, 0, 0]",0.14204817708333334,0.141748046875,0.14263736979166666,0.028236,0.028647,0.218186,0.274888
random_n11_08,11,min,bitwise,45,random,5,9,9,0,3704154132791314411,"[0, 0, 0, 0, 0, 0, 0, 0, 0, 1, 2046, 0, 0, 0, 0, 0, 0]",57.60028888888889,57.58822222222222,57.82788888888889,0.028277,0.06857,2.592013,2.689461
random_n11_08,11,min,proposed,45,random,5,9,9,0,3704154132791314411,"[0, 0, 0, 0, 0, 0, 0, 0, 0, 1, 2046, 0, 0, 0, 0, 0, 0]",1.585911111111111,1.5854444444444444,1.6767999999999998,0.029228,0.010273,0.071366,0.111228
random_n11_08,11,spectrum,bitwise,128,random,5,20469,20469,0,14301947349532110491,"[0, 0, 0, 0, 0, 0, 0, 0, 0, 1, 2046, 0, 0, 0, 0, 0, 0]",44.135328125,44.0263125,44.22403125,0.028676,0.071647,5.649322,5.750597
random_n11_08,11,spectrum,proposed,128,random,5,20469,20469,0,14301947349532110491,"[0, 0, 0, 0, 0, 0, 0, 0, 0, 1, 2046, 0, 0, 0, 0, 0, 0]",3.4390859375,3.4219375,3.4698828125,0.028096,0.419598,0.440203,0.886456
random_n11_09,11,max,bitwise,1536,random,5,10,10,0,16538387061755449187,"[0, 0, 0, 0, 0, 0, 0, 0, 0, 0, 2047, 0, 0, 0, 0, 0, 0]",2.033485677083333,2.032224609375,2.0335260416666667,0.028165,0.030581,3.123434,3.182351
random_n11_09,11,max,proposed,1536,random,5,10,10,0,16538387061755449187,"[0, 0, 0, 0, 0, 0, 0, 0, 0, 0, 2047, 0, 0, 0, 0, 0, 0]",0.155400390625,0.15440169270833334,0.1566328125,0.028296,0.028607,0.238695,0.296109
random_n11_09,11,min,bitwise,45,random,5,10,10,0,4699691743405923461,"[0, 0, 0, 0, 0, 0, 0, 0, 0, 0, 2047, 0, 0, 0, 0, 0, 0]",56.33464444444444,56.22011111111111,56.403800000000004,0.028315,0.066675,2.535059,2.630229
random_n11_09,11,min,proposed,45,random,5,10,10,0,4699691743405923461,"[0, 0, 0, 0, 0, 0, 0, 0, 0, 0, 2047, 0, 0, 0, 0, 0, 0]",1.5943555555555555,1.5941555555555555,1.5992666666666666,0.029188,0.010074,0.071746,0.111198
random_n11_09,11,spectrum,bitwise,128,random,5,20470,20470,0,10096718064463010913,"[0, 0, 0, 0, 0, 0, 0, 0, 0, 0, 2047, 0, 0, 0, 0, 0, 0]",43.468078125,43.46446875,45.02590625,0.028566,0.070994,5.563914,5.662995
random_n11_09,11,spectrum,proposed,128,random,5,20470,20470,0,10096718064463010913,"[0, 0, 0, 0, 0, 0, 0, 0, 0, 0, 2047, 0, 0, 0, 0, 0, 0]",3.572140625,3.515578125,3.608328125,0.028375,0.411816,0.457234,0.898695
random_n12_00,12,max,bitwise,1152,random,5,11,11,0,8804046851422926517,"[0, 0, 0, 0, 0, 0, 0, 0, 0, 0, 1, 4094, 0, 0, 0, 0, 0]",4.167214409722223,4.162509548611111,4.222037326388889,0.049234,0.059859,4.800631,4.918095
random_n12_00,12,max,proposed,1152,random,5,11,11,0,8804046851422926517,"[0, 0, 0, 0, 0, 0, 0, 0, 0, 0, 1, 4094, 0, 0, 0, 0, 0]",0.1927126736111111,0.18722395833333333,0.19353038194444447,0.050878,0.057683,0.222005,0.331119
random_n12_00,12,min,bitwise,21,random,5,11,11,0,10369071449047864353,"[0, 0, 0, 0, 0, 0, 0, 0, 0, 0, 0, 4095, 0, 0, 0, 0, 0]",171.35752380952383,171.19152380952383,171.708,0.049966,0.190595,3.598508,3.838004
random_n12_00,12,min,proposed,21,random,5,11,11,0,10369071449047864353,"[0, 0, 0, 0, 0, 0, 0, 0, 0, 0, 0, 4095, 0, 0, 0, 0, 0]",3.1745714285714284,3.1717142857142857,3.190714285714286,0.052252,0.018262,0.066666,0.137571
random_n12_00,12,spectrum,bitwise,128,random,5,45045,45044,0,15774498005779313047,"[0, 0, 0, 0, 0, 0, 0, 0, 0, 0, 1, 4094, 0, 0, 0, 0, 0]",133.0581953125,133.0316171875,134.244265625,0.050177,0.200887,17.031449,17.286342
random_n12_00,12,spectrum,proposed,128,random,5,45045,45044,0,15774498005779313047,"[0, 0, 0, 0, 0, 0, 0, 0, 0, 0, 1, 4094, 0, 0, 0, 0, 0]",10.544859375,10.420421875,10.61484375,0.050076,1.493291,1.349742,2.896086
random_n12_01,12,max,bitwise,1152,random,5,11,11,0,1647697014988990785,"[0, 0, 0, 0, 0, 0, 0, 0, 0, 0, 3, 4092, 0, 0, 0, 0, 0]",4.162377604166667,4.157500868055556,4.177309027777778,0.050026,0.059348,4.795059,4.904353
random_n12_01,12,max,proposed,1152,random,5,11,11,0,1647697014988990785,"[0, 0, 0, 0, 0, 0, 0, 0, 0, 0, 3, 4092, 0, 0, 0, 0, 0]",0.19541840277777778,0.1952361111111111,0.19603819444444445,0.050487,0.057975,0.225122,0.333686
random_n12_01,12,min,bitwise,21,random,5,11,11,0,14856282284819661081,"[0, 0, 0, 0, 0, 0, 0, 0, 0, 0, 0, 4095, 0, 0, 0, 0, 0]",172.19961904761905,172.1995238095238,172.96571428571428,0.050156,0.193819,3.616192,3.858479
random_n12_01,12,min,proposed,21,random,5,11,11,0,14856282284819661081,"[0, 0, 0, 0, 0, 0, 0, 0, 0, 0, 0, 4095, 0, 0, 0, 0, 0]",3.1515714285714282,3.1511428571428572,3.1539523809523806,0.050197,0.018403,0.066183,0.135224
random_n12_01,12,spectrum,bitwise,128,random,5,45045,45042,0,2902974179462676745,"[0, 0, 0, 0, 0, 0, 0, 0, 0, 0, 3, 4092, 0, 0, 0, 0, 0]",132.829328125,132.616734375,133.1216953125,0.049665,0.202402,17.002154,17.253628
random_n12_01,12,spectrum,proposed,128,random,5,45045,45042,0,2902974179462676745,"[0, 0, 0, 0, 0, 0, 0, 0, 0, 0, 3, 4092, 0, 0, 0, 0, 0]",10.17178125,10.0820703125,10.2121640625,0.051551,1.488562,1.301988,2.860258
random_n12_02,12,max,bitwise,1152,random,5,11,11,0,551812054085997871,"[0, 0, 0, 0, 0, 0, 0, 0, 0, 0, 1, 4094, 0, 0, 0, 0, 0]",4.157251736111111,4.156135416666667,4.159435763888888,0.049996,0.06016,4.789154,4.900472
random_n12_02,12,max,proposed,1152,random,5,11,11,0,551812054085997871,"[0, 0, 0, 0, 0, 0, 0, 0, 0, 0, 1, 4094, 0, 0, 0, 0, 0]",0.19535069444444444,0.19297569444444446,0.19634114583333334,0.050948,0.057473,0.225044,0.333095
random_n12_02,12,min,bitwise,21,random,5,10,10,0,10625771051721711491,"[0, 0, 0, 0, 0, 0, 0, 0, 0, 0, 1, 4094, 0, 0, 0, 0, 0]",169.68947619047617,169.3742380952381,171.0071904761905,0.050137,0.192918,3.563479,3.815314
random_n12_02,12,min,proposed,21,random,5,10,10,0,10625771051721711491,"[0, 0, 0, 0, 0, 0, 0, 0, 0, 0, 1, 4094, 0, 0, 0, 0, 0]",3.15447619047619,3.1425238095238095,3.1582857142857144,0.051008,0.018543,0.066244,0.136246
random_n12_02,12,spectrum,bitwise,128,random,5,45044,45045,0,9119414563956390085,"[0, 0, 0, 0, 0, 0, 0, 0, 0, 0, 0, 4095, 0, 0, 0, 0, 0]",132.7986875,132.78846875,134.919765625,0.049896,0.197679,16.998232,17.244639
random_n12_02,12,spectrum,proposed,128,random,5,45044,45045,0,9119414563956390085,"[0, 0, 0, 0, 0, 0, 0, 0, 0, 0, 0, 4095, 0, 0, 0, 0, 0]",10.708875,10.58503125,10.774125,0.050879,1.489704,1.370736,2.918149
random_n12_03,12,max,bitwise,1152,random,5,11,11,0,15297496666252283963,"[0, 0, 0, 0, 0, 0, 0, 0, 0, 0, 1, 4094, 0, 0, 0, 0, 0]",4.149586805555556,4.148578125,4.152788194444445,0.050006,0.059649,4.780324,4.890822
random_n12_03,12,max,proposed,1152,random,5,11,11,0,15297496666252283963,"[0, 0, 0, 0, 0, 0, 0, 0, 0, 0, 1, 4094, 0, 0, 0, 0, 0]",0.197359375,0.19644704861111112,0.20150954861111112,0.051289,0.057925,0.227358,0.340142
random_n12_03,12,min,bitwise,21,random,5,11,11,0,11051330402730660119,"[0, 0, 0, 0, 0, 0, 0, 0, 0, 0, 0, 4095, 0, 0, 0, 0, 0]",171.8687619047619,171.60990476190477,172.61438095238094,0.049816,0.195533,3.609244,3.862963
random_n12_03,12,min,proposed,21,random,5,11,11,0,11051330402730660119,"[0, 0, 0, 0, 0, 0, 0, 0, 0, 0, 0, 4095, 0, 0, 0, 0, 0]",3.2055238095238097,3.2050476190476194,3.2184285714285714,0.051339,0.018283,0.067316,0.136928
random_n12_03,12,spectrum,bitwise,128,random,5,45045,45045,0,17236878757558472345,"[0, 0, 0, 0, 0, 0, 0, 0, 0, 0, 0, 4095, 0, 0, 0, 0, 0]",133.4287109375,133.0763046875,133.443,0.049605,0.208123,17.078875,17.335523
random_n12_03,12,spectrum,proposed,128,random,5,45045,45045,0,17236878757558472345,"[0, 0, 0, 0, 0, 0, 0, 0, 0, 0, 0, 4095, 0, 0, 0, 0, 0]",10.0624140625,9.9926171875,10.065921875,0.050397,1.493083,1.287989,2.834323
random_n12_04,12,max,bitwise,1152,random,5,11,11,0,15542978741235808161,"[0, 0, 0, 0, 0, 0, 0, 0, 0, 0, 0, 4095, 0, 0, 0, 0, 0]",4.152336805555556,4.146506944444444,4.153837673611111,0.049955,0.059799,4.783492,4.892175
random_n12_04,12,max,proposed,1152,random,5,11,11,0,15542978741235808161,"[0, 0, 0, 0, 0, 0, 0, 0, 0, 0, 0, 4095, 0, 0, 0, 0, 0]",0.19148784722222223,0.191390625,0.19273958333333335,0.050487,0.057543,0.220594,0.329845
random_n12_04,12,min,bitwise,21,random,5,11,11,0,12810909895952700053,"[0, 0, 0, 0, 0, 0, 0, 0, 0, 0, 0, 4095, 0, 0, 0, 0, 0]",171.5637619047619,171.28195238095236,172.2845714285714,0.049876,0.193079,3.602839,3.842782
random_n12_04,12,min,proposed,21,random,5,11,11,0,12810909895952700053,"[0, 0, 0, 0, 0, 0, 0, 0, 0, 0, 0, 4095, 0, 0, 0, 0, 0]",3.175952380952381,3.1654761904761903,3.1826666666666665,0.051138,0.018552,0.066695,0.136537
random_n12_04,12,spectrum,bitwise,128,random,5,45045,45044,0,13064777726350554043,"[0, 0, 0, 0, 0, 0, 0, 0, 0, 0, 1, 4094, 0, 0, 0, 0, 0]",134.419546875,134.2445625,134.4963359375,0.050297,0.203142,17.205702,17.463219
random_n12_04,12,spectrum,proposed,128,random,5,45045,45044,0,13064777726350554043,"[0, 0, 0, 0, 0, 0, 0, 0, 0, 0, 1, 4094, 0, 0, 0, 0, 0]",11.757796875,11.71084375,11.8208515625,0.053584,1.504338,1.504998,3.060705
random_n12_05,12,max,bitwise,1152,random,5,11,11,0,4700236685700553837,"[0, 0, 0, 0, 0, 0, 0, 0, 0, 0, 1, 4094, 0, 0, 0, 0, 0]",4.155276041666667,4.153283854166667,4.155822048611111,0.049575,0.05992,4.786878,4.896129
random_n12_05,12,max,proposed,1152,random,5,11,11,0,4700236685700553837,"[0, 0, 0, 0, 0, 0, 0, 0, 0, 0, 1, 4094, 0, 0, 0, 0, 0]",0.19005034722222222,0.18939756944444447,0.192671875,0.050217,0.057504,0.218938,0.32764
random_n12_05,12,min,bitwise,21,random,5,10,10,0,14816977723257413609,"[0, 0, 0, 0, 0, 0, 0, 0, 0, 0, 1, 4094, 0, 0, 0, 0, 0]",169.90761904761905,169.70857142857142,170.05723809523812,0.049796,0.185872,3.56806,3.806122
random_n12_05,12,min,proposed,21,random,5,10,10,0,14816977723257413609,"[0, 0, 0, 0, 0, 0, 0, 0, 0, 0, 1, 4094, 0, 0, 0, 0, 0]",3.2174761904761904,3.1840476190476195,3.259047619047619,0.051169,0.018403,0.067567,0.136055
random_n12_05,12,spectrum,bitwise,128,random,5,45044,45044,0,12813596506980094887,"[0, 0, 0, 0, 0, 0, 0, 0, 0, 0, 1, 4094, 0, 0, 0, 0, 0]",134.0352578125,132.512,134.0412265625,0.049786,0.194912,17.156513,17.402123
random_n12_05,12,spectrum,proposed,128,random,5,45044,45044,0,12813596506980094887,"[0, 0, 0, 0, 0, 0, 0, 0, 0, 0, 1, 4094, 0, 0, 0, 0, 0]",10.17209375,10.1036796875,10.1885234375,0.050037,1.485912,1.302028,2.851032
random_n12_06,12,max,bitwise,1152,random,5,11,11,0,2194064363073796457,"[0, 0, 0, 0, 0, 0, 0, 0, 0, 0, 0, 4095, 0, 0, 0, 0, 0]",4.152126736111112,4.151203993055556,4.153236979166667,0.049464,0.05978,4.78325,4.893383
random_n12_06,12,max,proposed,1152,random,5,11,11,0,2194064363073796457,"[0, 0, 0, 0, 0, 0, 0, 0, 0, 0, 0, 4095, 0, 0, 0, 0, 0]",0.19022482638888888,0.18833767361111112,0.19443489583333334,0.050939,0.057383,0.219139,0.333447
random_n12_06,12,min,bitwise,21,random,5,10,10,0,1684493841084196215,"[0, 0, 0, 0, 0, 0, 0, 0, 0, 0, 1, 4094, 0, 0, 0, 0, 0]",169.10766666666666,169.016,170.34280952380954,0.049666,0.198752,3.551261,3.799679
random_n12_06,12,min,proposed,21,random,5,10,10,0,1684493841084196215,"[0, 0, 0, 0, 0, 0, 0, 0, 0, 0, 1, 4094, 0, 0, 0, 0, 0]",3.167809523809524,3.164,3.1740476190476192,0.050498,0.018423,0.066524,0.135765
random_n12_06,12,spectrum,bitwise,128,random,5,45044,45045,0,2674777254022992113,"[0, 0, 0, 0, 0, 0, 0, 0, 0, 0, 0, 4095, 0, 0, 0, 0, 0]",132.973328125,132.8786328125,133.9990234375,0.049455,0.206209,17.020586,17.27625
random_n12_06,12,spectrum,proposed,128,random,5,45044,45045,0,2674777254022992113,"[0, 0, 0, 0, 0, 0, 0, 0, 0, 0, 0, 4095, 0, 0, 0, 0, 0]",9.856859375,9.7237109375,9.8920859375,0.050748,1.490817,1.261678,2.80689
random_n12_07,12,max,bitwise,1152,random,5,11,11,0,5071048013973907993,"[0, 0, 0, 0, 0, 0, 0, 0, 0, 0, 3, 4092, 0, 0, 0, 0, 0]",4.150387152777777,4.149125,4.160202256944444,0.049987,0.059307,4.781246,4.891022
random_n12_07,12,max,proposed,1152,random,5,11,11,0,5071048013973907993,"[0, 0, 0, 0, 0, 0, 0, 0, 0, 0, 3, 4092, 0, 0, 0, 0, 0]",0.20642447916666665,0.20573784722222224,0.211671875,0.051119,0.057986,0.237801,0.348862
random_n12_07,12,min,bitwise,21,random,5,10,10,0,8425953194475902057,"[0, 0, 0, 0, 0, 0, 0, 0, 0, 0, 1, 4094, 0, 0, 0, 0, 0]",170.54614285714288,169.9775238095238,171.23961904761904,0.049265,0.185099,3.581469,3.815122
random_n12_07,12,min,proposed,21,random,5,10,10,0,8425953194475902057,"[0, 0, 0, 0, 0, 0, 0, 0, 0, 0, 1, 4094, 0, 0, 0, 0, 0]",3.1878571428571427,3.1835714285714283,3.2031428571428573,0.052722,0.018443,0.066945,0.138523
random_n12_07,12,spectrum,bitwise,128,random,5,45044,45044,0,7596264080627547985,"[0, 0, 0, 0, 0, 0, 0, 0, 0, 0, 1, 4094, 0, 0, 0, 0, 0]",132.95121875,131.8782109375,133.1324453125,0.049775,0.200736,17.017756,17.268167
random_n12_07,12,spectrum,proposed,128,random,5,45044,45044,0,7596264080627547985,"[0, 0, 0, 0, 0, 0, 0, 0, 0, 0, 1, 4094, 0, 0, 0, 0, 0]",11.9853125,11.9804453125,12.3209921875,0.051279,1.488408,1.53412,3.089278
random_n12_08,12,max,bitwise,1152,random,5,11,11,0,4933914577815142083,"[0, 0, 0, 0, 0, 0, 0, 0, 0, 0, 1, 4094, 0, 0, 0, 0, 0]",4.151077256944444,4.144623263888889,4.1549375,0.050137,0.059879,4.782041,4.891134
random_n12_08,12,max,proposed,1152,random,5,11,11,0,4933914577815142083,"[0, 0, 0, 0, 0, 0, 0, 0, 0, 0, 1, 4094, 0, 0, 0, 0, 0]",0.17542447916666665,0.17527777777777778,0.17570399305555554,0.050658,0.057775,0.202089,0.315986
random_n12_08,12,min,bitwise,21,random,5,10,10,0,1474338417735977103,"[0, 0, 0, 0, 0, 0, 0, 0, 0, 0, 1, 4094, 0, 0, 0, 0, 0]",174.09452380952382,173.45142857142858,175.10585714285713,0.050046,0.194792,3.655985,3.900564
random_n12_08,12,min,proposed,21,random,5,10,10,0,1474338417735977103,"[0, 0, 0, 0, 0, 0, 0, 0, 0, 0, 1, 4094, 0, 0, 0, 0, 0]",3.1735714285714285,3.1644761904761904,3.1836190476190476,0.050086,0.018434,0.066645,0.135534
random_n12_08,12,spectrum,bitwise,128,random,5,45044,45044,0,15365406783823850085,"[0, 0, 0, 0, 0, 0, 0, 0, 0, 0, 1, 4094, 0, 0, 0, 0, 0]",133.4166171875,132.2497734375,133.8017890625,0.049886,0.206238,17.077327,17.342654
random_n12_08,12,spectrum,proposed,128,random,5,45044,45044,0,15365406783823850085,"[0, 0, 0, 0, 0, 0, 0, 0, 0, 0, 1, 4094, 0, 0, 0, 0, 0]",9.785890625,9.6989375,9.8841875,0.050207,1.486598,1.252594,2.798784
random_n12_09,12,max,bitwise,1152,random,5,11,11,0,7032261349950592813,"[0, 0, 0, 0, 0, 0, 0, 0, 0, 0, 0, 4095, 0, 0, 0, 0, 0]",4.166483506944444,4.163917534722223,4.180984375,0.049646,0.059899,4.799789,4.909375
random_n12_09,12,max,proposed,1152,random,5,11,11,0,7032261349950592813,"[0, 0, 0, 0, 0, 0, 0, 0, 0, 0, 0, 4095, 0, 0, 0, 0, 0]",0.20916579861111112,0.20297395833333334,0.20943576388888888,0.049846,0.058075,0.240959,0.349131
random_n12_09,12,min,bitwise,21,random,5,10,10,0,1453831282754374829,"[0, 0, 0, 0, 0, 0, 0, 0, 0, 0, 1, 4094, 0, 0, 0, 0, 0]",167.82028571428572,167.67885714285714,167.84666666666666,0.050106,0.184029,3.524226,3.759194
random_n12_09,12,min,proposed,21,random,5,10,10,0,1453831282754374829,"[0, 0, 0, 0, 0, 0, 0, 0, 0, 0, 1, 4094, 0, 0, 0, 0, 0]",3.22747619047619,3.2213333333333334,3.2408571428571427,0.05164,0.018554,0.067777,0.138211
random_n12_09,12,spectrum,bitwise,128,random,5,45044,45044,0,1069416159766752991,"[0, 0, 0, 0, 0, 0, 0, 0, 0, 0, 1, 4094, 0, 0, 0, 0, 0]",135.7389609375,133.4279921875,135.936890625,0.049486,0.189491,17.374587,17.613643
random_n12_09,12,spectrum,proposed,128,random,5,45044,45044,0,1069416159766752991,"[0, 0, 0, 0, 0, 0, 0, 0, 0, 0, 1, 4094, 0, 0, 0, 0, 0]",10.967328125,10.9497421875,11.0802265625,0.050087,1.489434,1.403818,2.951079
random_n13_00,13,max,bitwise,1664,random,5,12,12,0,9371464230091477723,"[0, 0, 0, 0, 0, 0, 0, 0, 0, 0, 0, 1, 8190, 0, 0, 0, 0]",8.787086538461539,8.779298677884615,8.78921454326923,0.088736,0.123789,14.621712,14.837508
random_n13_00,13,max,proposed,1664,random,5,12,12,0,9371464230091477723,"[0, 0, 0, 0, 0, 0, 0, 0, 0, 0, 0, 1, 8190, 0, 0, 0, 0]",0.2658088942307692,0.2647788461538461,0.26900300480769235,0.088194,0.116029,0.442306,0.647112
random_n13_00,13,min,bitwise,5,random,5,11,11,0,5242538475904815865,"[0, 0, 0, 0, 0, 0, 0, 0, 0, 0, 0, 1, 8190, 0, 0, 0, 0]",526.3224,526.3084,528.5238,0.084927,0.548685,2.631612,3.264382
random_n13_00,13,min,proposed,5,random,5,11,11,0,5242538475904815865,"[0, 0, 0, 0, 0, 0, 0, 0, 0, 0, 0, 1, 8190, 0, 0, 0, 0]",7.0062,6.9802,7.0102,0.088497,0.029889,0.035031,0.152725
random_n13_00,13,spectrum,bitwise,128,random,5,98291,98291,0,9371464230091477723,"[0, 0, 0, 0, 0, 0, 0, 0, 0, 0, 0, 1, 8190, 0, 0, 0, 0]",462.24175,457.3873046875,469.8048515625,0.088225,0.58174,59.166944,59.836945
random_n13_00,13,spectrum,proposed,128,random,5,98291,98291,0,9371464230091477723,"[0, 0, 0, 0, 0, 0, 0, 0, 0, 0, 0, 1, 8190, 0, 0, 0, 0]",44.257171875,41.9815390625,44.4517578125,0.089728,5.731332,5.664918,11.508941
random_n13_01,13,max,bitwise,1664,random,5,12,12,0,13146823425850893059,"[0, 0, 0, 0, 0, 0, 0, 0, 0, 0, 0, 1, 8190, 0, 0, 0, 0]",8.815626802884616,8.811525841346155,8.83853425480769,0.087614,0.123628,14.669203,14.879401
random_n13_01,13,max,proposed,1664,random,5,12,12,0,13146823425850893059,"[0, 0, 0, 0, 0, 0, 0, 0, 0, 0, 0, 1, 8190, 0, 0, 0, 0]",0.26013461538461535,0.25931730769230765,0.26200300480769234,0.088014,0.116641,0.432864,0.636777
random_n13_01,13,min,bitwise,5,random,5,12,12,0,4586286178651582013,"[0, 0, 0, 0, 0, 0, 0, 0, 0, 0, 0, 0, 8191, 0, 0, 0, 0]",541.0488,539.4652,541.211,0.085739,0.562825,2.705244,3.353908
random_n13_01,13,min,proposed,5,random,5,12,12,0,4586286178651582013,"[0, 0, 0, 0, 0, 0, 0, 0, 0, 0, 0, 0, 8191, 0, 0, 0, 0]",7.0424,7.0042,7.0664,0.085759,0.029227,0.035212,0.15063
random_n13_01,13,spectrum,bitwise,128,random,5,98292,98291,0,13146823425850893059,"[0, 0, 0, 0, 0, 0, 0, 0, 0, 0, 0, 1, 8190, 0, 0, 0, 0]",460.173078125,456.2888125,460.960828125,0.087543,0.583517,58.902154,59.573285
random_n13_01,13,spectrum,proposed,128,random,5,98292,98291,0,13146823425850893059,"[0, 0, 0, 0, 0, 0, 0, 0, 0, 0, 0, 1, 8190, 0, 0, 0, 0]",37.0333046875,36.8361484375,37.6769609375,0.089457,5.737276,4.740263,10.614545
random_n13_02,13,max,bitwise,1664,random,5,12,12,0,16692412077356845275,"[0, 0, 0, 0, 0, 0, 0, 0, 0, 0, 0, 1, 8190, 0, 0, 0, 0]",8.800561899038462,8.789668870192308,8.80107451923077,0.088746,0.124008,14.644135,14.856889
random_n13_02,13,max,proposed,1664,random,5,12,12,0,16692412077356845275,"[0, 0, 0, 0, 0, 0, 0, 0, 0, 0, 0, 1, 8190, 0, 0, 0, 0]",0.24970192307692307,0.24501622596153846,0.25706430288461535,0.090329,0.116562,0.415504,0.627477
random_n13_02,13,min,bitwise,5,random,5,11,11,0,4187173367145587861,"[0, 0, 0, 0, 0, 0, 0, 0, 0, 0, 0, 3, 8188, 0, 0, 0, 0]",535.0348,532.9136,535.3058000000001,0.085458,0.556023,2.675174,3.315148
random_n13_02,13,min,proposed,5,random,5,11,11,0,4187173367145587861,"[0, 0, 0, 0, 0, 0, 0, 0, 0, 0, 0, 3, 8188, 0, 0, 0, 0]",7.0203999999999995,7.006399999999999,7.022399999999999,0.085548,0.029989,0.035102,0.151091
random_n13_02,13,spectrum,bitwise,128,random,5,98289,98291,0,16692412077356845275,"[0, 0, 0, 0, 0, 0, 0, 0, 0, 0, 0, 1, 8190, 0, 0, 0, 0]",461.1711953125,460.5107265625,461.459640625,0.089168,0.582585,59.029913,59.700421
random_n13_02,13,spectrum,proposed,128,random,5,98289,98291,0,16692412077356845275,"[0, 0, 0, 0, 0, 0, 0, 0, 0, 0, 0, 1, 8190, 0, 0, 0, 0]",37.56740625,36.9967109375,37.7948671875,0.089889,5.746597,4.808628,10.674229
random_n13_03,13,max,bitwise,1664,random,5,12,12,0,6222595780571724363,"[0, 0, 0, 0, 0, 0, 0, 0, 0, 0, 0, 1, 8190, 0, 0, 0, 0]",8.811198317307692,8.803267427884615,8.876197716346153,0.088085,0.123938,14.661834,14.873916
random_n13_03,13,max,proposed,1664,random,5,12,12,0,6222595780571724363,"[0, 0, 0, 0, 0, 0, 0, 0, 0, 0, 0, 1, 8190, 0, 0, 0, 0]",0.2591706730769231,0.25906310096153845,0.25972475961538466,0.090129,0.116472,0.43126,0.639242
random_n13_03,13,min,bitwise,5,random,5,11,11,0,8900916478520104389,"[0, 0, 0, 0, 0, 0, 0, 0, 0, 0, 0, 1, 8190, 0, 0, 0, 0]",537.6766,537.5186,538.0566,0.085128,0.563026,2.688383,3.334048
random_n13_03,13,min,proposed,5,random,5,11,11,0,8900916478520104389,"[0, 0, 0, 0, 0, 0, 0, 0, 0, 0, 0, 1, 8190, 0, 0, 0, 0]",6.9841999999999995,6.9722,7.0024,0.087834,0.029468,0.034921,0.151963
random_n13_03,13,spectrum,bitwise,128,random,5,98291,98291,0,6222595780571724363,"[0, 0, 0, 0, 0, 0, 0, 0, 0, 0, 0, 1, 8190, 0, 0, 0, 0]",462.132875,459.9238828125,472.6842421875,0.088425,0.579438,59.153008,59.813212
random_n13_03,13,spectrum,proposed,128,random,5,98291,98291,0,6222595780571724363,"[0, 0, 0, 0, 0, 0, 0, 0, 0, 0, 0, 1, 8190, 0, 0, 0, 0]",41.1519140625,41.03875,41.3565390625,0.089498,5.734749,5.267445,11.095081
random_n13_04,13,max,bitwise,1664,random,5,12,12,0,2759824327210118125,"[0, 0, 0, 0, 0, 0, 0, 0, 0, 0, 0, 1, 8190, 0, 0, 0, 0]",8.806090144230769,8.785225961538462,8.8203359375,0.088386,0.123748,14.653334,14.864395
random_n13_04,13,max,proposed,1664,random,5,12,12,0,2759824327210118125,"[0, 0, 0, 0, 0, 0, 0, 0, 0, 0, 0, 1, 8190, 0, 0, 0, 0]",0.2554236778846154,0.2550420673076923,0.2563112980769231,0.088837,0.116049,0.425025,0.630341
random_n13_04,13,min,bitwise,5,random,5,11,11,0,12018118990531844711,"[0, 0, 0, 0, 0, 0, 0, 0, 0, 0, 0, 1, 8190, 0, 0, 0, 0]",547.5024000000001,546.0401999999999,548.6444,0.08581,0.561903,2.737512,3.384119
random_n13_04,13,min,proposed,5,random,5,11,11,0,12018118990531844711,"[0, 0, 0, 0, 0, 0, 0, 0, 0, 0, 0, 1, 8190, 0, 0, 0, 0]",7.006399999999999,7.006399999999999,7.0564,0.087434,0.029418,0.035032,0.152765
random_n13_04,13,spectrum,bitwise,128,random,5,98291,98291,0,2759824327210118125,"[0, 0, 0, 0, 0, 0, 0, 0, 0, 0, 0, 1, 8190, 0, 0, 0, 0]",459.79890625,456.8149921875,461.1801171875,0.087815,0.584034,58.85426,59.525657
random_n13_04,13,spectrum,proposed,128,random,5,98291,98291,0,2759824327210118125,"[0, 0, 0, 0, 0, 0, 0, 0, 0, 0, 0, 1, 8190, 0, 0, 0, 0]",38.8165,38.371,38.8770703125,0.092765,5.738159,4.968512,10.741245
random_n13_05,13,max,bitwise,1664,random,5,12,12,0,10191142616763633793,"[0, 0, 0, 0, 0, 0, 0, 0, 0, 0, 0, 0, 8191, 0, 0, 0, 0]",8.800999399038462,8.794609375,8.812529447115384,0.087715,0.123938,14.644863,14.854269
random_n13_05,13,max,proposed,1664,random,5,12,12,0,10191142616763633793,"[0, 0, 0, 0, 0, 0, 0, 0, 0, 0, 0, 0, 8191, 0, 0, 0, 0]",0.28081430288461534,0.28045252403846155,0.2828557692307692,0.089468,0.11584,0.467275,0.673005
random_n13_05,13,min,bitwise,5,random,5,11,11,0,5216874929108739009,"[0, 0, 0, 0, 0, 0, 0, 0, 0, 0, 0, 3, 8188, 0, 0, 0, 0]",554.7604,544.585,558.3516,0.085418,0.575699,2.773802,3.439286
random_n13_05,13,min,proposed,5,random,5,11,11,0,5216874929108739009,"[0, 0, 0, 0, 0, 0, 0, 0, 0, 0, 0, 3, 8188, 0, 0, 0, 0]",7.2106,7.0764,7.75,0.085869,0.03014,0.036053,0.153426
random_n13_05,13,spectrum,bitwise,128,random,5,98289,98292,0,10191142616763633793,"[0, 0, 0, 0, 0, 0, 0, 0, 0, 0, 0, 0, 8191, 0, 0, 0, 0]",458.678046875,458.3883515625,460.3443046875,0.087835,0.587482,58.71079,59.384345
random_n13_05,13,spectrum,proposed,128,random,5,98289,98292,0,10191142616763633793,"[0, 0, 0, 0, 0, 0, 0, 0, 0, 0, 0, 0, 8191, 0, 0, 0, 0]",40.5024140625,40.3290703125,40.66196875,0.091051,5.755378,5.184309,11.027982
random_n13_06,13,max,bitwise,1664,random,5,12,12,0,9791727950472772291,"[0, 0, 0, 0, 0, 0, 0, 0, 0, 0, 0, 1, 8190, 0, 0, 0, 0]",8.794259014423076,8.789936298076924,8.877868389423076,0.088877,0.123709,14.633647,14.84621
random_n13_06,13,max,proposed,1664,random,5,12,12,0,9791727950472772291,"[0, 0, 0, 0, 0, 0, 0, 0, 0, 0, 0, 1, 8190, 0, 0, 0, 0]",0.2638659855769231,0.26300180288461533,0.27161598557692307,0.088216,0.116311,0.439073,0.644392
random_n13_06,13,min,bitwise,5,random,5,11,11,0,12873621503469808959,"[0, 0, 0, 0, 0, 0, 0, 0, 0, 0, 0, 1, 8190, 0, 0, 0, 0]",535.7146,535.4398,537.9794,0.084848,0.5548,2.678573,3.319377
random_n13_06,13,min,proposed,5,random,5,11,11,0,12873621503469808959,"[0, 0, 0, 0, 0, 0, 0, 0, 0, 0, 0, 1, 8190, 0, 0, 0, 0]",6.9622,6.9601999999999995,6.9681999999999995,0.088546,0.03029,0.034811,0.153205
random_n13_06,13,spectrum,bitwise,128,random,5,98291,98291,0,9791727950472772291,"[0, 0, 0, 0, 0, 0, 0, 0, 0, 0, 0, 1, 8190, 0, 0, 0, 0]",460.17515625,459.7092421875,460.3578046875,0.087595,0.583885,58.90242,59.566495
random_n13_06,13,spectrum,proposed,128,random,5,98291,98291,0,9791727950472772291,"[0, 0, 0, 0, 0, 0, 0, 0, 0, 0, 0, 1, 8190, 0, 0, 0, 0]",42.7643125,40.321,42.8391015625,0.090491,5.743379,5.473832,11.317275
random_n13_07,13,max,bitwise,1664,random,5,12,12,0,7296441417376847611,"[0, 0, 0, 0, 0, 0, 0, 0, 0, 0, 0, 3, 8188, 0, 0, 0, 0]",8.815578125,8.80803125,8.899396634615385,0.087643,0.123757,14.669122,14.880283
random_n13_07,13,max,proposed,1664,random,5,12,12,0,7296441417376847611,"[0, 0, 0, 0, 0, 0, 0, 0, 0, 0, 0, 3, 8188, 0, 0, 0, 0]",0.2886448317307692,0.28847596153846156,0.2886652644230769,0.088827,0.116282,0.480305,0.685448
random_n13_07,13,min,bitwise,5,random,5,12,12,0,15940619113968811747,"[0, 0, 0, 0, 0, 0, 0, 0, 0, 0, 0, 0, 8191, 0, 0, 0, 0]",557.977,542.9596,565.1146,0.084998,0.559097,2.789885,3.456542
random_n13_07,13,min,proposed,5,random,5,12,12,0,15940619113968811747,"[0, 0, 0, 0, 0, 0, 0, 0, 0, 0, 0, 0, 8191, 0, 0, 0, 0]",6.9562,6.9402,6.9582,0.089678,0.029719,0.034781,0.154238
random_n13_07,13,spectrum,bitwise,128,random,5,98292,98289,0,7296441417376847611,"[0, 0, 0, 0, 0, 0, 0, 0, 0, 0, 0, 3, 8188, 0, 0, 0, 0]",460.6944921875,459.7923515625,464.4353515625,0.087283,0.58576,58.968895,59.636472
random_n13_07,13,spectrum,proposed,128,random,5,98292,98289,0,7296441417376847611,"[0, 0, 0, 0, 0, 0, 0, 0, 0, 0, 0, 3, 8188, 0, 0, 0, 0]",43.673453125,43.3988515625,44.080171875,0.089918,5.727012,5.590202,11.454385
random_n13_08,13,max,bitwise,1664,random,5,12,12,0,17612815534214606881,"[0, 0, 0, 0, 0, 0, 0, 0, 0, 0, 0, 1, 8190, 0, 0, 0, 0]",8.802646033653845,8.787446514423076,8.802855769230769,0.08628,0.123437,14.647603,14.857199
random_n13_08,13,max,proposed,1664,random,5,12,12,0,17612815534214606881,"[0, 0, 0, 0, 0, 0, 0, 0, 0, 0, 0, 1, 8190, 0, 0, 0, 0]",0.2755751201923077,0.27451021634615386,0.2769344951923077,0.087253,0.116291,0.458557,0.662655
random_n13_08,13,min,bitwise,5,random,5,12,12,0,3615847459374494773,"[0, 0, 0, 0, 0, 0, 0, 0, 0, 0, 0, 0, 8191, 0, 0, 0, 0]",534.5464000000001,533.6795999999999,535.3834,0.085098,0.550002,2.672732,3.310479
random_n13_08,13,min,proposed,5,random,5,12,12,0,3615847459374494773,"[0, 0, 0, 0, 0, 0, 0, 0, 0, 0, 0, 0, 8191, 0, 0, 0, 0]",7.086600000000001,7.0022,7.1324,0.088236,0.029999,0.035433,0.152215
random_n13_08,13,spectrum,bitwise,128,random,5,98292,98291,0,17612815534214606881,"[0, 0, 0, 0, 0, 0, 0, 0, 0, 0, 0, 1, 8190, 0, 0, 0, 0]",459.770625,457.9807109375,460.41234375,0.089228,0.572976,58.85064,59.521857
random_n13_08,13,spectrum,proposed,128,random,5,98292,98291,0,17612815534214606881,"[0, 0, 0, 0, 0, 0, 0, 0, 0, 0, 0, 1, 8190, 0, 0, 0, 0]",39.263,38.94271875,39.72740625,0.089729,5.765689,5.025664,10.894335
random_n13_09,13,max,bitwise,1664,random,5,12,12,0,12659677418939318021,"[0, 0, 0, 0, 0, 0, 0, 0, 0, 0, 0, 3, 8188, 0, 0, 0, 0]",8.82124519230769,8.81895733173077,8.827533653846155,0.087243,0.123696,14.678552,14.889242
random_n13_09,13,max,proposed,1664,random,5,12,12,0,12659677418939318021,"[0, 0, 0, 0, 0, 0, 0, 0, 0, 0, 0, 3, 8188, 0, 0, 0, 0]",0.2655444711538461,0.2652139423076923,0.27236959134615385,0.09057,0.115978,0.441866,0.649227
random_n13_09,13,min,bitwise,5,random,5,11,11,0,6577348526319050845,"[0, 0, 0, 0, 0, 0, 0, 0, 0, 0, 0, 1, 8190, 0, 0, 0, 0]",539.5971999999999,539.455,548.0318000000001,0.084827,0.563734,2.697986,3.343113
random_n13_09,13,min,proposed,5,random,5,11,11,0,6577348526319050845,"[0, 0, 0, 0, 0, 0, 0, 0, 0, 0, 0, 1, 8190, 0, 0, 0, 0]",6.9982,6.9704,7.0102,0.088456,0.029408,0.034991,0.153237
random_n13_09,13,spectrum,bitwise,128,random,5,98291,98289,0,12659677418939318021,"[0, 0, 0, 0, 0, 0, 0, 0, 0, 0, 0, 3, 8188, 0, 0, 0, 0]",459.854453125,459.681640625,459.876859375,0.088275,0.577473,58.86137,59.515889
random_n13_09,13,spectrum,proposed,128,random,5,98291,98289,0,12659677418939318021,"[0, 0, 0, 0, 0, 0, 0, 0, 0, 0, 0, 3, 8188, 0, 0, 0, 0]",37.8822265625,34.547671875,38.089796875,0.090038,5.785806,4.848925,10.642619
random_n14_00,14,max,bitwise,1152,random,5,13,13,0,7572980563483217683,"[0, 0, 0, 0, 0, 0, 0, 0, 0, 0, 0, 0, 1, 16382, 0, 0, 0]",19.111058159722223,19.06471527777778,19.1695859375,0.152534,0.280653,22.015939,22.447673
random_n14_00,14,max,proposed,1152,random,5,13,13,0,7572980563483217683,"[0, 0, 0, 0, 0, 0, 0, 0, 0, 0, 0, 0, 1, 16382, 0, 0, 0]",0.4110434027777778,0.40909114583333334,0.41185069444444444,0.156153,0.260694,0.473522,0.889293
random_n14_00,14,min,bitwise,5,random,5,12,12,0,8302849839141124581,"[0, 0, 0, 0, 0, 0, 0, 0, 0, 0, 0, 0, 1, 16382, 0, 0, 0]",1816.2646000000002,1808.9398,1831.95,0.151642,1.856666,9.081323,11.074172
random_n14_00,14,min,proposed,5,random,5,12,12,0,8302849839141124581,"[0, 0, 0, 0, 0, 0, 0, 0, 0, 0, 0, 0, 1, 16382, 0, 0, 0]",14.161,14.044799999999999,15.2956,0.154389,0.068619,0.070805,0.294024
random_n14_00,14,spectrum,bitwise,128,random,5,212978,212978,0,13678978447106950691,"[0, 0, 0, 0, 0, 0, 0, 0, 0, 0, 0, 0, 1, 16382, 0, 0, 0]",1726.317625,1716.8119609375,1734.109453125,0.153708,1.969952,220.968656,223.091702
random_n14_00,14,spectrum,proposed,128,random,5,212978,212978,0,13678978447106950691,"[0, 0, 0, 0, 0, 0, 0, 0, 0, 0, 0, 0, 1, 16382, 0, 0, 0]",266.9251171875,265.933703125,266.99378125,0.156375,23.019846,34.166415,57.340819
random_n14_01,14,max,bitwise,1152,random,5,13,13,0,7105340256630996777,"[0, 0, 0, 0, 0, 0, 0, 0, 0, 0, 0, 0, 0, 16383, 0, 0, 0]",19.10243576388889,19.100503472222222,19.1030859375,0.152253,0.281997,22.006006,22.443809
random_n14_01,14,max,proposed,1152,random,5,13,13,0,7105340256630996777,"[0, 0, 0, 0, 0, 0, 0, 0, 0, 0, 0, 0, 0, 16383, 0, 0, 0]",0.3984114583333333,0.39810243055555555,0.4023932291666667,0.156955,0.262751,0.45897,0.878811
random_n14_01,14,min,bitwise,5,random,5,12,12,0,5534068438000360021,"[0, 0, 0, 0, 0, 0, 0, 0, 0, 0, 0, 0, 1, 16382, 0, 0, 0]",1835.2888,1823.4984,1900.6478,0.151532,1.883501,9.176444,11.211267
random_n14_01,14,min,proposed,5,random,5,12,12,0,5534068438000360021,"[0, 0, 0, 0, 0, 0, 0, 0, 0, 0, 0, 0, 1, 16382, 0, 0, 0]",14.034799999999999,13.9826,14.0526,0.151462,0.070954,0.070174,0.293381
random_n14_01,14,spectrum,bitwise,128,random,5,212978,212978,0,2435124384663668095,"[0, 0, 0, 0, 0, 0, 0, 0, 0, 0, 0, 0, 1, 16382, 0, 0, 0]",1739.5992890625,1738.85484375,1740.3251171875,0.154038,1.980365,222.668709,224.782093
random_n14_01,14,spectrum,proposed,128,random,5,212978,212978,0,2435124384663668095,"[0, 0, 0, 0, 0, 0, 0, 0, 0, 0, 0, 0, 1, 16382, 0, 0, 0]",314.5423046875,313.8784921875,314.6662890625,0.161667,22.789238,40.261415,63.275046
random_n14_02,14,max,bitwise,1152,random,5,13,13,0,618097441784826649,"[0, 0, 0, 0, 0, 0, 0, 0, 0, 0, 0, 0, 1, 16382, 0, 0, 0]",19.105104166666667,19.099416666666666,19.14402517361111,0.152424,0.28034,22.00908,22.441063
random_n14_02,14,max,proposed,1152,random,5,13,13,0,618097441784826649,"[0, 0, 0, 0, 0, 0, 0, 0, 0, 0, 0, 0, 1, 16382, 0, 0, 0]",0.36336979166666666,0.3618385416666667,0.36392534722222225,0.156112,0.260905,0.418602,0.835132
random_n14_02,14,min,bitwise,5,random,5,12,12,0,9245653717978125829,"[0, 0, 0, 0, 0, 0, 0, 0, 0, 0, 0, 0, 3, 16380, 0, 0, 0]",1860.9081999999999,1847.2868,1864.8686,0.15052,1.914021,9.304541,11.369423
random_n14_02,14,min,proposed,5,random,5,12,12,0,9245653717978125829,"[0, 0, 0, 0, 0, 0, 0, 0, 0, 0, 0, 0, 3, 16380, 0, 0, 0]",14.098799999999999,13.9964,14.682,0.155432,0.069311,0.070494,0.294575
random_n14_02,14,spectrum,bitwise,128,random,5,212976,212979,0,2189637323484135831,"[0, 0, 0, 0, 0, 0, 0, 0, 0, 0, 0, 0, 0, 16383, 0, 0, 0]",1727.1055859375,1716.87096875,1734.643328125,0.151832,2.003122,221.069515,223.29517
random_n14_02,14,spectrum,proposed,128,random,5,212976,212979,0,2189637323484135831,"[0, 0, 0, 0, 0, 0, 0, 0, 0, 0, 0, 0, 0, 16383, 0, 0, 0]",262.7534140625,262.5271796875,262.8276953125,0.15937,22.740627,33.632437,56.560888
random_n14_03,14,max,bitwise,1152,random,5,13,13,0,18317261242129527213,"[0, 0, 0, 0, 0, 0, 0, 0, 0, 0, 0, 0, 7, 16376, 0, 0, 0]",19.103868055555555,19.100928819444444,19.148269965277777,0.152985,0.282599,22.007656,22.448483
random_n14_03,14,max,proposed,1152,random,5,13,13,0,18317261242129527213,"[0, 0, 0, 0, 0, 0, 0, 0, 0, 0, 0, 0, 7, 16376, 0, 0, 0]",0.37397135416666666,0.3739487847222222,0.3754826388888889,0.156314,0.264043,0.430815,0.854975
random_n14_03,14,min,bitwise,5,random,5,12,12,0,2899951276687846397,"[0, 0, 0, 0, 0, 0, 0, 0, 0, 0, 0, 0, 1, 16382, 0, 0, 0]",1819.6726,1809.7876,1832.4014,0.150739,1.862792,9.098363,11.090937
random_n14_03,14,min,proposed,5,random,5,12,12,0,2899951276687846397,"[0, 0, 0, 0, 0, 0, 0, 0, 0, 0, 0, 0, 1, 16382, 0, 0, 0]",14.0386,14.0046,14.050799999999999,0.152945,0.069551,0.070193,0.299829
random_n14_03,14,spectrum,bitwise,128,random,5,212978,212976,0,14415447608925367287,"[0, 0, 0, 0, 0, 0, 0, 0, 0, 0, 0, 0, 3, 16380, 0, 0, 0]",1735.9535234375,1718.0711171875,1737.0664921875,0.154499,1.992844,222.202051,224.337909
random_n14_03,14,spectrum,proposed,128,random,5,212978,212976,0,14415447608925367287,"[0, 0, 0, 0, 0, 0, 0, 0, 0, 0, 0, 0, 3, 16380, 0, 0, 0]",268.9787734375,268.4389609375,273.4477890625,0.157004,22.879807,34.429283,58.210217
random_n14_04,14,max,bitwise,1152,random,5,13,13,0,3669065801963464269,"[0, 0, 0, 0, 0, 0, 0, 0, 0, 0, 0, 0, 3, 16380, 0, 0, 0]",19.10390625,19.084891493055554,19.24993923611111,0.154489,0.281233,22.0077,22.443992
random_n14_04,14,max,proposed,1152,random,5,13,13,0,3669065801963464269,"[0, 0, 0, 0, 0, 0, 0, 0, 0, 0, 0, 0, 3, 16380, 0, 0, 0]",0.40120833333333333,0.40036024305555556,0.4023229166666667,0.153117,0.261346,0.462192,0.876564
random_n14_04,14,min,bitwise,5,random,5,12,12,0,1966215713796031219,"[0, 0, 0, 0, 0, 0, 0, 0, 0, 0, 0, 0, 1, 16382, 0, 0, 0]",1845.6878000000002,1841.878,1856.925,0.149939,1.908789,9.228439,11.287999
random_n14_04,14,min,proposed,5,random,5,12,12,0,1966215713796031219,"[0, 0, 0, 0, 0, 0, 0, 0, 0, 0, 0, 0, 1, 16382, 0, 0, 0]",13.9382,13.920399999999999,14.0326,0.154689,0.069281,0.069691,0.294593
random_n14_04,14,spectrum,bitwise,128,random,5,212978,212979,0,14896213686194190099,"[0, 0, 0, 0, 0, 0, 0, 0, 0, 0, 0, 0, 0, 16383, 0, 0, 0]",1727.4074609375,1716.476671875,1735.5288515625,0.157918,1.992465,221.108155,223.259525
random_n14_04,14,spectrum,proposed,128,random,5,212978,212979,0,14896213686194190099,"[0, 0, 0, 0, 0, 0, 0, 0, 0, 0, 0, 0, 0, 16383, 0, 0, 0]",324.617578125,322.8380546875,324.9596875,0.155031,22.88987,41.55105,64.729847
random_n14_05,14,max,bitwise,1152,random,5,13,13,0,4859751846965026275,"[0, 0, 0, 0, 0, 0, 0, 0, 0, 0, 0, 0, 1, 16382, 0, 0, 0]",19.17075,19.10423611111111,19.183436631944446,0.153829,0.282084,22.084704,22.519598
random_n14_05,14,max,proposed,1152,random,5,13,13,0,4859751846965026275,"[0, 0, 0, 0, 0, 0, 0, 0, 0, 0, 0, 0, 1, 16382, 0, 0, 0]",0.37268836805555555,0.3725824652777778,0.37558854166666666,0.157907,0.26144,0.429337,0.852036
random_n14_05,14,min,bitwise,5,random,5,12,12,0,15899357985088781533,"[0, 0, 0, 0, 0, 0, 0, 0, 0, 0, 0, 0, 1, 16382, 0, 0, 0]",1854.9556,1850.5623999999998,1859.7996,0.15009,1.918547,9.274778,11.363436
random_n14_05,14,min,proposed,5,random,5,12,12,0,15899357985088781533,"[0, 0, 0, 0, 0, 0, 0, 0, 0, 0, 0, 0, 1, 16382, 0, 0, 0]",13.9002,13.888200000000001,13.952399999999999,0.157235,0.069141,0.069501,0.295376
random_n14_05,14,spectrum,bitwise,128,random,5,212978,212979,0,12103905890063499283,"[0, 0, 0, 0, 0, 0, 0, 0, 0, 0, 0, 0, 0, 16383, 0, 0, 0]",1734.90321875,1734.636375,1735.0191640625,0.154198,2.0033,222.067612,224.209497
random_n14_05,14,spectrum,proposed,128,random,5,212978,212979,0,12103905890063499283,"[0, 0, 0, 0, 0, 0, 0, 0, 0, 0, 0, 0, 0, 16383, 0, 0, 0]",264.8459921875,264.314296875,266.659484375,0.154088,22.766994,33.900287,56.78435
random_n14_06,14,max,bitwise,1152,random,5,13,13,0,15346824681516850355,"[0, 0, 0, 0, 0, 0, 0, 0, 0, 0, 0, 0, 1, 16382, 0, 0, 0]",19.207128472222223,19.190676215277776,19.2502578125,0.151884,0.281144,22.126612,22.60792
random_n14_06,14,max,proposed,1152,random,5,13,13,0,15346824681516850355,"[0, 0, 0, 0, 0, 0, 0, 0, 0, 0, 0, 0, 1, 16382, 0, 0, 0]",0.3523828125,0.34924913194444446,0.3531458333333333,0.154518,0.259894,0.405945,0.82236
random_n14_06,14,min,bitwise,5,random,5,12,12,0,6498206762789691193,"[0, 0, 0, 0, 0, 0, 0, 0, 0, 0, 0, 0, 1, 16382, 0, 0, 0]",1845.8252,1841.2223999999999,1854.5428,0.150089,1.920172,9.229126,11.285708
random_n14_06,14,min,proposed,5,random,5,12,12,0,6498206762789691193,"[0, 0, 0, 0, 0, 0, 0, 0, 0, 0, 0, 0, 1, 16382, 0, 0, 0]",14.0206,13.9586,14.0286,0.157365,0.068649,0.070103,0.296117
random_n14_06,14,spectrum,bitwise,128,random,5,212978,212979,0,13659674289064368685,"[0, 0, 0, 0, 0, 0, 0, 0, 0, 0, 0, 0, 0, 16383, 0, 0, 0]",1726.627328125,1716.6368359375,1732.9404921875,0.152664,1.98656,221.008298,223.149839
random_n14_06,14,spectrum,proposed,128,random,5,212978,212979,0,13659674289064368685,"[0, 0, 0, 0, 0, 0, 0, 0, 0, 0, 0, 0, 0, 16383, 0, 0, 0]",252.36490625,251.3313671875,253.10646875,0.157496,22.815206,32.302708,55.399154
random_n14_07,14,max,bitwise,1152,random,5,13,13,0,6521635575446348151,"[0, 0, 0, 0, 0, 0, 0, 0, 0, 0, 0, 0, 1, 16382, 0, 0, 0]",19.109506944444444,19.096019965277776,19.125387152777776,0.153055,0.282635,22.014152,22.445024
random_n14_07,14,max,proposed,1152,random,5,13,13,0,6521635575446348151,"[0, 0, 0, 0, 0, 0, 0, 0, 0, 0, 0, 0, 1, 16382, 0, 0, 0]",0.37083506944444444,0.37059288194444445,0.37318402777777776,0.158719,0.260123,0.427202,0.85249
random_n14_07,14,min,bitwise,5,random,5,12,12,0,6341712636658299047,"[0, 0, 0, 0, 0, 0, 0, 0, 0, 0, 0, 0, 1, 16382, 0, 0, 0]",1846.5242,1844.5402,1860.9382,0.150029,1.905516,9.232621,11.27788
random_n14_07,14,min,proposed,5,random,5,12,12,0,6341712636658299047,"[0, 0, 0, 0, 0, 0, 0, 0, 0, 0, 0, 0, 1, 16382, 0, 0, 0]",13.958200000000001,13.9504,13.9702,0.152285,0.06851,0.069791,0.295947
random_n14_07,14,spectrum,bitwise,128,random,5,212978,212978,0,6807007677149203187,"[0, 0, 0, 0, 0, 0, 0, 0, 0, 0, 0, 0, 1, 16382, 0, 0, 0]",1713.0439609375,1710.552953125,1726.41909375,0.152514,1.967874,219.269627,221.39245
random_n14_07,14,spectrum,proposed,128,random,5,212978,212978,0,6807007677149203187,"[0, 0, 0, 0, 0, 0, 0, 0, 0, 0, 0, 0, 1, 16382, 0, 0, 0]",284.242921875,282.5497890625,285.34946875,0.153306,22.76256,36.383094,59.176923
random_n14_08,14,max,bitwise,1152,random,5,13,13,0,9261562583594160393,"[0, 0, 0, 0, 0, 0, 0, 0, 0, 0, 0, 0, 1, 16382, 0, 0, 0]",19.113188368055553,19.10563454861111,19.16074392361111,0.153367,0.27972,22.018393,22.458073
random_n14_08,14,max,proposed,1152,random,5,13,13,0,9261562583594160393,"[0, 0, 0, 0, 0, 0, 0, 0, 0, 0, 0, 0, 1, 16382, 0, 0, 0]",0.3945,0.3928151041666667,0.3958359375,0.160523,0.259964,0.454464,0.869768
random_n14_08,14,min,bitwise,5,random,5,12,12,0,6637472626942302933,"[0, 0, 0, 0, 0, 0, 0, 0, 0, 0, 0, 0, 1, 16382, 0, 0, 0]",1855.736,1834.7372,1871.3216,0.15059,1.912087,9.27868,11.353757
random_n14_08,14,min,proposed,5,random,5,12,12,0,6637472626942302933,"[0, 0, 0, 0, 0, 0, 0, 0, 0, 0, 0, 0, 1, 16382, 0, 0, 0]",14.63,14.0286,14.666,0.154881,0.069863,0.07315,0.300788
random_n14_08,14,spectrum,bitwise,128,random,5,212978,212978,0,4548339374058368125,"[0, 0, 0, 0, 0, 0, 0, 0, 0, 0, 0, 0, 1, 16382, 0, 0, 0]",1714.04071875,1713.34065625,1715.3926171875,0.152385,1.997806,219.397212,221.547799
random_n14_08,14,spectrum,proposed,128,random,5,212978,212978,0,4548339374058368125,"[0, 0, 0, 0, 0, 0, 0, 0, 0, 0, 0, 0, 1, 16382, 0, 0, 0]",292.8016484375,292.3212109375,295.359765625,0.156082,22.826912,37.478611,60.609566
random_n14_09,14,max,bitwise,1152,random,5,13,13,0,1713223286662874179,"[0, 0, 0, 0, 0, 0, 0, 0, 0, 0, 0, 0, 1, 16382, 0, 0, 0]",19.05433072916667,19.019688368055554,19.078663194444445,0.151853,0.281503,21.950589,22.387136
random_n14_09,14,max,proposed,1152,random,5,13,13,0,1713223286662874179,"[0, 0, 0, 0, 0, 0, 0, 0, 0, 0, 0, 0, 1, 16382, 0, 0, 0]",0.39770225694444444,0.39642621527777777,0.40007725694444446,0.157225,0.260547,0.458153,0.876078
random_n14_09,14,min,bitwise,5,random,5,12,12,0,12172066389686296605,"[0, 0, 0, 0, 0, 0, 0, 0, 0, 0, 0, 0, 1, 16382, 0, 0, 0]",1811.6312,1809.938,1815.248,0.15087,1.861688,9.058156,11.078401
random_n14_09,14,min,proposed,5,random,5,12,12,0,12172066389686296605,"[0, 0, 0, 0, 0, 0, 0, 0, 0, 0, 0, 0, 1, 16382, 0, 0, 0]",14.0886,14.0566,14.3554,0.154739,0.068589,0.070443,0.296089
random_n14_09,14,spectrum,bitwise,128,random,5,212978,212978,0,1713223286662874179,"[0, 0, 0, 0, 0, 0, 0, 0, 0, 0, 0, 0, 1, 16382, 0, 0, 0]",1714.8261875,1713.1901171875,1728.0485546875,0.153686,1.966618,219.497752,221.61942
random_n14_09,14,spectrum,proposed,128,random,5,212978,212978,0,1713223286662874179,"[0, 0, 0, 0, 0, 0, 0, 0, 0, 0, 0, 0, 1, 16382, 0, 0, 0]",304.8273203125,304.0210546875,305.44909375,0.157656,22.816397,39.017897,62.041808
random_n15_00,15,max,bitwise,768,random,5,14,14,0,11775008753609185415,"[0, 0, 0, 0, 0, 0, 0, 0, 0, 0, 0, 0, 0, 3, 32764, 0, 0]",41.74133072916666,41.734028645833334,41.742147135416666,0.346393,0.599622,32.057342,32.999978
random_n15_00,15,max,proposed,768,random,5,14,14,0,11775008753609185415,"[0, 0, 0, 0, 0, 0, 0, 0, 0, 0, 0, 0, 0, 3, 32764, 0, 0]",0.68654296875,0.6649622395833333,0.6867096354166666,0.350032,0.563721,0.527265,1.429731
random_n15_00,15,min,bitwise,3,random,5,13,13,0,11775008753609185415,"[0, 0, 0, 0, 0, 0, 0, 0, 0, 0, 0, 0, 0, 3, 32764, 0, 0]",7530.246666666667,7294.251666666667,7570.065,0.338385,7.533821,22.59074,30.563832
random_n15_00,15,min,proposed,3,random,5,13,13,0,11775008753609185415,"[0, 0, 0, 0, 0, 0, 0, 0, 0, 0, 0, 0, 0, 3, 32764, 0, 0]",29.983,29.96966666666667,29.999666666666666,0.344062,0.144527,0.089949,0.578563
random_n15_00,15,spectrum,bitwise,128,random,5,458735,458737,0,6233460630855339667,"[0, 0, 0, 0, 0, 0, 0, 0, 0, 0, 0, 0, 0, 1, 32766, 0, 0]",6490.590640625,6482.9173671875,6500.79565625,0.344299,7.087353,830.795602,838.222105
random_n15_00,15,spectrum,proposed,128,random,5,458735,458737,0,6233460630855339667,"[0, 0, 0, 0, 0, 0, 0, 0, 0, 0, 0, 0, 0, 1, 32766, 0, 0]",1219.420046875,1218.5615,1220.765140625,0.362221,90.893486,156.085766,247.55454
random_n15_01,15,max,bitwise,768,random,5,14,14,0,8175590383877222909,"[0, 0, 0, 0, 0, 0, 0, 0, 0, 0, 0, 0, 0, 3, 32764, 0, 0]",41.56736588541666,41.51778125,41.702346354166664,0.34448,0.598532,31.923737,32.865683
random_n15_01,15,max,proposed,768,random,5,14,14,0,8175590383877222909,"[0, 0, 0, 0, 0, 0, 0, 0, 0, 0, 0, 0, 0, 3, 32764, 0, 0]",0.63697265625,0.6301380208333334,0.6460182291666666,0.358082,0.558164,0.489195,1.40601
random_n15_01,15,min,bitwise,3,random,5,13,13,0,8175590383877222909,"[0, 0, 0, 0, 0, 0, 0, 0, 0, 0, 0, 0, 0, 3, 32764, 0, 0]",7041.245666666667,7001.704333333333,7139.324666666667,0.338927,7.14147,21.123737,28.606319
random_n15_01,15,min,proposed,3,random,5,13,13,0,8175590383877222909,"[0, 0, 0, 0, 0, 0, 0, 0, 0, 0, 0, 0, 0, 3, 32764, 0, 0]",29.956333333333333,29.949333333333332,29.96633333333333,0.357069,0.143914,0.089869,0.591393
random_n15_01,15,spectrum,bitwise,128,random,5,458735,458738,0,1980065470671159827,"[0, 0, 0, 0, 0, 0, 0, 0, 0, 0, 0, 0, 0, 0, 32767, 0, 0]",6482.3399296875,6476.53478125,6584.958421875,0.346446,6.963363,829.739511,837.047915
random_n15_01,15,spectrum,proposed,128,random,5,458735,458738,0,1980065470671159827,"[0, 0, 0, 0, 0, 0, 0, 0, 0, 0, 0, 0, 0, 0, 32767, 0, 0]",1191.2948125,1187.9835,1192.7193515625,0.354767,90.651862,152.485736,243.772431
random_n15_02,15,max,bitwise,768,random,5,14,14,0,14956690768126185305,"[0, 0, 0, 0, 0, 0, 0, 0, 0, 0, 0, 0, 0, 3, 32764, 0, 0]",41.58276822916667,41.553986979166666,41.77582421875,0.34336,0.601485,31.935566,32.879245
random_n15_02,15,max,proposed,768,random,5,14,14,0,14956690768126185305,"[0, 0, 0, 0, 0, 0, 0, 0, 0, 0, 0, 0, 0, 3, 32764, 0, 0]",0.6236276041666666,0.6159244791666666,0.6321966145833333,0.349903,0.558677,0.478946,1.387323
random_n15_02,15,min,bitwise,3,random,5,13,13,0,14956690768126185305,"[0, 0, 0, 0, 0, 0, 0, 0, 0, 0, 0, 0, 0, 3, 32764, 0, 0]",6986.633333333333,6972.633,7189.314333333333,0.338435,7.055499,20.9599,28.347759
random_n15_02,15,min,proposed,3,random,5,13,13,0,14956690768126185305,"[0, 0, 0, 0, 0, 0, 0, 0, 0, 0, 0, 0, 0, 3, 32764, 0, 0]",30.05966666666667,29.983,30.177,0.336595,0.143002,0.090179,0.57472
random_n15_02,15,spectrum,bitwise,128,random,5,458735,458737,0,10017134799271114177,"[0, 0, 0, 0, 0, 0, 0, 0, 0, 0, 0, 0, 0, 1, 32766, 0, 0]",6505.398859375,6498.7121171875,6556.722625,0.348137,7.069415,832.691054,840.079708
random_n15_02,15,spectrum,proposed,128,random,5,458735,458737,0,10017134799271114177,"[0, 0, 0, 0, 0, 0, 0, 0, 0, 0, 0, 0, 0, 1, 32766, 0, 0]",1269.767984375,1268.2289296875,1270.30646875,0.351777,90.419417,162.530302,253.317264
random_n15_03,15,max,bitwise,768,random,5,14,14,0,1692562362688980047,"[0, 0, 0, 0, 0, 0, 0, 0, 0, 0, 0, 0, 0, 1, 32766, 0, 0]",41.64870833333334,41.64576171875,41.721235677083335,0.347706,0.596333,31.986208,32.930421
random_n15_03,15,max,proposed,768,random,5,14,14,0,1692562362688980047,"[0, 0, 0, 0, 0, 0, 0, 0, 0, 0, 0, 0, 0, 1, 32766, 0, 0]",0.5399505208333334,0.53513671875,0.5425338541666667,0.355133,0.560492,0.414682,1.330841
random_n15_03,15,min,bitwise,3,random,5,13,13,0,1692562362688980047,"[0, 0, 0, 0, 0, 0, 0, 0, 0, 0, 0, 0, 0, 1, 32766, 0, 0]",6838.508666666667,6831.652,6873.686,0.338766,6.911602,20.515526,27.760226
random_n15_03,15,min,proposed,3,random,5,13,13,0,1692562362688980047,"[0, 0, 0, 0, 0, 0, 0, 0, 0, 0, 0, 0, 0, 1, 32766, 0, 0]",29.906,29.832666666666668,29.92966666666667,0.340392,0.147844,0.089718,0.577874
random_n15_03,15,spectrum,bitwise,128,random,5,458737,458737,0,1125209931771830447,"[0, 0, 0, 0, 0, 0, 0, 0, 0, 0, 0, 0, 0, 1, 32766, 0, 0]",6668.8808359375,6511.510984375,6803.80675,0.34465,7.124476,853.616747,861.083257
random_n15_03,15,spectrum,proposed,128,random,5,458737,458737,0,1125209931771830447,"[0, 0, 0, 0, 0, 0, 0, 0, 0, 0, 0, 0, 0, 1, 32766, 0, 0]",983.1689140625,982.5496875,984.148234375,0.352348,90.712902,125.845621,216.820974
random_n15_04,15,max,bitwise,768,random,5,14,14,0,12374861874671329715,"[0, 0, 0, 0, 0, 0, 0, 0, 0, 0, 0, 0, 0, 0, 32767, 0, 0]",41.618876302083336,41.54356640625,41.73634244791666,0.347145,0.592737,31.963297,32.901584
random_n15_04,15,max,proposed,768,random,5,14,14,0,12374861874671329715,"[0, 0, 0, 0, 0, 0, 0, 0, 0, 0, 0, 0, 0, 0, 32767, 0, 0]",0.5883190104166667,0.5839453125,0.6022994791666666,0.353234,0.556296,0.451829,1.367346
random_n15_04,15,min,bitwise,3,random,5,14,14,0,12374861874671329715,"[0, 0, 0, 0, 0, 0, 0, 0, 0, 0, 0, 0, 0, 0, 32767, 0, 0]",7664.731,6968.913666666667,7824.271,0.334787,7.787366,22.994193,31.116346
random_n15_04,15,min,proposed,3,random,5,14,14,0,12374861874671329715,"[0, 0, 0, 0, 0, 0, 0, 0, 0, 0, 0, 0, 0, 0, 32767, 0, 0]",29.846,29.836,29.87633333333333,0.345883,0.142572,0.089538,0.581976
random_n15_04,15,spectrum,bitwise,128,random,5,458738,458737,0,3361904803407372195,"[0, 0, 0, 0, 0, 0, 0, 0, 0, 0, 0, 0, 0, 1, 32766, 0, 0]",6514.9984921875,6501.6856953125,6575.24546875,0.34724,7.108391,833.919807,841.378032
random_n15_04,15,spectrum,proposed,128,random,5,458738,458737,0,3361904803407372195,"[0, 0, 0, 0, 0, 0, 0, 0, 0, 0, 0, 0, 0, 1, 32766, 0, 0]",1094.217734375,1093.125625,1094.588921875,0.350584,90.732918,140.05987,230.997867
random_n15_05,15,max,bitwise,768,random,5,14,14,0,15303683283008684229,"[0, 0, 0, 0, 0, 0, 0, 0, 0, 0, 0, 0, 0, 0, 32767, 0, 0]",41.723072916666666,41.61327083333334,41.791446614583336,0.347155,0.597215,32.04332,32.989063
random_n15_05,15,max,proposed,768,random,5,14,14,0,15303683283008684229,"[0, 0, 0, 0, 0, 0, 0, 0, 0, 0, 0, 0, 0, 0, 32767, 0, 0]",0.5704908854166666,0.56995703125,0.57266796875,0.353721,0.558331,0.438137,1.354075
random_n15_05,15,min,bitwise,3,random,5,14,14,0,15303683283008684229,"[0, 0, 0, 0, 0, 0, 0, 0, 0, 0, 0, 0, 0, 0, 32767, 0, 0]",7015.258333333333,6946.955,8000.452333333333,0.337045,7.096727,21.045775,28.472888
random_n15_05,15,min,proposed,3,random,5,14,14,0,15303683283008684229,"[0, 0, 0, 0, 0, 0, 0, 0, 0, 0, 0, 0, 0, 0, 32767, 0, 0]",29.896,29.876,29.903,0.342074,0.146961,0.089688,0.57692
random_n15_05,15,spectrum,bitwise,128,random,5,458738,458737,0,5394445937597053393,"[0, 0, 0, 0, 0, 0, 0, 0, 0, 0, 0, 0, 0, 1, 32766, 0, 0]",6562.0386953125,6491.6491796875,7060.4245859375,0.346668,7.14537,839.940953,847.435503
random_n15_05,15,spectrum,proposed,128,random,5,458738,458737,0,5394445937597053393,"[0, 0, 0, 0, 0, 0, 0, 0, 0, 0, 0, 0, 0, 1, 32766, 0, 0]",1089.204171875,1087.782578125,1089.56846875,0.355816,90.457798,139.418134,230.131732
random_n15_06,15,max,bitwise,768,random,5,14,14,0,12914700904059738449,"[0, 0, 0, 0, 0, 0, 0, 0, 0, 0, 0, 0, 0, 1, 32766, 0, 0]",41.60653645833334,41.604578125,41.649787760416665,0.348639,0.600238,31.95382,32.904758
random_n15_06,15,max,proposed,768,random,5,14,14,0,12914700904059738449,"[0, 0, 0, 0, 0, 0, 0, 0, 0, 0, 0, 0, 0, 1, 32766, 0, 0]",0.57487890625,0.562515625,0.5791575520833334,0.353154,0.563327,0.441507,1.354762
random_n15_06,15,min,bitwise,3,random,5,13,13,0,12914700904059738449,"[0, 0, 0, 0, 0, 0, 0, 0, 0, 0, 0, 0, 0, 1, 32766, 0, 0]",6916.472333333333,6913.967,6917.962,0.33895,7.010867,20.749417,28.099882
random_n15_06,15,min,proposed,3,random,5,13,13,0,12914700904059738449,"[0, 0, 0, 0, 0, 0, 0, 0, 0, 0, 0, 0, 0, 1, 32766, 0, 0]",29.859333333333332,29.839,29.993,0.347266,0.142581,0.089578,0.580346
random_n15_06,15,spectrum,bitwise,128,random,5,458737,458735,0,14807617300648117213,"[0, 0, 0, 0, 0, 0, 0, 0, 0, 0, 0, 0, 0, 3, 32764, 0, 0]",6614.3377421875,6539.416203125,7953.643640625,0.345572,7.149881,846.635231,854.145241
random_n15_06,15,spectrum,proposed,128,random,5,458737,458735,0,14807617300648117213,"[0, 0, 0, 0, 0, 0, 0, 0, 0, 0, 0, 0, 0, 3, 32764, 0, 0]",1088.5999765625,1088.2501328125,1089.0579296875,0.354586,90.710238,139.340797,230.404084
random_n15_07,15,max,bitwise,768,random,5,14,14,0,4299472525710188853,"[0, 0, 0, 0, 0, 0, 0, 0, 0, 0, 0, 0, 0, 0, 32767, 0, 0]",41.67543098958333,41.672063802083336,41.736111979166665,0.345281,0.597045,32.006731,32.960895
random_n15_07,15,max,proposed,768,random,5,14,14,0,4299472525710188853,"[0, 0, 0, 0, 0, 0, 0, 0, 0, 0, 0, 0, 0, 0, 32767, 0, 0]",0.59660546875,0.5897408854166666,0.5966614583333334,0.347841,0.55492,0.458193,1.364294
random_n15_07,15,min,bitwise,3,random,5,14,14,0,4299472525710188853,"[0, 0, 0, 0, 0, 0, 0, 0, 0, 0, 0, 0, 0, 0, 32767, 0, 0]",7301.582,6900.575,7652.528666666667,0.336662,7.388183,21.904746,29.627234
random_n15_07,15,min,proposed,3,random,5,14,14,0,4299472525710188853,"[0, 0, 0, 0, 0, 0, 0, 0, 0, 0, 0, 0, 0, 0, 32767, 0, 0]",29.863,29.852666666666668,30.968666666666667,0.344459,0.146921,0.089589,0.578873
random_n15_07,15,spectrum,bitwise,128,random,5,458738,458735,0,10738358039112667249,"[0, 0, 0, 0, 0, 0, 0, 0, 0, 0, 0, 0, 0, 3, 32764, 0, 0]",6495.5489453125,6490.308,6560.3817734375,0.350904,6.968352,831.430265,838.74172
random_n15_07,15,spectrum,proposed,128,random,5,458738,458735,0,10738358039112667249,"[0, 0, 0, 0, 0, 0, 0, 0, 0, 0, 0, 0, 0, 3, 32764, 0, 0]",1181.378640625,1180.126078125,1185.1249296875,0.354595,90.605994,151.216466,241.985347
random_n15_08,15,max,bitwise,768,random,5,14,14,0,4944031596106775061,"[0, 0, 0, 0, 0, 0, 0, 0, 0, 0, 0, 0, 0, 1, 32766, 0, 0]",41.659403645833336,41.61789322916666,41.67162109375,0.345902,0.597276,31.994422,32.940358
random_n15_08,15,max,proposed,768,random,5,14,14,0,4944031596106775061,"[0, 0, 0, 0, 0, 0, 0, 0, 0, 0, 0, 0, 0, 1, 32766, 0, 0]",0.5637552083333334,0.5623098958333334,0.57023046875,0.353179,0.560652,0.432964,1.34164
random_n15_08,15,min,bitwise,3,random,5,13,13,0,4944031596106775061,"[0, 0, 0, 0, 0, 0, 0, 0, 0, 0, 0, 0, 0, 1, 32766, 0, 0]",7338.543,7063.513,7928.927,0.336903,7.449999,22.015629,29.806652
random_n15_08,15,min,proposed,3,random,5,13,13,0,4944031596106775061,"[0, 0, 0, 0, 0, 0, 0, 0, 0, 0, 0, 0, 0, 1, 32766, 0, 0]",29.936,29.892666666666667,30.003,0.341642,0.143513,0.089808,0.573917
random_n15_08,15,spectrum,bitwise,128,random,5,458737,458737,0,4081569609516428943,"[0, 0, 0, 0, 0, 0, 0, 0, 0, 0, 0, 0, 0, 1, 32766, 0, 0]",6589.6678984375,6556.428234375,6673.231359375,0.352468,7.124318,843.477491,850.945558
random_n15_08,15,spectrum,proposed,128,random,5,458737,458737,0,4081569609516428943,"[0, 0, 0, 0, 0, 0, 0, 0, 0, 0, 0, 0, 0, 1, 32766, 0, 0]",1151.607296875,1150.3139453125,1152.553484375,0.356709,90.807845,147.405734,238.511007
random_n15_09,15,max,bitwise,768,random,5,14,14,0,3702163809475997743,"[0, 0, 0, 0, 0, 0, 0, 0, 0, 0, 0, 0, 0, 0, 32767, 0, 0]",41.67029427083334,41.605723958333336,41.70075,0.347226,0.59363,32.002786,32.942596
random_n15_09,15,max,proposed,768,random,5,14,14,0,3702163809475997743,"[0, 0, 0, 0, 0, 0, 0, 0, 0, 0, 0, 0, 0, 0, 32767, 0, 0]",0.6241627604166666,0.62148046875,0.6303307291666667,0.349099,0.56057,0.479357,1.391228
random_n15_09,15,min,bitwise,3,random,5,14,14,0,3702163809475997743,"[0, 0, 0, 0, 0, 0, 0, 0, 0, 0, 0, 0, 0, 0, 32767, 0, 0]",6860.775666666667,6860.656,7482.939,0.337725,6.960129,20.582327,27.883788
random_n15_09,15,min,proposed,3,random,5,14,14,0,3702163809475997743,"[0, 0, 0, 0, 0, 0, 0, 0, 0, 0, 0, 0, 0, 0, 32767, 0, 0]",29.90266666666667,29.843,29.942666666666668,0.3488,0.143383,0.089708,0.583045
random_n15_09,15,spectrum,bitwise,128,random,5,458738,458735,0,15048002037430734049,"[0, 0, 0, 0, 0, 0, 0, 0, 0, 0, 0, 0, 0, 3, 32764, 0, 0]",6568.5725078125,6500.5243515625,7459.846203125,0.345753,7.076794,840.777281,848.199828
random_n15_09,15,spectrum,proposed,128,random,5,458738,458735,0,15048002037430734049,"[0, 0, 0, 0, 0, 0, 0, 0, 0, 0, 0, 0, 0, 3, 32764, 0, 0]",1272.2987890625,1271.8091796875,1272.9269765625,0.359526,90.859414,162.854245,254.126168
random_n16_00,16,max,bitwise,512,random,5,15,15,0,14737456436268887033,"[0, 0, 0, 0, 0, 0, 0, 0, 0, 0, 0, 0, 0, 0, 1, 65534, 0]",89.0138984375,88.80672265625,89.1112578125,0.655091,1.336419,45.575116,47.56772
random_n16_00,16,max,proposed,512,random,5,15,15,0,14737456436268887033,"[0, 0, 0, 0, 0, 0, 0, 0, 0, 0, 0, 0, 0, 0, 1, 65534, 0]",0.823947265625,0.81871484375,0.83098046875,0.680593,1.265374,0.421861,2.368027
random_n16_00,16,min,bitwise,1,random,5,14,14,0,14737456436268887033,"[0, 0, 0, 0, 0, 0, 0, 0, 0, 0, 0, 0, 0, 0, 1, 65534, 0]",26553.716,26397.93,28238.628,0.657796,26.820243,26.553716,54.031755
random_n16_00,16,min,proposed,1,random,5,14,14,0,14737456436268887033,"[0, 0, 0, 0, 0, 0, 0, 0, 0, 0, 0, 0, 0, 0, 1, 65534, 0]",61.583,61.532,61.674,0.674978,0.371793,0.061583,1.108445
random_n16_00,16,spectrum,bitwise,128,random,5,983024,983025,0,8046468436506003393,"[0, 0, 0, 0, 0, 0, 0, 0, 0, 0, 0, 0, 0, 0, 0, 65535, 0]",25887.3873203125,25799.0767890625,25996.3577734375,0.640498,27.145518,3313.585577,3341.371593
random_n16_00,16,spectrum,proposed,128,random,5,983024,983025,0,8046468436506003393,"[0, 0, 0, 0, 0, 0, 0, 0, 0, 0, 0, 0, 0, 0, 0, 65535, 0]",3376.21375,3375.6574296875,3377.4569453125,0.671675,356.425525,432.15536,789.562793
random_n16_01,16,max,bitwise,512,random,5,15,15,0,16616056235222173981,"[0, 0, 0, 0, 0, 0, 0, 0, 0, 0, 0, 0, 0, 0, 1, 65534, 0]",88.768849609375,88.765767578125,88.822138671875,0.645416,1.336554,45.449651,47.442289
random_n16_01,16,max,proposed,512,random,5,15,15,0,16616056235222173981,"[0, 0, 0, 0, 0, 0, 0, 0, 0, 0, 0, 0, 0, 0, 1, 65534, 0]",0.98799609375,0.98660546875,1.00315234375,0.657332,1.252958,0.505854,2.420388
random_n16_01,16,min,bitwise,1,random,5,14,14,0,16616056235222173981,"[0, 0, 0, 0, 0, 0, 0, 0, 0, 0, 0, 0, 0, 0, 1, 65534, 0]",27968.619,27433.643,28209.373,0.647846,28.12836,27.968619,56.742287
random_n16_01,16,min,proposed,1,random,5,14,14,0,16616056235222173981,"[0, 0, 0, 0, 0, 0, 0, 0, 0, 0, 0, 0, 0, 0, 1, 65534, 0]",61.613,61.433,64.981,0.659801,0.364936,0.061613,1.085589
random_n16_01,16,spectrum,bitwise,128,random,5,983024,983024,0,3151790222294130891,"[0, 0, 0, 0, 0, 0, 0, 0, 0, 0, 0, 0, 0, 0, 1, 65534, 0]",25618.4635,25450.7836796875,25784.745203125,0.647121,26.986617,3279.163328,3306.591546
random_n16_01,16,spectrum,proposed,128,random,5,983024,983024,0,3151790222294130891,"[0, 0, 0, 0, 0, 0, 0, 0, 0, 0, 0, 0, 0, 0, 1, 65534, 0]",4437.949921875,4431.303609375,4438.527921875,0.660727,356.884714,568.05759,925.877702
random_n16_02,16,max,bitwise,512,random,5,15,15,0,4368476618699203441,"[0, 0, 0, 0, 0, 0, 0, 0, 0, 0, 0, 0, 0, 0, 1, 65534, 0]",88.83973046875,88.825025390625,89.198869140625,0.646844,1.338433,45.485942,47.478674
random_n16_02,16,max,proposed,512,random,5,15,15,0,4368476618699203441,"[0, 0, 0, 0, 0, 0, 0, 0, 0, 0, 0, 0, 0, 0, 1, 65534, 0]",0.955189453125,0.946482421875,0.981810546875,0.662527,1.258869,0.489057,2.422072
random_n16_02,16,min,bitwise,1,random,5,14,14,0,4724323837088691,"[0, 0, 0, 0, 0, 0, 0, 0, 0, 0, 0, 0, 0, 0, 1, 65534, 0]",27779.136,26731.082,29045.46,0.650065,27.987851,27.779136,56.413088
random_n16_02,16,min,proposed,1,random,5,14,14,0,4724323837088691,"[0, 0, 0, 0, 0, 0, 0, 0, 0, 0, 0, 0, 0, 0, 1, 65534, 0]",61.383,61.333,61.452,0.666209,0.363102,0.061383,1.090195
random_n16_02,16,spectrum,bitwise,128,random,5,983024,983025,0,5783346159429187975,"[0, 0, 0, 0, 0, 0, 0, 0, 0, 0, 0, 0, 0, 0, 0, 65535, 0]",27395.441265625,26062.89325,29467.557828125,0.641996,28.642043,3506.616482,3535.891474
random_n16_02,16,spectrum,proposed,128,random,5,983024,983025,0,5783346159429187975,"[0, 0, 0, 0, 0, 0, 0, 0, 0, 0, 0, 0, 0, 0, 0, 65535, 0]",4006.278921875,4004.0553046875,4010.0821640625,0.676323,356.748035,512.803702,871.048982
random_n16_03,16,max,bitwise,512,random,5,15,15,0,9409585520029719219,"[0, 0, 0, 0, 0, 0, 0, 0, 0, 0, 0, 0, 0, 0, 3, 65532, 0]",88.778515625,88.77224609375,88.951845703125,0.652062,1.342926,45.4546,47.458618
random_n16_03,16,max,proposed,512,random,5,15,15,0,9409585520029719219,"[0, 0, 0, 0, 0, 0, 0, 0, 0, 0, 0, 0, 0, 0, 3, 65532, 0]",0.8515859375,0.844033203125,0.856810546875,0.679155,1.260021,0.436012,2.377863
random_n16_03,16,min,bitwise,1,random,5,14,14,0,9409585520029719219,"[0, 0, 0, 0, 0, 0, 0, 0, 0, 0, 0, 0, 0, 0, 3, 65532, 0]",26757.913,26282.11,27358.579,0.650294,26.913724,26.757913,54.320895
random_n16_03,16,min,proposed,1,random,5,14,14,0,9409585520029719219,"[0, 0, 0, 0, 0, 0, 0, 0, 0, 0, 0, 0, 0, 0, 3, 65532, 0]",61.573,61.473,61.573,0.665667,0.363583,0.061573,1.089422
random_n16_03,16,spectrum,bitwise,128,random,5,983022,983024,0,12132665623718922259,"[0, 0, 0, 0, 0, 0, 0, 0, 0, 0, 0, 0, 0, 0, 1, 65534, 0]",26543.3816796875,25578.4201875,26793.3131875,0.637435,27.775748,3397.552855,3425.979988
random_n16_03,16,spectrum,proposed,128,random,5,983022,983024,0,12132665623718922259,"[0, 0, 0, 0, 0, 0, 0, 0, 0, 0, 0, 0, 0, 0, 1, 65534, 0]",3341.9939296875,3328.714265625,3343.6855,0.665054,357.495492,427.775223,784.464205
random_n16_04,16,max,bitwise,512,random,5,15,15,0,3170366089088760231,"[0, 0, 0, 0, 0, 0, 0, 0, 0, 0, 0, 0, 0, 0, 1, 65534, 0]",89.01244921875,88.787583984375,89.1156796875,0.651069,1.33509,45.574374,47.561424
random_n16_04,16,max,proposed,512,random,5,15,15,0,3170366089088760231,"[0, 0, 0, 0, 0, 0, 0, 0, 0, 0, 0, 0, 0, 0, 1, 65534, 0]",0.904931640625,0.897888671875,0.936125,0.677623,1.258678,0.463325,2.393824
random_n16_04,16,min,bitwise,1,random,5,14,14,0,3819540617728449353,"[0, 0, 0, 0, 0, 0, 0, 0, 0, 0, 0, 0, 0, 0, 1, 65534, 0]",28350.945,26531.943,28617.607,0.658076,28.621093,28.350945,57.627545
random_n16_04,16,min,proposed,1,random,5,14,14,0,3819540617728449353,"[0, 0, 0, 0, 0, 0, 0, 0, 0, 0, 0, 0, 0, 0, 1, 65534, 0]",61.563,61.563,61.623,0.668801,0.367763,0.061563,1.101504
random_n16_04,16,spectrum,bitwise,128,random,5,983024,983025,0,10263895092485877423,"[0, 0, 0, 0, 0, 0, 0, 0, 0, 0, 0, 0, 0, 0, 0, 65535, 0]",25921.88409375,25513.4589765625,26215.7053125,0.651931,27.206056,3318.001164,3345.865032
random_n16_04,16,spectrum,proposed,128,random,5,983024,983025,0,10263895092485877423,"[0, 0, 0, 0, 0, 0, 0, 0, 0, 0, 0, 0, 0, 0, 0, 65535, 0]",4109.6093984375,4101.6858359375,4110.99646875,0.667799,357.058662,526.030003,882.891815
random_n16_05,16,max,bitwise,512,random,5,15,15,0,15168352931324912107,"[0, 0, 0, 0, 0, 0, 0, 0, 0, 0, 0, 0, 0, 0, 1, 65534, 0]",89.085255859375,89.047982421875,89.166435546875,0.652099,1.333783,45.611651,47.613754
random_n16_05,16,max,proposed,512,random,5,15,15,0,15168352931324912107,"[0, 0, 0, 0, 0, 0, 0, 0, 0, 0, 0, 0, 0, 0, 1, 65534, 0]",0.78196875,0.7818984375,0.80340625,0.662611,1.25845,0.400368,2.328995
random_n16_05,16,min,bitwise,1,random,5,15,15,0,15751568125513477357,"[0, 0, 0, 0, 0, 0, 0, 0, 0, 0, 0, 0, 0, 0, 0, 65535, 0]",27793.39,27586.539,28772.144,0.646201,27.940902,27.79339,56.37972
random_n16_05,16,min,proposed,1,random,5,15,15,0,15751568125513477357,"[0, 0, 0, 0, 0, 0, 0, 0, 0, 0, 0, 0, 0, 0, 0, 65535, 0]",61.323,61.263,61.342,0.661979,0.365107,0.061323,1.086967
random_n16_05,16,spectrum,bitwise,128,random,5,983025,983025,0,11346953778497635691,"[0, 0, 0, 0, 0, 0, 0, 0, 0, 0, 0, 0, 0, 0, 0, 65535, 0]",25581.9052265625,25559.2910078125,25804.187546875,0.647676,26.828832,3274.483869,3301.927689
random_n16_05,16,spectrum,proposed,128,random,5,983025,983025,0,11346953778497635691,"[0, 0, 0, 0, 0, 0, 0, 0, 0, 0, 0, 0, 0, 0, 0, 65535, 0]",3680.2327734375,3676.566984375,3680.63375,0.663305,356.174171,471.069795,827.973829
random_n16_06,16,max,bitwise,512,random,5,15,15,0,16739776606092881405,"[0, 0, 0, 0, 0, 0, 0, 0, 0, 0, 0, 0, 0, 0, 1, 65534, 0]",88.96933984375,88.8842578125,88.979736328125,0.64639,1.335567,45.552302,47.533315
random_n16_06,16,max,proposed,512,random,5,15,15,0,16739776606092881405,"[0, 0, 0, 0, 0, 0, 0, 0, 0, 0, 0, 0, 0, 0, 1, 65534, 0]",0.89900390625,0.88773046875,0.91001953125,0.665397,1.258552,0.46029,2.388651
random_n16_06,16,min,bitwise,1,random,5,15,15,0,4244132753006452527,"[0, 0, 0, 0, 0, 0, 0, 0, 0, 0, 0, 0, 0, 0, 0, 65535, 0]",26317.338,26298.799,26902.833,0.647724,26.65582,26.317338,53.576364
random_n16_06,16,min,proposed,1,random,5,15,15,0,4244132753006452527,"[0, 0, 0, 0, 0, 0, 0, 0, 0, 0, 0, 0, 0, 0, 0, 65535, 0]",61.392,61.352,61.403,0.667722,0.367145,0.061392,1.096015
random_n16_06,16,spectrum,bitwise,128,random,5,983025,983024,0,18123960708498131679,"[0, 0, 0, 0, 0, 0, 0, 0, 0, 0, 0, 0, 0, 0, 1, 65534, 0]",25648.82859375,25496.6794765625,30584.5523515625,0.643753,26.877363,3283.05006,3310.571176
random_n16_06,16,spectrum,proposed,128,random,5,983025,983024,0,18123960708498131679,"[0, 0, 0, 0, 0, 0, 0, 0, 0, 0, 0, 0, 0, 0, 1, 65534, 0]",4056.4010546875,4048.4323515625,4061.38253125,0.652574,354.412744,519.219335,874.3369
random_n16_07,16,max,bitwise,512,random,5,15,15,0,12841734385939328501,"[0, 0, 0, 0, 0, 0, 0, 0, 0, 0, 0, 0, 0, 0, 1, 65534, 0]",88.801458984375,88.7124296875,89.115181640625,0.639383,1.337854,45.466347,47.439775
random_n16_07,16,max,proposed,512,random,5,15,15,0,12841734385939328501,"[0, 0, 0, 0, 0, 0, 0, 0, 0, 0, 0, 0, 0, 0, 1, 65534, 0]",0.946865234375,0.9446953125,0.955927734375,0.656494,1.258703,0.484795,2.399992
random_n16_07,16,min,bitwise,1,random,5,14,14,0,4426892772981898309,"[0, 0, 0, 0, 0, 0, 0, 0, 0, 0, 0, 0, 0, 0, 3, 65532, 0]",28855.391,26421.627,28986.229,0.6496,29.165901,28.855391,58.675209
random_n16_07,16,min,proposed,1,random,5,14,14,0,4426892772981898309,"[0, 0, 0, 0, 0, 0, 0, 0, 0, 0, 0, 0, 0, 0, 3, 65532, 0]",61.593,61.473,61.683,0.658373,0.359125,0.061593,1.078271
random_n16_07,16,spectrum,bitwise,128,random,5,983022,983025,0,11786180318805300211,"[0, 0, 0, 0, 0, 0, 0, 0, 0, 0, 0, 0, 0, 0, 0, 65535, 0]",30262.3752734375,27573.5511015625,30470.877015625,0.647042,31.523552,3873.584035,3905.769572
random_n16_07,16,spectrum,proposed,128,random,5,983022,983025,0,11786180318805300211,"[0, 0, 0, 0, 0, 0, 0, 0, 0, 0, 0, 0, 0, 0, 0, 65535, 0]",4187.1437265625,4182.618140625,4187.490140625,0.674906,355.375145,535.954397,892.048789
random_n16_08,16,max,bitwise,512,random,5,15,15,0,13198896234579546435,"[0, 0, 0, 0, 0, 0, 0, 0, 0, 0, 0, 0, 0, 0, 1, 65534, 0]",88.894181640625,88.868384765625,88.98454296875,0.647693,1.333384,45.513821,47.489273
random_n16_08,16,max,proposed,512,random,5,15,15,0,13198896234579546435,"[0, 0, 0, 0, 0, 0, 0, 0, 0, 0, 0, 0, 0, 0, 1, 65534, 0]",0.955599609375,0.9532265625,0.979966796875,0.668066,1.25865,0.489267,2.423161
random_n16_08,16,min,bitwise,1,random,5,14,14,0,13198896234579546435,"[0, 0, 0, 0, 0, 0, 0, 0, 0, 0, 0, 0, 0, 0, 1, 65534, 0]",26435.215,26343.65,26488.827,0.64622,26.705243,26.435215,53.785999
random_n16_08,16,min,proposed,1,random,5,14,14,0,13198896234579546435,"[0, 0, 0, 0, 0, 0, 0, 0, 0, 0, 0, 0, 0, 0, 1, 65534, 0]",61.432,61.353,61.533,0.661767,0.364468,0.061432,1.085879
random_n16_08,16,spectrum,bitwise,128,random,5,983024,983022,0,85591013092879931,"[0, 0, 0, 0, 0, 0, 0, 0, 0, 0, 0, 0, 0, 0, 3, 65532, 0]",26355.2050859375,25719.86275,26630.0786171875,0.64164,27.578425,3373.466251,3401.682701
random_n16_08,16,spectrum,proposed,128,random,5,983024,983022,0,85591013092879931,"[0, 0, 0, 0, 0, 0, 0, 0, 0, 0, 0, 0, 0, 0, 3, 65532, 0]",3906.1566328125,3901.5105859375,3908.0097890625,0.659021,356.221538,499.988049,856.351348
random_n16_09,16,max,bitwise,512,random,5,15,15,0,5694330828512168087,"[0, 0, 0, 0, 0, 0, 0, 0, 0, 0, 0, 0, 0, 0, 1, 65534, 0]",88.9613203125,88.851482421875,89.094201171875,0.644766,1.331107,45.548196,47.519708
random_n16_09,16,max,proposed,512,random,5,15,15,0,5694330828512168087,"[0, 0, 0, 0, 0, 0, 0, 0, 0, 0, 0, 0, 0, 0, 1, 65534, 0]",1.01258203125,1.006357421875,1.017287109375,0.669653,1.259745,0.518442,2.441882
random_n16_09,16,min,bitwise,1,random,5,14,14,0,10264746823587184143,"[0, 0, 0, 0, 0, 0, 0, 0, 0, 0, 0, 0, 0, 0, 1, 65534, 0]",27317.628,26536.767,27542.014,0.64573,27.754912,27.317628,55.725695
random_n16_09,16,min,proposed,1,random,5,14,14,0,10264746823587184143,"[0, 0, 0, 0, 0, 0, 0, 0, 0, 0, 0, 0, 0, 0, 1, 65534, 0]",61.523,61.352,61.593,0.656316,0.360738,0.061523,1.078647
random_n16_09,16,spectrum,bitwise,128,random,5,983024,983022,0,11462249843067265573,"[0, 0, 0, 0, 0, 0, 0, 0, 0, 0, 0, 0, 0, 0, 3, 65532, 0]",25674.304984375,25620.55478125,25819.463796875,0.654849,26.877807,3286.311038,3313.81987
random_n16_09,16,spectrum,proposed,128,random,5,983024,983022,0,11462249843067265573,"[0, 0, 0, 0, 0, 0, 0, 0, 0, 0, 0, 0, 0, 0, 3, 65532, 0]",4052.8342734375,4050.5518046875,4053.384953125,0.666014,355.94916,518.762787,875.319437
random_n17_00,17,max,bitwise,512,random,5,16,16,0,4044930555586997077,"[0, 0, 0, 0, 0, 0, 0, 0, 0, 0, 0, 0, 0, 0, 0, 1, 131070, 0, 0, 0, 0]",202.90460546875,202.76409375,203.04653515625,1.358095,2.945021,103.887158,108.164379
random_n17_00,17,max,proposed,512,random,5,16,16,0,4044930555586997077,"[0, 0, 0, 0, 0, 0, 0, 0, 0, 0, 0, 0, 0, 0, 0, 1, 131070, 0, 0, 0, 0]",1.071517578125,1.062296875,1.0798359375,1.363068,2.788249,0.548617,4.693758
random_n17_00,17,min,bitwise,1,random,5,15,15,0,53928603138817671,"[0, 0, 0, 0, 0, 0, 0, 0, 0, 0, 0, 0, 0, 0, 0, 1, 131070, 0, 0, 0, 0]",179622.318,179549.09,179843.352,1.337609,180.540634,179.622318,361.610435
random_n17_00,17,min,proposed,1,random,5,15,15,0,53928603138817671,"[0, 0, 0, 0, 0, 0, 0, 0, 0, 0, 0, 0, 0, 0, 0, 1, 131070, 0, 0, 0, 0]",218.435,217.593,218.535,1.340866,1.077689,0.218435,2.643253
random_n17_00,17,spectrum,bitwise,128,random,5,2097135,2097135,0,341873169203257699,"[0, 0, 0, 0, 0, 0, 0, 0, 0, 0, 0, 0, 0, 0, 0, 1, 131070, 0, 0, 0, 0]",104547.4666875,102318.7955390625,105088.880765625,1.269239,107.31555,13382.075736,13490.660525
random_n17_00,17,spectrum,proposed,128,random,5,2097135,2097135,0,341873169203257699,"[0, 0, 0, 0, 0, 0, 0, 0, 0, 0, 0, 0, 0, 0, 0, 1, 131070, 0, 0, 0, 0]",10872.174140625,10870.2812265625,10919.2445234375,1.32819,1371.194354,1391.63829,2764.175664
random_n17_01,17,max,bitwise,512,random,5,16,16,0,9656841630073110639,"[0, 0, 0, 0, 0, 0, 0, 0, 0, 0, 0, 0, 0, 0, 0, 1, 131070, 0, 0, 0, 0]",203.791880859375,203.078166015625,204.03112109375,1.33379,2.956156,104.341443,108.618107
random_n17_01,17,max,proposed,512,random,5,16,16,0,9656841630073110639,"[0, 0, 0, 0, 0, 0, 0, 0, 0, 0, 0, 0, 0, 0, 0, 1, 131070, 0, 0, 0, 0]",1.05194140625,1.051490234375,1.052900390625,1.360622,2.789092,0.538594,4.707049
random_n17_01,17,min,bitwise,1,random,5,16,16,0,9476625586251178041,"[0, 0, 0, 0, 0, 0, 0, 0, 0, 0, 0, 0, 0, 0, 0, 0, 131071, 0, 0, 0, 0]",179756.093,179584.59,179768.345,1.328979,180.450078,179.756093,361.424426
random_n17_01,17,min,proposed,1,random,5,16,16,0,9476625586251178041,"[0, 0, 0, 0, 0, 0, 0, 0, 0, 0, 0, 0, 0, 0, 0, 0, 131071, 0, 0, 0, 0]",223.687,222.273,225.912,1.336105,1.075302,0.223687,2.637228
random_n17_01,17,spectrum,bitwise,128,random,5,2097136,2097135,0,12002226480809607725,"[0, 0, 0, 0, 0, 0, 0, 0, 0, 0, 0, 0, 0, 0, 0, 1, 131070, 0, 0, 0, 0]",103282.0917109375,101884.195125,108088.9092890625,1.285537,105.785467,13220.107739,13327.169456
random_n17_01,17,spectrum,proposed,128,random,5,2097136,2097135,0,12002226480809607725,"[0, 0, 0, 0, 0, 0, 0, 0, 0, 0, 0, 0, 0, 0, 0, 1, 131070, 0, 0, 0, 0]",11550.06390625,11543.7528671875,11566.6132421875,1.287588,1368.871396,1478.40818,2848.879849
random_n17_02,17,max,bitwise,512,random,5,16,16,0,920153404770472039,"[0, 0, 0, 0, 0, 0, 0, 0, 0, 0, 0, 0, 0, 0, 0, 1, 131070, 0, 0, 0, 0]",203.36062890625,203.163205078125,203.799955078125,1.366616,2.954072,104.120642,108.468402
random_n17_02,17,max,proposed,512,random,5,16,16,0,920153404770472039,"[0, 0, 0, 0, 0, 0, 0, 0, 0, 0, 0, 0, 0, 0, 0, 1, 131070, 0, 0, 0, 0]",1.218693359375,1.208552734375,1.221060546875,1.352603,2.783826,0.623971,4.74739
random_n17_02,17,min,bitwise,1,random,5,15,15,0,920153404770472039,"[0, 0, 0, 0, 0, 0, 0, 0, 0, 0, 0, 0, 0, 0, 0, 1, 131070, 0, 0, 0, 0]",179910.403,179624.385,180036.401,1.350097,180.24638,179.910403,361.460263
random_n17_02,17,min,proposed,1,random,5,15,15,0,920153404770472039,"[0, 0, 0, 0, 0, 0, 0, 0, 0, 0, 0, 0, 0, 0, 0, 1, 131070, 0, 0, 0, 0]",220.879,218.936,221.432,1.335846,1.081457,0.220879,2.636527
random_n17_02,17,spectrum,bitwise,128,random,5,2097135,2097136,0,12406099860303793997,"[0, 0, 0, 0, 0, 0, 0, 0, 0, 0, 0, 0, 0, 0, 0, 0, 131071, 0, 0, 0, 0]",102148.6143515625,102119.197828125,104106.5586796875,1.288445,105.233996,13075.022637,13181.141021
random_n17_02,17,spectrum,proposed,128,random,5,2097135,2097136,0,12406099860303793997,"[0, 0, 0, 0, 0, 0, 0, 0, 0, 0, 0, 0, 0, 0, 0, 0, 131071, 0, 0, 0, 0]",12666.6746875,12637.3828984375,12672.633671875,1.272938,1370.479237,1621.33436,2995.002325
random_n17_03,17,max,bitwise,512,random,5,16,16,0,8778335657814217681,"[0, 0, 0, 0, 0, 0, 0, 0, 0, 0, 0, 0, 0, 0, 0, 0, 131071, 0, 0, 0, 0]",203.873927734375,203.192888671875,204.470486328125,1.333139,2.969154,104.383451,108.717527
random_n17_03,17,max,proposed,512,random,5,16,16,0,8778335657814217681,"[0, 0, 0, 0, 0, 0, 0, 0, 0, 0, 0, 0, 0, 0, 0, 0, 131071, 0, 0, 0, 0]",1.145162109375,1.137412109375,1.160609375,1.354376,2.79309,0.586323,4.72069
random_n17_03,17,min,bitwise,1,random,5,16,16,0,14428296076722714661,"[0, 0, 0, 0, 0, 0, 0, 0, 0, 0, 0, 0, 0, 0, 0, 0, 131071, 0, 0, 0, 0]",179833.703,179753.894,179919.97,1.350257,180.429853,179.833703,361.695875
random_n17_03,17,min,proposed,1,random,5,16,16,0,14428296076722714661,"[0, 0, 0, 0, 0, 0, 0, 0, 0, 0, 0, 0, 0, 0, 0, 0, 131071, 0, 0, 0, 0]",220.539,218.274,227.757,1.336757,1.080515,0.220539,2.649938
random_n17_03,17,spectrum,bitwise,128,random,5,2097136,2097136,0,3870553815849888299,"[0, 0, 0, 0, 0, 0, 0, 0, 0, 0, 0, 0, 0, 0, 0, 0, 131071, 0, 0, 0, 0]",102412.5232109375,102311.4756015625,104862.9894296875,1.306126,105.186552,13108.802971,13215.295649
random_n17_03,17,spectrum,proposed,128,random,5,2097136,2097136,0,3870553815849888299,"[0, 0, 0, 0, 0, 0, 0, 0, 0, 0, 0, 0, 0, 0, 0, 0, 131071, 0, 0, 0, 0]",11836.009625,11806.7930703125,11845.9907109375,1.273296,1372.051268,1515.009232,2884.655397
random_n17_04,17,max,bitwise,512,random,5,16,16,0,127756811521768271,"[0, 0, 0, 0, 0, 0, 0, 0, 0, 0, 0, 0, 0, 0, 0, 0, 131071, 0, 0, 0, 0]",203.0995078125,203.0858828125,203.563646484375,1.339463,2.957389,103.986948,108.279983
random_n17_04,17,max,proposed,512,random,5,16,16,0,127756811521768271,"[0, 0, 0, 0, 0, 0, 0, 0, 0, 0, 0, 0, 0, 0, 0, 0, 131071, 0, 0, 0, 0]",0.985166015625,0.9845,0.991234375,1.341377,2.796616,0.504405,4.639333
random_n17_04,17,min,bitwise,1,random,5,16,16,0,127756811521768271,"[0, 0, 0, 0, 0, 0, 0, 0, 0, 0, 0, 0, 0, 0, 0, 0, 131071, 0, 0, 0, 0]",180039.799,179708.888,180082.11,1.349075,180.399539,180.039799,361.798347
random_n17_04,17,min,proposed,1,random,5,16,16,0,127756811521768271,"[0, 0, 0, 0, 0, 0, 0, 0, 0, 0, 0, 0, 0, 0, 0, 0, 131071, 0, 0, 0, 0]",221.591,219.738,225.822,1.338261,1.07833,0.221591,2.635547
random_n17_04,17,spectrum,bitwise,128,random,5,2097136,2097136,0,4468108495394610763,"[0, 0, 0, 0, 0, 0, 0, 0, 0, 0, 0, 0, 0, 0, 0, 0, 131071, 0, 0, 0, 0]",102411.9764609375,102282.3555,103151.166984375,1.271935,105.15085,13108.732987,13215.153384
random_n17_04,17,spectrum,proposed,128,random,5,2097136,2097136,0,4468108495394610763,"[0, 0, 0, 0, 0, 0, 0, 0, 0, 0, 0, 0, 0, 0, 0, 0, 131071, 0, 0, 0, 0]",10816.3712421875,10797.5509921875,10826.37825,1.295876,1372.668805,1384.495519,2756.06522
random_n17_05,17,max,bitwise,512,random,5,16,16,0,13353353299512201183,"[0, 0, 0, 0, 0, 0, 0, 0, 0, 0, 0, 0, 0, 0, 0, 1, 131070, 0, 0, 0, 0]",203.314966796875,203.27234765625,205.45515625,1.333279,2.956948,104.097263,108.394174
random_n17_05,17,max,proposed,512,random,5,16,16,0,13353353299512201183,"[0, 0, 0, 0, 0, 0, 0, 0, 0, 0, 0, 0, 0, 0, 0, 1, 131070, 0, 0, 0, 0]",1.048044921875,1.04714453125,1.0641171875,1.335233,2.781423,0.536599,4.679816
random_n17_05,17,min,bitwise,1,random,5,15,15,0,13353353299512201183,"[0, 0, 0, 0, 0, 0, 0, 0, 0, 0, 0, 0, 0, 0, 0, 1, 131070, 0, 0, 0, 0]",179940.981,179549.902,179982.851,1.349236,180.424745,179.940981,361.813883
random_n17_05,17,min,proposed,1,random,5,15,15,0,13353353299512201183,"[0, 0, 0, 0, 0, 0, 0, 0, 0, 0, 0, 0, 0, 0, 0, 1, 131070, 0, 0, 0, 0]",217.602,217.582,219.678,1.317542,1.085045,0.217602,2.627728
random_n17_05,17,spectrum,bitwise,128,random,5,2097135,2097133,0,990362532482532047,"[0, 0, 0, 0, 0, 0, 0, 0, 0, 0, 0, 0, 0, 0, 0, 3, 131068, 0, 0, 0, 0]",102144.7435546875,101995.0270390625,102173.555171875,1.26184,104.753613,13074.527175,13180.648902
random_n17_05,17,spectrum,proposed,128,random,5,2097135,2097133,0,990362532482532047,"[0, 0, 0, 0, 0, 0, 0, 0, 0, 0, 0, 0, 0, 0, 0, 3, 131068, 0, 0, 0, 0]",10264.4763984375,10252.6091953125,10276.1141875,1.295735,1370.350887,1313.852979,2685.499601
random_n17_06,17,max,bitwise,512,random,5,16,16,0,5113287498576228263,"[0, 0, 0, 0, 0, 0, 0, 0, 0, 0, 0, 0, 0, 0, 0, 0, 131071, 0, 0, 0, 0]",203.578857421875,203.1194765625,204.469328125,1.345767,2.952399,104.232375,108.656643
random_n17_06,17,max,proposed,512,random,5,16,16,0,5113287498576228263,"[0, 0, 0, 0, 0, 0, 0, 0, 0, 0, 0, 0, 0, 0, 0, 0, 131071, 0, 0, 0, 0]",1.025962890625,1.01850390625,1.05542578125,1.349126,2.792827,0.525293,4.671335
random_n17_06,17,min,bitwise,1,random,5,16,16,0,5113287498576228263,"[0, 0, 0, 0, 0, 0, 0, 0, 0, 0, 0, 0, 0, 0, 0, 0, 131071, 0, 0, 0, 0]",179891.514,179772.397,180008.684,1.35546,180.100465,179.891514,361.464609
random_n17_06,17,min,proposed,1,random,5,16,16,0,5113287498576228263,"[0, 0, 0, 0, 0, 0, 0, 0, 0, 0, 0, 0, 0, 0, 0, 0, 131071, 0, 0, 0, 0]",223.717,217.051,227.104,1.329451,1.08265,0.223717,2.638774
random_n17_06,17,spectrum,bitwise,128,random,5,2097136,2097135,0,6478066656316212357,"[0, 0, 0, 0, 0, 0, 0, 0, 0, 0, 0, 0, 0, 0, 0, 1, 131070, 0, 0, 0, 0]",102551.8255078125,102042.6675625,104586.64609375,1.270376,105.233621,13126.633665,13232.864327
random_n17_06,17,spectrum,proposed,128,random,5,2097136,2097135,0,6478066656316212357,"[0, 0, 0, 0, 0, 0, 0, 0, 0, 0, 0, 0, 0, 0, 0, 1, 131070, 0, 0, 0, 0]",11504.64103125,11501.5300625,11505.49878125,1.280462,1369.190372,1472.594052,2843.161495
random_n17_07,17,max,bitwise,512,random,5,16,16,0,7275317829648067493,"[0, 0, 0, 0, 0, 0, 0, 0, 0, 0, 0, 0, 0, 0, 0, 0, 131071, 0, 0, 0, 0]",203.638919921875,203.166966796875,204.174744140625,1.341609,2.951515,104.263127,108.544595
random_n17_07,17,max,proposed,512,random,5,16,16,0,7275317829648067493,"[0, 0, 0, 0, 0, 0, 0, 0, 0, 0, 0, 0, 0, 0, 0, 0, 131071, 0, 0, 0, 0]",1.185470703125,1.167931640625,1.1880546875,1.360913,2.784049,0.606961,4.750557
random_n17_07,17,min,bitwise,1,random,5,16,16,0,7275317829648067493,"[0, 0, 0, 0, 0, 0, 0, 0, 0, 0, 0, 0, 0, 0, 0, 0, 131071, 0, 0, 0, 0]",179940.607,179715.246,180024.394,1.329961,180.33717,179.940607,361.853973
random_n17_07,17,min,proposed,1,random,5,16,16,0,7275317829648067493,"[0, 0, 0, 0, 0, 0, 0, 0, 0, 0, 0, 0, 0, 0, 0, 0, 131071, 0, 0, 0, 0]",227.044,225.521,227.716,1.35079,1.080786,0.227044,2.663321
random_n17_07,17,spectrum,bitwise,128,random,5,2097136,2097135,0,15982059953536915021,"[0, 0, 0, 0, 0, 0, 0, 0, 0, 0, 0, 0, 0, 0, 0, 1, 131070, 0, 0, 0, 0]",102155.8204921875,102118.3135390625,103104.339109375,1.267943,104.920315,13075.945023,13181.978337
random_n17_07,17,spectrum,proposed,128,random,5,2097136,2097135,0,15982059953536915021,"[0, 0, 0, 0, 0, 0, 0, 0, 0, 0, 0, 0, 0, 0, 0, 1, 131070, 0, 0, 0, 0]",12709.35990625,12686.462703125,12739.9554140625,1.330368,1371.223481,1626.798068,2999.693601
random_n17_08,17,max,bitwise,512,random,5,16,16,0,11701902499389328625,"[0, 0, 0, 0, 0, 0, 0, 0, 0, 0, 0, 0, 0, 0, 0, 1, 131070, 0, 0, 0, 0]",203.935982421875,203.075841796875,204.089431640625,1.377712,2.94906,104.415223,108.67513
random_n17_08,17,max,proposed,512,random,5,16,16,0,11701902499389328625,"[0, 0, 0, 0, 0, 0, 0, 0, 0, 0, 0, 0, 0, 0, 0, 1, 131070, 0, 0, 0, 0]",1.08506640625,1.0693046875,1.088060546875,1.335825,2.778986,0.555554,4.680209
random_n17_08,17,min,bitwise,1,random,5,15,15,0,2952536478109152921,"[0, 0, 0, 0, 0, 0, 0, 0, 0, 0, 0, 0, 0, 0, 0, 1, 131070, 0, 0, 0, 0]",179634.84,179611.507,179726.309,1.354427,180.270017,179.63484,361.264856
random_n17_08,17,min,proposed,1,random,5,15,15,0,2952536478109152921,"[0, 0, 0, 0, 0, 0, 0, 0, 0, 0, 0, 0, 0, 0, 0, 1, 131070, 0, 0, 0, 0]",221.011,220.269,221.441,1.356232,1.080144,0.221011,2.657387
random_n17_08,17,spectrum,bitwise,128,random,5,2097135,2097133,0,6429187889263454159,"[0, 0, 0, 0, 0, 0, 0, 0, 0, 0, 0, 0, 0, 0, 0, 3, 131068, 0, 0, 0, 0]",101942.689078125,101897.0072890625,104414.1529140625,1.308576,105.133667,13048.664202,13154.74952
random_n17_08,17,spectrum,proposed,128,random,5,2097135,2097133,0,6429187889263454159,"[0, 0, 0, 0, 0, 0, 0, 0, 0, 0, 0, 0, 0, 0, 0, 3, 131068, 0, 0, 0, 0]",11662.35521875,11638.37296875,11670.80265625,1.265769,1367.241451,1492.781468,2862.13125
random_n17_09,17,max,bitwise,512,random,5,16,16,0,8942016743302861989,"[0, 0, 0, 0, 0, 0, 0, 0, 0, 0, 0, 0, 0, 0, 0, 0, 131071, 0, 0, 0, 0]",204.24105078125,204.1275078125,204.884310546875,1.325721,2.959605,104.571418,108.916173
random_n17_09,17,max,proposed,512,random,5,16,16,0,8942016743302861989,"[0, 0, 0, 0, 0, 0, 0, 0, 0, 0, 0, 0, 0, 0, 0, 0, 131071, 0, 0, 0, 0]",1.25154296875,1.241421875,1.2628984375,1.347452,2.785041,0.64079,4.755383
random_n17_09,17,min,bitwise,1,random,5,16,16,0,8942016743302861989,"[0, 0, 0, 0, 0, 0, 0, 0, 0, 0, 0, 0, 0, 0, 0, 0, 131071, 0, 0, 0, 0]",179668.308,179639.131,179781.961,1.355901,180.243517,179.668308,361.261742
random_n17_09,17,min,proposed,1,random,5,16,16,0,8942016743302861989,"[0, 0, 0, 0, 0, 0, 0, 0, 0, 0, 0, 0, 0, 0, 0, 0, 131071, 0, 0, 0, 0]",220.098,217.402,223.807,1.328238,1.084926,0.220098,2.636567
random_n17_09,17,spectrum,bitwise,128,random,5,2097136,2097135,0,15230289205457259285,"[0, 0, 0, 0, 0, 0, 0, 0, 0, 0, 0, 0, 0, 0, 0, 1, 131070, 0, 0, 0, 0]",104520.85578125,104498.997,114655.367796875,1.26378,106.995041,13378.66954,13486.907577
random_n17_09,17,spectrum,proposed,128,random,5,2097136,2097135,0,15230289205457259285,"[0, 0, 0, 0, 0, 0, 0, 0, 0, 0, 0, 0, 0, 0, 0, 1, 131070, 0, 0, 0, 0]",14074.8045625,14060.2076953125,14084.5000546875,1.296486,1369.337153,1801.574984,3173.449646
random_n18_00,18,max,bitwise,512,random,5,17,17,0,4258757466311995337,"[0, 0, 0, 0, 0, 0, 0, 0, 0, 0, 0, 0, 0, 0, 0, 0, 3, 262140, 0, 0, 0]",441.280193359375,441.19270703125,441.53571484375,2.698232,6.187579,225.935459,234.82127
random_n18_00,18,max,proposed,512,random,5,17,17,0,4258757466311995337,"[0, 0, 0, 0, 0, 0, 0, 0, 0, 0, 0, 0, 0, 0, 0, 0, 3, 262140, 0, 0, 0]",1.62055859375,1.616173828125,1.62907421875,2.671287,5.823474,0.829726,9.324487
random_n18_00,18,min,bitwise,1,random,5,16,16,0,4258757466311995337,"[0, 0, 0, 0, 0, 0, 0, 0, 0, 0, 0, 0, 0, 0, 0, 0, 3, 262140, 0, 0, 0]",709874.46,709025.543,710334.002,2.679438,710.230853,709.87446,1422.783158
random_n18_00,18,min,proposed,1,random,5,16,16,0,4258757466311995337,"[0, 0, 0, 0, 0, 0, 0, 0, 0, 0, 0, 0, 0, 0, 0, 0, 3, 262140, 0, 0, 0]",492.547,490.253,492.818,2.674416,2.207296,0.492547,5.412816
random_n18_00,18,spectrum,bitwise,128,random,5,4456428,4456430,0,11682383670843391749,"[0, 0, 0, 0, 0, 0, 0, 0, 0, 0, 0, 0, 0, 0, 0, 0, 1, 262142, 0, 0, 0]",448899.9979609375,446265.951875,509212.2710859375,2.576833,454.141175,57459.199739,57915.971129
random_n18_00,18,spectrum,proposed,128,random,5,4456428,4456430,0,11682383670843391749,"[0, 0, 0, 0, 0, 0, 0, 0, 0, 0, 0, 0, 0, 0, 0, 0, 1, 262142, 0, 0, 0]",33683.800140625,33676.0707421875,33732.699140625,2.573781,5402.53405,4311.526418,9713.866311
random_n18_01,18,max,bitwise,512,random,5,17,17,0,5206265997317122609,"[0, 0, 0, 0, 0, 0, 0, 0, 0, 0, 0, 0, 0, 0, 0, 0, 1, 262142, 0, 0, 0]",440.30783984375,439.664314453125,441.23152734375,2.653809,6.175297,225.437614,234.285224
random_n18_01,18,max,proposed,512,random,5,17,17,0,5206265997317122609,"[0, 0, 0, 0, 0, 0, 0, 0, 0, 0, 0, 0, 0, 0, 0, 0, 1, 262142, 0, 0, 0]",1.802072265625,1.790619140625,1.804517578125,2.690602,5.84193,0.922661,9.466334
random_n18_01,18,min,bitwise,1,random,5,16,16,0,5206265997317122609,"[0, 0, 0, 0, 0, 0, 0, 0, 0, 0, 0, 0, 0, 0, 0, 0, 1, 262142, 0, 0, 0]",709178.92,708610.9,709416.676,2.720823,710.490266,709.17892,1422.390009
random_n18_01,18,min,proposed,1,random,5,16,16,0,5206265997317122609,"[0, 0, 0, 0, 0, 0, 0, 0, 0, 0, 0, 0, 0, 0, 0, 0, 1, 262142, 0, 0, 0]",491.274,490.342,491.715,2.672892,2.197586,0.491274,5.369209
random_n18_01,18,spectrum,bitwise,128,random,5,4456430,4456430,0,17629074660486790437,"[0, 0, 0, 0, 0, 0, 0, 0, 0, 0, 0, 0, 0, 0, 0, 0, 1, 262142, 0, 0, 0]",445656.206703125,445190.6021640625,448649.59059375,2.612009,451.249708,57043.994458,57497.875165
random_n18_01,18,spectrum,proposed,128,random,5,4456430,4456430,0,17629074660486790437,"[0, 0, 0, 0, 0, 0, 0, 0, 0, 0, 0, 0, 0, 0, 0, 0, 1, 262142, 0, 0, 0]",38723.1166796875,38423.8585703125,38951.3156171875,2.564129,5414.338781,4956.558935,10361.935012
random_n18_02,18,max,bitwise,512,random,5,17,17,0,10155716222270664097,"[0, 0, 0, 0, 0, 0, 0, 0, 0, 0, 0, 0, 0, 0, 0, 0, 1, 262142, 0, 0, 0]",440.77654296875,440.45287109375,441.38198828125,2.6593,6.156919,225.67759,234.462674
random_n18_02,18,max,proposed,512,random,5,17,17,0,10155716222270664097,"[0, 0, 0, 0, 0, 0, 0, 0, 0, 0, 0, 0, 0, 0, 0, 0, 1, 262142, 0, 0, 0]",1.94384375,1.939361328125,1.965552734375,2.643876,5.817804,0.995248,9.464003
random_n18_02,18,min,bitwise,1,random,5,16,16,0,10155716222270664097,"[0, 0, 0, 0, 0, 0, 0, 0, 0, 0, 0, 0, 0, 0, 0, 0, 1, 262142, 0, 0, 0]",709411.741,708855.493,709739.795,2.710769,710.681556,709.411741,1422.993181
random_n18_02,18,min,proposed,1,random,5,16,16,0,10155716222270664097,"[0, 0, 0, 0, 0, 0, 0, 0, 0, 0, 0, 0, 0, 0, 0, 0, 1, 262142, 0, 0, 0]",482.244,479.106,483.235,2.658801,2.194628,0.482244,5.336454
random_n18_02,18,spectrum,bitwise,128,random,5,4456430,4456430,0,16560810618631995431,"[0, 0, 0, 0, 0, 0, 0, 0, 0, 0, 0, 0, 0, 0, 0, 0, 1, 262142, 0, 0, 0]",448105.845953125,444836.65665625,448507.40940625,2.562072,454.0119,57357.548282,57814.118455
random_n18_02,18,spectrum,proposed,128,random,5,4456430,4456430,0,16560810618631995431,"[0, 0, 0, 0, 0, 0, 0, 0, 0, 0, 0, 0, 0, 0, 0, 0, 1, 262142, 0, 0, 0]",40004.958890625,39693.751796875,40133.3659921875,2.618434,5419.832686,5120.634738,10547.625525
random_n18_03,18,max,bitwise,512,random,5,17,17,0,18287338620758432531,"[0, 0, 0, 0, 0, 0, 0, 0, 0, 0, 0, 0, 0, 0, 0, 0, 1, 262142, 0, 0, 0]",439.81321484375,439.365556640625,440.7404140625,2.670397,6.156076,225.184366,233.999193
random_n18_03,18,max,proposed,512,random,5,17,17,0,18287338620758432531,"[0, 0, 0, 0, 0, 0, 0, 0, 0, 0, 0, 0, 0, 0, 0, 0, 1, 262142, 0, 0, 0]",2.164587890625,2.162296875,2.189646484375,2.683216,5.839827,1.108269,9.645614
random_n18_03,18,min,bitwise,1,random,5,16,16,0,18287338620758432531,"[0, 0, 0, 0, 0, 0, 0, 0, 0, 0, 0, 0, 0, 0, 0, 0, 1, 262142, 0, 0, 0]",709724.745,708430.46,709922.003,2.671709,710.434012,709.724745,1422.828674
random_n18_03,18,min,proposed,1,random,5,16,16,0,18287338620758432531,"[0, 0, 0, 0, 0, 0, 0, 0, 0, 0, 0, 0, 0, 0, 0, 0, 1, 262142, 0, 0, 0]",488.078,486.754,490.202,2.661426,2.188995,0.488078,5.324868
random_n18_03,18,spectrum,bitwise,128,random,5,4456430,4456430,0,4621665961877217647,"[0, 0, 0, 0, 0, 0, 0, 0, 0, 0, 0, 0, 0, 0, 0, 0, 1, 262142, 0, 0, 0]",448522.4782109375,448263.1832109375,451674.708859375,2.579118,454.231837,57410.877211,57867.652629
random_n18_03,18,spectrum,proposed,128,random,5,4456430,4456430,0,4621665961877217647,"[0, 0, 0, 0, 0, 0, 0, 0, 0, 0, 0, 0, 0, 0, 0, 0, 1, 262142, 0, 0, 0]",46690.926578125,46588.9526171875,46814.4129765625,2.597288,5417.766815,5976.438602,11402.921113
random_n18_04,18,max,bitwise,512,random,5,17,17,0,2199271015290009395,"[0, 0, 0, 0, 0, 0, 0, 0, 0, 0, 0, 0, 0, 0, 0, 0, 1, 262142, 0, 0, 0]",441.1679296875,440.0878125,441.196861328125,2.658498,6.172685,225.87798,234.701441
random_n18_04,18,max,proposed,512,random,5,17,17,0,2199271015290009395,"[0, 0, 0, 0, 0, 0, 0, 0, 0, 0, 0, 0, 0, 0, 0, 0, 1, 262142, 0, 0, 0]",1.9523984375,1.94564453125,1.987421875,2.704867,5.826955,0.999628,9.510763
random_n18_04,18,min,bitwise,1,random,5,16,16,0,2199271015290009395,"[0, 0, 0, 0, 0, 0, 0, 0, 0, 0, 0, 0, 0, 0, 0, 0, 1, 262142, 0, 0, 0]",709386.166,709327.247,709615.173,2.701847,710.366954,709.386166,1422.353733
random_n18_04,18,min,proposed,1,random,5,16,16,0,2199271015290009395,"[0, 0, 0, 0, 0, 0, 0, 0, 0, 0, 0, 0, 0, 0, 0, 0, 1, 262142, 0, 0, 0]",489.721,484.619,498.04,2.663351,2.196102,0.489721,5.32594
random_n18_04,18,spectrum,bitwise,128,random,5,4456430,4456431,0,18377242805861695431,"[0, 0, 0, 0, 0, 0, 0, 0, 0, 0, 0, 0, 0, 0, 0, 0, 0, 262143, 0, 0, 0]",445813.5606640625,445784.758640625,445923.0525859375,2.57925,451.260882,57064.135765,57517.668558
random_n18_04,18,spectrum,proposed,128,random,5,4456430,4456431,0,18377242805861695431,"[0, 0, 0, 0, 0, 0, 0, 0, 0, 0, 0, 0, 0, 0, 0, 0, 0, 262143, 0, 0, 0]",41471.1494296875,41347.7033828125,41536.5319765625,2.581071,5419.813207,5308.307127,10719.173013
random_n18_05,18,max,bitwise,512,random,5,17,17,0,9689590332847028783,"[0, 0, 0, 0, 0, 0, 0, 0, 0, 0, 0, 0, 0, 0, 0, 0, 1, 262142, 0, 0, 0]",441.152828125,440.860240234375,441.41166015625,2.649647,6.151596,225.870248,234.705079
random_n18_05,18,max,proposed,512,random,5,17,17,0,9689590332847028783,"[0, 0, 0, 0, 0, 0, 0, 0, 0, 0, 0, 0, 0, 0, 0, 0, 1, 262142, 0, 0, 0]",1.9314921875,1.9198046875,1.955431640625,2.618257,5.839125,0.988924,9.470051
random_n18_05,18,min,bitwise,1,random,5,16,16,0,9689590332847028783,"[0, 0, 0, 0, 0, 0, 0, 0, 0, 0, 0, 0, 0, 0, 0, 0, 1, 262142, 0, 0, 0]",709015.413,708801.577,709807.88,2.700144,709.735576,709.015413,1421.455323
random_n18_05,18,min,proposed,1,random,5,16,16,0,9689590332847028783,"[0, 0, 0, 0, 0, 0, 0, 0, 0, 0, 0, 0, 0, 0, 0, 0, 1, 262142, 0, 0, 0]",478.946,475.118,479.657,2.64601,2.188575,0.478946,5.302555
random_n18_05,18,spectrum,bitwise,128,random,5,4456430,4456430,0,12751018700047226923,"[0, 0, 0, 0, 0, 0, 0, 0, 0, 0, 0, 0, 0, 0, 0, 0, 1, 262142, 0, 0, 0]",448452.6724453125,447976.0335390625,449705.8415546875,2.635292,454.05706,57401.942073,57858.560663
random_n18_05,18,spectrum,proposed,128,random,5,4456430,4456430,0,12751018700047226923,"[0, 0, 0, 0, 0, 0, 0, 0, 0, 0, 0, 0, 0, 0, 0, 0, 1, 262142, 0, 0, 0]",43127.7407890625,42978.1038359375,43247.1681484375,2.548078,5411.316492,5520.350821,10934.296731
random_n18_06,18,max,bitwise,512,random,5,17,17,0,2930348210414840197,"[0, 0, 0, 0, 0, 0, 0, 0, 0, 0, 0, 0, 0, 0, 0, 0, 0, 262143, 0, 0, 0]",440.346771484375,440.191921875,441.239451171875,2.667691,6.150823,225.457547,234.287037
random_n18_06,18,max,proposed,512,random,5,17,17,0,2930348210414840197,"[0, 0, 0, 0, 0, 0, 0, 0, 0, 0, 0, 0, 0, 0, 0, 0, 0, 262143, 0, 0, 0]",2.181875,2.165451171875,2.187708984375,2.63728,5.820698,1.11712,9.581946
random_n18_06,18,min,bitwise,1,random,5,17,17,0,2930348210414840197,"[0, 0, 0, 0, 0, 0, 0, 0, 0, 0, 0, 0, 0, 0, 0, 0, 0, 262143, 0, 0, 0]",708621.402,708484.515,709810.319,2.68027,710.042701,708.621402,1421.225957
random_n18_06,18,min,proposed,1,random,5,17,17,0,2930348210414840197,"[0, 0, 0, 0, 0, 0, 0, 0, 0, 0, 0, 0, 0, 0, 0, 0, 0, 262143, 0, 0, 0]",480.65,479.727,487.065,2.665776,2.199038,0.48065,5.363185
random_n18_06,18,spectrum,bitwise,128,random,5,4456431,4456430,0,11844121806051268081,"[0, 0, 0, 0, 0, 0, 0, 0, 0, 0, 0, 0, 0, 0, 0, 0, 1, 262142, 0, 0, 0]",445036.3583671875,444978.789,448360.83278125,2.595463,451.919582,56964.653871,57418.351971
random_n18_06,18,spectrum,proposed,128,random,5,4456431,4456430,0,11844121806051268081,"[0, 0, 0, 0, 0, 0, 0, 0, 0, 0, 0, 0, 0, 0, 0, 0, 1, 262142, 0, 0, 0]",45962.106046875,45746.2036640625,46129.7205546875,2.621788,5416.304143,5883.149574,11308.084798
random_n18_07,18,max,bitwise,512,random,5,17,17,0,4641160885965114381,"[0, 0, 0, 0, 0, 0, 0, 0, 0, 0, 0, 0, 0, 0, 0, 0, 1, 262142, 0, 0, 0]",441.0401328125,440.778900390625,442.361076171875,2.644004,6.170129,225.812548,234.583372
random_n18_07,18,max,proposed,512,random,5,17,17,0,4641160885965114381,"[0, 0, 0, 0, 0, 0, 0, 0, 0, 0, 0, 0, 0, 0, 0, 0, 1, 262142, 0, 0, 0]",1.632853515625,1.60685546875,1.650826171875,2.620402,5.830875,0.836021,9.289697
random_n18_07,18,min,bitwise,1,random,5,16,16,0,4641160885965114381,"[0, 0, 0, 0, 0, 0, 0, 0, 0, 0, 0, 0, 0, 0, 0, 0, 1, 262142, 0, 0, 0]",708640.752,708380.781,709849.281,2.667129,711.085474,708.640752,1422.119469
random_n18_07,18,min,proposed,1,random,5,16,16,0,4641160885965114381,"[0, 0, 0, 0, 0, 0, 0, 0, 0, 0, 0, 0, 0, 0, 0, 0, 1, 262142, 0, 0, 0]",492.297,489.942,499.393,2.663481,2.188605,0.492297,5.381565
random_n18_07,18,spectrum,bitwise,128,random,5,4456430,4456428,0,15008148165752277635,"[0, 0, 0, 0, 0, 0, 0, 0, 0, 0, 0, 0, 0, 0, 0, 0, 3, 262140, 0, 0, 0]",448254.1838203125,445863.0804453125,448549.0395625,2.586955,454.036546,57376.535529,57833.293406
random_n18_07,18,spectrum,proposed,128,random,5,4456430,4456428,0,15008148165752277635,"[0, 0, 0, 0, 0, 0, 0, 0, 0, 0, 0, 0, 0, 0, 0, 0, 3, 262140, 0, 0, 0]",31257.0008984375,31223.72390625,31474.4198359375,2.565589,5409.168673,4000.896115,9426.21605
random_n18_08,18,max,bitwise,512,random,5,17,17,0,7268631631794971905,"[0, 0, 0, 0, 0, 0, 0, 0, 0, 0, 0, 0, 0, 0, 0, 0, 1, 262142, 0, 0, 0]",440.456712890625,439.75640625,441.48436328125,2.645369,6.160904,225.513837,234.274363
random_n18_08,18,max,proposed,512,random,5,17,17,0,7268631631794971905,"[0, 0, 0, 0, 0, 0, 0, 0, 0, 0, 0, 0, 0, 0, 0, 0, 1, 262142, 0, 0, 0]",1.910740234375,1.9081171875,1.91479296875,2.621263,5.831639,0.978299,9.418189
random_n18_08,18,min,bitwise,1,random,5,16,16,0,7268631631794971905,"[0, 0, 0, 0, 0, 0, 0, 0, 0, 0, 0, 0, 0, 0, 0, 0, 1, 262142, 0, 0, 0]",709352.743,709123.002,709786.386,2.665586,710.421404,709.352743,1422.382143
random_n18_08,18,min,proposed,1,random,5,16,16,0,7268631631794971905,"[0, 0, 0, 0, 0, 0, 0, 0, 0, 0, 0, 0, 0, 0, 0, 0, 1, 262142, 0, 0, 0]",482.885,481.852,490.883,2.663582,2.191781,0.482885,5.3394
random_n18_08,18,spectrum,bitwise,128,random,5,4456430,4456428,0,4277874607917470591,"[0, 0, 0, 0, 0, 0, 0, 0, 0, 0, 0, 0, 0, 0, 0, 0, 3, 262140, 0, 0, 0]",448020.574203125,445114.689125,448750.602328125,2.555941,454.053741,57346.633498,57803.25073
random_n18_08,18,spectrum,proposed,128,random,5,4456430,4456428,0,4277874607917470591,"[0, 0, 0, 0, 0, 0, 0, 0, 0, 0, 0, 0, 0, 0, 0, 0, 3, 262140, 0, 0, 0]",39250.5971640625,39217.58578125,39285.65775,2.57439,5421.686886,5024.076437,10444.094086
random_n18_09,18,max,bitwise,512,random,5,17,17,0,15045863687301323839,"[0, 0, 0, 0, 0, 0, 0, 0, 0, 0, 0, 0, 0, 0, 0, 0, 0, 262143, 0, 0, 0]",440.931095703125,440.062033203125,441.80015234375,2.648545,6.173496,225.756721,234.581375
random_n18_09,18,max,proposed,512,random,5,17,17,0,15045863687301323839,"[0, 0, 0, 0, 0, 0, 0, 0, 0, 0, 0, 0, 0, 0, 0, 0, 0, 262143, 0, 0, 0]",1.91007421875,1.90751171875,1.917650390625,2.655011,5.830586,0.977958,9.46939
random_n18_09,18,min,bitwise,1,random,5,17,17,0,15045863687301323839,"[0, 0, 0, 0, 0, 0, 0, 0, 0, 0, 0, 0, 0, 0, 0, 0, 0, 262143, 0, 0, 0]",708403.963,708248.098,709729.847,2.704194,709.724974,708.403963,1420.647633
random_n18_09,18,min,proposed,1,random,5,17,17,0,15045863687301323839,"[0, 0, 0, 0, 0, 0, 0, 0, 0, 0, 0, 0, 0, 0, 0, 0, 0, 262143, 0, 0, 0]",488.558,487.486,492.577,2.677953,2.192633,0.488558,5.374207
random_n18_09,18,spectrum,bitwise,128,random,5,4456431,4456431,0,13946375810983894881,"[0, 0, 0, 0, 0, 0, 0, 0, 0, 0, 0, 0, 0, 0, 0, 0, 0, 262143, 0, 0, 0]",448648.99753125,445266.095828125,460355.2826328125,2.572342,454.394557,57427.071684,57884.020886
random_n18_09,18,spectrum,proposed,128,random,5,4456431,4456431,0,13946375810983894881,"[0, 0, 0, 0, 0, 0, 0, 0, 0, 0, 0, 0, 0, 0, 0, 0, 0, 262143, 0, 0, 0]",39729.6206015625,39571.0284453125,39785.54865625,2.556639,5417.905877,5085.391437,10498.095442
random_n19_00,19,max,bitwise,512,random,5,18,18,0,16455898633111993517,"[0, 0, 0, 0, 0, 0, 0, 0, 0, 0, 0, 0, 0, 0, 0, 0, 0, 1, 524286, 0, 0]",975.318458984375,974.13027734375,975.363052734375,5.451917,13.010158,499.363051,517.898398
random_n19_00,19,max,proposed,512,random,5,18,18,0,16455898633111993517,"[0, 0, 0, 0, 0, 0, 0, 0, 0, 0, 0, 0, 0, 0, 0, 0, 0, 1, 524286, 0, 0]",2.636126953125,2.624927734375,2.654255859375,5.502333,12.330472,1.349697,19.238136
random_n19_00,19,min,bitwise,1,random,5,17,17,0,16455898633111993517,"[0, 0, 0, 0, 0, 0, 0, 0, 0, 0, 0, 0, 0, 0, 0, 0, 0, 1, 524286, 0, 0]",2819175.511,2818258.742,2822193.661,5.43587,2821.231971,2819.175511,5645.798069
random_n19_00,19,min,proposed,1,random,5,17,17,0,16455898633111993517,"[0, 0, 0, 0, 0, 0, 0, 0, 0, 0, 0, 0, 0, 0, 0, 0, 0, 1, 524286, 0, 0]",1033.366,1028.975,1033.737,5.49498,4.675786,1.033366,11.242763
random_n19_00,19,spectrum,bitwise,128,random,5,9437165,9437165,0,11062534781306724795,"[0, 0, 0, 0, 0, 0, 0, 0, 0, 0, 0, 0, 0, 0, 0, 0, 0, 1, 524286, 0, 0]",1781580.3614140626,1770985.1689296875,1901587.98821875,5.660393,1792.23008,228042.286261,229840.176734
random_n19_00,19,spectrum,proposed,128,random,5,9437165,9437165,0,11062534781306724795,"[0, 0, 0, 0, 0, 0, 0, 0, 0, 0, 0, 0, 0, 0, 0, 0, 0, 1, 524286, 0, 0]",99193.4676796875,99186.606265625,99615.655421875,5.341701,21530.892391,12696.763863,34212.169876
random_n19_01,19,max,bitwise,512,random,5,18,18,0,7286983342742389075,"[0, 0, 0, 0, 0, 0, 0, 0, 0, 0, 0, 0, 0, 0, 0, 0, 0, 0, 524287, 0, 0]",975.12142578125,973.869525390625,976.8150859375,5.481207,13.005321,499.26217,517.773132
random_n19_01,19,max,proposed,512,random,5,18,18,0,7286983342742389075,"[0, 0, 0, 0, 0, 0, 0, 0, 0, 0, 0, 0, 0, 0, 0, 0, 0, 0, 524287, 0, 0]",3.645505859375,3.640359375,3.679630859375,5.418503,12.312544,1.866499,19.616732
random_n19_01,19,min,bitwise,1,random,5,18,18,0,7286983342742389075,"[0, 0, 0, 0, 0, 0, 0, 0, 0, 0, 0, 0, 0, 0, 0, 0, 0, 0, 524287, 0, 0]",2820470.456,2818932.969,2821065.52,5.410952,2823.019057,2820.470456,5648.942706
random_n19_01,19,min,proposed,1,random,5,18,18,0,7286983342742389075,"[0, 0, 0, 0, 0, 0, 0, 0, 0, 0, 0, 0, 0, 0, 0, 0, 0, 0, 524287, 0, 0]",1031.472,1030.018,1031.863,5.442918,4.609836,1.031472,11.10721
random_n19_01,19,spectrum,bitwise,128,random,5,9437166,9437165,0,1572804319002587915,"[0, 0, 0, 0, 0, 0, 0, 0, 0, 0, 0, 0, 0, 0, 0, 0, 0, 1, 524286, 0, 0]",1777374.1985859375,1771164.88596875,1854309.613640625,5.623903,1787.754868,227503.897419,229297.351231
random_n19_01,19,spectrum,proposed,128,random,5,9437166,9437165,0,1572804319002587915,"[0, 0, 0, 0, 0, 0, 0, 0, 0, 0, 0, 0, 0, 0, 0, 0, 0, 1, 524286, 0, 0]",133430.74703125,133302.632359375,133505.076265625,5.576295,21512.037749,17079.13562,38579.760752
random_n19_02,19,max,bitwise,512,random,5,18,18,0,10080240590503035007,"[0, 0, 0, 0, 0, 0, 0, 0, 0, 0, 0, 0, 0, 0, 0, 0, 0, 1, 524286, 0, 0]",974.520318359375,974.150146484375,975.822568359375,5.497994,13.007666,498.954403,517.349393
random_n19_02,19,max,proposed,512,random,5,18,18,0,10080240590503035007,"[0, 0, 0, 0, 0, 0, 0, 0, 0, 0, 0, 0, 0, 0, 0, 0, 0, 1, 524286, 0, 0]",3.30716796875,3.300259765625,3.315291015625,5.501752,12.332251,1.69327,19.607634
random_n19_02,19,min,bitwise,1,random,5,17,17,0,10080240590503035007,"[0, 0, 0, 0, 0, 0, 0, 0, 0, 0, 0, 0, 0, 0, 0, 0, 0, 1, 524286, 0, 0]",2816255.176,2815565.563,2816531.103,5.465731,2818.580758,2816.255176,5639.612052
random_n19_02,19,min,proposed,1,random,5,17,17,0,10080240590503035007,"[0, 0, 0, 0, 0, 0, 0, 0, 0, 0, 0, 0, 0, 0, 0, 0, 0, 1, 524286, 0, 0]",1029.859,1028.845,1031.201,5.452953,4.658108,1.029859,11.258832
random_n19_02,19,spectrum,bitwise,128,random,5,9437165,9437165,0,2494474294954269585,"[0, 0, 0, 0, 0, 0, 0, 0, 0, 0, 0, 0, 0, 0, 0, 0, 0, 1, 524286, 0, 0]",1779206.2561171874,1772786.9028359374,1779514.28865625,5.565272,1789.577665,227738.400783,229536.034106
random_n19_02,19,spectrum,proposed,128,random,5,9437165,9437165,0,2494474294954269585,"[0, 0, 0, 0, 0, 0, 0, 0, 0, 0, 0, 0, 0, 0, 0, 0, 0, 1, 524286, 0, 0]",133351.649296875,133008.096671875,134138.4158984375,5.755283,21526.06319,17069.01111,38581.930503
random_n19_03,19,max,bitwise,512,random,5,18,18,0,17177797428737689847,"[0, 0, 0, 0, 0, 0, 0, 0, 0, 0, 0, 0, 0, 0, 0, 0, 0, 1, 524286, 0, 0]",975.7691015625,974.384798828125,975.809576171875,5.448944,13.019423,499.59378,518.043063
random_n19_03,19,max,proposed,512,random,5,18,18,0,17177797428737689847,"[0, 0, 0, 0, 0, 0, 0, 0, 0, 0, 0, 0, 0, 0, 0, 0, 0, 1, 524286, 0, 0]",3.21349609375,3.203689453125,3.248673828125,5.512029,12.307216,1.64531,19.567126
random_n19_03,19,min,bitwise,1,random,5,17,17,0,17177797428737689847,"[0, 0, 0, 0, 0, 0, 0, 0, 0, 0, 0, 0, 0, 0, 0, 0, 0, 1, 524286, 0, 0]",2816285.657,2814697.528,2818009.167,5.523536,2817.888453,2816.285657,5639.573199
random_n19_03,19,min,proposed,1,random,5,17,17,0,17177797428737689847,"[0, 0, 0, 0, 0, 0, 0, 0, 0, 0, 0, 0, 0, 0, 0, 0, 0, 1, 524286, 0, 0]",1032.354,1031.946,1036.643,5.514145,4.657325,1.032354,11.203416
random_n19_03,19,spectrum,bitwise,128,random,5,9437165,9437166,0,9831214549333670519,"[0, 0, 0, 0, 0, 0, 0, 0, 0, 0, 0, 0, 0, 0, 0, 0, 0, 0, 524287, 0, 0]",1793933.35259375,1779137.763796875,1796848.172625,5.589689,1805.1368,229623.469132,231434.355955
random_n19_03,19,spectrum,proposed,128,random,5,9437165,9437166,0,9831214549333670519,"[0, 0, 0, 0, 0, 0, 0, 0, 0, 0, 0, 0, 0, 0, 0, 0, 0, 0, 524287, 0, 0]",122768.5391484375,122768.138625,123033.693203125,5.569482,21476.643173,15714.373011,37196.412552
random_n19_04,19,max,bitwise,512,random,5,18,18,0,10358563718858219553,"[0, 0, 0, 0, 0, 0, 0, 0, 0, 0, 0, 0, 0, 0, 0, 0, 0, 1, 524286, 0, 0]",975.3359765625,975.234716796875,975.45550390625,5.476847,12.987052,499.37202,517.852146
random_n19_04,19,max,proposed,512,random,5,18,18,0,10358563718858219553,"[0, 0, 0, 0, 0, 0, 0, 0, 0, 0, 0, 0, 0, 0, 0, 0, 0, 1, 524286, 0, 0]",2.604412109375,2.582166015625,2.63005859375,5.545254,12.339739,1.333459,19.136323
random_n19_04,19,min,bitwise,1,random,5,17,17,0,10358563718858219553,"[0, 0, 0, 0, 0, 0, 0, 0, 0, 0, 0, 0, 0, 0, 0, 0, 0, 1, 524286, 0, 0]",2821157.586,2817718.316,2821518.277,5.462104,2817.589065,2821.157586,5643.72927
random_n19_04,19,min,proposed,1,random,5,17,17,0,10358563718858219553,"[0, 0, 0, 0, 0, 0, 0, 0, 0, 0, 0, 0, 0, 0, 0, 0, 0, 1, 524286, 0, 0]",1037.216,1030.48,1037.59,5.45572,4.641689,1.037216,11.135474
random_n19_04,19,spectrum,bitwise,128,random,5,9437165,9437166,0,14516696616903139453,"[0, 0, 0, 0, 0, 0, 0, 0, 0, 0, 0, 0, 0, 0, 0, 0, 0, 0, 524287, 0, 0]",1780194.248765625,1771819.9955390624,1810432.519046875,5.528729,1790.404973,227864.863842,229660.780297
random_n19_04,19,spectrum,proposed,128,random,5,9437165,9437166,0,14516696616903139453,"[0, 0, 0, 0, 0, 0, 0, 0, 0, 0, 0, 0, 0, 0, 0, 0, 0, 0, 524287, 0, 0]",93069.1559765625,92976.6659140625,93840.3552265625,5.595021,21496.659545,11912.851965,33414.88339
random_n19_05,19,max,bitwise,512,random,5,18,18,0,9367602929676264243,"[0, 0, 0, 0, 0, 0, 0, 0, 0, 0, 0, 0, 0, 0, 0, 0, 0, 1, 524286, 0, 0]",976.73882421875,975.2130546875,977.02721484375,5.54265,13.002136,500.090278,518.617616
random_n19_05,19,max,proposed,512,random,5,18,18,0,9367602929676264243,"[0, 0, 0, 0, 0, 0, 0, 0, 0, 0, 0, 0, 0, 0, 0, 0, 0, 1, 524286, 0, 0]",2.634892578125,2.591490234375,2.637966796875,5.495419,12.315602,1.349065,19.256469
random_n19_05,19,min,bitwise,1,random,5,17,17,0,9367602929676264243,"[0, 0, 0, 0, 0, 0, 0, 0, 0, 0, 0, 0, 0, 0, 0, 0, 0, 1, 524286, 0, 0]",2823049.165,2817602.186,2823397.325,5.460921,2821.043811,2823.049165,5649.553897
random_n19_05,19,min,proposed,1,random,5,17,17,0,9367602929676264243,"[0, 0, 0, 0, 0, 0, 0, 0, 0, 0, 0, 0, 0, 0, 0, 0, 0, 1, 524286, 0, 0]",1035.253,1025.588,1036.975,5.465179,4.56418,1.035253,11.168152
random_n19_05,19,spectrum,bitwise,128,random,5,9437165,9437165,0,735323789000788611,"[0, 0, 0, 0, 0, 0, 0, 0, 0, 0, 0, 0, 0, 0, 0, 0, 0, 1, 524286, 0, 0]",1782297.1140859374,1779388.0427265626,1786806.116921875,5.594575,1792.75833,228134.030603,229932.124433
random_n19_05,19,spectrum,proposed,128,random,5,9437165,9437165,0,735323789000788611,"[0, 0, 0, 0, 0, 0, 0, 0, 0, 0, 0, 0, 0, 0, 0, 0, 0, 1, 524286, 0, 0]",102023.9268828125,101838.9191328125,102217.9603828125,5.650227,21484.887639,13059.062641,34572.966399
random_n19_06,19,max,bitwise,512,random,5,18,18,0,14608527166820409507,"[0, 0, 0, 0, 0, 0, 0, 0, 0, 0, 0, 0, 0, 0, 0, 0, 0, 0, 524287, 0, 0]",975.159146484375,973.6988046875,975.161859375,5.511178,13.00793,499.281483,517.818213
random_n19_06,19,max,proposed,512,random,5,18,18,0,14608527166820409507,"[0, 0, 0, 0, 0, 0, 0, 0, 0, 0, 0, 0, 0, 0, 0, 0, 0, 0, 524287, 0, 0]",3.163537109375,3.142685546875,3.168744140625,5.509473,12.288529,1.619731,19.422879
random_n19_06,19,min,bitwise,1,random,5,18,18,0,14608527166820409507,"[0, 0, 0, 0, 0, 0, 0, 0, 0, 0, 0, 0, 0, 0, 0, 0, 0, 0, 524287, 0, 0]",2818208.03,2817392.487,2820047.726,5.519021,2820.873048,2818.20803,5645.393009
random_n19_06,19,min,proposed,1,random,5,18,18,0,14608527166820409507,"[0, 0, 0, 0, 0, 0, 0, 0, 0, 0, 0, 0, 0, 0, 0, 0, 0, 0, 524287, 0, 0]",1031.773,1027.202,1035.471,5.442848,4.554808,1.031773,11.11567
random_n19_06,19,spectrum,bitwise,128,random,5,9437166,9437165,0,3586624133663769277,"[0, 0, 0, 0, 0, 0, 0, 0, 0, 0, 0, 0, 0, 0, 0, 0, 0, 1, 524286, 0, 0]",1786005.9456875,1778447.744046875,1810833.9502890625,5.716934,1796.253795,228608.761048,230410.315367
random_n19_06,19,spectrum,proposed,128,random,5,9437166,9437165,0,3586624133663769277,"[0, 0, 0, 0, 0, 0, 0, 0, 0, 0, 0, 0, 0, 0, 0, 0, 0, 1, 524286, 0, 0]",120203.333109375,120078.5441484375,120447.9926015625,5.74793,21522.091031,15386.026638,36884.923164
random_n19_07,19,max,bitwise,512,random,5,18,18,0,3046314305277499899,"[0, 0, 0, 0, 0, 0, 0, 0, 0, 0, 0, 0, 0, 0, 0, 0, 0, 1, 524286, 0, 0]",973.902787109375,973.73483203125,974.821869140625,5.457674,12.995149,498.638227,517.124223
random_n19_07,19,max,proposed,512,random,5,18,18,0,3046314305277499899,"[0, 0, 0, 0, 0, 0, 0, 0, 0, 0, 0, 0, 0, 0, 0, 0, 0, 1, 524286, 0, 0]",3.0592109375,3.050775390625,3.07575390625,5.489605,12.360504,1.566316,19.386327
random_n19_07,19,min,bitwise,1,random,5,17,17,0,3046314305277499899,"[0, 0, 0, 0, 0, 0, 0, 0, 0, 0, 0, 0, 0, 0, 0, 0, 0, 1, 524286, 0, 0]",2820121.237,2814454.026,2820140.805,5.59984,2822.7688,2820.121237,5648.347303
random_n19_07,19,min,proposed,1,random,5,17,17,0,3046314305277499899,"[0, 0, 0, 0, 0, 0, 0, 0, 0, 0, 0, 0, 0, 0, 0, 0, 0, 1, 524286, 0, 0]",1028.715,1026.091,1028.956,5.517853,4.58149,1.028715,11.19779
random_n19_07,19,spectrum,bitwise,128,random,5,9437165,9437165,0,17450309482828532095,"[0, 0, 0, 0, 0, 0, 0, 0, 0, 0, 0, 0, 0, 0, 0, 0, 0, 1, 524286, 0, 0]",1779601.536671875,1773586.867984375,1782141.256890625,5.679338,1789.902616,227788.996694,229584.632077
random_n19_07,19,spectrum,proposed,128,random,5,9437165,9437165,0,17450309482828532095,"[0, 0, 0, 0, 0, 0, 0, 0, 0, 0, 0, 0, 0, 0, 0, 0, 0, 1, 524286, 0, 0]",114650.669640625,114560.010375,114928.5045234375,5.574923,21481.883123,14675.285714,36198.524396
random_n19_08,19,max,bitwise,512,random,5,18,18,0,13456358624434115965,"[0, 0, 0, 0, 0, 0, 0, 0, 0, 0, 0, 0, 0, 0, 0, 0, 0, 1, 524286, 0, 0]",975.208783203125,974.36791796875,976.77127734375,5.511358,13.01188,499.306897,517.958624
random_n19_08,19,max,proposed,512,random,5,18,18,0,13456358624434115965,"[0, 0, 0, 0, 0, 0, 0, 0, 0, 0, 0, 0, 0, 0, 0, 0, 0, 1, 524286, 0, 0]",2.707875,2.69740234375,2.72782421875,5.537687,12.314269,1.386432,19.280278
random_n19_08,19,min,bitwise,1,random,5,17,17,0,13456358624434115965,"[0, 0, 0, 0, 0, 0, 0, 0, 0, 0, 0, 0, 0, 0, 0, 0, 0, 1, 524286, 0, 0]",2815701.017,2813646.942,2821621.061,5.460481,2815.647357,2815.701017,5636.224564
random_n19_08,19,min,proposed,1,random,5,17,17,0,13456358624434115965,"[0, 0, 0, 0, 0, 0, 0, 0, 0, 0, 0, 0, 0, 0, 0, 0, 0, 1, 524286, 0, 0]",1033.888,1031.913,1036.044,5.46945,4.638309,1.033888,11.081132
random_n19_08,19,spectrum,bitwise,128,random,5,9437165,9437165,0,9399155810686555315,"[0, 0, 0, 0, 0, 0, 0, 0, 0, 0, 0, 0, 0, 0, 0, 0, 0, 1, 524286, 0, 0]",1777104.455921875,1773800.59725,1779388.5723359375,5.536923,1786.927306,227469.370358,229261.820644
random_n19_08,19,spectrum,proposed,128,random,5,9437165,9437165,0,9399155810686555315,"[0, 0, 0, 0, 0, 0, 0, 0, 0, 0, 0, 0, 0, 0, 0, 0, 0, 1, 524286, 0, 0]",118009.9969296875,117984.31296875,118174.1475078125,5.744677,21495.791346,15105.279607,36623.518662
random_n19_09,19,max,bitwise,512,random,5,18,18,0,13949344457970967357,"[0, 0, 0, 0, 0, 0, 0, 0, 0, 0, 0, 0, 0, 0, 0, 0, 0, 1, 524286, 0, 0]",976.277234375,975.947654296875,976.345166015625,5.548513,13.007149,499.853944,518.428511
random_n19_09,19,max,proposed,512,random,5,18,18,0,13949344457970967357,"[0, 0, 0, 0, 0, 0, 0, 0, 0, 0, 0, 0, 0, 0, 0, 0, 0, 1, 524286, 0, 0]",3.0469765625,3.045921875,3.048994140625,5.572207,12.316935,1.560052,19.435294
random_n19_09,19,min,bitwise,1,random,5,17,17,0,13949344457970967357,"[0, 0, 0, 0, 0, 0, 0, 0, 0, 0, 0, 0, 0, 0, 0, 0, 0, 1, 524286, 0, 0]",2819369.196,2815254.954,2821684.466,5.550458,2821.500985,2819.369196,5648.632827
random_n19_09,19,min,proposed,1,random,5,17,17,0,13949344457970967357,"[0, 0, 0, 0, 0, 0, 0, 0, 0, 0, 0, 0, 0, 0, 0, 0, 0, 1, 524286, 0, 0]",1034.911,1033.326,1037.096,5.508569,4.601645,1.034911,11.185453
random_n19_09,19,spectrum,bitwise,128,random,5,9437165,9437165,0,8850591973059710579,"[0, 0, 0, 0, 0, 0, 0, 0, 0, 0, 0, 0, 0, 0, 0, 0, 0, 1, 524286, 0, 0]",1781016.06734375,1777424.058515625,1782313.8201640625,5.608681,1792.506667,227970.05662,229768.149716
random_n19_09,19,spectrum,proposed,128,random,5,9437165,9437165,0,8850591973059710579,"[0, 0, 0, 0, 0, 0, 0, 0, 0, 0, 0, 0, 0, 0, 0, 0, 0, 1, 524286, 0, 0]",106051.381328125,105701.1134765625,106230.0475078125,5.719065,21500.564679,13574.57681,35116.778174
