case,group,n,m,metric,profile,steps,baseline_anf_xor_per_step,proposed_anf_xor_per_step,logical_anf_xor_ratio,baseline_degree_tests_per_step,proposed_degree_tests_per_step,mean_delta_fraction,conditional_guard_keep_fraction,actual_degree_drops,measured_time_speedup,reference_growth_factor
AES,practical,8,8,max,high,1280,8192.0,910.8703125,8.993596440217718,2048.0,2.16015625,0.87042236328125,0.866949479367528,34,10.53690690139304,8
AES,practical,8,8,max,natural,1664,8192.0,173.16887019230768,47.306424017796104,2048.0,1.7896634615384615,0.163665771484375,0.8853383458646616,23,34.817766963526964,8
AES,practical,8,8,min,static,256,270336.0,10496.0,25.75609756097561,65280.0,0.0,,,0,62.88401198485859,32.0
AES,practical,8,8,spectrum,high,128,270336.0,28522.0,9.47815721197672,65280.0,64.6953125,0.87042236328125,0.8711239122441475,67,26.90452719687235,16
AES,practical,8,8,spectrum,natural,256,270336.0,5363.0,50.40760768226739,65280.0,55.78515625,0.163665771484375,0.8837294780691007,120,85.16515724333479,16
CLEFIA_S0,practical,8,8,max,high,1280,8192.0,907.86875,9.023330740263942,2048.0,2.21171875,0.87042236328125,0.8692886061307113,21,9.442914965173282,8
CLEFIA_S0,practical,8,8,max,natural,1664,8192.0,141.65084134615384,57.83234269665305,2048.0,1.4729567307692308,0.141571044921875,0.9114828897338403,33,38.19709282333428,8
CLEFIA_S0,practical,8,8,min,static,256,270336.0,11520.0,23.466666666666665,65280.0,0.0,,,0,51.94791783090585,32.0
CLEFIA_S0,practical,8,8,spectrum,high,128,270336.0,28522.0,9.47815721197672,65280.0,58.8671875,0.87042236328125,0.9065704519559438,334,27.334271032285905,16
CLEFIA_S0,practical,8,8,spectrum,natural,256,270336.0,4639.0,58.2746281526191,65280.0,48.3984375,0.141571044921875,0.9041692402717727,134,91.0984286584271,16
CLEFIA_S1,practical,8,8,max,high,1280,8192.0,866.8171875,9.45066632057293,2048.0,1.928125,0.87042236328125,0.8698547215496368,12,11.020095889706461,8
CLEFIA_S1,practical,8,8,max,natural,1664,8192.0,172.92548076923077,47.3730069366251,2048.0,1.5600961538461537,0.16912841796875,0.9022308728851625,23,34.33868728478394,8
CLEFIA_S1,practical,8,8,min,static,256,270336.0,8704.0,31.058823529411764,65280.0,0.0,,,0,65.2238973452779,32.0
CLEFIA_S1,practical,8,8,spectrum,high,128,270336.0,28522.0,9.47815721197672,65280.0,64.859375,0.87042236328125,0.8719911802535677,60,26.578479204262266,16
CLEFIA_S1,practical,8,8,spectrum,natural,256,270336.0,5542.0,48.779501984843016,65280.0,49.3671875,0.16912841796875,0.9037288966510403,132,82.1347219460491,16
MISTY1_FI_key0000,practical,16,16,max,high,6,8388608.0,174762.66666666666,48.0,1048576.0,106995.16666666667,0.5,0.2727272727272727,10,24.72474209039639,16
MISTY1_FI_key0000,practical,16,16,max,natural,110,8388608.0,7164.0,1170.9391401451703,1048576.0,220018.0909090909,0.01214599609375,0.36789297658862874,378,51.1178502046191,16
MISTY1_FI_key0000,practical,16,16,min,static,2,34368126976.0,9568256.0,3591.890410958904,4294901760.0,0.0,,,0,2572.487813832759,4096.0
MISTY1_FI_key0000,practical,16,16,spectrum,high,2,34368126976.0,1073741824.0,32.0078125,4294901760.0,0.0,0.5,1.0,0,25.244567247346833,32
MISTY1_FI_key0000,practical,16,16,spectrum,natural,2,34368126976.0,26083328.0,1317.6281407035176,4294901760.0,0.0,0.01214599609375,1.0,0,222.1081219325284,32
MISTY1_S9,practical,9,9,max,high,640,20736.0,2040.71875,10.161125828828691,4608.0,3.9671875,0.87042236328125,0.8788515406162465,52,10.51162720099939,9
MISTY1_S9,practical,9,9,max,natural,2688,20736.0,274.60825892857144,75.51120305305041,4608.0,1.1923363095238095,0.1270599365234375,0.9271935283136279,25,61.64315551133363,9
MISTY1_S9,practical,9,9,min,static,128,1200384.0,24320.0,49.357894736842105,261632.0,0.0,,,0,44.659061628914756,56.888888888888886
MISTY1_S9,practical,9,9,spectrum,high,128,1200384.0,114088.0,10.521562302783815,261632.0,208.21875,0.87042236328125,0.9126257126385241,1098,19.63324062648935,18
MISTY1_S9,practical,9,9,spectrum,natural,128,1200384.0,16654.0,72.07781914254834,261632.0,71.6640625,0.1270599365234375,0.9259075241437134,57,122.42690091306167,18
PRESENT,practical,4,4,max,high,8960,128.0,26.091629464285713,4.905787895509045,64.0,2.738058035714286,0.7236328125,0.6891702586206897,1615,3.9047766381347033,4
PRESENT,practical,4,4,max,natural,8064,128.0,12.714781746031745,10.067022978192174,64.0,2.279513888888889,0.37548828125,0.7217484008528785,1107,3.5028755435885923,4
PRESENT,practical,4,4,min,static,7808,640.0,160.0,4.0,240.0,0.0,,,0,3.9255771089063884,4.0
PRESENT,practical,4,4,spectrum,high,3712,640.0,92.625,6.909581646423752,240.0,9.250269396551724,0.7236328125,0.7022490280856011,2171,3.3044840161327977,8
PRESENT,practical,4,4,spectrum,natural,3584,640.0,48.0625,13.315994798439531,240.0,8.938616071428571,0.37548828125,0.7128014703124413,2011,4.656493024481953,8
random_n03_00,random,3,3,max,high,15744,36.0,7.888338414634147,4.563698729407218,24.0,2.449758638211382,0.658203125,0.5226374799786438,4887,3.028393212802421,3
random_n03_00,random,3,3,max,natural,11008,36.0,5.554505813953488,6.481224650006542,24.0,2.496457122093023,0.4140625,0.5642123869739615,3609,2.411954463808923,3
random_n03_00,random,3,3,min,static,8448,132.0,52.0,2.5384615384615383,56.0,0.0,,,0,2.2586844870713265,2.6666666666666665
random_n03_00,random,3,3,spectrum,high,9344,132.0,21.0625,6.267062314540059,56.0,6.452482876712328,0.658203125,0.5375524854395233,7841,4.263568222024522,6
random_n03_00,random,3,3,spectrum,natural,6528,132.0,13.25,9.962264150943396,56.0,5.959405637254902,0.4140625,0.5717060690766097,5002,2.739622305097841,6
random_n03_01,random,3,3,max,high,15744,36.0,9.032774390243903,3.985486456839085,24.0,2.7290396341463414,0.658203125,0.5238202449567724,4799,2.740674089344737,3
random_n03_01,random,3,3,max,natural,11008,36.0,5.5813953488372094,6.45,24.0,2.836755087209302,0.4072265625,0.5247412353923205,3875,2.7119615362253624,3
random_n03_01,random,3,3,min,static,8448,132.0,44.0,3.0,56.0,0.0,,,0,2.288267399954169,2.6666666666666665
random_n03_01,random,3,3,spectrum,high,9344,132.0,21.0625,6.267062314540059,56.0,6.37992294520548,0.658203125,0.5323435843054083,7197,4.314339344642803,6
random_n03_01,random,3,3,spectrum,natural,6528,132.0,13.03125,10.129496402877697,56.0,6.532169117647059,0.4072265625,0.5280335534879237,5366,2.9841258412296114,6
random_n03_02,random,3,3,max,high,15744,36.0,11.31103912601626,3.182731453664344,24.0,3.438452743902439,0.658203125,0.549594837935174,7105,2.3279855218677086,3
random_n03_02,random,3,3,max,natural,11008,36.0,5.390897529069767,6.677923259693645,24.0,2.760265261627907,0.3916015625,0.5315985130111525,3559,2.697569939768585,3
random_n03_02,random,3,3,min,static,8448,132.0,52.0,2.5384615384615383,56.0,0.0,,,0,2.294106705067728,2.6666666666666665
random_n03_02,random,3,3,spectrum,high,9344,132.0,21.0625,6.267062314540059,56.0,6.424443493150685,0.658203125,0.538734416703267,7777,3.422099824801887,6
random_n03_02,random,3,3,spectrum,natural,6528,132.0,12.53125,10.53366583541147,56.0,6.521292892156863,0.3916015625,0.5220332523462436,5121,3.864577517879338,6
random_n03_03,random,3,3,max,high,15744,36.0,11.300622459349594,3.1856652259199514,24.0,3.4273373983739837,0.658203125,0.5507507507507508,7087,1.61359582933187,3
random_n03_03,random,3,3,max,natural,11008,36.0,5.3843568313953485,6.686035329250393,24.0,2.8501998546511627,0.384765625,0.5267746762964409,3840,1.3344373349184897,3
random_n03_03,random,3,3,min,static,8448,132.0,36.0,3.6666666666666665,56.0,0.0,,,0,1.4424188204453368,2.6666666666666665
random_n03_03,random,3,3,spectrum,high,9344,132.0,21.0625,6.267062314540059,56.0,6.41898544520548,0.658203125,0.539441235093409,7775,4.34617601584821,6
random_n03_03,random,3,3,spectrum,natural,6528,132.0,12.3125,10.720812182741117,56.0,6.577359068627451,0.384765625,0.5235085703341952,5226,2.315881620715363,6
random_n03_04,random,3,3,max,high,15744,36.0,10.156186483739837,3.5446375524549874,24.0,3.0579903455284554,0.658203125,0.5499230032879677,6308,2.217317100201067,3
random_n03_04,random,3,3,max,natural,11008,36.0,5.531068313953488,6.508688368426239,24.0,2.7786155523255816,0.4033203125,0.5402123424021235,3796,3.1965386322173464,3
random_n03_04,random,3,3,min,static,8448,132.0,44.0,3.0,56.0,0.0,,,0,2.359188769020587,2.6666666666666665
random_n03_04,random,3,3,spectrum,high,9344,132.0,21.0625,6.267062314540059,56.0,6.452482876712328,0.658203125,0.5375524854395233,7841,3.3560676805237977,6
random_n03_04,random,3,3,spectrum,natural,6528,132.0,12.90625,10.227602905569007,56.0,6.484375,0.4033203125,0.5403422982885085,5253,4.96064691328224,6
random_n03_05,random,3,3,max,high,15744,36.0,10.166666666666666,3.540983606557377,24.0,3.092543191056911,0.658203125,0.5401146722765334,6126,2.832666108313658,3
random_n03_05,random,3,3,max,natural,11008,36.0,5.6204578488372094,6.40517213512203,24.0,2.6400799418604652,0.4248046875,0.5425038639876353,3465,2.9354484506150023,3
random_n03_05,random,3,3,min,static,8448,132.0,52.0,2.5384615384615383,56.0,0.0,,,0,1.3269766985269271,2.6666666666666665
random_n03_05,random,3,3,spectrum,high,9344,132.0,21.0625,6.267062314540059,56.0,6.462970890410959,0.658203125,0.5271740939195261,7329,4.30996279151231,6
random_n03_05,random,3,3,spectrum,natural,6528,132.0,13.59375,9.710344827586207,56.0,6.427389705882353,0.4248046875,0.5382522789099413,5159,4.448117311415108,6
random_n03_06,random,3,3,max,high,15744,36.0,10.156122967479675,3.5446597205718646,24.0,3.1136305894308944,0.658203125,0.5379639228695833,6219,2.3116417286123867,3
random_n03_06,random,3,3,max,natural,11008,36.0,5.783066860465116,6.2250706880301605,24.0,2.799963662790698,0.4228515625,0.5163532297628781,4072,3.084307735848476,3
random_n03_06,random,3,3,min,static,8448,132.0,36.0,3.6666666666666665,56.0,0.0,,,0,2.649896505880189,2.6666666666666665
random_n03_06,random,3,3,spectrum,high,9344,132.0,21.0625,6.267062314540059,56.0,6.374571917808219,0.658203125,0.5328740353085356,7185,4.112042075857388,6
random_n03_06,random,3,3,spectrum,natural,6528,132.0,13.53125,9.755196304849884,56.0,6.451593137254902,0.4228515625,0.5293832663146165,5468,4.609811645260618,6
random_n03_07,random,3,3,max,high,15744,36.0,9.032901422764228,3.985430407695445,24.0,2.784743394308943,0.658203125,0.5234155981432971,5249,3.068939870214285,3
random_n03_07,random,3,3,max,natural,11008,36.0,5.854287790697675,6.149338960958351,24.0,2.572311046511628,0.4443359375,0.5389561529516382,3587,2.572689395512368,3
random_n03_07,random,3,3,min,static,8448,132.0,60.0,2.2,56.0,0.0,,,0,2.1452843021762953,2.6666666666666665
random_n03_07,random,3,3,spectrum,high,9344,132.0,21.0625,6.267062314540059,56.0,6.402290239726027,0.658203125,0.5301037145034627,7200,4.168118389212265,6
random_n03_07,random,3,3,spectrum,natural,6528,132.0,14.21875,9.283516483516484,56.0,6.3359375,0.4443359375,0.5319672131147541,5372,3.088291857824737,6
random_n03_08,random,3,3,max,high,15744,36.0,6.754509654471545,5.329772528516217,24.0,2.0500508130081303,0.658203125,0.522840454964648,3994,2.9804689233730524,3
random_n03_08,random,3,3,max,natural,11008,36.0,5.636446220930233,6.387003191180737,24.0,2.695675872093023,0.4150390625,0.546304333311077,3746,2.1725492738851955,3
random_n03_08,random,3,3,min,static,8448,132.0,44.0,3.0,56.0,0.0,,,0,2.2229573353030143,2.6666666666666665
random_n03_08,random,3,3,spectrum,high,9344,132.0,21.0625,6.267062314540059,56.0,6.428403253424658,0.658203125,0.538326467211454,7762,2.413379919529368,6
random_n03_08,random,3,3,spectrum,natural,6528,132.0,13.28125,9.938823529411765,56.0,6.291666666666667,0.4150390625,0.5498227459998084,5238,4.552520888365368,6
random_n03_09,random,3,3,max,high,15744,36.0,7.888401930894309,4.563661983171626,24.0,2.4448678861788617,0.658203125,0.5237485323940655,4878,2.545471718904963,3
random_n03_09,random,3,3,max,natural,11008,36.0,5.601289970930233,6.427090935629835,24.0,2.76671511627907,0.408203125,0.525563459876338,3842,3.0542576596782895,3
random_n03_09,random,3,3,min,static,8448,132.0,44.0,3.0,56.0,0.0,,,0,2.4057999605444866,2.6666666666666665
random_n03_09,random,3,3,spectrum,high,9344,132.0,21.0625,6.267062314540059,56.0,6.451519691780822,0.658203125,0.5279523762014035,7307,4.125822031652735,6
random_n03_09,random,3,3,spectrum,natural,6528,132.0,13.0625,10.105263157894736,56.0,6.439185049019608,0.408203125,0.5272578942316921,5280,4.249327976740874,6
random_n04_00,random,4,4,max,high,8960,128.0,20.55234375,6.228000152050785,64.0,2.366517857142857,0.7236328125,0.6717316906228611,1343,3.039944265715788,4
random_n04_00,random,4,4,max,natural,8064,128.0,12.568204365079366,10.184430192402566,64.0,2.4324156746031744,0.36767578125,0.7081837315835088,1081,4.643306330528301,4
random_n04_00,random,4,4,min,static,7808,640.0,160.0,4.0,240.0,0.0,,,0,4.085951712912052,4.0
random_n04_00,random,4,4,spectrum,high,3712,640.0,92.625,6.909581646423752,240.0,9.935075431034482,0.7236328125,0.6884647666313908,2294,5.097507079074316,8
random_n04_00,random,4,4,spectrum,natural,3584,640.0,47.0625,13.598937583001328,240.0,9.277901785714286,0.36767578125,0.7037424757916776,1926,5.073203663048266,8
random_n04_01,random,4,4,max,high,8960,128.0,24.669754464285713,5.188539682683303,64.0,2.733705357142857,0.7236328125,0.6781973063197881,1713,4.123745663010035,4
random_n04_01,random,4,4,max,natural,8064,128.0,12.037450396825397,10.633480993097765,64.0,2.3206845238095237,0.35888671875,0.7145177411294353,1049,3.511001744489578,4
random_n04_01,random,4,4,min,static,7808,640.0,128.0,5.0,240.0,0.0,,,0,4.405968250674648,4.0
random_n04_01,random,4,4,spectrum,high,3712,640.0,92.625,6.909581646423752,240.0,9.694504310344827,0.7236328125,0.6877892358707138,2253,4.978492142807704,8
random_n04_01,random,4,4,spectrum,natural,3584,640.0,45.9375,13.931972789115646,240.0,9.066127232142858,0.35888671875,0.7078256969878167,1913,5.338249492607531,8
random_n04_02,random,4,4,max,high,8960,128.0,24.723660714285714,5.177226846752497,64.0,2.329017857142857,0.7236328125,0.7008599167822469,1111,3.925708992580256,4
random_n04_02,random,4,4,max,natural,8064,128.0,11.826760912698413,10.822912625431211,64.0,2.4671378968253967,0.345703125,0.6971538413840144,1185,3.5792915149440585,4
random_n04_02,random,4,4,min,static,7808,640.0,176.0,3.6363636363636362,240.0,0.0,,,0,3.5561207151904366,4.0
random_n04_02,random,4,4,spectrum,high,3712,640.0,92.625,6.909581646423752,240.0,8.969827586206897,0.7236328125,0.6988483478635238,1823,4.9437595768389055,8
random_n04_02,random,4,4,spectrum,natural,3584,640.0,44.25,14.463276836158192,240.0,9.046316964285714,0.345703125,0.699278477700101,1923,4.268849590992215,8
random_n04_03,random,4,4,max,high,8960,128.0,26.110825892857143,4.9021812073365165,64.0,3.238058035714286,0.7236328125,0.6814678284182306,2287,3.792805693731398,4
random_n04_03,random,4,4,max,natural,8064,128.0,12.329117063492063,10.381927541188068,64.0,2.443452380952381,0.353515625,0.7021198382551158,1154,3.572837238069903,4
random_n04_03,random,4,4,min,static,7808,640.0,144.0,4.444444444444445,240.0,0.0,,,0,3.5977025500038553,4.0
random_n04_03,random,4,4,spectrum,high,3712,640.0,92.625,6.909581646423752,240.0,9.864493534482758,0.7236328125,0.6969685875375266,2380,3.5917176320450777,8
random_n04_03,random,4,4,spectrum,natural,3584,640.0,45.25,14.143646408839778,240.0,9.211495535714286,0.353515625,0.7011674898967221,1946,4.829235414517374,8
random_n04_04,random,4,4,max,high,8960,128.0,27.460267857142856,4.661280096242948,64.0,2.796875,0.7236328125,0.7101904376012966,1472,2.80053271680005,4
random_n04_04,random,4,4,max,natural,8064,128.0,12.52046130952381,10.22326548804041,64.0,2.4050099206349205,0.36474609375,0.7123108537268821,1178,3.8384883864131245,4
random_n04_04,random,4,4,min,static,7808,640.0,192.0,3.3333333333333335,240.0,0.0,,,0,3.268615836216016,4.0
random_n04_04,random,4,4,spectrum,high,3712,640.0,92.625,6.909581646423752,240.0,9.659752155172415,0.7236328125,0.6977553758566921,2119,5.107739141313349,8
random_n04_04,random,4,4,spectrum,natural,3584,640.0,46.6875,13.708165997322624,240.0,9.085100446428571,0.36474609375,0.7090643274853801,1995,4.8874441511440265,8
random_n04_05,random,4,4,max,high,8960,128.0,20.587053571428573,6.217499728938523,64.0,1.93359375,0.7236328125,0.7058705937229293,977,3.2464827813147497,4
random_n04_05,random,4,4,max,natural,8064,128.0,12.151785714285714,10.533431300514328,64.0,2.308531746031746,0.3525390625,0.7115821812596006,1013,5.089414646466672,4
random_n04_05,random,4,4,min,static,7808,640.0,192.0,3.3333333333333335,240.0,0.0,,,0,3.3809634545395735,4.0
random_n04_05,random,4,4,spectrum,high,3712,640.0,92.625,6.909581646423752,240.0,8.856411637931034,0.7236328125,0.7055400961295218,2025,4.689065149696751,8
random_n04_05,random,4,4,spectrum,natural,3584,640.0,45.125,14.182825484764543,240.0,9.136160714285714,0.3525390625,0.7064728798321845,1975,5.02084019459317,8
random_n04_06,random,4,4,max,high,8960,128.0,26.12890625,4.898789056660188,64.0,2.627232142857143,0.7236328125,0.6994888350820554,1623,3.2722014665767007,4
random_n04_06,random,4,4,max,natural,8064,128.0,12.594990079365079,10.16277100604533,64.0,2.3412698412698414,0.365234375,0.720217163304337,1114,3.61661392188292,4
random_n04_06,random,4,4,min,static,7808,640.0,160.0,4.0,240.0,0.0,,,0,3.568914344561751,4.0
random_n04_06,random,4,4,spectrum,high,3712,640.0,92.625,6.909581646423752,240.0,9.13469827586207,0.7236328125,0.7031097627045184,2009,5.343131570692195,8
random_n04_06,random,4,4,spectrum,natural,3584,640.0,46.75,13.689839572192513,240.0,8.833426339285714,0.365234375,0.7178492859539879,1852,4.91313362650964,8
random_n04_07,random,4,4,max,high,8960,128.0,23.378683035714285,5.475073159786703,64.0,2.0963169642857142,0.7236328125,0.7198360466458839,790,4.0537994112368745,4
random_n04_07,random,4,4,max,natural,8064,128.0,11.321800595238095,11.30562218644235,64.0,2.4012896825396823,0.33154296875,0.7040949481140869,1120,3.607512933861047,4
random_n04_07,random,4,4,min,static,7808,640.0,144.0,4.444444444444445,240.0,0.0,,,0,3.768086061456368,4.0
random_n04_07,random,4,4,spectrum,high,3712,640.0,92.625,6.909581646423752,240.0,9.011314655172415,0.7236328125,0.7085542341309643,1781,4.66287101940637,8
random_n04_07,random,4,4,spectrum,natural,3584,640.0,42.4375,15.08100147275405,240.0,9.16796875,0.33154296875,0.70123937544464,1966,4.963621055419829,8
random_n04_08,random,4,4,max,high,8960,128.0,24.688616071428573,5.1845757425071195,64.0,2.378125,0.7236328125,0.7031800145308221,1211,4.02342402774306,4
random_n04_08,random,4,4,max,natural,8064,128.0,12.053323412698413,10.619477767032244,64.0,2.4074900793650795,0.35595703125,0.7055337201322602,1139,3.562654044062007,4
random_n04_08,random,4,4,min,static,7808,640.0,160.0,4.0,240.0,0.0,,,0,3.82577613757419,4.0
random_n04_08,random,4,4,spectrum,high,3712,640.0,92.625,6.909581646423752,240.0,8.867995689655173,0.7236328125,0.7064427174730509,1773,4.944112338625311,8
random_n04_08,random,4,4,spectrum,natural,3584,640.0,45.5625,14.046639231824416,240.0,9.01953125,0.35595703125,0.7042880107667576,1923,4.88460925179094,8
random_n04_09,random,4,4,max,high,8960,128.0,23.341852678571428,5.483712101289548,64.0,2.3443080357142856,0.7236328125,0.7047968297155025,1172,3.864645809183005,4
random_n04_09,random,4,4,max,natural,8064,128.0,12.377232142857142,10.341568981064022,64.0,2.312251984126984,0.36474609375,0.7235751945769521,1153,4.762592105263158,4
random_n04_09,random,4,4,min,static,7808,640.0,128.0,5.0,240.0,0.0,,,0,4.286478561691401,4.0
random_n04_09,random,4,4,spectrum,high,3712,640.0,92.625,6.909581646423752,240.0,8.883351293103448,0.7236328125,0.7048689138576779,1661,4.8200887617545165,8
random_n04_09,random,4,4,spectrum,natural,3584,640.0,46.6875,13.708165997322624,240.0,8.662667410714286,0.36474609375,0.7264609176505754,1908,4.755121381449185,8
random_n05_00,random,5,5,max,high,5760,400.0,59.82326388888889,6.6863620270356545,160.0,2.1777777777777776,0.7802734375,0.7642002989536621,453,4.970901198208329,5
random_n05_00,random,5,5,max,natural,6400,400.0,23.51421875,17.010984045557542,160.0,2.12609375,0.286376953125,0.791027896456396,522,6.090929456962227,5
random_n05_00,random,5,5,min,static,2816,2960.0,560.0,5.285714285714286,992.0,0.0,,,0,6.255435505077213,6.4
random_n05_00,random,5,5,spectrum,high,1792,2960.0,399.5,7.409261576971214,992.0,14.061383928571429,0.7802734375,0.7719418244654043,895,6.726595399768937,10
random_n05_00,random,5,5,spectrum,natural,2048,2960.0,146.625,20.18755328218244,992.0,13.4326171875,0.286376953125,0.7909228537185391,1063,9.401573756078799,10
random_n05_01,random,5,5,max,high,5760,400.0,66.03055555555555,6.057801522863994,160.0,2.4324652777777778,0.7802734375,0.7736712665664708,586,5.017320061894147,5
random_n05_01,random,5,5,max,natural,6400,400.0,26.94578125,14.844624332426806,160.0,1.9065625,0.3310546875,0.816407246746619,526,6.3596209835811255,5
random_n05_01,random,5,5,min,static,2816,2960.0,496.0,5.967741935483871,992.0,0.0,,,0,6.5709444818893346,6.4
random_n05_01,random,5,5,spectrum,high,1792,2960.0,399.5,7.409261576971214,992.0,14.248883928571429,0.7802734375,0.7729778418303008,917,7.4172745723750095,10
random_n05_01,random,5,5,spectrum,natural,2048,2960.0,169.5,17.463126843657818,992.0,12.06103515625,0.3310546875,0.8137211647548216,1036,7.056757678434448,10
random_n05_02,random,5,5,max,high,5760,400.0,69.05815972222223,5.792219219407957,160.0,2.3769097222222224,0.7802734375,0.7746909564085882,542,4.640559850421303,5
random_n05_02,random,5,5,max,natural,6400,400.0,24.31796875,16.448742249494007,160.0,1.953125,0.294677734375,0.804932875429285,501,6.328337002449291,5
random_n05_02,random,5,5,min,static,2816,2960.0,496.0,5.967741935483871,992.0,0.0,,,0,6.812073181835921,6.4
random_n05_02,random,5,5,spectrum,high,1792,2960.0,399.5,7.409261576971214,992.0,13.993303571428571,0.7802734375,0.7722326318823869,921,6.46155739814473,10
random_n05_02,random,5,5,spectrum,natural,2048,2960.0,150.875,19.618889809444905,992.0,12.115234375,0.294677734375,0.8037403740374037,954,9.652587525834997,10
random_n05_03,random,5,5,max,high,5760,400.0,70.578125,5.667478414877131,160.0,2.4265625,0.7802734375,0.7810001269196598,498,4.949654014268189,5
random_n05_03,random,5,5,max,natural,6400,400.0,25.6471875,15.596252025685077,160.0,2.18078125,0.307373046875,0.7858689599703026,565,6.211368991853845,5
random_n05_03,random,5,5,min,static,2816,2960.0,496.0,5.967741935483871,992.0,0.0,,,0,5.687539505326169,6.4
random_n05_03,random,5,5,spectrum,high,1792,2960.0,399.5,7.409261576971214,992.0,14.194754464285714,0.7802734375,0.7725618762834601,915,5.900923767261017,10
random_n05_03,random,5,5,spectrum,natural,2048,2960.0,157.375,18.80857823669579,992.0,13.359375,0.307373046875,0.7834402919340632,980,9.250214958520566,10
random_n05_04,random,5,5,max,high,5760,400.0,62.952083333333334,6.354039117053314,160.0,2.1876736111111112,0.7802734375,0.774729548186382,386,4.8809847783885765,5
random_n05_04,random,5,5,max,natural,6400,400.0,24.7596875,16.15529275157451,160.0,2.3071875,0.297607421875,0.7625405540304467,480,6.151985409909236,5
random_n05_04,random,5,5,min,static,2816,2960.0,560.0,5.285714285714286,992.0,0.0,,,0,5.950088168190922,6.4
random_n05_04,random,5,5,spectrum,high,1792,2960.0,399.5,7.409261576971214,992.0,13.887834821428571,0.7802734375,0.7736425746134484,862,7.436219611574807,10
random_n05_04,random,5,5,spectrum,natural,2048,2960.0,152.375,19.425758818703855,992.0,14.6220703125,0.297607421875,0.7585370463709677,1024,9.13105085555589,10
random_n05_05,random,5,5,max,high,5760,400.0,61.33003472222222,6.522089899536037,160.0,2.195659722222222,0.7802734375,0.7685883818035308,510,5.000751751454545,5
random_n05_05,random,5,5,max,natural,6400,400.0,23.21203125,17.23244276607632,160.0,2.2328125,0.279296875,0.7737954982327774,503,5.995432482656423,5
random_n05_05,random,5,5,min,static,2816,2960.0,592.0,5.0,992.0,0.0,,,0,6.26773263408451,6.4
random_n05_05,random,5,5,spectrum,high,1792,2960.0,399.5,7.409261576971214,992.0,14.317522321428571,0.7802734375,0.77,975,8.060201659231796,10
random_n05_05,random,5,5,spectrum,natural,2048,2960.0,143.0,20.6993006993007,992.0,13.97265625,0.279296875,0.7718524585000157,1021,8.797461806867648,10
random_n05_06,random,5,5,max,high,5760,400.0,62.842708333333334,6.365098045715991,160.0,2.255729166666667,0.7802734375,0.7642201181746993,456,4.664160947600337,5
random_n05_06,random,5,5,max,natural,6400,400.0,25.1140625,15.92733154980402,160.0,2.2065625,0.302734375,0.7782022056558437,507,6.002582555154874,5
random_n05_06,random,5,5,min,static,2816,2960.0,432.0,6.851851851851852,992.0,0.0,,,0,6.385540100627357,6.4
random_n05_06,random,5,5,spectrum,high,1792,2960.0,399.5,7.409261576971214,992.0,13.841517857142858,0.7802734375,0.7729004889272362,856,7.465079202176143,10
random_n05_06,random,5,5,spectrum,natural,2048,2960.0,155.0,19.096774193548388,992.0,13.5458984375,0.302734375,0.7801965849662907,1026,9.310134045495856,10
random_n05_07,random,5,5,max,high,5760,400.0,52.14982638888889,7.670207701501083,160.0,1.7538194444444444,0.7802734375,0.7757901013714967,349,5.250908985055634,5
random_n05_07,random,5,5,max,natural,6400,400.0,25.65453125,15.591787513170797,160.0,2.238125,0.310546875,0.7907659627639635,550,5.959356221328592,5
random_n05_07,random,5,5,min,static,2816,2960.0,464.0,6.379310344827586,992.0,0.0,,,0,6.977073740621176,6.4
random_n05_07,random,5,5,spectrum,high,1792,2960.0,399.5,7.409261576971214,992.0,13.811383928571429,0.7802734375,0.7742272122062687,883,7.585027193560597,10
random_n05_07,random,5,5,spectrum,natural,2048,2960.0,159.0,18.61635220125786,992.0,13.55029296875,0.310546875,0.7931382124066665,1026,7.049363137016814,10
random_n05_08,random,5,5,max,high,5760,400.0,61.185763888888886,6.537468433447777,160.0,2.1769097222222222,0.7802734375,0.7708806090330137,452,5.0324520353866085,5
random_n05_08,random,5,5,max,natural,6400,400.0,23.93234375,16.71378299503157,160.0,2.3340625,0.28759765625,0.7633914716653218,519,4.550443191376059,5
random_n05_08,random,5,5,min,static,2816,2960.0,528.0,5.606060606060606,992.0,0.0,,,0,6.3582056007551575,6.4
random_n05_08,random,5,5,spectrum,high,1792,2960.0,399.5,7.409261576971214,992.0,14.008370535714286,0.7802734375,0.7749134698586674,936,7.742028475722051,10
random_n05_08,random,5,5,spectrum,natural,2048,2960.0,147.25,20.1018675721562,992.0,14.35302734375,0.28759765625,0.762271869100063,987,9.436555813297355,10
random_n05_09,random,5,5,max,high,5760,400.0,70.68402777777777,5.658987080611092,160.0,2.4046875,0.7802734375,0.7739371767377318,434,5.005681263265213,5
random_n05_09,random,5,5,max,natural,6400,400.0,24.7653125,16.15162336433267,160.0,1.95703125,0.301513671875,0.8048580957774841,498,6.117825357838108,5
random_n05_09,random,5,5,min,static,2816,2960.0,560.0,5.285714285714286,992.0,0.0,,,0,6.408109572312398,6.4
random_n05_09,random,5,5,spectrum,high,1792,2960.0,399.5,7.409261576971214,992.0,13.861049107142858,0.7802734375,0.7745548535324526,816,7.477088041264522,10
random_n05_09,random,5,5,spectrum,natural,2048,2960.0,154.375,19.17408906882591,992.0,12.5029296875,0.301513671875,0.8023002993540255,1033,9.291008645033495,10
random_n06_00,random,6,6,max,high,3456,1152.0,169.921875,6.779586206896552,384.0,2.078125,0.829833984375,0.8292638149440059,150,6.47205772609485,6
random_n06_00,random,6,6,max,natural,4992,1152.0,50.34735576923077,22.881042755854757,384.0,2.125400641025641,0.2568359375,0.8190641943905215,246,9.847340035451236,6
random_n06_00,random,6,6,min,static,1152,13440.0,1536.0,8.75,4032.0,0.0,,,0,10.625634204923584,10.666666666666666
random_n06_00,random,6,6,spectrum,high,768,13440.0,1699.5,7.908208296557811,4032.0,21.704427083333332,0.829833984375,0.8287606041795986,413,10.958048032880496,12
random_n06_00,random,6,6,spectrum,natural,1152,13440.0,526.0,25.55133079847909,4032.0,21.907118055555557,0.2568359375,0.8230222565006611,560,19.415882357416766,12
random_n06_01,random,6,6,max,high,3456,1152.0,156.48090277777777,7.361920717162415,384.0,1.9780092592592593,0.829833984375,0.8283462996209854,162,6.637398385915222,6
random_n06_01,random,6,6,max,natural,4992,1152.0,43.393229166666664,26.547920542519353,384.0,2.1424278846153846,0.2225341796875,0.8186853520186853,241,11.691708851521588,6
random_n06_01,random,6,6,min,static,1152,13440.0,1472.0,9.130434782608695,4032.0,0.0,,,0,10.61564600944576,10.666666666666666
random_n06_01,random,6,6,spectrum,high,768,13440.0,1699.5,7.908208296557811,4032.0,21.186197916666668,0.829833984375,0.830900897176169,389,9.906188638897293,12
random_n06_01,random,6,6,spectrum,natural,1152,13440.0,455.75,29.489851892484914,4032.0,22.359375,0.2225341796875,0.8204294258702902,583,18.833096462878398,12
random_n06_02,random,6,6,max,high,3456,1152.0,165.08912037037038,6.97804917377679,384.0,2.0847800925925926,0.829833984375,0.8298798372599111,171,5.825874666985184,6
random_n06_02,random,6,6,max,natural,4992,1152.0,47.15444711538461,24.430357484228637,384.0,2.011418269230769,0.2398681640625,0.8333884953994837,221,10.660481873104002,6
random_n06_02,random,6,6,min,static,1152,13440.0,1408.0,9.545454545454545,4032.0,0.0,,,0,11.212404891845598,10.666666666666666
random_n06_02,random,6,6,spectrum,high,768,13440.0,1699.5,7.908208296557811,4032.0,21.713541666666668,0.829833984375,0.8264842070448156,388,11.204123277359791,12
random_n06_02,random,6,6,spectrum,natural,1152,13440.0,491.25,27.358778625954198,4032.0,21.828125,0.2398681640625,0.8282171397079086,573,19.53007158444313,12
random_n06_03,random,6,6,max,high,3456,1152.0,163.75115740740742,7.035064779016263,384.0,2.072048611111111,0.829833984375,0.8256058004197672,174,6.186331173756932,6
random_n06_03,random,6,6,max,natural,4992,1152.0,49.49399038461539,23.275553073168364,384.0,1.9096554487179487,0.252685546875,0.8406770553465879,243,9.315333908908107,6
random_n06_03,random,6,6,min,static,1152,13440.0,1664.0,8.076923076923077,4032.0,0.0,,,0,9.909320417983668,10.666666666666666
random_n06_03,random,6,6,spectrum,high,768,13440.0,1699.5,7.908208296557811,4032.0,22.055989583333332,0.829833984375,0.826074368201183,399,10.78469433428243,12
random_n06_03,random,6,6,spectrum,natural,1152,13440.0,517.5,25.971014492753625,4032.0,20.172743055555557,0.252685546875,0.8400518006227096,570,18.95426311941621,12
random_n06_04,random,6,6,max,high,3456,1152.0,161.80034722222223,7.119885833234975,384.0,2.019675925925926,0.829833984375,0.8321421672783466,174,6.613754455484009,6
random_n06_04,random,6,6,max,natural,4992,1152.0,45.294270833333336,25.43368021617892,384.0,2.031650641025641,0.2320556640625,0.8305707793075792,218,11.351166489998667,6
random_n06_04,random,6,6,min,static,1152,13440.0,1472.0,9.130434782608695,4032.0,0.0,,,0,10.74636853028475,10.666666666666666
random_n06_04,random,6,6,spectrum,high,768,13440.0,1699.5,7.908208296557811,4032.0,21.9453125,0.829833984375,0.8263819927176431,408,10.696304142012892,12
random_n06_04,random,6,6,spectrum,natural,1152,13440.0,475.25,28.279852709100474,4032.0,22.108506944444443,0.2320556640625,0.8239574432898762,585,18.342842681369547,12
random_n06_05,random,6,6,max,high,3456,1152.0,148.96527777777777,7.733345764766211,384.0,1.9809027777777777,0.829833984375,0.8261507811680822,161,6.700489078661924,6
random_n06_05,random,6,6,max,natural,4992,1152.0,43.85877403846154,26.266124059686767,384.0,2.1951121794871793,0.2265625,0.8153918474246189,253,11.466888567293777,6
random_n06_05,random,6,6,min,static,1152,13440.0,1536.0,8.75,4032.0,0.0,,,0,8.187840202617954,10.666666666666666
random_n06_05,random,6,6,spectrum,high,768,13440.0,1699.5,7.908208296557811,4032.0,21.6953125,0.829833984375,0.8278725777796141,374,10.757813913414191,12
random_n06_05,random,6,6,spectrum,natural,1152,13440.0,464.0,28.96551724137931,4032.0,23.06423611111111,0.2265625,0.8159724137931035,615,18.957081142467093,12
random_n06_06,random,6,6,max,high,3456,1152.0,163.5474537037037,7.043827182336082,384.0,2.0558449074074074,0.829833984375,0.830453460620525,153,5.190417098864708,6
random_n06_06,random,6,6,max,natural,4992,1152.0,47.21394230769231,24.399572323201465,384.0,1.8661858974358974,0.2413330078125,0.8524284763805722,237,11.285225341143805,6
random_n06_06,random,6,6,min,static,1152,13440.0,1472.0,9.130434782608695,4032.0,0.0,,,0,10.82529858077127,10.666666666666666
random_n06_06,random,6,6,spectrum,high,768,13440.0,1699.5,7.908208296557811,4032.0,21.411458333333332,0.829833984375,0.8299314106272209,375,10.790523136005996,12
random_n06_06,random,6,6,spectrum,natural,1152,13440.0,494.25,27.192716236722305,4032.0,19.42621527777778,0.2413330078125,0.8516139702842022,590,18.902894917022273,12
random_n06_07,random,6,6,max,high,3456,1152.0,161.60300925925927,7.128580125335721,384.0,2.107349537037037,0.829833984375,0.8248379920688654,182,6.553930868650436,6
random_n06_07,random,6,6,max,natural,4992,1152.0,45.58353365384615,25.272283819593678,384.0,1.9919871794871795,0.2347412109375,0.8307516931536244,250,11.302690831924789,6
random_n06_07,random,6,6,min,static,1152,13440.0,1600.0,8.4,4032.0,0.0,,,0,8.93710412130503,10.666666666666666
random_n06_07,random,6,6,spectrum,high,768,13440.0,1699.5,7.908208296557811,4032.0,21.317708333333332,0.829833984375,0.8299789230069843,379,10.957930416974861,12
random_n06_07,random,6,6,spectrum,natural,1152,13440.0,480.75,27.95631825273011,4032.0,20.999131944444443,0.2347412109375,0.831500316987789,587,18.48271579604591,12
random_n06_08,random,6,6,max,high,3456,1152.0,168.45457175925927,6.838638975297975,384.0,2.120949074074074,0.829833984375,0.8302480562754535,152,4.558860246158975,6
random_n06_08,random,6,6,max,natural,4992,1152.0,45.477964743589745,25.330948878102067,384.0,1.7784455128205128,0.234375,0.8547921284169521,220,11.512507986096258,6
random_n06_08,random,6,6,min,static,1152,13440.0,1728.0,7.777777777777778,4032.0,0.0,,,0,9.707808002142233,10.666666666666666
random_n06_08,random,6,6,spectrum,high,768,13440.0,1699.5,7.908208296557811,4032.0,21.561197916666668,0.829833984375,0.8293903548680619,401,10.971230468297259,12
random_n06_08,random,6,6,spectrum,natural,1152,13440.0,480.0,28.0,4032.0,19.3515625,0.234375,0.8523031121647324,590,19.17329092375235,12
random_n06_09,random,6,6,max,high,3456,1152.0,163.3460648148148,7.052511496411136,384.0,2.0277777777777777,0.829833984375,0.8279323200458847,163,6.547359269984591,6
random_n06_09,random,6,6,max,natural,4992,1152.0,45.697315705128204,25.209358191486096,384.0,1.913661858974359,0.2332763671875,0.8376119802112582,231,10.849162333759406,6
random_n06_09,random,6,6,min,static,1152,13440.0,1344.0,10.0,4032.0,0.0,,,0,10.117140529738231,10.666666666666666
random_n06_09,random,6,6,spectrum,high,768,13440.0,1699.5,7.908208296557811,4032.0,21.350260416666668,0.829833984375,0.8302596758187232,392,10.753541360207816,12
random_n06_09,random,6,6,spectrum,natural,1152,13440.0,477.75,28.13186813186813,4032.0,20.569444444444443,0.2332763671875,0.8360411962328579,550,17.915424498340645,12
random_n07_00,random,7,7,max,high,2176,3136.0,404.64430147058823,7.75001646780374,896.0,1.7454044117647058,0.87042236328125,0.8761333163069851,49,7.888909320559855,7
random_n07_00,random,7,7,max,natural,2176,3136.0,85.30422794117646,36.76253892318798,896.0,1.5790441176470589,0.19073486328125,0.8885072655217966,52,20.24230459249197,7
random_n07_00,random,7,7,min,static,384,60480.0,4288.0,14.104477611940299,16256.0,0.0,,,0,19.295259049610813,18.285714285714285
random_n07_00,random,7,7,spectrum,high,256,60480.0,7130.5,8.481873641399622,16256.0,33.78515625,0.87042236328125,0.8702482903086686,152,14.7201842646175,14
random_n07_00,random,7,7,spectrum,natural,640,60480.0,1562.5,38.7072,16256.0,28.19375,0.19073486328125,0.890511307767945,280,38.344990835641546,14
random_n07_01,random,7,7,max,high,2176,3136.0,362.68014705882354,8.646737422579044,896.0,1.6332720588235294,0.87042236328125,0.8716494114310027,53,8.773118389127685,7
random_n07_01,random,7,7,max,natural,2176,3136.0,90.06985294117646,34.81742111922936,896.0,1.7665441176470589,0.19879150390625,0.8745087765260676,61,19.773994292101584,7
random_n07_01,random,7,7,min,static,384,60480.0,4416.0,13.695652173913043,16256.0,0.0,,,0,18.941629610534683,18.285714285714285
random_n07_01,random,7,7,spectrum,high,256,60480.0,7130.5,8.481873641399622,16256.0,32.7109375,0.87042236328125,0.8697657258808338,120,14.026484342260657,14
random_n07_01,random,7,7,spectrum,natural,640,60480.0,1628.5,37.13847098556954,16256.0,31.6265625,0.19879150390625,0.8763340382629223,294,35.81202196584181,14
random_n07_02,random,7,7,max,high,2176,3136.0,395.1686580882353,7.935852036372221,896.0,1.8653492647058822,0.87042236328125,0.8669873878559355,52,8.514465399332805,7
random_n07_02,random,7,7,max,natural,2176,3136.0,91.77251838235294,34.171449746365745,896.0,1.7922794117647058,0.20623779296875,0.8680564718300567,59,19.214850228837996,7
random_n07_02,random,7,7,min,static,384,60480.0,3904.0,15.491803278688524,16256.0,0.0,,,0,20.330919417903317,18.285714285714285
random_n07_02,random,7,7,spectrum,high,256,60480.0,7130.5,8.481873641399622,16256.0,32.703125,0.87042236328125,0.8730060971854406,144,14.720774631690317,14
random_n07_02,random,7,7,spectrum,natural,640,60480.0,1689.5,35.79757324652264,16256.0,34.6484375,0.20623779296875,0.8629998769533653,322,35.5669851126814,14
random_n07_03,random,7,7,max,high,2176,3136.0,389.92693014705884,8.042532478629457,896.0,1.822610294117647,0.87042236328125,0.8716323296354992,58,8.548963316692461,7
random_n07_03,random,7,7,max,natural,2176,3136.0,89.24172794117646,35.14051186981822,896.0,1.8598345588235294,0.19873046875,0.8674967234600263,59,20.059898719619365,7
random_n07_03,random,7,7,min,static,384,60480.0,3648.0,16.57894736842105,16256.0,0.0,,,0,21.94444747234017,18.285714285714285
random_n07_03,random,7,7,spectrum,high,256,60480.0,7130.5,8.481873641399622,16256.0,32.58203125,0.87042236328125,0.871291394804875,136,13.977726855071817,14
random_n07_03,random,7,7,spectrum,natural,640,60480.0,1628.0,37.14987714987715,16256.0,32.2015625,0.19873046875,0.8706027060270602,308,37.74653918268053,14
random_n07_04,random,7,7,max,high,2176,3136.0,387.2858455882353,8.097378294930547,896.0,1.7357536764705883,0.87042236328125,0.8744012772751464,50,8.605410332098504,7
random_n07_04,random,7,7,max,natural,2176,3136.0,97.31939338235294,32.223793131129966,896.0,1.5978860294117647,0.21636962890625,0.8884097739448582,56,17.923069788227952,7
random_n07_04,random,7,7,min,static,384,60480.0,3776.0,16.016949152542374,16256.0,0.0,,,0,21.2183796569794,18.285714285714285
random_n07_04,random,7,7,spectrum,high,256,60480.0,7130.5,8.481873641399622,16256.0,32.765625,0.87042236328125,0.8704341409420735,121,15.611408385798446,14
random_n07_04,random,7,7,spectrum,natural,640,60480.0,1772.5,34.121297602256696,16256.0,29.809375,0.21636962890625,0.8852777641096294,314,38.77124833997344,14
random_n07_05,random,7,7,max,high,2176,3136.0,418.88786764705884,7.4864904004388375,896.0,1.9485294117647058,0.87042236328125,0.8700835791543756,52,8.254812630273236,7
random_n07_05,random,7,7,max,natural,2176,3136.0,84.8671875,36.95185492037191,896.0,1.6994485294117647,0.18707275390625,0.8770610737369741,68,19.927579690119043,7
random_n07_05,random,7,7,min,static,384,60480.0,4288.0,14.104477611940299,16256.0,0.0,,,0,19.73677744380655,18.285714285714285
random_n07_05,random,7,7,spectrum,high,256,60480.0,7130.5,8.481873641399622,16256.0,34.28515625,0.87042236328125,0.8666420391577392,144,14.56507304116866,14
random_n07_05,random,7,7,spectrum,natural,640,60480.0,1532.5,39.46492659053833,16256.0,32.503125,0.18707275390625,0.8708112766219377,345,38.376670343679606,14
random_n07_06,random,7,7,max,high,2176,3136.0,400.01516544117646,7.839702768622054,896.0,1.9393382352941178,0.87042236328125,0.8652482269503546,69,8.751740863339956,7
random_n07_06,random,7,7,max,natural,2176,3136.0,80.93520220588235,38.7470459642847,896.0,1.8869485294117647,0.17938232421875,0.8632777131030914,59,19.982790146088867,7
random_n07_06,random,7,7,min,static,384,60480.0,3648.0,16.57894736842105,16256.0,0.0,,,0,21.551997000964853,18.285714285714285
random_n07_06,random,7,7,spectrum,high,256,60480.0,7130.5,8.481873641399622,16256.0,32.86328125,0.87042236328125,0.8695678898518655,115,14.605679802590801,14
random_n07_06,random,7,7,spectrum,natural,640,60480.0,1469.5,41.15685607349439,16256.0,33.728125,0.17938232421875,0.8634139143693284,297,41.623373597965404,14
random_n07_07,random,7,7,max,high,2176,3136.0,399.7578125,7.844749750825695,896.0,1.9719669117647058,0.87042236328125,0.8677856681730148,68,8.10890899782256,7
random_n07_07,random,7,7,max,natural,2176,3136.0,87.86626838235294,35.69060183998703,896.0,1.7899816176470589,0.1956787109375,0.8762981464440647,57,18.398520594773153,7
random_n07_07,random,7,7,min,static,384,60480.0,3520.0,17.181818181818183,16256.0,0.0,,,0,22.153850600277956,18.285714285714285
random_n07_07,random,7,7,spectrum,high,256,60480.0,7130.5,8.481873641399622,16256.0,32.53515625,0.87042236328125,0.8727462925358439,133,15.486975102023617,14
random_n07_07,random,7,7,spectrum,natural,640,60480.0,1603.0,37.7292576419214,16256.0,32.159375,0.1956787109375,0.8760913942792493,300,39.44443843965441,14
random_n07_08,random,7,7,max,high,2176,3136.0,397.39246323529414,7.8914430698279,896.0,1.8874080882352942,0.87042236328125,0.8698408591020831,49,8.453201246335883,7
random_n07_08,random,7,7,max,natural,2176,3136.0,88.15992647058823,35.571717508705355,896.0,1.8290441176470589,0.194580078125,0.8707894736842106,58,19.51188087934798,7
random_n07_08,random,7,7,min,static,384,60480.0,4544.0,13.309859154929578,16256.0,0.0,,,0,17.244974223880906,18.285714285714285
random_n07_08,random,7,7,spectrum,high,256,60480.0,7130.5,8.481873641399622,16256.0,32.8671875,0.87042236328125,0.8700356571990655,117,14.183199310676004,14
random_n07_08,random,7,7,spectrum,natural,640,60480.0,1594.0,37.94228356336261,16256.0,33.915625,0.194580078125,0.8670538724681909,326,40.118533812166156,14
random_n07_09,random,7,7,max,high,2176,3136.0,385.10110294117646,8.143316069595933,896.0,1.7215073529411764,0.87042236328125,0.8729563119807022,58,7.029695584631273,7
random_n07_09,random,7,7,max,natural,2176,3136.0,89.51792279411765,35.03209080501666,896.0,1.806985294117647,0.1995849609375,0.8746177370030581,76,20.017113851633212,7
random_n07_09,random,7,7,min,static,384,60480.0,4288.0,14.104477611940299,16256.0,0.0,,,0,15.808027121006955,18.285714285714285
random_n07_09,random,7,7,spectrum,high,256,60480.0,7130.5,8.481873641399622,16256.0,33.2578125,0.87042236328125,0.8687142241644611,136,12.992708266496745,14
random_n07_09,random,7,7,spectrum,natural,640,60480.0,1635.0,36.99082568807339,16256.0,31.08125,0.1995849609375,0.8789504775031998,332,36.605697672644766,14
random_n08_00,random,8,8,max,high,1280,8192.0,886.5375,9.240443861652778,2048.0,2.0359375,0.87042236328125,0.8724076634406478,22,11.029773813705575,8
random_n08_00,random,8,8,max,natural,1664,8192.0,156.05168269230768,52.49542881349405,2048.0,1.5673076923076923,0.15142822265625,0.9017938583155974,26,26.217237704687413,8
random_n08_00,random,8,8,min,static,256,270336.0,9728.0,27.789473684210527,65280.0,0.0,,,0,65.7209503062475,32.0
random_n08_00,random,8,8,spectrum,high,128,270336.0,28522.0,9.47815721197672,65280.0,65.4921875,0.87042236328125,0.8707187059616445,63,27.543316115328054,16
random_n08_00,random,8,8,spectrum,natural,256,270336.0,4962.0,54.481257557436514,65280.0,49.37109375,0.15142822265625,0.9052028083514732,151,89.15151690075294,16
random_n08_01,random,8,8,max,high,1280,8192.0,868.2484375,9.435087523552268,2048.0,2.0203125,0.87042236328125,0.8643931795386158,16,10.381800166123162,8
random_n08_01,random,8,8,max,natural,1664,8192.0,152.1622596153846,53.8372656972014,2048.0,1.4975961538461537,0.158935546875,0.9036747458952307,24,35.36626535696356,8
random_n08_01,random,8,8,min,static,256,270336.0,11776.0,22.956521739130434,65280.0,0.0,,,0,57.27894733948888,32.0
random_n08_01,random,8,8,spectrum,high,128,270336.0,28522.0,9.47815721197672,65280.0,64.359375,0.87042236328125,0.8721215090641842,58,27.61424998047526,16
random_n08_01,random,8,8,spectrum,natural,256,270336.0,5208.0,51.90783410138249,65280.0,47.35546875,0.158935546875,0.9042794171666463,100,86.15229665628398,16
random_n08_02,random,8,8,max,high,1280,8192.0,964.953125,8.48953155107923,2048.0,2.409375,0.87042236328125,0.8569884726224783,17,10.440258893315942,8
random_n08_02,random,8,8,max,natural,1664,8192.0,154.38942307692307,53.06062965154299,2048.0,1.5096153846153846,0.14935302734375,0.9105605076295513,30,35.513559725662034,8
random_n08_02,random,8,8,min,static,256,270336.0,11520.0,23.466666666666665,65280.0,0.0,,,0,58.93889034016273,32.0
random_n08_02,random,8,8,spectrum,high,128,270336.0,28522.0,9.47815721197672,65280.0,63.5859375,0.87042236328125,0.8722752877785942,52,27.826990489481144,16
random_n08_02,random,8,8,spectrum,natural,256,270336.0,4894.0,55.238250919493254,65280.0,47.9375,0.14935302734375,0.9073172225795584,119,90.40107141001532,16
random_n08_03,random,8,8,max,high,1280,8192.0,894.6515625,9.156637447889105,2048.0,2.153125,0.87042236328125,0.8665233535274575,22,10.874532796805266,8
random_n08_03,random,8,8,max,natural,1664,8192.0,150.15144230769232,54.558250484286695,2048.0,1.5360576923076923,0.14459228515625,0.9097721822541966,41,31.59954033006564,8
random_n08_03,random,8,8,min,static,256,270336.0,11264.0,24.0,65280.0,0.0,,,0,60.135255470282424,32.0
random_n08_03,random,8,8,spectrum,high,128,270336.0,28522.0,9.47815721197672,65280.0,71.0,0.87042236328125,0.8646791804686541,82,27.98208089494828,16
random_n08_03,random,8,8,spectrum,natural,256,270336.0,4738.0,57.05698607007176,65280.0,46.50390625,0.14459228515625,0.9111608237313067,135,90.24916781929267,16
random_n08_04,random,8,8,max,high,1280,8192.0,910.3484375,8.998752194815514,2048.0,2.1296875,0.87042236328125,0.8722627737226277,27,10.53967418751558,8
random_n08_04,random,8,8,max,natural,1664,8192.0,134.44170673076923,60.93347220297616,2048.0,1.8010817307692308,0.131256103515625,0.8891836133215444,28,35.45619215303719,8
random_n08_04,random,8,8,min,static,256,270336.0,11520.0,23.466666666666665,65280.0,0.0,,,0,54.28388001806702,32.0
random_n08_04,random,8,8,spectrum,high,128,270336.0,28522.0,9.47815721197672,65280.0,66.609375,0.87042236328125,0.8687209017397697,60,27.506510002290664,16
random_n08_04,random,8,8,spectrum,natural,256,270336.0,4301.0,62.85421994884911,65280.0,53.55078125,0.131256103515625,0.8932181584267598,123,92.75819423924824,16
random_n08_05,random,8,8,max,high,1280,8192.0,923.878125,8.866970413440626,2048.0,2.06328125,0.87042236328125,0.8790750568612585,24,10.455242969078316,8
random_n08_05,random,8,8,max,natural,1664,8192.0,156.68870192307693,52.282008207724466,2048.0,1.734375,0.15277099609375,0.8927654432865126,27,35.90878522400142,8
random_n08_05,random,8,8,min,static,256,270336.0,10496.0,25.75609756097561,65280.0,0.0,,,0,62.4161160165685,32.0
random_n08_05,random,8,8,spectrum,high,128,270336.0,28522.0,9.47815721197672,65280.0,65.6640625,0.87042236328125,0.8720951621803912,76,27.414690979332843,16
random_n08_05,random,8,8,spectrum,natural,256,270336.0,5006.0,54.00239712345186,65280.0,52.2578125,0.15277099609375,0.8978035107067365,125,87.41309680954947,16
random_n08_06,random,8,8,max,high,1280,8192.0,900.8671875,9.093460294334452,2048.0,2.1890625,0.87042236328125,0.8647652308886302,23,10.778721885984618,8
random_n08_06,random,8,8,max,natural,1664,8192.0,172.07572115384616,47.606948528641375,2048.0,1.5618990384615385,0.165679931640625,0.9024354024354024,29,34.85133818854141,8
random_n08_06,random,8,8,min,static,256,270336.0,11264.0,24.0,65280.0,0.0,,,0,59.23280264055141,32.0
random_n08_06,random,8,8,spectrum,high,128,270336.0,28522.0,9.47815721197672,65280.0,63.953125,0.87042236328125,0.8732014939080389,52,27.880759994546025,16
random_n08_06,random,8,8,spectrum,natural,256,270336.0,5429.0,49.794805673236326,65280.0,48.74609375,0.165679931640625,0.9046145360951097,132,84.33687875689277,16
random_n08_07,random,8,8,max,high,1280,8192.0,915.54375,8.947688190760955,2048.0,2.13125,0.87042236328125,0.868531202435312,20,10.796787286524504,8
random_n08_07,random,8,8,max,natural,1664,8192.0,148.63762019230768,55.11390716159995,2048.0,1.6995192307692308,0.142059326171875,0.8964702407325358,31,36.19695961397455,8
random_n08_07,random,8,8,min,static,256,270336.0,11008.0,24.558139534883722,65280.0,0.0,,,0,56.53888341703642,32.0
random_n08_07,random,8,8,spectrum,high,128,270336.0,28522.0,9.47815721197672,65280.0,66.6875,0.87042236328125,0.8692482078304026,63,27.138168182885785,16
random_n08_07,random,8,8,spectrum,natural,256,270336.0,4655.0,58.074328678839954,65280.0,50.03125,0.142059326171875,0.9023171703549316,142,89.39876540919589,16
random_n08_08,random,8,8,max,high,1280,8192.0,912.8859375,8.973738846754882,2048.0,1.91875,0.87042236328125,0.8813689675062488,19,10.756051368726043,8
random_n08_08,random,8,8,max,natural,1664,8192.0,152.90925480769232,53.57425886551302,2048.0,1.6153846153846154,0.148895263671875,0.8994321578003587,24,36.14097044295941,8
random_n08_08,random,8,8,min,static,256,270336.0,11520.0,23.466666666666665,65280.0,0.0,,,0,54.11389265554931,32.0
random_n08_08,random,8,8,spectrum,high,128,270336.0,28522.0,9.47815721197672,65280.0,66.0,0.87042236328125,0.8715528863831352,63,27.632153442772456,16
random_n08_08,random,8,8,spectrum,natural,256,270336.0,4879.0,55.40807542529207,65280.0,50.66796875,0.148895263671875,0.9008145516903479,110,87.42941598692575,16
random_n08_09,random,8,8,max,high,1280,8192.0,921.55625,8.889310880372197,2048.0,2.12734375,0.87042236328125,0.8727031634779314,14,10.558913809308832,8
random_n08_09,random,8,8,max,natural,1664,8192.0,162.2283653846154,50.49671788640775,2048.0,1.5931490384615385,0.155181884765625,0.9033724340175953,23,35.16125614657346,8
random_n08_09,random,8,8,min,static,256,270336.0,12288.0,22.0,65280.0,0.0,,,0,51.66218105060666,32.0
random_n08_09,random,8,8,spectrum,high,128,270336.0,28522.0,9.47815721197672,65280.0,64.6796875,0.87042236328125,0.8722947704003433,70,27.39400526699103,16
random_n08_09,random,8,8,spectrum,natural,256,270336.0,5085.0,53.163421828908554,65280.0,49.203125,0.155181884765625,0.9039534171008274,135,84.02527893259966,16
random_n09_00,random,9,9,max,high,640,20736.0,2159.5375,9.602055995786134,4608.0,2.1671875,0.87042236328125,0.8845533698806837,1,13.079892314788701,9
random_n09_00,random,9,9,max,natural,2688,20736.0,266.19642857142856,77.89736365465889,4608.0,1.2552083333333333,0.1156158447265625,0.9320223766740126,32,64.56908282935815,9
random_n09_00,random,9,9,min,static,128,1200384.0,28416.0,42.24324324324324,261632.0,0.0,,,0,103.36591436554588,56.888888888888886
random_n09_00,random,9,9,spectrum,high,128,1200384.0,114088.0,10.521562302783815,261632.0,132.6796875,0.87042236328125,0.8699360993059589,61,32.74756954623351,18
random_n09_00,random,9,9,spectrum,natural,128,1200384.0,15154.0,79.21235317407945,261632.0,71.8125,0.1156158447265625,0.9293160903726803,58,135.54170947930254,18
random_n09_01,random,9,9,max,high,640,20736.0,1953.43125,10.615167541729457,4608.0,2.003125,0.87042236328125,0.8792114695340502,2,11.217669061980828,9
random_n09_01,random,9,9,max,natural,2688,20736.0,273.47247023809524,75.82481696218443,4608.0,1.3433779761904763,0.118011474609375,0.9262755309626495,25,62.6143714395606,9
random_n09_01,random,9,9,min,static,128,1200384.0,28416.0,42.24324324324324,261632.0,0.0,,,0,107.1123477526068,56.888888888888886
random_n09_01,random,9,9,spectrum,high,128,1200384.0,114088.0,10.521562302783815,261632.0,133.9765625,0.87042236328125,0.8684154208321868,62,32.90087117635012,18
random_n09_01,random,9,9,spectrum,natural,128,1200384.0,15468.0,77.60434445306439,261632.0,72.7109375,0.118011474609375,0.9284447434407681,67,137.193165926382,18
random_n09_02,random,9,9,max,high,640,20736.0,1999.91875,10.368421217111946,4608.0,2.4234375,0.87042236328125,0.8660808435852373,17,12.733904407845992,9
random_n09_02,random,9,9,max,natural,2688,20736.0,302.54315476190476,68.53898253397537,4608.0,1.2094494047619047,0.135009765625,0.9298423138544565,17,59.50108993839572,9
random_n09_02,random,9,9,min,static,128,1200384.0,26368.0,45.52427184466019,261632.0,0.0,,,0,110.41268120399556,56.888888888888886
random_n09_02,random,9,9,spectrum,high,128,1200384.0,114088.0,10.521562302783815,261632.0,129.0390625,0.87042236328125,0.8711847819438497,69,33.01842482129487,18
random_n09_02,random,9,9,spectrum,natural,128,1200384.0,17696.0,67.83363471971067,261632.0,76.1015625,0.135009765625,0.9267845128142395,69,127.98450155919676,18
random_n09_03,random,9,9,max,high,640,20736.0,2085.8625,9.941211369397552,4608.0,2.4375,0.87042236328125,0.8723045822102425,14,10.545535821266949,9
random_n09_03,random,9,9,max,natural,2688,20736.0,304.00372023809524,68.20969159114105,4608.0,1.5502232142857142,0.127655029296875,0.9164202956452258,27,59.250762004670605,9
random_n09_03,random,9,9,min,static,128,1200384.0,27904.0,43.018348623853214,261632.0,0.0,,,0,105.15650491694225,56.888888888888886
random_n09_03,random,9,9,spectrum,high,128,1200384.0,114088.0,10.521562302783815,261632.0,131.578125,0.87042236328125,0.8713049857854676,56,32.39237229892163,18
random_n09_03,random,9,9,spectrum,natural,128,1200384.0,16732.0,71.7418120965814,261632.0,86.984375,0.127655029296875,0.9141083659491194,67,130.10199201251194,18
random_n09_04,random,9,9,max,high,640,20736.0,1957.04375,10.595573042248034,4608.0,2.353125,0.87042236328125,0.8609129814550642,7,10.940596258906028,9
random_n09_04,random,9,9,max,natural,2688,20736.0,316.87723214285717,65.43859228943161,4608.0,1.5145089285714286,0.134185791015625,0.923908625315015,30,58.6945580288606,9
random_n09_04,random,9,9,min,static,128,1200384.0,30464.0,39.403361344537814,261632.0,0.0,,,0,99.2055110059809,56.888888888888886
random_n09_04,random,9,9,spectrum,high,128,1200384.0,114088.0,10.521562302783815,261632.0,131.28125,0.87042236328125,0.8705929119652631,67,32.82717817268511,18
random_n09_04,random,9,9,spectrum,natural,128,1200384.0,17588.0,68.25017057084376,261632.0,72.15625,0.134185791015625,0.928842272643875,66,127.53558139680511,18
random_n09_05,random,9,9,max,high,640,20736.0,2075.85625,9.989130991127155,4608.0,2.3484375,0.87042236328125,0.8762609280430397,0,13.362234434364579,9
random_n09_05,random,9,9,max,natural,2688,20736.0,323.24627976190476,64.14923016368085,4608.0,1.5569196428571428,0.130401611328125,0.9197204968944099,27,57.58575007172408,9
random_n09_05,random,9,9,min,static,128,1200384.0,29440.0,40.77391304347826,261632.0,0.0,,,0,101.000135209493,56.888888888888886
random_n09_05,random,9,9,spectrum,high,128,1200384.0,114088.0,10.521562302783815,261632.0,130.8671875,0.87042236328125,0.870926322225619,58,32.58048550418387,18
random_n09_05,random,9,9,spectrum,natural,128,1200384.0,17092.0,70.23075122864498,261632.0,79.59375,0.130401611328125,0.9205796038151137,55,132.3963517246387,18
random_n09_06,random,9,9,max,high,640,20736.0,2015.30625,10.289255044983857,4608.0,2.6046875,0.87042236328125,0.8630089717046239,5,13.444383268528153,9
random_n09_06,random,9,9,max,natural,2688,20736.0,248.70833333333334,83.37476964315631,4608.0,1.5602678571428572,0.1046142578125,0.9103580669393206,29,66.7156907781802,9
random_n09_06,random,9,9,min,static,128,1200384.0,28928.0,41.49557522123894,261632.0,0.0,,,0,102.53829686760564,56.888888888888886
random_n09_06,random,9,9,spectrum,high,128,1200384.0,114088.0,10.521562302783815,261632.0,129.78125,0.87042236328125,0.871060434689573,56,32.65168472404525,18
random_n09_06,random,9,9,spectrum,natural,128,1200384.0,13712.0,87.54259043173862,261632.0,87.515625,0.1046142578125,0.9116792562463684,70,149.26001968527999,18
random_n09_07,random,9,9,max,high,640,20736.0,1977.8375,10.484177795192982,4608.0,2.16875,0.87042236328125,0.8765822784810127,1,13.5554077526116,9
random_n09_07,random,9,9,max,natural,2688,20736.0,298.0762648809524,69.56608909562685,4608.0,1.2425595238095237,0.1282958984375,0.9291103556918995,23,59.96375845946484,9
random_n09_07,random,9,9,min,static,128,1200384.0,28928.0,41.49557522123894,261632.0,0.0,,,0,102.74875748237895,56.888888888888886
random_n09_07,random,9,9,spectrum,high,128,1200384.0,114088.0,10.521562302783815,261632.0,130.421875,0.87042236328125,0.8703307452466834,54,32.919849836119724,18
random_n09_07,random,9,9,spectrum,natural,128,1200384.0,16816.0,71.38344433872503,261632.0,73.5703125,0.1282958984375,0.9275907409106198,65,130.7703088852118,18
random_n09_08,random,9,9,max,high,640,20736.0,1926.00625,10.766320202751158,4608.0,2.3375,0.87042236328125,0.8704775687409552,4,13.383876546179831,9
random_n09_08,random,9,9,max,natural,2688,20736.0,281.4918154761905,73.66466397938281,4608.0,1.1476934523809523,0.119171142578125,0.9382329317269076,14,56.51672707831805,9
random_n09_08,random,9,9,min,static,128,1200384.0,28416.0,42.24324324324324,261632.0,0.0,,,0,104.0088672361037,56.888888888888886
random_n09_08,random,9,9,spectrum,high,128,1200384.0,114088.0,10.521562302783815,261632.0,130.734375,0.87042236328125,0.8700981141302687,51,32.94533847767031,18
random_n09_08,random,9,9,spectrum,natural,128,1200384.0,15620.0,76.84916773367478,261632.0,62.5546875,0.119171142578125,0.941768357953329,70,135.62640906084036,18
random_n09_09,random,9,9,max,high,640,20736.0,2005.65,10.338792910029168,4608.0,2.2640625,0.87042236328125,0.8677340758788723,4,13.454585802626912,9
random_n09_09,random,9,9,max,natural,2688,20736.0,299.2935267857143,69.28315564554923,4608.0,1.2976190476190477,0.129150390625,0.9273071540298016,17,59.19711452968154,9
random_n09_09,random,9,9,min,static,128,1200384.0,27392.0,43.822429906542055,261632.0,0.0,,,0,106.6771583537594,56.888888888888886
random_n09_09,random,9,9,spectrum,high,128,1200384.0,114088.0,10.521562302783815,261632.0,129.8125,0.87042236328125,0.8708710545632493,73,32.9302409926124,18
random_n09_09,random,9,9,spectrum,natural,128,1200384.0,16928.0,70.91115311909263,261632.0,73.546875,0.129150390625,0.9285801676148528,75,130.74932004357396,18
random_n10_00,random,10,10,max,high,256,51200.0,4601.28125,11.127335456836072,10240.0,2.57421875,0.87042236328125,0.8744326777609682,0,13.762882891230388,10
random_n10_00,random,10,10,max,natural,2048,51200.0,442.7666015625,115.63654489592913,10240.0,1.08984375,0.084503173828125,0.9437286851079955,9,112.03113499620305,10
random_n10_00,random,10,10,min,static,128,5294080.0,70656.0,74.92753623188406,1047552.0,0.0,,,0,174.59407555745562,102.4
random_n10_00,random,10,10,spectrum,high,128,5294080.0,456352.0,11.60086950424234,1047552.0,261.2109375,0.87042236328125,0.8705479870486896,59,35.40076963616966,20
random_n10_00,random,10,10,spectrum,natural,128,5294080.0,44304.0,119.49440231130372,1047552.0,122.9921875,0.084503173828125,0.9401899990836057,62,186.85029433537395,20
random_n10_01,random,10,10,max,high,256,51200.0,4711.75,10.866450894041492,10240.0,2.80078125,0.87042236328125,0.862094395280236,0,16.840653885004315,10
random_n10_01,random,10,10,max,natural,2048,51200.0,462.734375,110.64663177443863,10240.0,1.251953125,0.086456298828125,0.9332687651331719,5,109.49419343432669,10
random_n10_01,random,10,10,min,static,128,5294080.0,66560.0,79.53846153846153,1047552.0,0.0,,,0,183.29499217081352,102.4
random_n10_01,random,10,10,spectrum,high,128,5294080.0,456352.0,11.60086950424234,1047552.0,264.140625,0.87042236328125,0.8700473499312662,66,35.52969769118096,20
random_n10_01,random,10,10,spectrum,natural,128,5294080.0,45328.0,116.7949170490646,1047552.0,127.828125,0.086456298828125,0.9356455309396486,86,190.8019938208531,20
random_n10_02,random,10,10,max,high,256,51200.0,4607.1875,11.113070609780912,10240.0,2.625,0.87042236328125,0.8679245283018868,4,14.949484437008708,10
random_n10_02,random,10,10,max,natural,2048,51200.0,500.7353515625,102.24962116262606,10240.0,1.087890625,0.10235595703125,0.946553738317757,8,101.4982318441463,10
random_n10_02,random,10,10,min,static,128,5294080.0,77824.0,68.02631578947368,1047552.0,0.0,,,0,161.6008132961415,102.4
random_n10_02,random,10,10,spectrum,high,128,5294080.0,456352.0,11.60086950424234,1047552.0,266.8671875,0.87042236328125,0.868701217370053,70,35.54119897132798,20
random_n10_02,random,10,10,spectrum,natural,128,5294080.0,53664.0,98.65235539654144,1047552.0,122.03125,0.10235595703125,0.9426061717079133,77,173.29922770029467,20
random_n10_03,random,10,10,max,high,256,51200.0,4445.34375,11.517669471567862,10240.0,2.69921875,0.87042236328125,0.8682352941176471,2,17.546905796531647,10
random_n10_03,random,10,10,max,natural,2048,51200.0,484.37890625,105.70237336795671,10240.0,1.1455078125,0.0919952392578125,0.946448809973555,10,104.63869885062766,10
random_n10_03,random,10,10,min,static,128,5294080.0,75776.0,69.86486486486487,1047552.0,0.0,,,0,165.6912603849275,102.4
random_n10_03,random,10,10,spectrum,high,128,5294080.0,456352.0,11.60086950424234,1047552.0,263.421875,0.87042236328125,0.870039409769957,69,35.91110597088759,20
random_n10_03,random,10,10,spectrum,natural,128,5294080.0,48232.0,109.76281307016089,1047552.0,113.1484375,0.0919952392578125,0.9455422864298586,54,178.68965506102242,20
random_n10_04,random,10,10,max,high,256,51200.0,4362.4375,11.73655783034141,10240.0,2.2421875,0.87042236328125,0.8728,0,14.3269123719741,10
random_n10_04,random,10,10,max,natural,2048,51200.0,411.396484375,124.45415054478126,10240.0,1.11962890625,0.07798004150390625,0.9477085781433607,16,114.63035739847132,10
random_n10_04,random,10,10,min,static,128,5294080.0,71680.0,73.85714285714286,1047552.0,0.0,,,0,173.48670888377265,102.4
random_n10_04,random,10,10,spectrum,high,128,5294080.0,456352.0,11.60086950424234,1047552.0,261.5390625,0.87042236328125,0.8707312603091208,60,35.74229305482052,20
random_n10_04,random,10,10,spectrum,natural,128,5294080.0,40884.0,129.4902651403972,1047552.0,104.1171875,0.07798004150390625,0.9514847855309788,72,201.0706067320918,20
random_n10_05,random,10,10,max,high,256,51200.0,4378.28125,11.6940865779237,10240.0,2.59765625,0.87042236328125,0.8643933386201428,0,14.883391088972974,10
random_n10_05,random,10,10,max,natural,2048,51200.0,472.099609375,108.45168897255031,10240.0,1.1376953125,0.0970001220703125,0.9401023377144577,12,103.98839935996469,10
random_n10_05,random,10,10,min,static,128,5294080.0,65536.0,80.78125,1047552.0,0.0,,,0,181.241969961481,102.4
random_n10_05,random,10,10,spectrum,high,128,5294080.0,456352.0,11.60086950424234,1047552.0,265.9921875,0.87042236328125,0.8708514700267278,61,35.81715794432132,20
random_n10_05,random,10,10,spectrum,natural,128,5294080.0,50856.0,104.09941796444863,1047552.0,118.625,0.0970001220703125,0.9404298217476974,66,174.2066393329225,20
random_n10_06,random,10,10,max,high,256,51200.0,4306.1875,11.889867777471371,10240.0,2.80078125,0.87042236328125,0.8610441767068273,0,14.952071731969918,10
random_n10_06,random,10,10,max,natural,2048,51200.0,458.958984375,111.55680952563333,10240.0,0.75244140625,0.0874481201171875,0.9623188405797102,7,108.26455133790498,10
random_n10_06,random,10,10,min,static,128,5294080.0,66560.0,79.53846153846153,1047552.0,0.0,,,0,183.87309244840748,102.4
random_n10_06,random,10,10,spectrum,high,128,5294080.0,456352.0,11.60086950424234,1047552.0,263.5546875,0.87042236328125,0.870526235392958,71,35.54914360431155,20
random_n10_06,random,10,10,spectrum,natural,128,5294080.0,45848.0,115.47024952015354,1047552.0,84.4765625,0.0874481201171875,0.9606645492303933,49,189.1623374377887,20
random_n10_07,random,10,10,max,high,256,51200.0,4475.53125,11.439982683619961,10240.0,2.48046875,0.87042236328125,0.8681747269890796,1,17.91798238675315,10
random_n10_07,random,10,10,max,natural,2048,51200.0,624.23828125,82.01996182847846,10240.0,1.16064453125,0.118011474609375,0.9436286120322123,10,92.10187103746267,10
random_n10_07,random,10,10,min,static,128,5294080.0,71680.0,73.85714285714286,1047552.0,0.0,,,0,172.0413314273961,102.4
random_n10_07,random,10,10,spectrum,high,128,5294080.0,456352.0,11.60086950424234,1047552.0,263.0703125,0.87042236328125,0.8702719217842958,77,35.80553973824748,20
random_n10_07,random,10,10,spectrum,natural,128,5294080.0,61872.0,85.56503749676752,1047552.0,119.7734375,0.118011474609375,0.9418844409145755,63,157.7269037255066,20
random_n10_08,random,10,10,max,high,256,51200.0,4355.21875,11.75601110736401,10240.0,2.47265625,0.87042236328125,0.8629807692307693,0,15.0205146720201,10
random_n10_08,random,10,10,max,natural,2048,51200.0,444.1640625,115.27272087664679,10240.0,1.03076171875,0.08652496337890625,0.9458755136814674,11,110.63408733367889,10
random_n10_08,random,10,10,min,static,128,5294080.0,69632.0,76.02941176470588,1047552.0,0.0,,,0,175.94210871385755,102.4
random_n10_08,random,10,10,spectrum,high,128,5294080.0,456352.0,11.60086950424234,1047552.0,259.453125,0.87042236328125,0.8707844574780058,62,35.561668369600014,20
random_n10_08,random,10,10,spectrum,natural,128,5294080.0,45364.0,116.70223084384094,1047552.0,112.2890625,0.08652496337890625,0.9428126288777895,67,188.73696532758558,20
random_n10_09,random,10,10,max,high,256,51200.0,4299.5,11.908361437376438,10240.0,2.984375,0.87042236328125,0.8452188006482982,3,17.274005758664277,10
random_n10_09,random,10,10,max,natural,2048,51200.0,454.7841796875,112.5808730531953,10240.0,1.00634765625,0.0890960693359375,0.9533596837944665,10,108.4161282910145,10
random_n10_09,random,10,10,min,static,128,5294080.0,76800.0,68.93333333333334,1047552.0,0.0,,,0,165.1880893597547,102.4
random_n10_09,random,10,10,spectrum,high,128,5294080.0,456352.0,11.60086950424234,1047552.0,264.3203125,0.87042236328125,0.8703174869813539,53,35.30854829477688,20
random_n10_09,random,10,10,spectrum,natural,128,5294080.0,46712.0,113.33447508134955,1047552.0,109.5390625,0.0890960693359375,0.9497082098444805,79,187.4346051281637,20
random_n11_00,random,11,11,max,high,192,123904.0,8548.333333333334,14.494521349190876,22528.0,4.8125,0.7783203125,0.7680311890838206,0,25.724076943140563,11
random_n11_00,random,11,11,max,natural,1312,123904.0,789.5274390243902,156.93438109397022,22528.0,0.5114329268292683,0.0748291015625,0.9760720944686141,0,192.45844432398948,11
random_n11_00,random,11,11,min,static,32,23192576.0,166912.0,138.95092024539878,4192256.0,0.0,,,0,308.64179467124126,186.1818181818182
random_n11_00,random,11,11,spectrum,high,32,23192576.0,1632256.0,14.208908406524467,4192256.0,892.25,0.7783203125,0.778218789118554,13,36.80243178057976,22
random_n11_00,random,11,11,spectrum,natural,32,23192576.0,156928.0,147.79119086460034,4192256.0,111.53125,0.0748291015625,0.9754220987390468,13,129.62355858888418,22
random_n11_01,random,11,11,max,high,192,123904.0,8822.333333333334,14.044357123965693,22528.0,4.796875,0.7783203125,0.788135593220339,0,26.524988948376638,11
random_n11_01,random,11,11,max,natural,1312,123904.0,508.0,243.90551181102362,22528.0,1.0602134146341464,0.047607421875,0.9498492737736366,0,257.3238574479822,11
random_n11_01,random,11,11,min,static,32,23192576.0,175104.0,132.45029239766083,4192256.0,0.0,,,0,292.6905760168819,186.1818181818182
random_n11_01,random,11,11,spectrum,high,32,23192576.0,1632256.0,14.208908406524467,4192256.0,891.5,0.7783203125,0.7781849273238061,20,37.48714345906478,22
random_n11_01,random,11,11,spectrum,natural,32,23192576.0,99840.0,232.2974358974359,4192256.0,246.375,0.047607421875,0.9356375183194919,14,180.6493913305906,22
random_n11_02,random,11,11,max,high,192,123904.0,8189.666666666667,15.129309292197485,22528.0,5.046875,0.7783203125,0.7552657973921765,0,25.781957813544587,11
random_n11_02,random,11,11,max,natural,1312,123904.0,722.859756097561,171.4080759854575,22528.0,0.8086890243902439,0.0667724609375,0.9592503194661366,7,197.23761324963286,11
random_n11_02,random,11,11,min,static,32,23192576.0,175104.0,132.45029239766083,4192256.0,0.0,,,0,296.29678883556596,186.1818181818182
random_n11_02,random,11,11,spectrum,high,32,23192576.0,1632256.0,14.208908406524467,4192256.0,892.09375,0.7783203125,0.7782052456413545,16,37.442381201867654,22
random_n11_02,random,11,11,spectrum,natural,32,23192576.0,140032.0,165.62340036563072,4192256.0,153.34375,0.0667724609375,0.963415378977585,21,141.8572437352718,22
random_n11_03,random,11,11,max,high,192,123904.0,8596.0,14.414146114471848,22528.0,4.619791666666667,0.7783203125,0.7742248062015504,0,25.267911691134127,11
random_n11_03,random,11,11,max,natural,1312,123904.0,609.8780487804878,203.1619276144771,22528.0,0.975609756097561,0.06121826171875,0.9559147685525349,0,227.1815489513035,11
random_n11_03,random,11,11,min,static,32,23192576.0,177152.0,130.91907514450867,4192256.0,0.0,,,0,289.6635310175298,186.1818181818182
random_n11_03,random,11,11,spectrum,high,32,23192576.0,1632256.0,14.208908406524467,4192256.0,892.34375,0.7783203125,0.7782120175867122,16,37.32615585368566,22
random_n11_03,random,11,11,spectrum,natural,32,23192576.0,128384.0,180.65004985044865,4192256.0,152.5,0.06121826171875,0.9657415040762114,16,154.59886330607694,22
random_n11_04,random,11,11,max,high,192,123904.0,9113.0,13.596400746186767,22528.0,4.723958333333333,0.7783203125,0.7883742052679382,0,24.216126699747782,11
random_n11_04,random,11,11,max,natural,1312,123904.0,884.875,140.02429721712107,22528.0,0.8612804878048781,0.07171630859375,0.9622940013183916,0,183.56777111110847,11
random_n11_04,random,11,11,min,static,32,23192576.0,175104.0,132.45029239766083,4192256.0,0.0,,,0,294.12040944321524,186.1818181818182
random_n11_04,random,11,11,spectrum,high,32,23192576.0,1632256.0,14.208908406524467,4192256.0,882.0,0.7783203125,0.7801593844462764,14,36.98032009745477,22
random_n11_04,random,11,11,spectrum,natural,32,23192576.0,150400.0,154.2059574468085,4192256.0,172.6875,0.07171630859375,0.961955360141675,14,137.89907592915145,22
random_n11_05,random,11,11,max,high,192,123904.0,9368.0,13.226302305721605,22528.0,5.046875,0.7783203125,0.7694369973190348,0,25.588419268383117,11
random_n11_05,random,11,11,max,natural,1312,123904.0,798.2881097560976,155.2121326695654,22528.0,1.138719512195122,0.065673828125,0.9482926829268292,4,195.15145957629122,11
random_n11_05,random,11,11,min,static,32,23192576.0,175104.0,132.45029239766083,4192256.0,0.0,,,0,293.7461336781631,186.1818181818182
random_n11_05,random,11,11,spectrum,high,32,23192576.0,1632256.0,14.208908406524467,4192256.0,892.28125,0.7783203125,0.7782120175867122,15,37.24220396491187,22
random_n11_05,random,11,11,spectrum,natural,32,23192576.0,137728.0,168.39405204460965,4192256.0,162.46875,0.065673828125,0.9575916709919702,15,154.2511671829345,22
random_n11_06,random,11,11,max,high,192,123904.0,7869.333333333333,15.745171128431041,22528.0,4.901041666666667,0.7783203125,0.7611630321910696,0,26.6001409063117,11
random_n11_06,random,11,11,max,natural,1312,123904.0,632.8567073170732,195.7852363219432,22528.0,1.0282012195121952,0.0601806640625,0.949468085106383,0,233.80565347668988,11
random_n11_06,random,11,11,min,static,32,23192576.0,162816.0,142.44654088050314,4192256.0,0.0,,,0,310.78935049990463,186.1818181818182
random_n11_06,random,11,11,spectrum,high,32,23192576.0,1632256.0,14.208908406524467,4192256.0,892.3125,0.7783203125,0.7782052456413545,18,38.003900149405766,22
random_n11_06,random,11,11,spectrum,natural,32,23192576.0,126208.0,183.76470588235293,4192256.0,215.9375,0.0601806640625,0.9430943949200147,12,167.06733179081112,22
random_n11_07,random,11,11,max,high,192,123904.0,9042.666666666666,13.702152757298732,22528.0,5.458333333333333,0.7783203125,0.7543698252069917,0,25.889636238846947,11
random_n11_07,random,11,11,max,natural,1312,123904.0,680.9771341463414,181.95030902957328,22528.0,1.3513719512195121,0.059539794921875,0.9370302084810666,0,216.8675338527175,11
random_n11_07,random,11,11,min,static,32,23192576.0,177152.0,130.91907514450867,4192256.0,0.0,,,0,290.59373383206855,186.1818181818182
random_n11_07,random,11,11,spectrum,high,32,23192576.0,1632256.0,14.208908406524467,4192256.0,891.46875,0.7783203125,0.778218789118554,14,37.3574717481087,22
random_n11_07,random,11,11,spectrum,natural,32,23192576.0,124864.0,185.742696053306,4192256.0,283.28125,0.059539794921875,0.9308133854421105,18,158.81405591032612,22
random_n11_08,random,11,11,max,high,192,123904.0,9285.0,13.344534194938072,22528.0,5.333333333333333,0.7783203125,0.7835420393559929,0,25.863987753053795,11
random_n11_08,random,11,11,max,natural,1312,123904.0,763.1875,162.35066743100484,22528.0,1.1166158536585367,0.07318115234375,0.9419795221843004,20,198.19223364805512,11
random_n11_08,random,11,11,min,static,32,23192576.0,175104.0,132.45029239766083,4192256.0,0.0,,,0,295.4102336722823,186.1818181818182
random_n11_08,random,11,11,spectrum,high,32,23192576.0,1632256.0,14.208908406524467,4192256.0,891.9375,0.7783203125,0.7782391012333618,12,36.67825066998719,22
random_n11_08,random,11,11,spectrum,natural,32,23192576.0,153472.0,151.11926605504587,4192256.0,167.125,0.07318115234375,0.9581119863222812,14,141.62137904005158,22
random_n11_09,random,11,11,max,high,192,123904.0,8217.333333333334,15.078370923251663,22528.0,4.625,0.7783203125,0.7705410821643287,0,26.608722770041975,11
random_n11_09,random,11,11,max,natural,1312,123904.0,811.0106707317074,152.77727466669674,22528.0,0.8277439024390244,0.078094482421875,0.9577404053471323,0,188.21363533476813,11
random_n11_09,random,11,11,min,static,32,23192576.0,164864.0,140.67701863354037,4192256.0,0.0,,,0,308.9538526062176,186.1818181818182
random_n11_09,random,11,11,spectrum,high,32,23192576.0,1632256.0,14.208908406524467,4192256.0,891.96875,0.7783203125,0.778218789118554,15,36.7659995676401,22
random_n11_09,random,11,11,spectrum,natural,32,23192576.0,163776.0,141.61156701836654,4192256.0,165.5625,0.078094482421875,0.9611051747824759,14,143.82941130672094,22
random_n12_00,random,12,12,max,high,96,294912.0,19024.0,15.502102607232969,49152.0,5.010416666666667,0.7783203125,0.78125,0,30.552477284688294,12
random_n12_00,random,12,12,max,natural,1056,294912.0,1244.3958333333333,236.99211464733554,49152.0,0.8285984848484849,0.0494232177734375,0.96526365201064,0,389.8057705441739,12
random_n12_00,random,12,12,min,static,32,100958208.0,401408.0,251.51020408163265,16773120.0,0.0,,,0,532.1900011457897,341.3333333333333
random_n12_00,random,12,12,spectrum,high,32,100958208.0,6529024.0,15.462986198243414,16773120.0,1783.84375,0.7783203125,0.7782695624303658,15,30.75599940193206,24
random_n12_00,random,12,12,spectrum,natural,32,100958208.0,414592.0,243.5121951219512,16773120.0,239.53125,0.0494232177734375,0.9724681032903975,13,116.33811045529477,24
random_n12_01,random,12,12,max,high,96,294912.0,19129.333333333332,15.416742176064682,49152.0,5.15625,0.7783203125,0.7908611599297012,0,30.69290859368702,12
random_n12_01,random,12,12,max,natural,1056,294912.0,1008.0625,292.55328910657823,49152.0,0.884469696969697,0.0465545654296875,0.9542160737812911,0,501.29180207854836,12
random_n12_01,random,12,12,min,static,32,100958208.0,401408.0,251.51020408163265,16773120.0,0.0,,,0,536.613597918897,341.3333333333333
random_n12_01,random,12,12,spectrum,high,32,100958208.0,6529024.0,15.462986198243414,16773120.0,1784.9375,0.7783203125,0.7782797143031561,12,31.76891643146665,24
random_n12_01,random,12,12,spectrum,natural,32,100958208.0,390528.0,258.5172074729597,16773120.0,279.5,0.0465545654296875,0.9673987698224943,18,129.74390639579175,24
random_n12_02,random,12,12,max,high,96,294912.0,19482.666666666668,15.137147549958938,49152.0,4.864583333333333,0.7783203125,0.7908163265306123,0,30.29953451902482,12
random_n12_02,random,12,12,max,natural,1056,294912.0,1086.375,271.46427338626165,49152.0,0.978219696969697,0.043060302734375,0.9679239200515797,0,422.32562215508227,12
random_n12_02,random,12,12,min,static,32,100958208.0,413696.0,244.03960396039605,16773120.0,0.0,,,0,518.7599917646035,341.3333333333333
random_n12_02,random,12,12,spectrum,high,32,100958208.0,6529024.0,15.462986198243414,16773120.0,1785.65625,0.7783203125,0.7782492558955965,23,31.1600210995856,24
random_n12_02,random,12,12,spectrum,natural,32,100958208.0,361216.0,279.49539333805814,16773120.0,250.0625,0.043060302734375,0.9702075702075702,15,122.65242190585325,24
random_n12_03,random,12,12,max,high,96,294912.0,18664.0,15.801114444920703,49152.0,4.666666666666667,0.7783203125,0.7797513321492007,0,31.297437154476253,12
random_n12_03,random,12,12,max,natural,1056,294912.0,969.125,304.30749387333935,49152.0,0.928030303030303,0.03765869140625,0.9681968196819682,0,463.91588534654886,12
random_n12_03,random,12,12,min,static,32,100958208.0,401408.0,251.51020408163265,16773120.0,0.0,,,0,531.5719434770305,341.3333333333333
random_n12_03,random,12,12,spectrum,high,32,100958208.0,6529024.0,15.462986198243414,16773120.0,1782.6875,0.7783203125,0.7782695624303658,16,31.555944193680535,24
random_n12_03,random,12,12,spectrum,natural,32,100958208.0,315904.0,319.58508914100486,16773120.0,226.46875,0.03765869140625,0.972282426203486,21,136.70590409655753,24
random_n12_04,random,12,12,max,high,96,294912.0,20334.666666666668,14.50291784145302,49152.0,4.9375,0.7783203125,0.7901639344262295,0,30.347970386613397,12
random_n12_04,random,12,12,max,natural,1056,294912.0,1626.0,181.37269372693726,49152.0,1.165719696969697,0.0749359130859375,0.9444708868792638,0,305.1518717272385,12
random_n12_04,random,12,12,min,static,32,100958208.0,364544.0,276.9438202247191,16773120.0,0.0,,,0,570.3119926127713,341.3333333333333
random_n12_04,random,12,12,spectrum,high,32,100958208.0,6529024.0,15.462986198243414,16773120.0,1747.59375,0.7783203125,0.7821833554629672,13,30.493028831999542,24
random_n12_04,random,12,12,spectrum,natural,32,100958208.0,628608.0,160.60598656078193,16773120.0,307.0625,0.0749359130859375,0.9620873334452602,20,97.04812207882243,24
random_n12_05,random,12,12,max,high,96,294912.0,19745.333333333332,14.935782294550611,49152.0,5.979166666666667,0.7783203125,0.7554438860971524,0,30.051876457944626,12
random_n12_05,random,12,12,max,natural,1056,294912.0,1696.8958333333333,173.79499330886054,49152.0,0.35795454545454547,0.061279296875,0.9819722650231125,0,305.29420283840267,12
random_n12_05,random,12,12,min,static,32,100958208.0,376832.0,267.9130434782609,16773120.0,0.0,,,0,561.2161879800581,341.3333333333333
random_n12_05,random,12,12,spectrum,high,32,100958208.0,6529024.0,15.462986198243414,16773120.0,1785.03125,0.7783203125,0.7782661782661783,15,31.904703019895443,24
random_n12_05,random,12,12,spectrum,natural,32,100958208.0,514048.0,196.398406374502,16773120.0,202.65625,0.061279296875,0.9771665801764401,17,100.1968748248739,24
random_n12_06,random,12,12,max,high,96,294912.0,20492.0,14.391567440952567,49152.0,4.947916666666667,0.7783203125,0.7924836601307189,0,29.180831629129425,12
random_n12_06,random,12,12,max,natural,1056,294912.0,1290.125,228.59180311985273,49152.0,1.106060606060606,0.0604248046875,0.9483435390171141,0,367.2989647222086,12
random_n12_06,random,12,12,min,static,32,100958208.0,372736.0,270.85714285714283,16773120.0,0.0,,,0,559.7837640586501,341.3333333333333
random_n12_06,random,12,12,spectrum,high,32,100958208.0,6529024.0,15.462986198243414,16773120.0,1784.3125,0.7783203125,0.7782729464912549,14,30.326332673938367,24
random_n12_06,random,12,12,spectrum,natural,32,100958208.0,506880.0,199.1757575757576,16773120.0,336.8125,0.0604248046875,0.9567141854146952,17,110.33596142486637,24
random_n12_07,random,12,12,max,high,96,294912.0,18420.0,16.01042345276873,49152.0,5.770833333333333,0.7783203125,0.7495527728085868,0,31.398110955873793,12
random_n12_07,random,12,12,max,natural,1056,294912.0,1395.375,211.3496371943026,49152.0,0.959280303030303,0.0560455322265625,0.9641721078185167,0,357.77270111822276,12
random_n12_07,random,12,12,min,static,32,100958208.0,421888.0,239.3009708737864,16773120.0,0.0,,,0,509.34713325656355,341.3333333333333
random_n12_07,random,12,12,spectrum,high,32,100958208.0,6529024.0,15.462986198243414,16773120.0,1787.21875,0.7783203125,0.7782797143031561,12,30.748425141994534,24
random_n12_07,random,12,12,spectrum,natural,32,100958208.0,470144.0,214.73890552681732,16773120.0,262.53125,0.0560455322265625,0.9685606580895258,13,111.05913198570354,24
random_n12_08,random,12,12,max,high,96,294912.0,17928.0,16.449799196787147,49152.0,5.583333333333333,0.7783203125,0.7730627306273062,0,31.87790248641036,12
random_n12_08,random,12,12,max,natural,1056,294912.0,1332.4375,221.33270791312913,49152.0,1.6950757575757576,0.0541229248046875,0.9430075187969925,16,362.55741806122285,12
random_n12_08,random,12,12,min,static,32,100958208.0,405504.0,248.96969696969697,16773120.0,0.0,,,0,526.1676073978446,341.3333333333333
random_n12_08,random,12,12,spectrum,high,32,100958208.0,6529024.0,15.462986198243414,16773120.0,1785.09375,0.7783203125,0.7782492558955965,21,30.705895379232075,24
random_n12_08,random,12,12,spectrum,natural,32,100958208.0,454016.0,222.36707076402593,16773120.0,298.03125,0.0541229248046875,0.9600726506814817,17,103.46098888652726,24
random_n12_09,random,12,12,max,high,96,294912.0,19858.666666666668,14.850543843158318,49152.0,4.802083333333333,0.7783203125,0.7986463620981388,0,30.20645385179381,12
random_n12_09,random,12,12,max,natural,1056,294912.0,1388.8125,212.34831915755368,49152.0,0.5511363636363636,0.0591888427734375,0.9814013147346481,0,347.07353505833646,12
random_n12_09,random,12,12,min,static,32,100958208.0,413696.0,244.03960396039605,16773120.0,0.0,,,0,515.8425088454202,341.3333333333333
random_n12_09,random,12,12,spectrum,high,32,100958208.0,6529024.0,15.462986198243414,16773120.0,1784.03125,0.7783203125,0.7782661782661783,15,30.475932113206095,24
random_n12_09,random,12,12,spectrum,natural,32,100958208.0,496512.0,203.33488012374323,16773120.0,256.71875,0.0591888427734375,0.9724643211478288,20,95.14460453845346,24
random_n13_00,random,13,13,max,high,48,692224.0,35434.666666666664,19.535219747140278,106496.0,9.270833333333334,0.640625,0.6605504587155964,0,35.55029652750338,13
random_n13_00,random,13,13,max,natural,280,692224.0,3706.0,186.7846735024285,106496.0,0.0,0.1025390625,1.0,0,326.3914100199447,13
random_n13_00,random,13,13,min,static,8,436899840.0,929792.0,469.8898678414097,67100672.0,0.0,,,0,957.2556498779061,630.1538461538462
random_n13_00,random,13,13,spectrum,high,8,436899840.0,21495808.0,20.324885670731707,67100672.0,5664.0,0.640625,0.6405591844209755,5,36.89638559711046,26
random_n13_00,random,13,13,spectrum,natural,8,436899840.0,3440640.0,126.98214285714286,67100672.0,250.625,0.1025390625,0.9865677565100589,11,84.50842860419934,26
random_n13_01,random,13,13,max,high,48,692224.0,32682.666666666668,21.180156657963447,106496.0,8.583333333333334,0.640625,0.6498316498316499,0,38.24580762160472,13
random_n13_01,random,13,13,max,natural,280,692224.0,2376.5,291.2787713023354,106496.0,1.7642857142857142,0.04229736328125,0.905952380952381,0,587.1623302233545,13
random_n13_01,random,13,13,min,static,8,436899840.0,946176.0,461.75324675324674,67100672.0,0.0,,,0,938.5760477318029,630.1538461538462
random_n13_01,random,13,13,spectrum,high,8,436899840.0,21495808.0,20.324885670731707,67100672.0,5663.75,0.640625,0.6405920952235618,4,35.857407667764406,26
random_n13_01,random,13,13,spectrum,natural,8,436899840.0,1419264.0,307.83549783549785,67100672.0,1269.875,0.04229736328125,0.9011109754608717,4,129.56593093729396,26
random_n13_02,random,13,13,max,high,48,692224.0,32042.666666666668,21.603195739014648,106496.0,7.979166666666667,0.640625,0.6385135135135135,0,38.27358620347052,13
random_n13_02,random,13,13,max,natural,280,692224.0,1433.0,483.0593161200279,106496.0,2.0892857142857144,0.02130126953125,0.9267281105990783,0,834.5233131269393,13
random_n13_02,random,13,13,min,static,8,436899840.0,1003520.0,435.3673469387755,67100672.0,0.0,,,0,910.363566055367,630.1538461538462
random_n13_02,random,13,13,spectrum,high,8,436899840.0,21495808.0,20.324885670731707,67100672.0,5663.125,0.640625,0.6405701553581784,2,36.38372472229431,26
random_n13_02,random,13,13,spectrum,natural,8,436899840.0,714752.0,611.2607449856733,67100672.0,606.5,0.02130126953125,0.9583613163196776,8,212.99306029106125,26
random_n13_03,random,13,13,max,high,48,692224.0,37205.333333333336,18.605504587155963,106496.0,10.479166666666666,0.640625,0.624633431085044,0,34.99287520350953,13
random_n13_03,random,13,13,max,natural,280,692224.0,1245.0,556.0032128514056,106496.0,0.4857142857142857,0.020843505859375,0.9911688311688311,0,924.3788797702423,13
random_n13_03,random,13,13,min,static,8,436899840.0,937984.0,465.7860262008734,67100672.0,0.0,,,0,960.410967084538,630.1538461538462
random_n13_03,random,13,13,spectrum,high,8,436899840.0,21495808.0,20.324885670731707,67100672.0,5664.0,0.640625,0.6405920952235618,3,35.32572070387807,26
random_n13_03,random,13,13,spectrum,natural,8,436899840.0,699392.0,624.6852122986822,67100672.0,220.125,0.020843505859375,0.9875476880817946,3,207.4922294689788,26
random_n13_04,random,13,13,max,high,48,692224.0,32234.666666666668,21.474520185307743,106496.0,8.1875,0.640625,0.6554054054054054,0,37.9327050491312,13
random_n13_04,random,13,13,max,natural,280,692224.0,958.5,722.1950965049557,106496.0,0.95,0.019287109375,0.9497142857142857,0,1147.5733786352546,13
random_n13_04,random,13,13,min,static,8,436899840.0,1069056.0,408.67816091954023,67100672.0,0.0,,,0,856.6489441423076,630.1538461538462
random_n13_04,random,13,13,spectrum,high,8,436899840.0,21495808.0,20.324885670731707,67100672.0,5662.875,0.640625,0.6405701553581784,4,36.46404866849686,26
random_n13_04,random,13,13,spectrum,natural,8,436899840.0,647168.0,675.0949367088608,67100672.0,393.625,0.019287109375,0.9749717669322101,5,257.22078304976236,26
random_n13_05,random,13,13,max,high,48,692224.0,35434.666666666664,19.535219747140278,106496.0,9.145833333333334,0.640625,0.6625766871165644,0,35.79238540735627,13
random_n13_05,random,13,13,max,natural,280,692224.0,1025.0,675.3404878048781,106496.0,1.0214285714285714,0.02215576171875,0.9594285714285714,0,1005.3896441824928,13
random_n13_05,random,13,13,min,static,8,436899840.0,1052672.0,415.03891050583655,67100672.0,0.0,,,0,875.9973946576689,630.1538461538462
random_n13_05,random,13,13,spectrum,high,8,436899840.0,21495808.0,20.324885670731707,67100672.0,5663.75,0.640625,0.6405591844209755,4,35.87774407775544,26
random_n13_05,random,13,13,spectrum,natural,8,436899840.0,743424.0,587.6859504132232,67100672.0,430.375,0.02215576171875,0.9772907636896404,4,183.05061077846597,26
random_n13_06,random,13,13,max,high,48,692224.0,30506.666666666668,22.69090909090909,106496.0,7.895833333333333,0.640625,0.658273381294964,0,39.006460624598525,13
random_n13_06,random,13,13,max,natural,280,692224.0,2043.5,338.74431123073157,106496.0,0.45,0.05511474609375,0.9781155015197568,0,577.8542762687948,13
random_n13_06,random,13,13,min,static,8,436899840.0,897024.0,487.05479452054794,67100672.0,0.0,,,0,992.1306903176018,630.1538461538462
random_n13_06,random,13,13,spectrum,high,8,436899840.0,21495808.0,20.324885670731707,67100672.0,5664.875,0.640625,0.6405591844209755,5,35.65852398071353,26
random_n13_06,random,13,13,spectrum,natural,8,436899840.0,1849344.0,236.24584717607974,67100672.0,649.5,0.05511474609375,0.960935115668681,2,115.87750019890711,26
random_n13_07,random,13,13,max,high,48,692224.0,30613.333333333332,22.61184668989547,106496.0,8.0625,0.640625,0.6428571428571429,0,38.870392435937795,13
random_n13_07,random,13,13,max,natural,280,692224.0,1489.0,464.8918737407656,106496.0,0.0,0.0341796875,1.0,0,772.1879456257094,13
random_n13_07,random,13,13,min,static,8,436899840.0,913408.0,478.31838565022423,67100672.0,0.0,,,0,969.0181626836755,630.1538461538462
random_n13_07,random,13,13,spectrum,high,8,436899840.0,21495808.0,20.324885670731707,67100672.0,5662.5,0.640625,0.6406030641518647,2,37.07631895250183,26
random_n13_07,random,13,13,spectrum,natural,8,436899840.0,1146880.0,380.94642857142856,67100672.0,562.5,0.0341796875,0.9672831593725203,2,187.3230425042994,26
random_n13_08,random,13,13,max,high,48,692224.0,34261.333333333336,20.20423412204234,106496.0,9.375,0.640625,0.6407766990291263,0,36.98166968963106,13
random_n13_08,random,13,13,max,natural,280,692224.0,2039.0,339.49190779794014,106496.0,0.7964285714285714,0.03448486328125,0.9734693877551021,0,613.1415513258017,13
random_n13_08,random,13,13,min,static,8,436899840.0,954368.0,457.78969957081546,67100672.0,0.0,,,0,932.6607019247366,630.1538461538462
random_n13_08,random,13,13,spectrum,high,8,436899840.0,21495808.0,20.324885670731707,67100672.0,5661.75,0.640625,0.6406140324106571,2,35.926801061691556,26
random_n13_08,random,13,13,spectrum,natural,8,436899840.0,1157120.0,377.57522123893807,67100672.0,432.75,0.03448486328125,0.9719229712820826,4,127.60632376059725,26
random_n13_09,random,13,13,max,high,48,692224.0,30442.666666666668,22.738612473721094,106496.0,8.854166666666666,0.640625,0.631768953068592,0,38.939473382363516,13
random_n13_09,random,13,13,max,natural,280,692224.0,2074.75,333.6421255572961,106496.0,0.3142857142857143,0.041473388671875,0.9803921568627451,0,563.0795374672966,13
random_n13_09,random,13,13,min,static,8,436899840.0,970752.0,450.0632911392405,67100672.0,0.0,,,0,936.9757961218529,630.1538461538462
random_n13_09,random,13,13,spectrum,high,8,436899840.0,21495808.0,20.324885670731707,67100672.0,5672.25,0.640625,0.6405482128140166,6,36.88746953280693,26
random_n13_09,random,13,13,spectrum,natural,8,436899840.0,1391616.0,313.9514348785872,67100672.0,489.375,0.041473388671875,0.9691114977260935,5,135.71514146217478,26
random_n14_00,random,14,14,max,high,24,1605632.0,74240.0,21.627586206896552,229376.0,11.125,0.640625,0.6242774566473989,0,38.40331545302922,14
random_n14_00,random,14,14,max,natural,296,1605632.0,3125.5,513.7200447928332,229376.0,0.6418918918918919,0.0390625,0.9825927622537792,0,926.1095385020251,14
random_n14_00,random,14,14,min,static,8,1880653824.0,2228224.0,844.0147058823529,268419072.0,0.0,,,0,1671.843724970141,1170.2857142857142
random_n14_00,random,14,14,spectrum,high,8,1880653824.0,85983232.0,21.87233231707317,268419072.0,11331.0,0.640625,0.6406085483649459,3,37.35073736713202,28
random_n14_00,random,14,14,spectrum,natural,8,1880653824.0,5242880.0,358.70625,268419072.0,792.5,0.0390625,0.9748527481917784,2,287.5338691273507,28
random_n14_01,random,14,14,max,high,24,1605632.0,70314.66666666667,22.83495145631068,229376.0,10.666666666666666,0.640625,0.6111111111111112,0,40.05848631245703,14
random_n14_01,random,14,14,max,natural,296,1605632.0,4112.5,390.4272340425532,229376.0,0.5472972972972973,0.035858154296875,0.9805405405405405,0,793.883440416845,14
random_n14_01,random,14,14,min,static,8,1880653824.0,2228224.0,844.0147058823529,268419072.0,0.0,,,0,1654.792243085157,1170.2857142857142
random_n14_01,random,14,14,spectrum,high,8,1880653824.0,85983232.0,21.87233231707317,268419072.0,11322.125,0.640625,0.6406085483649459,2,38.15429138267545,28
random_n14_01,random,14,14,spectrum,natural,8,1880653824.0,4812800.0,390.76085106382976,268419072.0,677.0,0.035858154296875,0.9773538837173813,6,173.4995606692468,28
random_n14_02,random,14,14,max,high,24,1605632.0,83541.33333333333,19.21961184882533,229376.0,11.291666666666666,0.640625,0.6387434554973822,0,35.77083230091678,14
random_n14_02,random,14,14,max,natural,296,1605632.0,5027.0,319.40163119156557,229376.0,1.5945945945945945,0.05145263671875,0.9405405405405406,0,607.5231785371719,14
random_n14_02,random,14,14,min,static,8,1880653824.0,2277376.0,825.7985611510792,268419072.0,0.0,,,0,1625.4913446168955,1170.2857142857142
random_n14_02,random,14,14,spectrum,high,8,1880653824.0,85983232.0,21.87233231707317,268419072.0,11324.0,0.640625,0.6406030641518647,1,38.21781615952763,28
random_n14_02,random,14,14,spectrum,natural,8,1880653824.0,6905856.0,272.3274021352313,268419072.0,1511.25,0.05145263671875,0.9551974607825184,4,133.67037354569203,28
random_n14_03,random,14,14,max,high,24,1605632.0,83029.33333333333,19.33812949640288,229376.0,11.25,0.640625,0.6402116402116402,0,35.63893795737418,14
random_n14_03,random,14,14,max,natural,296,1605632.0,2005.5,800.6143106457242,229376.0,0.5472972972972973,0.0201416015625,0.972972972972973,0,1338.0039190278667,14
random_n14_03,random,14,14,min,static,8,1880653824.0,2228224.0,844.0147058823529,268419072.0,0.0,,,0,1672.6664099891195,1170.2857142857142
random_n14_03,random,14,14,spectrum,high,8,1880653824.0,85983232.0,21.87233231707317,268419072.0,11323.75,0.640625,0.6406085483649459,3,37.495497471027164,28
random_n14_03,random,14,14,spectrum,natural,8,1880653824.0,2703360.0,695.6727272727272,268419072.0,711.0,0.0201416015625,0.9797350912531282,6,259.6788050267538,28
random_n14_04,random,14,14,max,high,24,1605632.0,80981.33333333333,19.82718651211802,229376.0,9.291666666666666,0.640625,0.6756756756756757,0,36.466141118681946,14
random_n14_04,random,14,14,max,natural,296,1605632.0,5640.0,284.68652482269505,229376.0,0.8513513513513513,0.0562744140625,0.9925155925155925,0,557.6426842074262,14
random_n14_04,random,14,14,min,static,8,1880653824.0,2310144.0,814.0851063829788,268419072.0,0.0,,,0,1620.0922681777633,1170.2857142857142
random_n14_04,random,14,14,spectrum,high,8,1880653824.0,85983232.0,21.87233231707317,268419072.0,11329.625,0.640625,0.6406030641518647,6,37.91867650165562,28
random_n14_04,random,14,14,spectrum,natural,8,1880653824.0,7553024.0,248.9934924078091,268419072.0,352.25,0.0562744140625,0.990721806806043,5,123.71490620866228,28
random_n14_05,random,14,14,max,high,24,1605632.0,75349.33333333333,21.309173272933183,229376.0,9.791666666666666,0.640625,0.631578947368421,0,38.069564913917404,14
random_n14_05,random,14,14,max,natural,296,1605632.0,1199.5,1338.5844101709044,229376.0,0.12162162162162163,0.013763427734375,0.9902702702702703,0,1885.895876051423,14
random_n14_05,random,14,14,min,static,8,1880653824.0,2490368.0,755.171052631579,268419072.0,0.0,,,0,1515.2191456599098,1170.2857142857142
random_n14_05,random,14,14,spectrum,high,8,1880653824.0,85983232.0,21.87233231707317,268419072.0,11328.0,0.640625,0.6405975797714059,5,38.261447266826465,28
random_n14_05,random,14,14,spectrum,natural,8,1880653824.0,1847296.0,1018.0576496674057,268419072.0,273.25,0.013763427734375,0.9914542957424081,6,297.5590584387092,28
random_n14_06,random,14,14,max,high,24,1605632.0,71168.0,22.56115107913669,229376.0,7.25,0.640625,0.675,0,39.56162044085523,14
random_n14_06,random,14,14,max,natural,296,1605632.0,3176.0,505.551637279597,229376.0,0.32094594594594594,0.030303955078125,0.9813267813267813,0,1020.2239935067347,14
random_n14_06,random,14,14,min,static,8,1880653824.0,2211840.0,850.2666666666667,268419072.0,0.0,,,0,1678.701448585911,1170.2857142857142
random_n14_06,random,14,14,spectrum,high,8,1880653824.0,85983232.0,21.87233231707317,268419072.0,11326.25,0.640625,0.6406030641518647,3,37.8528965426016,28
random_n14_06,random,14,14,spectrum,natural,8,1880653824.0,4067328.0,462.380664652568,268419072.0,550.75,0.030303955078125,0.9821761025484511,6,178.38017430397556,28
random_n14_07,random,14,14,max,high,24,1605632.0,68266.66666666667,23.52,229376.0,8.916666666666666,0.640625,0.6289308176100629,0,40.19731656500238,14
random_n14_07,random,14,14,max,natural,296,1605632.0,4000.0,401.408,229376.0,0.0,0.03369140625,1.0,0,776.3418642256611,14
random_n14_07,random,14,14,min,static,8,1880653824.0,2293760.0,819.9,268419072.0,0.0,,,0,1633.973386276641,1170.2857142857142
random_n14_07,random,14,14,spectrum,high,8,1880653824.0,85983232.0,21.87233231707317,268419072.0,11328.625,0.640625,0.6405975797714059,4,37.8232496647035,28
random_n14_07,random,14,14,spectrum,natural,8,1880653824.0,4521984.0,415.89130434782606,268419072.0,312.375,0.03369140625,0.9912104010254532,3,155.16194310347032,28
random_n14_08,random,14,14,max,high,24,1605632.0,77824.0,20.63157894736842,229376.0,10.083333333333334,0.640625,0.6534090909090909,0,36.81648470493415,14
random_n14_08,random,14,14,max,natural,296,1605632.0,5955.0,269.62753988245174,229376.0,0.0,0.047119140625,1.0,0,568.6830799315065,14
random_n14_08,random,14,14,min,static,8,1880653824.0,2113536.0,889.8139534883721,268419072.0,0.0,,,0,1742.1195431073675,1170.2857142857142
random_n14_08,random,14,14,spectrum,high,8,1880653824.0,85983232.0,21.87233231707317,268419072.0,11327.375,0.640625,0.6406195162890058,1,37.9154824732744,28
random_n14_08,random,14,14,spectrum,natural,8,1880653824.0,6324224.0,297.3730569948186,268419072.0,320.125,0.047119140625,0.9916988387529947,3,133.5502313518047,28
random_n14_09,random,14,14,max,high,24,1605632.0,69802.66666666667,23.00244498777506,229376.0,9.75,0.640625,0.6415094339622641,0,39.87374883093332,14
random_n14_09,random,14,14,max,natural,296,1605632.0,3923.0,409.28677032882996,229376.0,0.42567567567567566,0.0313873291015625,0.992153443766347,0,706.4331011299197,14
random_n14_09,random,14,14,min,static,8,1880653824.0,2293760.0,819.9,268419072.0,0.0,,,0,1636.9375130540946,1170.2857142857142
random_n14_09,random,14,14,spectrum,high,8,1880653824.0,85983232.0,21.87233231707317,268419072.0,11312.5,0.640625,0.6405975797714059,7,38.18488142566786,28
random_n14_09,random,14,14,spectrum,natural,8,1880653824.0,4212736.0,446.4210014584346,268419072.0,200.75,0.0313873291015625,0.9939571507049991,3,141.6105045377505,28
random_n15_00,random,15,15,max,high,8,3686400.0,167936.0,21.951219512195124,491520.0,19.125,0.5,0.47560975609756095,0,36.28582166402321,15
random_n15_00,random,15,15,max,natural,388,3686400.0,2384.0,1546.3087248322147,491520.0,1.75,0.01171875,0.9615384615384616,0,2667.559646309263,15
random_n15_00,random,15,15,min,static,2,8056750080.0,5062656.0,1591.4077669902913,1073709056.0,0.0,,,0,3065.91367074202,2184.5333333333333
random_n15_00,random,15,15,spectrum,high,2,8056750080.0,268435456.0,30.01373291015625,1073709056.0,30718.5,0.5,0.49995421944147717,0,45.77706810787187,30
random_n15_00,random,15,15,spectrum,natural,2,8056750080.0,6291456.0,1280.5859375,1073709056.0,906.0,0.01171875,0.982421875,0,399.5929032919918,30
random_n15_01,random,15,15,max,high,8,3686400.0,126976.0,29.032258064516128,491520.0,14.0,0.5,0.5483870967741935,0,42.82446850765414,15
random_n15_01,random,15,15,max,natural,388,3686400.0,5256.0,701.3698630136986,491520.0,0.0,0.017822265625,1.0,0,1555.6711297709328,15
random_n15_01,random,15,15,min,static,2,8056750080.0,4898816.0,1644.6321070234114,1073709056.0,0.0,,,0,3150.0807668113484,2184.5333333333333
random_n15_01,random,15,15,spectrum,high,2,8056750080.0,268435456.0,30.01373291015625,1073709056.0,30726.5,0.5,0.49995421944147717,1,46.941025462102054,30
random_n15_01,random,15,15,spectrum,natural,2,8056750080.0,9568256.0,842.0291095890411,1073709056.0,1020.5,0.017822265625,0.9833964106946649,4,308.76120168896426,30
random_n15_02,random,15,15,max,high,8,3686400.0,153600.0,24.0,491520.0,17.375,0.5,0.5333333333333333,0,38.01619165213407,15
random_n15_02,random,15,15,max,natural,388,3686400.0,10432.0,353.37423312883436,491520.0,0.0,0.03857421875,1.0,0,713.8987182749833,15
random_n15_02,random,15,15,min,static,2,8056750080.0,4997120.0,1612.27868852459,1073709056.0,0.0,,,0,3098.4208540482423,2184.5333333333333
random_n15_02,random,15,15,spectrum,high,2,8056750080.0,268435456.0,30.01373291015625,1073709056.0,30720.0,0.5,0.49996948055911616,2,47.16312143130578,30
random_n15_02,random,15,15,spectrum,natural,2,8056750080.0,20709376.0,389.0387658227848,1073709056.0,229.0,0.03857421875,0.9970699548284703,2,149.21407757113852,30
random_n15_03,random,15,15,max,high,8,3686400.0,75776.0,48.648648648648646,491520.0,9.75,0.5,0.4864864864864865,0,56.2540046354147,15
random_n15_03,random,15,15,max,natural,388,3686400.0,7808.0,472.1311475409836,491520.0,0.0,0.0283203125,1.0,0,989.3522487004589,15
random_n15_03,random,15,15,min,static,2,8056750080.0,5128192.0,1571.070287539936,1073709056.0,0.0,,,0,3047.750726095526,2184.5333333333333
random_n15_03,random,15,15,spectrum,high,2,8056750080.0,268435456.0,30.01373291015625,1073709056.0,30714.0,0.5,0.5,0,46.67755081933327,30
random_n15_03,random,15,15,spectrum,natural,2,8056750080.0,15204352.0,529.8976293103449,1073709056.0,195.0,0.0283203125,0.998046875,0,196.89579645045453,30
random_n15_04,random,15,15,max,high,8,3686400.0,153600.0,24.0,491520.0,17.25,0.5,0.52,0,38.559731949413006,15
random_n15_04,random,15,15,max,natural,388,3686400.0,3208.0,1149.1271820448878,491520.0,0.0,0.01904296875,1.0,0,1926.7287591742506,15
random_n15_04,random,15,15,min,static,2,8056750080.0,5226496.0,1541.5203761755486,1073709056.0,0.0,,,0,2984.7681266648356,2184.5333333333333
random_n15_04,random,15,15,spectrum,high,2,8056750080.0,268435456.0,30.01373291015625,1073709056.0,30718.5,0.5,0.5,0,46.6333249614804,30
random_n15_04,random,15,15,spectrum,natural,2,8056750080.0,10223616.0,788.0528846153846,1073709056.0,411.0,0.01904296875,0.9956053346354564,1,296.2182123799841,30
random_n15_05,random,15,15,max,high,8,3686400.0,108544.0,33.9622641509434,491520.0,13.375,0.5,0.49056603773584906,0,46.77706708930618,15
random_n15_05,random,15,15,max,natural,388,3686400.0,2376.0,1551.5151515151515,491520.0,0.0,0.009033203125,1.0,0,3081.77935295622,15
random_n15_05,random,15,15,min,static,2,8056750080.0,5095424.0,1581.1736334405145,1073709056.0,0.0,,,0,3059.1983580693573,2184.5333333333333
random_n15_05,random,15,15,spectrum,high,2,8056750080.0,268435456.0,30.01373291015625,1073709056.0,30719.0,0.5,0.5,0,46.69708950262709,30
random_n15_05,random,15,15,spectrum,natural,2,8056750080.0,4849664.0,1661.3006756756756,1073709056.0,638.0,0.009033203125,0.994140625,1,470.9790787254789,30
random_n15_06,random,15,15,max,high,8,3686400.0,118784.0,31.03448275862069,491520.0,13.375,0.5,0.5,0,44.2289724835956,15
random_n15_06,random,15,15,max,natural,388,3686400.0,6568.0,561.2667478684531,491520.0,0.0,0.0205078125,1.0,0,832.5326982850037,15
random_n15_06,random,15,15,min,static,2,8056750080.0,5062656.0,1591.4077669902913,1073709056.0,0.0,,,0,3064.6161806327727,2184.5333333333333
random_n15_06,random,15,15,spectrum,high,2,8056750080.0,268435456.0,30.01373291015625,1073709056.0,30719.5,0.5,0.49996948055911616,1,47.08902793226309,30
random_n15_06,random,15,15,spectrum,natural,2,8056750080.0,11010048.0,731.7633928571429,1073709056.0,333.0,0.0205078125,0.9970701336751511,2,150.4288476816812,30
random_n15_07,random,15,15,max,high,8,3686400.0,118784.0,31.03448275862069,491520.0,13.75,0.5,0.5172413793103449,0,44.24108627005858,15
random_n15_07,random,15,15,max,natural,388,3686400.0,10752.0,342.85714285714283,491520.0,0.0,0.044921875,1.0,0,690.9638662669072,15
random_n15_07,random,15,15,min,static,2,8056750080.0,5029888.0,1601.7752442996743,1073709056.0,0.0,,,0,3078.7211864136198,2184.5333333333333
random_n15_07,random,15,15,spectrum,high,2,8056750080.0,268435456.0,30.01373291015625,1073709056.0,30720.0,0.5,0.5,1,46.59865195063901,30
random_n15_07,random,15,15,spectrum,natural,2,8056750080.0,24117248.0,334.06589673913044,1073709056.0,365.0,0.044921875,0.9941404461806085,1,119.48688181731133,30
random_n15_08,random,15,15,max,high,8,3686400.0,114688.0,32.142857142857146,491520.0,12.375,0.5,0.5,0,45.03216386272884,15
random_n15_08,random,15,15,max,natural,388,3686400.0,1280.0,2880.0,491520.0,0.0,0.0078125,1.0,0,4334.969938449807,15
random_n15_08,random,15,15,min,static,2,8056750080.0,4997120.0,1612.27868852459,1073709056.0,0.0,,,0,3094.6603253137587,2184.5333333333333
random_n15_08,random,15,15,spectrum,high,2,8056750080.0,268435456.0,30.01373291015625,1073709056.0,30721.0,0.5,0.49996948055911616,1,47.1669963241312,30
random_n15_08,random,15,15,spectrum,natural,2,8056750080.0,4194304.0,1920.87890625,1073709056.0,1441.5,0.0078125,0.9765617847224342,0,356.70676890104676,30
random_n15_09,random,15,15,max,high,8,3686400.0,116736.0,31.57894736842105,491520.0,13.25,0.5,0.49122807017543857,0,44.8886367610575,15
random_n15_09,random,15,15,max,natural,388,3686400.0,32952.0,111.87181354697742,491520.0,0.0,0.140380859375,1.0,0,221.36835030098877,15
random_n15_09,random,15,15,min,static,2,8056750080.0,5226496.0,1541.5203761755486,1073709056.0,0.0,,,0,2985.709707284668,2184.5333333333333
random_n15_09,random,15,15,spectrum,high,2,8056750080.0,268435456.0,30.01373291015625,1073709056.0,30720.5,0.5,0.5,1,47.41780688785559,30
random_n15_09,random,15,15,spectrum,natural,2,8056750080.0,75366400.0,106.90108695652174,1073709056.0,148.0,0.140380859375,0.997802734375,1,112.77184501066037,30
random_n16_00,random,16,16,max,high,6,8388608.0,262144.0,32.0,1048576.0,14.5,0.5,0.5,0,45.57771639228532,16
random_n16_00,random,16,16,max,natural,110,8388608.0,8020.0,1045.9610972568578,1048576.0,2.036363636363636,0.012237548828125,0.9745454545454545,0,1800.2904902864016,16
random_n16_00,random,16,16,min,static,2,34368126976.0,12320768.0,2789.446808510638,4294901760.0,0.0,,,0,5284.833029074751,4096.0
random_n16_00,random,16,16,spectrum,high,2,34368126976.0,1073741824.0,32.0078125,4294901760.0,61442.0,0.5,0.49999237048905165,3,48.47122225308619,32
random_n16_00,random,16,16,spectrum,natural,2,34368126976.0,26279936.0,1307.7705735660847,4294901760.0,718.5,0.012237548828125,0.9970702677958343,1,408.6372414944408,32
random_n16_01,random,16,16,max,high,6,8388608.0,283989.3333333333,29.53846153846154,1048576.0,15.833333333333334,0.5,0.5,0,43.55059089039613,16
random_n16_01,random,16,16,max,natural,110,8388608.0,3986.0,2104.517812343201,1048576.0,0.509090909090909,0.007293701171875,0.9681818181818181,0,3472.4311368644526,16
random_n16_01,random,16,16,min,static,2,34368126976.0,12189696.0,2819.440860215054,4294901760.0,0.0,,,0,5303.612012554913,4096.0
random_n16_01,random,16,16,spectrum,high,2,34368126976.0,1073741824.0,32.0078125,4294901760.0,61442.5,0.5,0.49999237048905165,3,48.42988605218549,32
random_n16_01,random,16,16,spectrum,natural,2,34368126976.0,15663104.0,2194.2092050209203,4294901760.0,1834.0,0.007293701171875,0.9842524491103855,1,485.400764488198,32
random_n16_02,random,16,16,max,high,6,8388608.0,174762.66666666666,48.0,1048576.0,10.333333333333334,0.5,0.5,0,55.768042285227104,16
random_n16_02,random,16,16,max,natural,110,8388608.0,13872.0,604.7151095732411,1048576.0,0.0,0.0186767578125,1.0,0,1254.650271639701,16
random_n16_02,random,16,16,min,static,2,34368126976.0,12451840.0,2760.084210526316,4294901760.0,0.0,,,0,5186.979159185379,4096.0
random_n16_02,random,16,16,spectrum,high,2,34368126976.0,1073741824.0,32.0078125,4294901760.0,61441.5,0.5,0.49999237048905165,1,48.995714516656285,32
random_n16_02,random,16,16,spectrum,natural,2,34368126976.0,40108032.0,856.8888888888889,4294901760.0,1029.5,0.0186767578125,0.9921873807888915,1,466.8005251780439,32
random_n16_03,random,16,16,max,high,6,8388608.0,262144.0,32.0,1048576.0,13.5,0.5,0.5,0,45.17624147597931,16
random_n16_03,random,16,16,max,natural,110,8388608.0,18048.0,464.79432624113474,1048576.0,0.0,0.034423828125,1.0,0,941.0043576151392,16
random_n16_03,random,16,16,min,static,2,34368126976.0,10878976.0,3159.132530120482,4294901760.0,0.0,,,0,5765.813838710909,4096.0
random_n16_03,random,16,16,spectrum,high,2,34368126976.0,1073741824.0,32.0078125,4294901760.0,61436.5,0.5,0.4999771107686204,1,48.80081646038411,32
random_n16_03,random,16,16,spectrum,natural,2,34368126976.0,73924608.0,464.9078014184397,4294901760.0,1409.0,0.034423828125,0.9916988387529947,1,332.8445729642209,32
random_n16_04,random,16,16,max,high,6,8388608.0,240298.66666666666,34.90909090909091,1048576.0,13.5,0.5,0.5,0,47.47844358372896,16
random_n16_04,random,16,16,max,natural,110,8388608.0,15456.0,542.7412008281574,1048576.0,0.9818181818181818,0.02978515625,0.9672727272727273,0,963.1587338655925,16
random_n16_04,random,16,16,min,static,2,34368126976.0,11862016.0,2897.3259668508285,4294901760.0,0.0,,,0,5409.50552461277,4096.0
random_n16_04,random,16,16,spectrum,high,2,34368126976.0,1073741824.0,32.0078125,4294901760.0,61441.0,0.5,0.499984740745262,2,48.343028778413725,32
random_n16_04,random,16,16,spectrum,natural,2,34368126976.0,63963136.0,537.311475409836,4294901760.0,2923.5,0.02978515625,0.9765621423666743,0,245.94333242981375,32
random_n16_05,random,16,16,max,high,6,8388608.0,283989.3333333333,29.53846153846154,1048576.0,15.666666666666666,0.5,0.5,0,43.03831110227612,16
random_n16_05,random,16,16,max,natural,110,8388608.0,2912.0,2880.703296703297,1048576.0,0.0,0.00555419921875,1.0,0,5057.925645110233,16
random_n16_05,random,16,16,min,static,2,34368126976.0,11665408.0,2946.1573033707864,4294901760.0,0.0,,,0,5483.218393648406,4096.0
random_n16_05,random,16,16,spectrum,high,2,34368126976.0,1073741824.0,32.0078125,4294901760.0,61440.0,0.5,0.49999237048905165,1,49.133520873690955,32
random_n16_05,random,16,16,spectrum,natural,2,34368126976.0,11927552.0,2881.4065934065934,4294901760.0,715.5,0.00555419921875,0.9951171875,1,791.0143579747894,32
random_n16_06,random,16,16,max,high,6,8388608.0,283989.3333333333,29.53846153846154,1048576.0,15.833333333333334,0.5,0.5,0,43.203282037553166,16
random_n16_06,random,16,16,max,natural,110,8388608.0,2888.0,2904.6426592797784,1048576.0,0.0,0.004638671875,1.0,0,4146.739538680509,16
random_n16_06,random,16,16,min,static,2,34368126976.0,11665408.0,2946.1573033707864,4294901760.0,0.0,,,0,5512.0591676593995,4096.0
random_n16_06,random,16,16,spectrum,high,2,34368126976.0,1073741824.0,32.0078125,4294901760.0,61440.0,0.5,0.5,1,49.42846709774137,32
random_n16_06,random,16,16,spectrum,natural,2,34368126976.0,9961472.0,3450.1052631578946,4294901760.0,631.5,0.004638671875,0.9960936903944457,1,664.7786700507016,32
random_n16_07,random,16,16,max,high,6,8388608.0,218453.33333333334,38.4,1048576.0,13.666666666666666,0.5,0.5,0,49.98601181282245,16
random_n16_07,random,16,16,max,natural,110,8388608.0,17756.0,472.4379364721784,1048576.0,0.0,0.02142333984375,1.0,0,721.2870098922009,16
random_n16_07,random,16,16,min,static,2,34368126976.0,12124160.0,2834.681081081081,4294901760.0,0.0,,,0,5310.890438172069,4096.0
random_n16_07,random,16,16,spectrum,high,2,34368126976.0,1073741824.0,32.0078125,4294901760.0,61441.0,0.5,0.4999771107686204,1,48.935485213113395,32
random_n16_07,random,16,16,spectrum,natural,2,34368126976.0,46006272.0,747.031339031339,4294901760.0,2704.0,0.02142333984375,0.9838862269966735,2,206.7783867566001,32
random_n16_08,random,16,16,max,high,6,8388608.0,240298.66666666666,34.90909090909091,1048576.0,13.666666666666666,0.5,0.5,0,47.44684891798691,16
random_n16_08,random,16,16,max,natural,110,8388608.0,15470.0,542.2500323206206,1048576.0,0.0,0.033172607421875,1.0,0,1110.7791260857234,16
random_n16_08,random,16,16,min,static,2,34368126976.0,11927552.0,2881.4065934065934,4294901760.0,0.0,,,0,5379.3689875938235,4096.0
random_n16_08,random,16,16,spectrum,high,2,34368126976.0,1073741824.0,32.0078125,4294901760.0,61439.5,0.5,0.499984740745262,1,48.82747173355851,32
random_n16_08,random,16,16,spectrum,natural,2,34368126976.0,71237632.0,482.4434222631095,4294901760.0,586.5,0.033172607421875,0.9959715567491684,4,201.32122425333006,32
random_n16_09,random,16,16,max,high,6,8388608.0,240298.66666666666,34.90909090909091,1048576.0,13.333333333333334,0.5,0.5,0,47.618025501501336,16
random_n16_09,random,16,16,max,natural,110,8388608.0,8184.0,1025.0009775171065,1048576.0,0.0,0.0147705078125,1.0,0,1391.107607757259,16
random_n16_09,random,16,16,min,static,2,34368126976.0,12582912.0,2731.3333333333335,4294901760.0,0.0,,,0,5175.2097745822,4096.0
random_n16_09,random,16,16,spectrum,high,2,34368126976.0,1073741824.0,32.0078125,4294901760.0,61440.0,0.5,0.49999237048905165,1,48.923580432882304,32
random_n16_09,random,16,16,spectrum,natural,2,34368126976.0,31719424.0,1083.504132231405,4294901760.0,903.0,0.0147705078125,0.9941404461806085,2,272.1361306013495,32
