case,n,m,metric,profile,method,steps,group,scalar_mobius_xor,scalar_component_xor,scalar_elimination_xor,scalar_coefficient_updates,scalar_rollback_xor,scalar_degree_checks,pivot_checks,delta_candidates,delta_coefficients,word_mobius_xor,word_component_xor,word_elimination_xor,word_coefficient_updates,word_rollback_xor,word_degree_checks,top_guard_checks,top_guard_kept,top_guard_fallback,degree_drops,scalar_guard_checks,scalar_guard_kept,scalar_guard_fallback,scalar_degree_drops
random_n03_00,3,3,min,static,reference,8448,random,304128,811008,0,0,0,473088,0,0,0,0,0,0,0,0,0,0,0,0,0,0,0,0,0
random_n03_00,3,3,min,static,reference-proposed,8448,random,304128,0,135168,0,0,0,109824,0,0,0,0,0,0,0,0,0,0,0,0,0,0,0,0
random_n03_00,3,3,max,natural,reference,11008,random,396288,0,0,0,0,264192,0,0,0,0,0,0,0,0,0,0,0,0,0,0,0,0,0
random_n03_00,3,3,max,natural,reference-proposed,11008,random,0,0,0,61144,0,27481,0,74992,36464,0,0,0,0,0,0,0,0,0,0,21393,8299,6410,3609
random_n03_00,3,3,max,high,reference,15744,random,566784,0,0,0,0,377856,0,0,0,0,0,0,0,0,0,0,0,0,0,0,0,0,0
random_n03_00,3,3,max,high,reference-proposed,15744,random,0,0,0,124194,0,38569,0,169002,82902,0,0,0,0,0,0,0,0,0,0,26479,9789,8941,4887
random_n03_00,3,3,spectrum,natural,reference,6528,random,235008,626688,0,0,0,365568,0,0,0,0,0,0,0,0,0,0,0,0,0,0,0,0,0
random_n03_00,3,3,spectrum,natural,reference-proposed,6528,random,0,0,0,86496,0,38903,0,44472,21624,0,0,0,0,0,0,0,0,0,0,30769,12067,9040,5002
random_n03_00,3,3,spectrum,high,reference,9344,random,336384,897024,0,0,0,523264,0,0,0,0,0,0,0,0,0,0,0,0,0,0,0,0,0
random_n03_00,3,3,spectrum,high,reference-proposed,9344,random,0,0,0,196808,0,60292,0,100302,49202,0,0,0,0,0,0,0,0,0,0,42150,15875,13657,7841
random_n03_01,3,3,min,static,reference,8448,random,304128,811008,0,0,0,473088,0,0,0,0,0,0,0,0,0,0,0,0,0,0,0,0,0
random_n03_01,3,3,min,static,reference-proposed,8448,random,304128,0,67584,0,0,0,135168,0,0,0,0,0,0,0,0,0,0,0,0,0,0,0,0
random_n03_01,3,3,max,natural,reference,11008,random,396288,0,0,0,0,264192,0,0,0,0,0,0,0,0,0,0,0,0,0,0,0,0,0
random_n03_01,3,3,max,natural,reference-proposed,11008,random,0,0,0,61440,0,31227,0,73530,35862,0,0,0,0,0,0,0,0,0,0,20998,7858,7117,3875
random_n03_01,3,3,max,high,reference,15744,random,566784,0,0,0,0,377856,0,0,0,0,0,0,0,0,0,0,0,0,0,0,0,0,0
random_n03_01,3,3,max,high,reference-proposed,15744,random,0,0,0,142212,0,42966,0,169002,82902,0,0,0,0,0,0,0,0,0,0,30079,11633,10575,4799
random_n03_01,3,3,spectrum,natural,reference,6528,random,235008,626688,0,0,0,365568,0,0,0,0,0,0,0,0,0,0,0,0,0,0,0,0,0
random_n03_01,3,3,spectrum,natural,reference-proposed,6528,random,0,0,0,85068,0,42642,0,43605,21267,0,0,0,0,0,0,0,0,0,0,29159,10953,9790,5366
random_n03_01,3,3,spectrum,high,reference,9344,random,336384,897024,0,0,0,523264,0,0,0,0,0,0,0,0,0,0,0,0,0,0,0,0,0
random_n03_01,3,3,spectrum,high,reference-proposed,9344,random,0,0,0,196808,0,59614,0,100302,49202,0,0,0,0,0,0,0,0,0,0,41956,16064,14112,7197
random_n03_02,3,3,min,static,reference,8448,random,304128,811008,0,0,0,473088,0,0,0,0,0,0,0,0,0,0,0,0,0,0,0,0,0
random_n03_02,3,3,min,static,reference-proposed,8448,random,304128,0,135168,0,0,0,84480,0,0,0,0,0,0,0,0,0,0,0,0,0,0,0,0
random_n03_02,3,3,max,natural,reference,11008,random,396288,0,0,0,0,264192,0,0,0,0,0,0,0,0,0,0,0,0,0,0,0,0,0
random_n03_02,3,3,max,natural,reference-proposed,11008,random,0,0,0,59343,0,30385,0,75250,34486,0,0,0,0,0,0,0,0,0,0,20708,8151,7182,3559
random_n03_02,3,3,max,high,reference,15744,random,566784,0,0,0,0,377856,0,0,0,0,0,0,0,0,0,0,0,0,0,0,0,0,0
random_n03_02,3,3,max,high,reference-proposed,15744,random,0,0,0,178081,0,54135,0,169002,82902,0,0,0,0,0,0,0,0,0,0,38065,14650,12006,7105
random_n03_02,3,3,spectrum,natural,reference,6528,random,235008,626688,0,0,0,365568,0,0,0,0,0,0,0,0,0,0,0,0,0,0,0,0,0
random_n03_02,3,3,spectrum,natural,reference-proposed,6528,random,0,0,0,81804,0,42571,0,44625,20451,0,0,0,0,0,0,0,0,0,0,28533,10958,10033,5121
random_n03_02,3,3,spectrum,high,reference,9344,random,336384,897024,0,0,0,523264,0,0,0,0,0,0,0,0,0,0,0,0,0,0,0,0,0
random_n03_02,3,3,spectrum,high,reference-proposed,9344,random,0,0,0,196808,0,60030,0,100302,49202,0,0,0,0,0,0,0,0,0,0,42189,15946,13653,7777
random_n03_03,3,3,min,static,reference,8448,random,304128,811008,0,0,0,473088,0,0,0,0,0,0,0,0,0,0,0,0,0,0,0,0,0
random_n03_03,3,3,min,static,reference-proposed,8448,random,304128,0,0,0,0,0,118272,0,0,0,0,0,0,0,0,0,0,0,0,0,0,0,0
random_n03_03,3,3,max,natural,reference,11008,random,396288,0,0,0,0,264192,0,0,0,0,0,0,0,0,0,0,0,0,0,0,0,0,0
random_n03_03,3,3,max,natural,reference-proposed,11008,random,0,0,0,59271,0,31375,0,71724,33884,0,0,0,0,0,0,0,0,0,0,21294,8096,7273,3840
random_n03_03,3,3,max,high,reference,15744,random,566784,0,0,0,0,377856,0,0,0,0,0,0,0,0,0,0,0,0,0,0,0,0,0
random_n03_03,3,3,max,high,reference-proposed,15744,random,0,0,0,177917,0,53960,0,169002,82902,0,0,0,0,0,0,0,0,0,0,38070,14672,11968,7087
random_n03_03,3,3,spectrum,natural,reference,6528,random,235008,626688,0,0,0,365568,0,0,0,0,0,0,0,0,0,0,0,0,0,0,0,0,0
random_n03_03,3,3,spectrum,natural,reference-proposed,6528,random,0,0,0,80376,0,42937,0,42534,20094,0,0,0,0,0,0,0,0,0,0,28798,10934,9952,5226
random_n03_03,3,3,spectrum,high,reference,9344,random,336384,897024,0,0,0,523264,0,0,0,0,0,0,0,0,0,0,0,0,0,0,0,0,0
random_n03_03,3,3,spectrum,high,reference-proposed,9344,random,0,0,0,196808,0,59979,0,100302,49202,0,0,0,0,0,0,0,0,0,0,42221,15968,13633,7775
random_n03_04,3,3,min,static,reference,8448,random,304128,811008,0,0,0,473088,0,0,0,0,0,0,0,0,0,0,0,0,0,0,0,0,0
random_n03_04,3,3,min,static,reference-proposed,8448,random,304128,0,67584,0,0,0,126720,0,0,0,0,0,0,0,0,0,0,0,0,0,0,0,0
random_n03_04,3,3,max,natural,reference,11008,random,396288,0,0,0,0,264192,0,0,0,0,0,0,0,0,0,0,0,0,0,0,0,0,0
random_n03_04,3,3,max,natural,reference-proposed,11008,random,0,0,0,60886,0,30587,0,71982,35518,0,0,0,0,0,0,0,0,0,0,21145,8141,6929,3796
random_n03_04,3,3,max,high,reference,15744,random,566784,0,0,0,0,377856,0,0,0,0,0,0,0,0,0,0,0,0,0,0,0,0,0
random_n03_04,3,3,max,high,reference-proposed,15744,random,0,0,0,159899,0,48145,0,169002,82902,0,0,0,0,0,0,0,0,0,0,34408,13213,10814,6308
random_n03_04,3,3,spectrum,natural,reference,6528,random,235008,626688,0,0,0,365568,0,0,0,0,0,0,0,0,0,0,0,0,0,0,0,0,0
random_n03_04,3,3,spectrum,natural,reference-proposed,6528,random,0,0,0,84252,0,42330,0,42687,21063,0,0,0,0,0,0,0,0,0,0,29274,11271,9588,5253
random_n03_04,3,3,spectrum,high,reference,9344,random,336384,897024,0,0,0,523264,0,0,0,0,0,0,0,0,0,0,0,0,0,0,0,0,0
random_n03_04,3,3,spectrum,high,reference-proposed,9344,random,0,0,0,196808,0,60292,0,100302,49202,0,0,0,0,0,0,0,0,0,0,42150,15875,13657,7841
random_n03_05,3,3,min,static,reference,8448,random,304128,811008,0,0,0,473088,0,0,0,0,0,0,0,0,0,0,0,0,0,0,0,0,0
random_n03_05,3,3,min,static,reference-proposed,8448,random,304128,0,135168,0,0,0,92928,0,0,0,0,0,0,0,0,0,0,0,0,0,0,0,0
random_n03_05,3,3,max,natural,reference,11008,random,396288,0,0,0,0,264192,0,0,0,0,0,0,0,0,0,0,0,0,0,0,0,0,0
random_n03_05,3,3,max,natural,reference-proposed,11008,random,0,0,0,61870,0,29062,0,76282,37410,0,0,0,0,0,0,0,0,0,0,21013,8073,6808,3465
random_n03_05,3,3,max,high,reference,15744,random,566784,0,0,0,0,377856,0,0,0,0,0,0,0,0,0,0,0,0,0,0,0,0,0
random_n03_05,3,3,max,high,reference-proposed,15744,random,0,0,0,160064,0,48689,0,169002,82902,0,0,0,0,0,0,0,0,0,0,34108,13094,11149,6126
random_n03_05,3,3,spectrum,natural,reference,6528,random,235008,626688,0,0,0,365568,0,0,0,0,0,0,0,0,0,0,0,0,0,0,0,0,0
random_n03_05,3,3,spectrum,natural,reference-proposed,6528,random,0,0,0,88740,0,41958,0,45237,22185,0,0,0,0,0,0,0,0,0,0,29726,11278,9675,5159
random_n03_05,3,3,spectrum,high,reference,9344,random,336384,897024,0,0,0,523264,0,0,0,0,0,0,0,0,0,0,0,0,0,0,0,0,0
random_n03_05,3,3,spectrum,high,reference-proposed,9344,random,0,0,0,196808,0,60390,0,100302,49202,0,0,0,0,0,0,0,0,0,0,41763,15840,14207,7329
random_n03_06,3,3,min,static,reference,8448,random,304128,811008,0,0,0,473088,0,0,0,0,0,0,0,0,0,0,0,0,0,0,0,0,0
random_n03_06,3,3,min,static,reference-proposed,8448,random,304128,0,0,0,0,0,126720,0,0,0,0,0,0,0,0,0,0,0,0,0,0,0,0
random_n03_06,3,3,max,natural,reference,11008,random,396288,0,0,0,0,264192,0,0,0,0,0,0,0,0,0,0,0,0,0,0,0,0,0
random_n03_06,3,3,max,natural,reference-proposed,11008,random,0,0,0,63660,0,30822,0,78002,37238,0,0,0,0,0,0,0,0,0,0,21020,7578,7098,4072
random_n03_06,3,3,max,high,reference,15744,random,566784,0,0,0,0,377856,0,0,0,0,0,0,0,0,0,0,0,0,0,0,0,0,0
random_n03_06,3,3,max,high,reference-proposed,15744,random,0,0,0,159898,0,49021,0,169002,82902,0,0,0,0,0,0,0,0,0,0,34021,12973,11142,6219
random_n03_06,3,3,spectrum,natural,reference,6528,random,235008,626688,0,0,0,365568,0,0,0,0,0,0,0,0,0,0,0,0,0,0,0,0,0
random_n03_06,3,3,spectrum,natural,reference-proposed,6528,random,0,0,0,88332,0,42116,0,46257,22083,0,0,0,0,0,0,0,0,0,0,29604,10927,9714,5468
random_n03_06,3,3,spectrum,high,reference,9344,random,336384,897024,0,0,0,523264,0,0,0,0,0,0,0,0,0,0,0,0,0,0,0,0,0
random_n03_06,3,3,spectrum,high,reference-proposed,9344,random,0,0,0,196808,0,59564,0,100302,49202,0,0,0,0,0,0,0,0,0,0,41980,16088,14103,7185
random_n03_07,3,3,min,static,reference,8448,random,304128,811008,0,0,0,473088,0,0,0,0,0,0,0,0,0,0,0,0,0,0,0,0,0
random_n03_07,3,3,min,static,reference-proposed,8448,random,304128,0,202752,0,0,0,76032,0,0,0,0,0,0,0,0,0,0,0,0,0,0,0,0
random_n03_07,3,3,max,natural,reference,11008,random,396288,0,0,0,0,264192,0,0,0,0,0,0,0,0,0,0,0,0,0,0,0,0,0
random_n03_07,3,3,max,natural,reference-proposed,11008,random,0,0,0,64444,0,28316,0,81098,39130,0,0,0,0,0,0,0,0,0,0,21049,7879,6740,3587
random_n03_07,3,3,max,high,reference,15744,random,566784,0,0,0,0,377856,0,0,0,0,0,0,0,0,0,0,0,0,0,0,0,0,0
random_n03_07,3,3,max,high,reference-proposed,15744,random,0,0,0,142214,0,43843,0,169002,82902,0,0,0,0,0,0,0,0,0,0,30055,11389,10370,5249
random_n03_07,3,3,spectrum,natural,reference,6528,random,235008,626688,0,0,0,365568,0,0,0,0,0,0,0,0,0,0,0,0,0,0,0,0,0
random_n03_07,3,3,spectrum,natural,reference-proposed,6528,random,0,0,0,92820,0,41361,0,48093,23205,0,0,0,0,0,0,0,0,0,0,29835,11033,9707,5372
random_n03_07,3,3,spectrum,high,reference,9344,random,336384,897024,0,0,0,523264,0,0,0,0,0,0,0,0,0,0,0,0,0,0,0,0,0
random_n03_07,3,3,spectrum,high,reference-proposed,9344,random,0,0,0,196808,0,59823,0,100302,49202,0,0,0,0,0,0,0,0,0,0,41864,15998,14181,7200
random_n03_08,3,3,min,static,reference,8448,random,304128,811008,0,0,0,473088,0,0,0,0,0,0,0,0,0,0,0,0,0,0,0,0,0
random_n03_08,3,3,min,static,reference-proposed,8448,random,304128,0,67584,0,0,0,118272,0,0,0,0,0,0,0,0,0,0,0,0,0,0,0,0
random_n03_08,3,3,max,natural,reference,11008,random,396288,0,0,0,0,264192,0,0,0,0,0,0,0,0,0,0,0,0,0,0,0,0,0
random_n03_08,3,3,max,natural,reference-proposed,11008,random,0,0,0,62046,0,29674,0,72670,36550,0,0,0,0,0,0,0,0,0,0,21537,8182,6795,3746
random_n03_08,3,3,max,high,reference,15744,random,566784,0,0,0,0,377856,0,0,0,0,0,0,0,0,0,0,0,0,0,0,0,0,0
random_n03_08,3,3,max,high,reference-proposed,15744,random,0,0,0,106343,0,32276,0,169002,82902,0,0,0,0,0,0,0,0,0,0,22968,8504,7761,3994
random_n03_08,3,3,spectrum,natural,reference,6528,random,235008,626688,0,0,0,365568,0,0,0,0,0,0,0,0,0,0,0,0,0,0,0,0,0
random_n03_08,3,3,spectrum,natural,reference-proposed,6528,random,0,0,0,86700,0,41072,0,43095,21675,0,0,0,0,0,0,0,0,0,0,30133,11477,9397,5238
random_n03_08,3,3,spectrum,high,reference,9344,random,336384,897024,0,0,0,523264,0,0,0,0,0,0,0,0,0,0,0,0,0,0,0,0,0
random_n03_08,3,3,spectrum,high,reference-proposed,9344,random,0,0,0,196808,0,60067,0,100302,49202,0,0,0,0,0,0,0,0,0,0,42184,15942,13672,7762
random_n03_09,3,3,min,static,reference,8448,random,304128,811008,0,0,0,473088,0,0,0,0,0,0,0,0,0,0,0,0,0,0,0,0,0
random_n03_09,3,3,min,static,reference-proposed,8448,random,304128,0,67584,0,0,0,92928,0,0,0,0,0,0,0,0,0,0,0,0,0,0,0,0
random_n03_09,3,3,max,natural,reference,11008,random,396288,0,0,0,0,264192,0,0,0,0,0,0,0,0,0,0,0,0,0,0,0,0,0
random_n03_09,3,3,max,natural,reference-proposed,11008,random,0,0,0,61659,0,30456,0,76540,35948,0,0,0,0,0,0,0,0,0,0,20791,7905,7136,3842
random_n03_09,3,3,max,high,reference,15744,random,566784,0,0,0,0,377856,0,0,0,0,0,0,0,0,0,0,0,0,0,0,0,0,0
random_n03_09,3,3,max,high,reference-proposed,15744,random,0,0,0,124195,0,38492,0,169002,82902,0,0,0,0,0,0,0,0,0,0,26506,9814,8924,4878
random_n03_09,3,3,spectrum,natural,reference,6528,random,235008,626688,0,0,0,365568,0,0,0,0,0,0,0,0,0,0,0,0,0,0,0,0,0
random_n03_09,3,3,spectrum,natural,reference-proposed,6528,random,0,0,0,85272,0,42035,0,45390,21318,0,0,0,0,0,0,0,0,0,0,28767,10987,9851,5280
random_n03_09,3,3,spectrum,high,reference,9344,random,336384,897024,0,0,0,523264,0,0,0,0,0,0,0,0,0,0,0,0,0,0,0,0,0
random_n03_09,3,3,spectrum,high,reference-proposed,9344,random,0,0,0,196808,0,60283,0,100302,49202,0,0,0,0,0,0,0,0,0,0,41801,15875,14194,7307
random_n04_00,4,4,min,static,reference,7808,random,999424,3997696,0,0,0,1873920,0,0,0,0,0,0,0,0,0,0,0,0,0,0,0,0,0
random_n04_00,4,4,min,static,reference-proposed,7808,random,999424,0,249856,0,0,0,109312,0,0,0,0,0,0,0,0,0,0,0,0,0,0,0,0
random_n04_00,4,4,max,natural,reference,8064,random,1032192,0,0,0,0,516096,0,0,0,0,0,0,0,0,0,0,0,0,0,0,0,0,0
random_n04_00,4,4,max,natural,reference-proposed,8064,random,0,0,0,101350,0,19615,0,84609,47439,0,0,0,0,0,0,0,0,0,0,23830,11440,4714,1081
random_n04_00,4,4,max,high,reference,8960,random,1146880,0,0,0,0,573440,0,0,0,0,0,0,0,0,0,0,0,0,0,0,0,0,0
random_n04_00,4,4,max,high,reference-proposed,8960,random,0,0,0,184149,0,21204,0,182980,103740,0,0,0,0,0,0,0,0,0,0,21617,9814,4796,1343
random_n04_00,4,4,spectrum,natural,reference,3584,random,458752,1835008,0,0,0,860160,0,0,0,0,0,0,0,0,0,0,0,0,0,0,0,0,0
random_n04_00,4,4,spectrum,natural,reference-proposed,3584,random,0,0,0,168672,0,33252,0,37604,21084,0,0,0,0,0,0,0,0,0,0,39789,18823,7924,1926
random_n04_00,4,4,spectrum,high,reference,3712,random,475136,1900544,0,0,0,890880,0,0,0,0,0,0,0,0,0,0,0,0,0,0,0,0,0
random_n04_00,4,4,spectrum,high,reference-proposed,3712,random,0,0,0,343824,0,36879,0,75806,42978,0,0,0,0,0,0,0,0,0,0,40562,18866,8537,2294
random_n04_01,4,4,min,static,reference,7808,random,999424,3997696,0,0,0,1873920,0,0,0,0,0,0,0,0,0,0,0,0,0,0,0,0,0
random_n04_01,4,4,min,static,reference-proposed,7808,random,999424,0,0,0,0,0,132736,0,0,0,0,0,0,0,0,0,0,0,0,0,0,0,0
random_n04_01,4,4,max,natural,reference,8064,random,1032192,0,0,0,0,516096,0,0,0,0,0,0,0,0,0,0,0,0,0,0,0,0,0
random_n04_01,4,4,max,natural,reference-proposed,8064,random,0,0,0,97070,0,18714,0,84105,46305,0,0,0,0,0,0,0,0,0,0,23802,11438,4570,1049
random_n04_01,4,4,max,high,reference,8960,random,1146880,0,0,0,0,573440,0,0,0,0,0,0,0,0,0,0,0,0,0,0,0,0,0
random_n04_01,4,4,max,high,reference-proposed,8960,random,0,0,0,221041,0,24494,0,182980,103740,0,0,0,0,0,0,0,0,0,0,25937,11783,5591,1713
random_n04_01,4,4,spectrum,natural,reference,3584,random,458752,1835008,0,0,0,860160,0,0,0,0,0,0,0,0,0,0,0,0,0,0,0,0,0
random_n04_01,4,4,spectrum,natural,reference-proposed,3584,random,0,0,0,164640,0,32493,0,37380,20580,0,0,0,0,0,0,0,0,0,0,39877,18940,7818,1913
random_n04_01,4,4,spectrum,high,reference,3712,random,475136,1900544,0,0,0,890880,0,0,0,0,0,0,0,0,0,0,0,0,0,0,0,0,0
random_n04_01,4,4,spectrum,high,reference-proposed,3712,random,0,0,0,343824,0,35986,0,75806,42978,0,0,0,0,0,0,0,0,0,0,40573,18875,8568,2253
random_n04_02,4,4,min,static,reference,7808,random,999424,3997696,0,0,0,1873920,0,0,0,0,0,0,0,0,0,0,0,0,0,0,0,0,0
random_n04_02,4,4,min,static,reference-proposed,7808,random,999424,0,374784,0,0,0,117120,0,0,0,0,0,0,0,0,0,0,0,0,0,0,0,0
random_n04_02,4,4,max,natural,reference,8064,random,1032192,0,0,0,0,516096,0,0,0,0,0,0,0,0,0,0,0,0,0,0,0,0,0
random_n04_02,4,4,max,natural,reference-proposed,8064,random,0,0,0,95371,0,19895,0,82404,44604,0,0,0,0,0,0,0,0,0,0,23879,11243,4884,1185
random_n04_02,4,4,max,high,reference,8960,random,1146880,0,0,0,0,573440,0,0,0,0,0,0,0,0,0,0,0,0,0,0,0,0,0
random_n04_02,4,4,max,high,reference-proposed,8960,random,0,0,0,221524,0,20868,0,182980,103740,0,0,0,0,0,0,0,0,0,0,26524,12633,5392,1111
random_n04_02,4,4,spectrum,natural,reference,3584,random,458752,1835008,0,0,0,860160,0,0,0,0,0,0,0,0,0,0,0,0,0,0,0,0,0
random_n04_02,4,4,spectrum,natural,reference-proposed,3584,random,0,0,0,158592,0,32422,0,36624,19824,0,0,0,0,0,0,0,0,0,0,39563,18705,8044,1923
random_n04_02,4,4,spectrum,high,reference,3712,random,475136,1900544,0,0,0,890880,0,0,0,0,0,0,0,0,0,0,0,0,0,0,0,0,0
random_n04_02,4,4,spectrum,high,reference-proposed,3712,random,0,0,0,343824,0,33296,0,75806,42978,0,0,0,0,0,0,0,0,0,0,41151,19479,8394,1823
random_n04_03,4,4,min,static,reference,7808,random,999424,3997696,0,0,0,1873920,0,0,0,0,0,0,0,0,0,0,0,0,0,0,0,0,0
random_n04_03,4,4,min,static,reference-proposed,7808,random,999424,0,124928,0,0,0,257664,0,0,0,0,0,0,0,0,0,0,0,0,0,0,0,0
random_n04_03,4,4,max,natural,reference,8064,random,1032192,0,0,0,0,516096,0,0,0,0,0,0,0,0,0,0,0,0,0,0,0,0,0
random_n04_03,4,4,max,natural,reference-proposed,8064,random,0,0,0,99422,0,19704,0,85176,45612,0,0,0,0,0,0,0,0,0,0,24094,11460,4862,1154
random_n04_03,4,4,max,high,reference,8960,random,1146880,0,0,0,0,573440,0,0,0,0,0,0,0,0,0,0,0,0,0,0,0,0,0
random_n04_03,4,4,max,high,reference-proposed,8960,random,0,0,0,233953,0,29013,0,182980,103740,0,0,0,0,0,0,0,0,0,0,27176,12201,5703,2287
random_n04_03,4,4,spectrum,natural,reference,3584,random,458752,1835008,0,0,0,860160,0,0,0,0,0,0,0,0,0,0,0,0,0,0,0,0,0
random_n04_03,4,4,spectrum,natural,reference-proposed,3584,random,0,0,0,162176,0,33014,0,37856,20272,0,0,0,0,0,0,0,0,0,0,39643,18738,7986,1946
random_n04_03,4,4,spectrum,high,reference,3712,random,475136,1900544,0,0,0,890880,0,0,0,0,0,0,0,0,0,0,0,0,0,0,0,0,0
random_n04_03,4,4,spectrum,high,reference-proposed,3712,random,0,0,0,343824,0,36617,0,75806,42978,0,0,0,0,0,0,0,0,0,0,40726,19037,8277,2380
random_n04_04,4,4,min,static,reference,7808,random,999424,3997696,0,0,0,1873920,0,0,0,0,0,0,0,0,0,0,0,0,0,0,0,0,0
random_n04_04,4,4,min,static,reference-proposed,7808,random,999424,0,499712,0,0,0,132736,0,0,0,0,0,0,0,0,0,0,0,0,0,0,0,0
random_n04_04,4,4,max,natural,reference,8064,random,1032192,0,0,0,0,516096,0,0,0,0,0,0,0,0,0,0,0,0,0,0,0,0,0
random_n04_04,4,4,max,natural,reference-proposed,8064,random,0,0,0,100965,0,19394,0,83601,47061,0,0,0,0,0,0,0,0,0,0,24317,11439,4620,1178
random_n04_04,4,4,max,high,reference,8960,random,1146880,0,0,0,0,573440,0,0,0,0,0,0,0,0,0,0,0,0,0,0,0,0,0
random_n04_04,4,4,max,high,reference-proposed,8960,random,0,0,0,246044,0,25060,0,182980,103740,0,0,0,0,0,0,0,0,0,0,29476,14022,5722,1472
random_n04_04,4,4,spectrum,natural,reference,3584,random,458752,1835008,0,0,0,860160,0,0,0,0,0,0,0,0,0,0,0,0,0,0,0,0,0
random_n04_04,4,4,spectrum,natural,reference-proposed,3584,random,0,0,0,167328,0,32561,0,37156,20916,0,0,0,0,0,0,0,0,0,0,40398,18915,7761,1995
random_n04_04,4,4,spectrum,high,reference,3712,random,475136,1900544,0,0,0,890880,0,0,0,0,0,0,0,0,0,0,0,0,0,0,0,0,0
random_n04_04,4,4,spectrum,high,reference-proposed,3712,random,0,0,0,343824,0,35857,0,75806,42978,0,0,0,0,0,0,0,0,0,0,41178,19242,8335,2119
random_n04_05,4,4,min,static,reference,7808,random,999424,3997696,0,0,0,1873920,0,0,0,0,0,0,0,0,0,0,0,0,0,0,0,0,0
random_n04_05,4,4,min,static,reference-proposed,7808,random,999424,0,499712,0,0,0,132736,0,0,0,0,0,0,0,0,0,0,0,0,0,0,0,0
random_n04_05,4,4,max,natural,reference,8064,random,1032192,0,0,0,0,516096,0,0,0,0,0,0,0,0,0,0,0,0,0,0,0,0,0
random_n04_05,4,4,max,natural,reference-proposed,8064,random,0,0,0,97992,0,18616,0,83412,45486,0,0,0,0,0,0,0,0,0,0,24122,11581,4694,1013
random_n04_05,4,4,max,high,reference,8960,random,1146880,0,0,0,0,573440,0,0,0,0,0,0,0,0,0,0,0,0,0,0,0,0,0
random_n04_05,4,4,max,high,reference-proposed,8960,random,0,0,0,184460,0,17325,0,182980,103740,0,0,0,0,0,0,0,0,0,0,22156,10593,4414,977
random_n04_05,4,4,spectrum,natural,reference,3584,random,458752,1835008,0,0,0,860160,0,0,0,0,0,0,0,0,0,0,0,0,0,0,0,0,0
random_n04_05,4,4,spectrum,natural,reference-proposed,3584,random,0,0,0,161728,0,32744,0,37072,20216,0,0,0,0,0,0,0,0,0,0,39960,18860,7836,1975
random_n04_05,4,4,spectrum,high,reference,3712,random,475136,1900544,0,0,0,890880,0,0,0,0,0,0,0,0,0,0,0,0,0,0,0,0,0
random_n04_05,4,4,spectrum,high,reference-proposed,3712,random,0,0,0,343824,0,32875,0,75806,42978,0,0,0,0,0,0,0,0,0,0,41005,19523,8148,2025
random_n04_06,4,4,min,static,reference,7808,random,999424,3997696,0,0,0,1873920,0,0,0,0,0,0,0,0,0,0,0,0,0,0,0,0,0
random_n04_06,4,4,min,static,reference-proposed,7808,random,999424,0,249856,0,0,0,156160,0,0,0,0,0,0,0,0,0,0,0,0,0,0,0,0
random_n04_06,4,4,max,natural,reference,8064,random,1032192,0,0,0,0,516096,0,0,0,0,0,0,0,0,0,0,0,0,0,0,0,0,0
random_n04_06,4,4,max,natural,reference-proposed,8064,random,0,0,0,101566,0,18880,0,82782,47124,0,0,0,0,0,0,0,0,0,0,24493,11674,4535,1114
random_n04_06,4,4,max,high,reference,8960,random,1146880,0,0,0,0,573440,0,0,0,0,0,0,0,0,0,0,0,0,0,0,0,0,0
random_n04_06,4,4,max,high,reference-proposed,8960,random,0,0,0,234115,0,23540,0,182980,103740,0,0,0,0,0,0,0,0,0,0,27668,13000,5585,1623
random_n04_06,4,4,spectrum,natural,reference,3584,random,458752,1835008,0,0,0,860160,0,0,0,0,0,0,0,0,0,0,0,0,0,0,0,0,0
random_n04_06,4,4,spectrum,natural,reference-proposed,3584,random,0,0,0,167552,0,31659,0,36792,20944,0,0,0,0,0,0,0,0,0,0,40419,19252,7567,1852
random_n04_06,4,4,spectrum,high,reference,3712,random,475136,1900544,0,0,0,890880,0,0,0,0,0,0,0,0,0,0,0,0,0,0,0,0,0
random_n04_06,4,4,spectrum,high,reference-proposed,3712,random,0,0,0,343824,0,33908,0,75806,42978,0,0,0,0,0,0,0,0,0,0,40935,19467,8220,2009
random_n04_07,4,4,min,static,reference,7808,random,999424,3997696,0,0,0,1873920,0,0,0,0,0,0,0,0,0,0,0,0,0,0,0,0,0
random_n04_07,4,4,min,static,reference-proposed,7808,random,999424,0,124928,0,0,0,109312,0,0,0,0,0,0,0,0,0,0,0,0,0,0,0,0
random_n04_07,4,4,max,natural,reference,8064,random,1032192,0,0,0,0,516096,0,0,0,0,0,0,0,0,0,0,0,0,0,0,0,0,0
random_n04_07,4,4,max,natural,reference-proposed,8064,random,0,0,0,91299,0,19364,0,79695,42777,0,0,0,0,0,0,0,0,0,0,23823,11331,4762,1120
random_n04_07,4,4,max,high,reference,8960,random,1146880,0,0,0,0,573440,0,0,0,0,0,0,0,0,0,0,0,0,0,0,0,0,0
random_n04_07,4,4,max,high,reference-proposed,8960,random,0,0,0,209473,0,18783,0,182980,103740,0,0,0,0,0,0,0,0,0,0,25472,12469,4853,790
random_n04_07,4,4,spectrum,natural,reference,3584,random,458752,1835008,0,0,0,860160,0,0,0,0,0,0,0,0,0,0,0,0,0,0,0,0,0
random_n04_07,4,4,spectrum,natural,reference-proposed,3584,random,0,0,0,152096,0,32858,0,35420,19012,0,0,0,0,0,0,0,0,0,0,39623,18728,7979,1966
random_n04_07,4,4,spectrum,high,reference,3712,random,475136,1900544,0,0,0,890880,0,0,0,0,0,0,0,0,0,0,0,0,0,0,0,0,0
random_n04_07,4,4,spectrum,high,reference-proposed,3712,random,0,0,0,343824,0,33450,0,75806,42978,0,0,0,0,0,0,0,0,0,0,41124,19780,8136,1781
random_n04_08,4,4,min,static,reference,7808,random,999424,3997696,0,0,0,1873920,0,0,0,0,0,0,0,0,0,0,0,0,0,0,0,0,0
random_n04_08,4,4,min,static,reference-proposed,7808,random,999424,0,249856,0,0,0,148352,0,0,0,0,0,0,0,0,0,0,0,0,0,0,0,0
random_n04_08,4,4,max,natural,reference,8064,random,1032192,0,0,0,0,516096,0,0,0,0,0,0,0,0,0,0,0,0,0,0,0,0,0
random_n04_08,4,4,max,natural,reference-proposed,8064,random,0,0,0,97198,0,19414,0,85113,45927,0,0,0,0,0,0,0,0,0,0,23968,11309,4720,1139
random_n04_08,4,4,max,high,reference,8960,random,1146880,0,0,0,0,573440,0,0,0,0,0,0,0,0,0,0,0,0,0,0,0,0,0
random_n04_08,4,4,max,high,reference-proposed,8960,random,0,0,0,221210,0,21308,0,182980,103740,0,0,0,0,0,0,0,0,0,0,26745,12582,5311,1211
random_n04_08,4,4,spectrum,natural,reference,3584,random,458752,1835008,0,0,0,860160,0,0,0,0,0,0,0,0,0,0,0,0,0,0,0,0,0
random_n04_08,4,4,spectrum,natural,reference-proposed,3584,random,0,0,0,163296,0,32326,0,37828,20412,0,0,0,0,0,0,0,0,0,0,39937,18839,7910,1923
random_n04_08,4,4,spectrum,high,reference,3712,random,475136,1900544,0,0,0,890880,0,0,0,0,0,0,0,0,0,0,0,0,0,0,0,0,0
random_n04_08,4,4,spectrum,high,reference-proposed,3712,random,0,0,0,343824,0,32918,0,75806,42978,0,0,0,0,0,0,0,0,0,0,41429,19726,8197,1773
random_n04_09,4,4,min,static,reference,7808,random,999424,3997696,0,0,0,1873920,0,0,0,0,0,0,0,0,0,0,0,0,0,0,0,0,0
random_n04_09,4,4,min,static,reference-proposed,7808,random,999424,0,0,0,0,0,148352,0,0,0,0,0,0,0,0,0,0,0,0,0,0,0,0
random_n04_09,4,4,max,natural,reference,8064,random,1032192,0,0,0,0,516096,0,0,0,0,0,0,0,0,0,0,0,0,0,0,0,0,0
random_n04_09,4,4,max,natural,reference-proposed,8064,random,0,0,0,99810,0,18646,0,82845,47061,0,0,0,0,0,0,0,0,0,0,24628,11528,4404,1153
random_n04_09,4,4,max,high,reference,8960,random,1146880,0,0,0,0,573440,0,0,0,0,0,0,0,0,0,0,0,0,0,0,0,0,0
random_n04_09,4,4,max,high,reference-proposed,8960,random,0,0,0,209143,0,21005,0,182980,103740,0,0,0,0,0,0,0,0,0,0,24907,11916,4991,1172
random_n04_09,4,4,spectrum,natural,reference,3584,random,458752,1835008,0,0,0,860160,0,0,0,0,0,0,0,0,0,0,0,0,0,0,0,0,0
random_n04_09,4,4,spectrum,natural,reference-proposed,3584,random,0,0,0,167328,0,31047,0,36820,20916,0,0,0,0,0,0,0,0,0,0,41153,19443,7321,1908
random_n04_09,4,4,spectrum,high,reference,3712,random,475136,1900544,0,0,0,890880,0,0,0,0,0,0,0,0,0,0,0,0,0,0,0,0,0
random_n04_09,4,4,spectrum,high,reference-proposed,3712,random,0,0,0,343824,0,32975,0,75806,42978,0,0,0,0,0,0,0,0,0,0,41040,19761,8274,1661
random_n05_00,5,5,min,static,reference,2816,random,1126400,7208960,0,0,0,2793472,0,0,0,0,0,0,0,0,0,0,0,0,0,0,0,0,0
random_n05_00,5,5,min,static,reference-proposed,2816,random,1126400,0,450560,0,0,0,67584,0,0,0,0,0,0,0,0,0,0,0,0,0,0,0,0
random_n05_00,5,5,max,natural,reference,6400,random,2560000,0,0,0,0,1024000,0,0,0,0,0,0,0,0,0,0,0,0,0,0,0,0,0
random_n05_00,5,5,max,natural,reference-proposed,6400,random,0,0,0,150491,0,13607,0,94250,58650,0,0,0,0,0,0,0,0,0,0,25864,12590,3326,522
random_n05_00,5,5,max,high,reference,5760,random,2304000,0,0,0,0,921600,0,0,0,0,0,0,0,0,0,0,0,0,0,0,0,0,0
random_n05_00,5,5,max,high,reference-proposed,5760,random,0,0,0,344582,0,12544,0,224820,143820,0,0,0,0,0,0,0,0,0,0,21104,10225,3155,453
random_n05_00,5,5,spectrum,natural,reference,2048,random,819200,5242880,0,0,0,2031616,0,0,0,0,0,0,0,0,0,0,0,0,0,0,0,0,0
random_n05_00,5,5,spectrum,natural,reference-proposed,2048,random,0,0,0,300288,0,27510,0,30160,18768,0,0,0,0,0,0,0,0,0,0,51320,25077,6629,1063
random_n05_00,5,5,spectrum,high,reference,1792,random,716800,4587520,0,0,0,1777664,0,0,0,0,0,0,0,0,0,0,0,0,0,0,0,0,0
random_n05_00,5,5,spectrum,high,reference-proposed,1792,random,0,0,0,715904,0,25198,0,69944,44744,0,0,0,0,0,0,0,0,0,0,43904,21443,6335,895
random_n05_01,5,5,min,static,reference,2816,random,1126400,7208960,0,0,0,2793472,0,0,0,0,0,0,0,0,0,0,0,0,0,0,0,0,0
random_n05_01,5,5,min,static,reference-proposed,2816,random,1126400,0,270336,0,0,0,61952,0,0,0,0,0,0,0,0,0,0,0,0,0,0,0,0
random_n05_01,5,5,max,natural,reference,6400,random,2560000,0,0,0,0,1024000,0,0,0,0,0,0,0,0,0,0,0,0,0,0,0,0,0
random_n05_01,5,5,max,natural,reference-proposed,6400,random,0,0,0,172453,0,12202,0,102300,67800,0,0,0,0,0,0,0,0,0,0,26153,12798,2878,526
random_n05_01,5,5,max,high,reference,5760,random,2304000,0,0,0,0,921600,0,0,0,0,0,0,0,0,0,0,0,0,0,0,0,0,0
random_n05_01,5,5,max,high,reference-proposed,5760,random,0,0,0,380336,0,14011,0,224820,143820,0,0,0,0,0,0,0,0,0,0,23169,11325,3313,586
random_n05_01,5,5,spectrum,natural,reference,2048,random,819200,5242880,0,0,0,2031616,0,0,0,0,0,0,0,0,0,0,0,0,0,0,0,0,0
random_n05_01,5,5,spectrum,natural,reference-proposed,2048,random,0,0,0,347136,0,24701,0,32736,21696,0,0,0,0,0,0,0,0,0,0,52901,25821,5911,1036
random_n05_01,5,5,spectrum,high,reference,1792,random,716800,4587520,0,0,0,1777664,0,0,0,0,0,0,0,0,0,0,0,0,0,0,0,0,0
random_n05_01,5,5,spectrum,high,reference-proposed,1792,random,0,0,0,715904,0,25534,0,69944,44744,0,0,0,0,0,0,0,0,0,0,43767,21454,6301,917
random_n05_02,5,5,min,static,reference,2816,random,1126400,7208960,0,0,0,2793472,0,0,0,0,0,0,0,0,0,0,0,0,0,0,0,0,0
random_n05_02,5,5,min,static,reference-proposed,2816,random,1126400,0,270336,0,0,0,67584,0,0,0,0,0,0,0,0,0,0,0,0,0,0,0,0
random_n05_02,5,5,max,natural,reference,6400,random,2560000,0,0,0,0,1024000,0,0,0,0,0,0,0,0,0,0,0,0,0,0,0,0,0
random_n05_02,5,5,max,natural,reference-proposed,6400,random,0,0,0,155635,0,12500,0,96750,60350,0,0,0,0,0,0,0,0,0,0,26183,12891,3124,501
random_n05_02,5,5,max,high,reference,5760,random,2304000,0,0,0,0,921600,0,0,0,0,0,0,0,0,0,0,0,0,0,0,0,0,0
random_n05_02,5,5,max,high,reference-proposed,5760,random,0,0,0,397775,0,13691,0,224820,143820,0,0,0,0,0,0,0,0,0,0,24282,11907,3463,542
random_n05_02,5,5,spectrum,natural,reference,2048,random,819200,5242880,0,0,0,2031616,0,0,0,0,0,0,0,0,0,0,0,0,0,0,0,0,0
random_n05_02,5,5,spectrum,natural,reference-proposed,2048,random,0,0,0,308992,0,24812,0,30960,19312,0,0,0,0,0,0,0,0,0,0,51964,25571,6244,954
random_n05_02,5,5,spectrum,high,reference,1792,random,716800,4587520,0,0,0,1777664,0,0,0,0,0,0,0,0,0,0,0,0,0,0,0,0,0
random_n05_02,5,5,spectrum,high,reference-proposed,1792,random,0,0,0,715904,0,25076,0,69944,44744,0,0,0,0,0,0,0,0,0,0,43841,21431,6321,921
random_n05_03,5,5,min,static,reference,2816,random,1126400,7208960,0,0,0,2793472,0,0,0,0,0,0,0,0,0,0,0,0,0,0,0,0,0
random_n05_03,5,5,min,static,reference-proposed,2816,random,1126400,0,270336,0,0,0,87296,0,0,0,0,0,0,0,0,0,0,0,0,0,0,0,0
random_n05_03,5,5,max,natural,reference,6400,random,2560000,0,0,0,0,1024000,0,0,0,0,0,0,0,0,0,0,0,0,0,0,0,0,0
random_n05_03,5,5,max,natural,reference-proposed,6400,random,0,0,0,164142,0,13957,0,102150,62950,0,0,0,0,0,0,0,0,0,0,25899,12702,3461,565
random_n05_03,5,5,max,high,reference,5760,random,2304000,0,0,0,0,921600,0,0,0,0,0,0,0,0,0,0,0,0,0,0,0,0,0
random_n05_03,5,5,max,high,reference-proposed,5760,random,0,0,0,406530,0,13977,0,224820,143820,0,0,0,0,0,0,0,0,0,0,24918,12307,3451,498
random_n05_03,5,5,spectrum,natural,reference,2048,random,819200,5242880,0,0,0,2031616,0,0,0,0,0,0,0,0,0,0,0,0,0,0,0,0,0
random_n05_03,5,5,spectrum,natural,reference-proposed,2048,random,0,0,0,322304,0,27360,0,32688,20144,0,0,0,0,0,0,0,0,0,0,50693,24904,6884,980
random_n05_03,5,5,spectrum,high,reference,1792,random,716800,4587520,0,0,0,1777664,0,0,0,0,0,0,0,0,0,0,0,0,0,0,0,0,0
random_n05_03,5,5,spectrum,high,reference-proposed,1792,random,0,0,0,715904,0,25437,0,69944,44744,0,0,0,0,0,0,0,0,0,0,43730,21444,6313,915
random_n05_04,5,5,min,static,reference,2816,random,1126400,7208960,0,0,0,2793472,0,0,0,0,0,0,0,0,0,0,0,0,0,0,0,0,0
random_n05_04,5,5,min,static,reference-proposed,2816,random,1126400,0,450560,0,0,0,67584,0,0,0,0,0,0,0,0,0,0,0,0,0,0,0,0
random_n05_04,5,5,max,natural,reference,6400,random,2560000,0,0,0,0,1024000,0,0,0,0,0,0,0,0,0,0,0,0,0,0,0,0,0
random_n05_04,5,5,max,natural,reference-proposed,6400,random,0,0,0,158462,0,14766,0,104250,60950,0,0,0,0,0,0,0,0,0,0,24801,12222,3806,480
random_n05_04,5,5,max,high,reference,5760,random,2304000,0,0,0,0,921600,0,0,0,0,0,0,0,0,0,0,0,0,0,0,0,0,0
random_n05_04,5,5,max,high,reference-proposed,5760,random,0,0,0,362604,0,12601,0,224820,143820,0,0,0,0,0,0,0,0,0,0,22249,10957,3186,386
random_n05_04,5,5,spectrum,natural,reference,2048,random,819200,5242880,0,0,0,2031616,0,0,0,0,0,0,0,0,0,0,0,0,0,0,0,0,0
random_n05_04,5,5,spectrum,natural,reference-proposed,2048,random,0,0,0,312064,0,29946,0,33360,19504,0,0,0,0,0,0,0,0,0,0,49214,24079,7665,1024
random_n05_04,5,5,spectrum,high,reference,1792,random,716800,4587520,0,0,0,1777664,0,0,0,0,0,0,0,0,0,0,0,0,0,0,0,0,0
random_n05_04,5,5,spectrum,high,reference-proposed,1792,random,0,0,0,715904,0,24887,0,69944,44744,0,0,0,0,0,0,0,0,0,0,43974,21515,6295,862
random_n05_05,5,5,min,static,reference,2816,random,1126400,7208960,0,0,0,2793472,0,0,0,0,0,0,0,0,0,0,0,0,0,0,0,0,0
random_n05_05,5,5,min,static,reference-proposed,2816,random,1126400,0,540672,0,0,0,61952,0,0,0,0,0,0,0,0,0,0,0,0,0,0,0,0
random_n05_05,5,5,max,natural,reference,6400,random,2560000,0,0,0,0,1024000,0,0,0,0,0,0,0,0,0,0,0,0,0,0,0,0,0
random_n05_05,5,5,max,natural,reference-proposed,6400,random,0,0,0,148557,0,14290,0,92900,57200,0,0,0,0,0,0,0,0,0,0,25465,12479,3648,503
random_n05_05,5,5,max,high,reference,5760,random,2304000,0,0,0,0,921600,0,0,0,0,0,0,0,0,0,0,0,0,0,0,0,0,0
random_n05_05,5,5,max,high,reference-proposed,5760,random,0,0,0,353261,0,12647,0,224820,143820,0,0,0,0,0,0,0,0,0,0,21602,10492,3159,510
random_n05_05,5,5,spectrum,natural,reference,2048,random,819200,5242880,0,0,0,2031616,0,0,0,0,0,0,0,0,0,0,0,0,0,0,0,0,0
random_n05_05,5,5,spectrum,natural,reference-proposed,2048,random,0,0,0,292864,0,28616,0,29728,18304,0,0,0,0,0,0,0,0,0,0,49997,24504,7243,1021
random_n05_05,5,5,spectrum,high,reference,1792,random,716800,4587520,0,0,0,1777664,0,0,0,0,0,0,0,0,0,0,0,0,0,0,0,0,0
random_n05_05,5,5,spectrum,high,reference-proposed,1792,random,0,0,0,715904,0,25657,0,69944,44744,0,0,0,0,0,0,0,0,0,0,43818,21329,6371,975
random_n05_06,5,5,min,static,reference,2816,random,1126400,7208960,0,0,0,2793472,0,0,0,0,0,0,0,0,0,0,0,0,0,0,0,0,0
random_n05_06,5,5,min,static,reference-proposed,2816,random,1126400,0,90112,0,0,0,84480,0,0,0,0,0,0,0,0,0,0,0,0,0,0,0,0
random_n05_06,5,5,max,natural,reference,6400,random,2560000,0,0,0,0,1024000,0,0,0,0,0,0,0,0,0,0,0,0,0,0,0,0,0
random_n05_06,5,5,max,natural,reference-proposed,6400,random,0,0,0,160730,0,14122,0,100100,62000,0,0,0,0,0,0,0,0,0,0,25744,12631,3600,507
random_n05_06,5,5,max,high,reference,5760,random,2304000,0,0,0,0,921600,0,0,0,0,0,0,0,0,0,0,0,0,0,0,0,0,0
random_n05_06,5,5,max,high,reference-proposed,5760,random,0,0,0,361974,0,12993,0,224820,143820,0,0,0,0,0,0,0,0,0,0,22265,10735,3312,456
random_n05_06,5,5,spectrum,natural,reference,2048,random,819200,5242880,0,0,0,2031616,0,0,0,0,0,0,0,0,0,0,0,0,0,0,0,0,0
random_n05_06,5,5,spectrum,natural,reference-proposed,2048,random,0,0,0,317440,0,27742,0,32032,19840,0,0,0,0,0,0,0,0,0,0,50473,24765,6977,1026
random_n05_06,5,5,spectrum,high,reference,1792,random,716800,4587520,0,0,0,1777664,0,0,0,0,0,0,0,0,0,0,0,0,0,0,0,0,0
random_n05_06,5,5,spectrum,high,reference-proposed,1792,random,0,0,0,715904,0,24804,0,69944,44744,0,0,0,0,0,0,0,0,0,0,43874,21499,6317,856
random_n05_07,5,5,min,static,reference,2816,random,1126400,7208960,0,0,0,2793472,0,0,0,0,0,0,0,0,0,0,0,0,0,0,0,0,0
random_n05_07,5,5,min,static,reference-proposed,2816,random,1126400,0,180224,0,0,0,73216,0,0,0,0,0,0,0,0,0,0,0,0,0,0,0,0
random_n05_07,5,5,max,natural,reference,6400,random,2560000,0,0,0,0,1024000,0,0,0,0,0,0,0,0,0,0,0,0,0,0,0,0,0
random_n05_07,5,5,max,natural,reference-proposed,6400,random,0,0,0,164189,0,14324,0,97300,63600,0,0,0,0,0,0,0,0,0,0,26011,12657,3349,550
random_n05_07,5,5,max,high,reference,5760,random,2304000,0,0,0,0,921600,0,0,0,0,0,0,0,0,0,0,0,0,0,0,0,0,0
random_n05_07,5,5,max,high,reference-proposed,5760,random,0,0,0,300383,0,10102,0,224820,143820,0,0,0,0,0,0,0,0,0,0,18429,9107,2632,349
random_n05_07,5,5,spectrum,natural,reference,2048,random,819200,5242880,0,0,0,2031616,0,0,0,0,0,0,0,0,0,0,0,0,0,0,0,0,0
random_n05_07,5,5,spectrum,natural,reference-proposed,2048,random,0,0,0,325632,0,27751,0,31136,20352,0,0,0,0,0,0,0,0,0,0,51452,25175,6566,1026
random_n05_07,5,5,spectrum,high,reference,1792,random,716800,4587520,0,0,0,1777664,0,0,0,0,0,0,0,0,0,0,0,0,0,0,0,0,0
random_n05_07,5,5,spectrum,high,reference-proposed,1792,random,0,0,0,715904,0,24750,0,69944,44744,0,0,0,0,0,0,0,0,0,0,43853,21515,6274,883
random_n05_08,5,5,min,static,reference,2816,random,1126400,7208960,0,0,0,2793472,0,0,0,0,0,0,0,0,0,0,0,0,0,0,0,0,0
random_n05_08,5,5,min,static,reference-proposed,2816,random,1126400,0,360448,0,0,0,98560,0,0,0,0,0,0,0,0,0,0,0,0,0,0,0,0
random_n05_08,5,5,max,natural,reference,6400,random,2560000,0,0,0,0,1024000,0,0,0,0,0,0,0,0,0,0,0,0,0,0,0,0,0
random_n05_08,5,5,max,natural,reference-proposed,6400,random,0,0,0,153167,0,14938,0,98700,58900,0,0,0,0,0,0,0,0,0,0,24986,12299,3812,519
random_n05_08,5,5,max,high,reference,5760,random,2304000,0,0,0,0,921600,0,0,0,0,0,0,0,0,0,0,0,0,0,0,0,0,0
random_n05_08,5,5,max,high,reference-proposed,5760,random,0,0,0,352430,0,12539,0,224820,143820,0,0,0,0,0,0,0,0,0,0,21833,10531,3130,452
random_n05_08,5,5,spectrum,natural,reference,2048,random,819200,5242880,0,0,0,2031616,0,0,0,0,0,0,0,0,0,0,0,0,0,0,0,0,0
random_n05_08,5,5,spectrum,natural,reference-proposed,2048,random,0,0,0,301568,0,29395,0,31584,18848,0,0,0,0,0,0,0,0,0,0,49227,24225,7555,987
random_n05_08,5,5,spectrum,high,reference,1792,random,716800,4587520,0,0,0,1777664,0,0,0,0,0,0,0,0,0,0,0,0,0,0,0,0,0
random_n05_08,5,5,spectrum,high,reference-proposed,1792,random,0,0,0,715904,0,25103,0,69944,44744,0,0,0,0,0,0,0,0,0,0,44037,21493,6243,936
random_n05_09,5,5,min,static,reference,2816,random,1126400,7208960,0,0,0,2793472,0,0,0,0,0,0,0,0,0,0,0,0,0,0,0,0,0
random_n05_09,5,5,min,static,reference-proposed,2816,random,1126400,0,450560,0,0,0,67584,0,0,0,0,0,0,0,0,0,0,0,0,0,0,0,0
random_n05_09,5,5,max,natural,reference,6400,random,2560000,0,0,0,0,1024000,0,0,0,0,0,0,0,0,0,0,0,0,0,0,0,0,0
random_n05_09,5,5,max,natural,reference-proposed,6400,random,0,0,0,158498,0,12525,0,95950,61750,0,0,0,0,0,0,0,0,0,0,25970,12790,3101,498
random_n05_09,5,5,max,high,reference,5760,random,2304000,0,0,0,0,921600,0,0,0,0,0,0,0,0,0,0,0,0,0,0,0,0,0
random_n05_09,5,5,max,high,reference-proposed,5760,random,0,0,0,407140,0,13851,0,224820,143820,0,0,0,0,0,0,0,0,0,0,25047,12270,3584,434
random_n05_09,5,5,spectrum,natural,reference,2048,random,819200,5242880,0,0,0,2031616,0,0,0,0,0,0,0,0,0,0,0,0,0,0,0,0,0
random_n05_09,5,5,spectrum,natural,reference-proposed,2048,random,0,0,0,316160,0,25606,0,30704,19760,0,0,0,0,0,0,0,0,0,0,52067,25461,6274,1033
random_n05_09,5,5,spectrum,high,reference,1792,random,716800,4587520,0,0,0,1777664,0,0,0,0,0,0,0,0,0,0,0,0,0,0,0,0,0
random_n05_09,5,5,spectrum,high,reference-proposed,1792,random,0,0,0,715904,0,24839,0,69944,44744,0,0,0,0,0,0,0,0,0,0,43923,21576,6280,816
random_n06_00,6,6,min,static,reference,1152,random,1327104,14155776,0,0,0,4644864,0,0,0,0,0,0,0,0,0,0,0,0,0,0,0,0,0
random_n06_00,6,6,min,static,reference-proposed,1152,random,1327104,0,442368,0,0,0,36864,0,0,0,0,0,0,0,0,0,0,0,0,0,0,0,0
random_n06_00,6,6,max,natural,reference,4992,random,5750784,0,0,0,0,1916928,0,0,0,0,0,0,0,0,0,0,0,0,0,0,0,0,0
random_n06_00,6,6,max,natural,reference-proposed,4992,random,0,0,0,251334,0,10610,0,122616,82056,0,0,0,0,0,0,0,0,0,0,24862,12236,2703,246
random_n06_00,6,6,max,high,reference,3456,random,3981312,0,0,0,0,1327104,0,0,0,0,0,0,0,0,0,0,0,0,0,0,0,0,0
random_n06_00,6,6,max,high,reference-proposed,3456,random,0,0,0,587250,0,7182,0,258822,183546,0,0,0,0,0,0,0,0,0,0,18128,9034,1860,150
random_n06_00,6,6,spectrum,natural,reference,1152,random,1327104,14155776,0,0,0,4644864,0,0,0,0,0,0,0,0,0,0,0,0,0,0,0,0,0
random_n06_00,6,6,spectrum,natural,reference-proposed,1152,random,0,0,0,605952,0,25237,0,28296,18936,0,0,0,0,0,0,0,0,0,0,60412,29879,6425,560
random_n06_00,6,6,spectrum,high,reference,768,random,884736,9437184,0,0,0,3096576,0,0,0,0,0,0,0,0,0,0,0,0,0,0,0,0,0
random_n06_00,6,6,spectrum,high,reference-proposed,768,random,0,0,0,1305216,0,16669,0,57516,40788,0,0,0,0,0,0,0,0,0,0,40390,20027,4138,413
random_n06_01,6,6,min,static,reference,1152,random,1327104,14155776,0,0,0,4644864,0,0,0,0,0,0,0,0,0,0,0,0,0,0,0,0,0
random_n06_01,6,6,min,static,reference-proposed,1152,random,1327104,0,368640,0,0,0,42624,0,0,0,0,0,0,0,0,0,0,0,0,0,0,0,0
random_n06_01,6,6,max,natural,reference,4992,random,5750784,0,0,0,0,1916928,0,0,0,0,0,0,0,0,0,0,0,0,0,0,0,0,0
random_n06_01,6,6,max,natural,reference-proposed,4992,random,0,0,0,216619,0,10695,0,109317,71097,0,0,0,0,0,0,0,0,0,0,24915,12268,2717,241
random_n06_01,6,6,max,high,reference,3456,random,3981312,0,0,0,0,1327104,0,0,0,0,0,0,0,0,0,0,0,0,0,0,0,0,0
random_n06_01,6,6,max,high,reference-proposed,3456,random,0,0,0,540798,0,6836,0,258822,183546,0,0,0,0,0,0,0,0,0,0,16768,8305,1721,162
random_n06_01,6,6,spectrum,natural,reference,1152,random,1327104,14155776,0,0,0,4644864,0,0,0,0,0,0,0,0,0,0,0,0,0,0,0,0,0
random_n06_01,6,6,spectrum,natural,reference-proposed,1152,random,0,0,0,525024,0,25758,0,25227,16407,0,0,0,0,0,0,0,0,0,0,60065,29766,6515,583
random_n06_01,6,6,spectrum,high,reference,768,random,884736,9437184,0,0,0,3096576,0,0,0,0,0,0,0,0,0,0,0,0,0,0,0,0,0
random_n06_01,6,6,spectrum,high,reference-proposed,768,random,0,0,0,1305216,0,16271,0,57516,40788,0,0,0,0,0,0,0,0,0,0,40421,20097,4090,389
random_n06_02,6,6,min,static,reference,1152,random,1327104,14155776,0,0,0,4644864,0,0,0,0,0,0,0,0,0,0,0,0,0,0,0,0,0
random_n06_02,6,6,min,static,reference-proposed,1152,random,1327104,0,294912,0,0,0,43776,0,0,0,0,0,0,0,0,0,0,0,0,0,0,0,0
random_n06_02,6,6,max,natural,reference,4992,random,5750784,0,0,0,0,1916928,0,0,0,0,0,0,0,0,0,0,0,0,0,0,0,0,0
random_n06_02,6,6,max,natural,reference-proposed,4992,random,0,0,0,235395,0,10041,0,114855,76635,0,0,0,0,0,0,0,0,0,0,25245,12590,2517,221
random_n06_02,6,6,max,high,reference,3456,random,3981312,0,0,0,0,1327104,0,0,0,0,0,0,0,0,0,0,0,0,0,0,0,0,0
random_n06_02,6,6,max,high,reference-proposed,3456,random,0,0,0,570548,0,7205,0,258822,183546,0,0,0,0,0,0,0,0,0,0,17652,8771,1798,171
random_n06_02,6,6,spectrum,natural,reference,1152,random,1327104,14155776,0,0,0,4644864,0,0,0,0,0,0,0,0,0,0,0,0,0,0,0,0,0
random_n06_02,6,6,spectrum,natural,reference-proposed,1152,random,0,0,0,565920,0,25146,0,26505,17685,0,0,0,0,0,0,0,0,0,0,60886,30056,6234,573
random_n06_02,6,6,spectrum,high,reference,768,random,884736,9437184,0,0,0,3096576,0,0,0,0,0,0,0,0,0,0,0,0,0,0,0,0,0
random_n06_02,6,6,spectrum,high,reference-proposed,768,random,0,0,0,1305216,0,16676,0,57516,40788,0,0,0,0,0,0,0,0,0,0,40405,19991,4197,388
random_n06_03,6,6,min,static,reference,1152,random,1327104,14155776,0,0,0,4644864,0,0,0,0,0,0,0,0,0,0,0,0,0,0,0,0,0
random_n06_03,6,6,min,static,reference-proposed,1152,random,1327104,0,589824,0,0,0,35712,0,0,0,0,0,0,0,0,0,0,0,0,0,0,0,0
random_n06_03,6,6,max,natural,reference,4992,random,5750784,0,0,0,0,1916928,0,0,0,0,0,0,0,0,0,0,0,0,0,0,0,0,0
random_n06_03,6,6,max,natural,reference-proposed,4992,random,0,0,0,247074,0,9533,0,117780,80730,0,0,0,0,0,0,0,0,0,0,25280,12516,2372,243
random_n06_03,6,6,max,high,reference,3456,random,3981312,0,0,0,0,1327104,0,0,0,0,0,0,0,0,0,0,0,0,0,0,0,0,0
random_n06_03,6,6,max,high,reference-proposed,3456,random,0,0,0,565924,0,7161,0,258822,183546,0,0,0,0,0,0,0,0,0,0,17456,8654,1828,174
random_n06_03,6,6,spectrum,natural,reference,1152,random,1327104,14155776,0,0,0,4644864,0,0,0,0,0,0,0,0,0,0,0,0,0,0,0,0,0
random_n06_03,6,6,spectrum,natural,reference-proposed,1152,random,0,0,0,596160,0,23239,0,27180,18630,0,0,0,0,0,0,0,0,0,0,61606,30488,5805,570
random_n06_03,6,6,spectrum,high,reference,768,random,884736,9437184,0,0,0,3096576,0,0,0,0,0,0,0,0,0,0,0,0,0,0,0,0,0
random_n06_03,6,6,spectrum,high,reference-proposed,768,random,0,0,0,1305216,0,16939,0,57516,40788,0,0,0,0,0,0,0,0,0,0,40302,19972,4205,399
random_n06_04,6,6,min,static,reference,1152,random,1327104,14155776,0,0,0,4644864,0,0,0,0,0,0,0,0,0,0,0,0,0,0,0,0,0
random_n06_04,6,6,min,static,reference-proposed,1152,random,1327104,0,368640,0,0,0,35712,0,0,0,0,0,0,0,0,0,0,0,0,0,0,0,0
random_n06_04,6,6,max,natural,reference,4992,random,5750784,0,0,0,0,1916928,0,0,0,0,0,0,0,0,0,0,0,0,0,0,0,0,0
random_n06_04,6,6,max,natural,reference-proposed,4992,random,0,0,0,226109,0,10142,0,110487,74139,0,0,0,0,0,0,0,0,0,0,24851,12427,2535,218
random_n06_04,6,6,max,high,reference,3456,random,3981312,0,0,0,0,1327104,0,0,0,0,0,0,0,0,0,0,0,0,0,0,0,0,0
random_n06_04,6,6,max,high,reference-proposed,3456,random,0,0,0,559182,0,6980,0,258822,183546,0,0,0,0,0,0,0,0,0,0,17284,8616,1738,174
random_n06_04,6,6,spectrum,natural,reference,1152,random,1327104,14155776,0,0,0,4644864,0,0,0,0,0,0,0,0,0,0,0,0,0,0,0,0,0
random_n06_04,6,6,spectrum,natural,reference-proposed,1152,random,0,0,0,547488,0,25469,0,25497,17109,0,0,0,0,0,0,0,0,0,0,60553,29894,6387,585
random_n06_04,6,6,spectrum,high,reference,768,random,884736,9437184,0,0,0,3096576,0,0,0,0,0,0,0,0,0,0,0,0,0,0,0,0,0
random_n06_04,6,6,spectrum,high,reference-proposed,768,random,0,0,0,1305216,0,16854,0,57516,40788,0,0,0,0,0,0,0,0,0,0,40310,19972,4196,408
random_n06_05,6,6,min,static,reference,1152,random,1327104,14155776,0,0,0,4644864,0,0,0,0,0,0,0,0,0,0,0,0,0,0,0,0,0
random_n06_05,6,6,min,static,reference-proposed,1152,random,1327104,0,442368,0,0,0,32256,0,0,0,0,0,0,0,0,0,0,0,0,0,0,0,0
random_n06_05,6,6,max,natural,reference,4992,random,5750784,0,0,0,0,1916928,0,0,0,0,0,0,0,0,0,0,0,0,0,0,0,0,0
random_n06_05,6,6,max,natural,reference-proposed,4992,random,0,0,0,218943,0,10958,0,111072,72384,0,0,0,0,0,0,0,0,0,0,24608,12142,2749,253
random_n06_05,6,6,max,high,reference,3456,random,3981312,0,0,0,0,1327104,0,0,0,0,0,0,0,0,0,0,0,0,0,0,0,0,0
random_n06_05,6,6,max,high,reference-proposed,3456,random,0,0,0,514824,0,6846,0,258822,183546,0,0,0,0,0,0,0,0,0,0,15934,7879,1658,161
random_n06_05,6,6,spectrum,natural,reference,1152,random,1327104,14155776,0,0,0,4644864,0,0,0,0,0,0,0,0,0,0,0,0,0,0,0,0,0
random_n06_05,6,6,spectrum,natural,reference-proposed,1152,random,0,0,0,534528,0,26570,0,25632,16704,0,0,0,0,0,0,0,0,0,0,59757,29579,6671,615
random_n06_05,6,6,spectrum,high,reference,768,random,884736,9437184,0,0,0,3096576,0,0,0,0,0,0,0,0,0,0,0,0,0,0,0,0,0
random_n06_05,6,6,spectrum,high,reference-proposed,768,random,0,0,0,1305216,0,16662,0,57516,40788,0,0,0,0,0,0,0,0,0,0,40480,20037,4166,374
random_n06_06,6,6,min,static,reference,1152,random,1327104,14155776,0,0,0,4644864,0,0,0,0,0,0,0,0,0,0,0,0,0,0,0,0,0
random_n06_06,6,6,min,static,reference-proposed,1152,random,1327104,0,368640,0,0,0,35712,0,0,0,0,0,0,0,0,0,0,0,0,0,0,0,0
random_n06_06,6,6,max,natural,reference,4992,random,5750784,0,0,0,0,1916928,0,0,0,0,0,0,0,0,0,0,0,0,0,0,0,0,0
random_n06_06,6,6,max,natural,reference-proposed,4992,random,0,0,0,235692,0,9316,0,114075,77103,0,0,0,0,0,0,0,0,0,0,25883,12812,2218,237
random_n06_06,6,6,max,high,reference,3456,random,3981312,0,0,0,0,1327104,0,0,0,0,0,0,0,0,0,0,0,0,0,0,0,0,0
random_n06_06,6,6,max,high,reference-proposed,3456,random,0,0,0,565220,0,7105,0,258822,183546,0,0,0,0,0,0,0,0,0,0,17595,8699,1776,153
random_n06_06,6,6,spectrum,natural,reference,1152,random,1327104,14155776,0,0,0,4644864,0,0,0,0,0,0,0,0,0,0,0,0,0,0,0,0,0
random_n06_06,6,6,spectrum,natural,reference-proposed,1152,random,0,0,0,569376,0,22379,0,26325,17793,0,0,0,0,0,0,0,0,0,0,62294,30894,5383,590
random_n06_06,6,6,spectrum,high,reference,768,random,884736,9437184,0,0,0,3096576,0,0,0,0,0,0,0,0,0,0,0,0,0,0,0,0,0
random_n06_06,6,6,spectrum,high,reference-proposed,768,random,0,0,0,1305216,0,16444,0,57516,40788,0,0,0,0,0,0,0,0,0,0,40423,20086,4116,375
random_n06_07,6,6,min,static,reference,1152,random,1327104,14155776,0,0,0,4644864,0,0,0,0,0,0,0,0,0,0,0,0,0,0,0,0,0
random_n06_07,6,6,min,static,reference-proposed,1152,random,1327104,0,516096,0,0,0,36864,0,0,0,0,0,0,0,0,0,0,0,0,0,0,0,0
random_n06_07,6,6,max,natural,reference,4992,random,5750784,0,0,0,0,1916928,0,0,0,0,0,0,0,0,0,0,0,0,0,0,0,0,0
random_n06_07,6,6,max,natural,reference-proposed,4992,random,0,0,0,227553,0,9944,0,110487,74997,0,0,0,0,0,0,0,0,0,0,25069,12389,2524,250
random_n06_07,6,6,max,high,reference,3456,random,3981312,0,0,0,0,1327104,0,0,0,0,0,0,0,0,0,0,0,0,0,0,0,0,0
random_n06_07,6,6,max,high,reference-proposed,3456,random,0,0,0,558500,0,7283,0,258822,183546,0,0,0,0,0,0,0,0,0,0,17303,8528,1811,182
random_n06_07,6,6,spectrum,natural,reference,1152,random,1327104,14155776,0,0,0,4644864,0,0,0,0,0,0,0,0,0,0,0,0,0,0,0,0,0
random_n06_07,6,6,spectrum,natural,reference-proposed,1152,random,0,0,0,553824,0,24191,0,25497,17307,0,0,0,0,0,0,0,0,0,0,60830,30166,6113,587
random_n06_07,6,6,spectrum,high,reference,768,random,884736,9437184,0,0,0,3096576,0,0,0,0,0,0,0,0,0,0,0,0,0,0,0,0,0
random_n06_07,6,6,spectrum,high,reference-proposed,768,random,0,0,0,1305216,0,16372,0,57516,40788,0,0,0,0,0,0,0,0,0,0,40350,20083,4114,379
random_n06_08,6,6,min,static,reference,1152,random,1327104,14155776,0,0,0,4644864,0,0,0,0,0,0,0,0,0,0,0,0,0,0,0,0,0
random_n06_08,6,6,min,static,reference-proposed,1152,random,1327104,0,663552,0,0,0,33408,0,0,0,0,0,0,0,0,0,0,0,0,0,0,0,0
random_n06_08,6,6,max,natural,reference,4992,random,5750784,0,0,0,0,1916928,0,0,0,0,0,0,0,0,0,0,0,0,0,0,0,0,0
random_n06_08,6,6,max,natural,reference-proposed,4992,random,0,0,0,227026,0,8878,0,105846,74880,0,0,0,0,0,0,0,0,0,0,25704,12727,2162,220
random_n06_08,6,6,max,high,reference,3456,random,3981312,0,0,0,0,1327104,0,0,0,0,0,0,0,0,0,0,0,0,0,0,0,0,0
random_n06_08,6,6,max,high,reference-proposed,3456,random,0,0,0,582179,0,7330,0,258822,183546,0,0,0,0,0,0,0,0,0,0,17991,8970,1834,152
random_n06_08,6,6,spectrum,natural,reference,1152,random,1327104,14155776,0,0,0,4644864,0,0,0,0,0,0,0,0,0,0,0,0,0,0,0,0,0
random_n06_08,6,6,spectrum,natural,reference-proposed,1152,random,0,0,0,552960,0,22293,0,24426,17280,0,0,0,0,0,0,0,0,0,0,62401,30919,5358,590
random_n06_08,6,6,spectrum,high,reference,768,random,884736,9437184,0,0,0,3096576,0,0,0,0,0,0,0,0,0,0,0,0,0,0,0,0,0
random_n06_08,6,6,spectrum,high,reference-proposed,768,random,0,0,0,1305216,0,16559,0,57516,40788,0,0,0,0,0,0,0,0,0,0,40372,20053,4125,401
random_n06_09,6,6,min,static,reference,1152,random,1327104,14155776,0,0,0,4644864,0,0,0,0,0,0,0,0,0,0,0,0,0,0,0,0,0
random_n06_09,6,6,min,static,reference-proposed,1152,random,1327104,0,221184,0,0,0,40320,0,0,0,0,0,0,0,0,0,0,0,0,0,0,0,0
random_n06_09,6,6,max,natural,reference,4992,random,5750784,0,0,0,0,1916928,0,0,0,0,0,0,0,0,0,0,0,0,0,0,0,0,0
random_n06_09,6,6,max,natural,reference-proposed,4992,random,0,0,0,228121,0,9553,0,110019,74529,0,0,0,0,0,0,0,0,0,0,25221,12529,2429,231
random_n06_09,6,6,max,high,reference,3456,random,3981312,0,0,0,0,1327104,0,0,0,0,0,0,0,0,0,0,0,0,0,0,0,0,0
random_n06_09,6,6,max,high,reference-proposed,3456,random,0,0,0,564524,0,7008,0,258822,183546,0,0,0,0,0,0,0,0,0,0,17492,8661,1800,163
random_n06_09,6,6,spectrum,natural,reference,1152,random,1327104,14155776,0,0,0,4644864,0,0,0,0,0,0,0,0,0,0,0,0,0,0,0,0,0
random_n06_09,6,6,spectrum,natural,reference-proposed,1152,random,0,0,0,550368,0,23696,0,25389,17199,0,0,0,0,0,0,0,0,0,0,61319,30360,5954,550
random_n06_09,6,6,spectrum,high,reference,768,random,884736,9437184,0,0,0,3096576,0,0,0,0,0,0,0,0,0,0,0,0,0,0,0,0,0
random_n06_09,6,6,spectrum,high,reference-proposed,768,random,0,0,0,1305216,0,16397,0,57516,40788,0,0,0,0,0,0,0,0,0,0,40284,20079,4105,392
random_n07_00,7,7,min,static,reference,384,random,1204224,22020096,0,0,0,6242304,0,0,0,0,0,0,0,0,0,0,0,0,0,0,0,0,0
random_n07_00,7,7,min,static,reference-proposed,384,random,1204224,0,442368,0,0,0,15744,0,0,0,0,0,0,0,0,0,0,0,0,0,0,0,0
random_n07_00,7,7,max,natural,reference,2176,random,6823936,0,0,0,0,1949696,0,0,0,0,0,0,0,0,0,0,0,0,0,0,0,0,0
random_n07_00,7,7,max,natural,reference-proposed,2176,random,0,0,0,185622,0,3436,0,71145,53125,0,0,0,0,0,0,0,0,0,0,13529,6726,844,52
random_n07_00,7,7,max,high,reference,2176,random,6823936,0,0,0,0,1949696,0,0,0,0,0,0,0,0,0,0,0,0,0,0,0,0,0
random_n07_00,7,7,max,high,reference-proposed,2176,random,0,0,0,880506,0,3798,0,314619,242437,0,0,0,0,0,0,0,0,0,0,13683,6861,970,49
random_n07_00,7,7,spectrum,natural,reference,640,random,2007040,36700160,0,0,0,10403840,0,0,0,0,0,0,0,0,0,0,0,0,0,0,0,0,0
random_n07_00,7,7,spectrum,natural,reference-proposed,640,random,0,0,0,1000000,0,18044,0,20925,15625,0,0,0,0,0,0,0,0,0,0,72356,36226,4454,280
random_n07_00,7,7,spectrum,high,reference,256,random,802816,14680064,0,0,0,4161536,0,0,0,0,0,0,0,0,0,0,0,0,0,0,0,0,0
random_n07_00,7,7,spectrum,high,reference-proposed,256,random,0,0,0,1825408,0,8649,0,37014,28522,0,0,0,0,0,0,0,0,0,0,28309,14125,2106,152
random_n07_01,7,7,min,static,reference,384,random,1204224,22020096,0,0,0,6242304,0,0,0,0,0,0,0,0,0,0,0,0,0,0,0,0,0
random_n07_01,7,7,min,static,reference-proposed,384,random,1204224,0,491520,0,0,0,16128,0,0,0,0,0,0,0,0,0,0,0,0,0,0,0,0
random_n07_01,7,7,max,natural,reference,2176,random,6823936,0,0,0,0,1949696,0,0,0,0,0,0,0,0,0,0,0,0,0,0,0,0,0
random_n07_01,7,7,max,natural,reference-proposed,2176,random,0,0,0,195992,0,3844,0,74885,55369,0,0,0,0,0,0,0,0,0,0,13517,6676,958,61
random_n07_01,7,7,max,high,reference,2176,random,6823936,0,0,0,0,1949696,0,0,0,0,0,0,0,0,0,0,0,0,0,0,0,0,0
random_n07_01,7,7,max,high,reference-proposed,2176,random,0,0,0,789192,0,3554,0,314619,242437,0,0,0,0,0,0,0,0,0,0,12301,6146,905,53
random_n07_01,7,7,spectrum,natural,reference,640,random,2007040,36700160,0,0,0,10403840,0,0,0,0,0,0,0,0,0,0,0,0,0,0,0,0,0
random_n07_01,7,7,spectrum,natural,reference-proposed,640,random,0,0,0,1042240,0,20241,0,22025,16285,0,0,0,0,0,0,0,0,0,0,71607,35637,5029,294
random_n07_01,7,7,spectrum,high,reference,256,random,802816,14680064,0,0,0,4161536,0,0,0,0,0,0,0,0,0,0,0,0,0,0,0,0,0
random_n07_01,7,7,spectrum,high,reference-proposed,256,random,0,0,0,1825408,0,8374,0,37014,28522,0,0,0,0,0,0,0,0,0,0,28383,14145,2118,120
random_n07_02,7,7,min,static,reference,384,random,1204224,22020096,0,0,0,6242304,0,0,0,0,0,0,0,0,0,0,0,0,0,0,0,0,0
random_n07_02,7,7,min,static,reference-proposed,384,random,1204224,0,294912,0,0,0,19200,0,0,0,0,0,0,0,0,0,0,0,0,0,0,0,0
random_n07_02,7,7,max,natural,reference,2176,random,6823936,0,0,0,0,1949696,0,0,0,0,0,0,0,0,0,0,0,0,0,0,0,0,0
random_n07_02,7,7,max,natural,reference-proposed,2176,random,0,0,0,199697,0,3900,0,77061,57443,0,0,0,0,0,0,0,0,0,0,13159,6579,1000,59
random_n07_02,7,7,max,high,reference,2176,random,6823936,0,0,0,0,1949696,0,0,0,0,0,0,0,0,0,0,0,0,0,0,0,0,0
random_n07_02,7,7,max,high,reference-proposed,2176,random,0,0,0,859887,0,4059,0,314619,242437,0,0,0,0,0,0,0,0,0,0,13437,6668,1023,52
random_n07_02,7,7,spectrum,natural,reference,640,random,2007040,36700160,0,0,0,10403840,0,0,0,0,0,0,0,0,0,0,0,0,0,0,0,0,0
random_n07_02,7,7,spectrum,natural,reference-proposed,640,random,0,0,0,1081280,0,22175,0,22665,16895,0,0,0,0,0,0,0,0,0,0,70745,35068,5567,322
random_n07_02,7,7,spectrum,high,reference,256,random,802816,14680064,0,0,0,4161536,0,0,0,0,0,0,0,0,0,0,0,0,0,0,0,0,0
random_n07_02,7,7,spectrum,high,reference-proposed,256,random,0,0,0,1825408,0,8372,0,37014,28522,0,0,0,0,0,0,0,0,0,0,28359,14175,2062,144
random_n07_03,7,7,min,static,reference,384,random,1204224,22020096,0,0,0,6242304,0,0,0,0,0,0,0,0,0,0,0,0,0,0,0,0,0
random_n07_03,7,7,min,static,reference-proposed,384,random,1204224,0,196608,0,0,0,19200,0,0,0,0,0,0,0,0,0,0,0,0,0,0,0,0
random_n07_03,7,7,max,natural,reference,2176,random,6823936,0,0,0,0,1949696,0,0,0,0,0,0,0,0,0,0,0,0,0,0,0,0,0
random_n07_03,7,7,max,natural,reference-proposed,2176,random,0,0,0,194190,0,4047,0,76840,55352,0,0,0,0,0,0,0,0,0,0,13270,6619,1011,59
random_n07_03,7,7,max,high,reference,2176,random,6823936,0,0,0,0,1949696,0,0,0,0,0,0,0,0,0,0,0,0,0,0,0,0,0
random_n07_03,7,7,max,high,reference-proposed,2176,random,0,0,0,848481,0,3966,0,314619,242437,0,0,0,0,0,0,0,0,0,0,13213,6600,972,58
random_n07_03,7,7,spectrum,natural,reference,640,random,2007040,36700160,0,0,0,10403840,0,0,0,0,0,0,0,0,0,0,0,0,0,0,0,0,0
random_n07_03,7,7,spectrum,natural,reference-proposed,640,random,0,0,0,1041920,0,20609,0,22600,16280,0,0,0,0,0,0,0,0,0,0,70904,35390,5260,308
random_n07_03,7,7,spectrum,high,reference,256,random,802816,14680064,0,0,0,4161536,0,0,0,0,0,0,0,0,0,0,0,0,0,0,0,0,0
random_n07_03,7,7,spectrum,high,reference-proposed,256,random,0,0,0,1825408,0,8341,0,37014,28522,0,0,0,0,0,0,0,0,0,0,28258,14155,2091,136
random_n07_04,7,7,min,static,reference,384,random,1204224,22020096,0,0,0,6242304,0,0,0,0,0,0,0,0,0,0,0,0,0,0,0,0,0
random_n07_04,7,7,min,static,reference-proposed,384,random,1204224,0,245760,0,0,0,16512,0,0,0,0,0,0,0,0,0,0,0,0,0,0,0,0
random_n07_04,7,7,max,natural,reference,2176,random,6823936,0,0,0,0,1949696,0,0,0,0,0,0,0,0,0,0,0,0,0,0,0,0,0
random_n07_04,7,7,max,natural,reference-proposed,2176,random,0,0,0,211767,0,3477,0,82399,60265,0,0,0,0,0,0,0,0,0,0,13659,6799,854,56
random_n07_04,7,7,max,high,reference,2176,random,6823936,0,0,0,0,1949696,0,0,0,0,0,0,0,0,0,0,0,0,0,0,0,0,0
random_n07_04,7,7,max,high,reference-proposed,2176,random,0,0,0,842734,0,3777,0,314619,242437,0,0,0,0,0,0,0,0,0,0,13071,6572,944,50
random_n07_04,7,7,spectrum,natural,reference,640,random,2007040,36700160,0,0,0,10403840,0,0,0,0,0,0,0,0,0,0,0,0,0,0,0,0,0
random_n07_04,7,7,spectrum,natural,reference-proposed,640,random,0,0,0,1134400,0,19078,0,24235,17725,0,0,0,0,0,0,0,0,0,0,72260,35983,4663,314
random_n07_04,7,7,spectrum,high,reference,256,random,802816,14680064,0,0,0,4161536,0,0,0,0,0,0,0,0,0,0,0,0,0,0,0,0,0
random_n07_04,7,7,spectrum,high,reference-proposed,256,random,0,0,0,1825408,0,8388,0,37014,28522,0,0,0,0,0,0,0,0,0,0,28433,14155,2107,121
random_n07_05,7,7,min,static,reference,384,random,1204224,22020096,0,0,0,6242304,0,0,0,0,0,0,0,0,0,0,0,0,0,0,0,0,0
random_n07_05,7,7,min,static,reference-proposed,384,random,1204224,0,442368,0,0,0,15360,0,0,0,0,0,0,0,0,0,0,0,0,0,0,0,0
random_n07_05,7,7,max,natural,reference,2176,random,6823936,0,0,0,0,1949696,0,0,0,0,0,0,0,0,0,0,0,0,0,0,0,0,0
random_n07_05,7,7,max,natural,reference-proposed,2176,random,0,0,0,184671,0,3698,0,71791,52105,0,0,0,0,0,0,0,0,0,0,13353,6649,932,68
random_n07_05,7,7,max,high,reference,2176,random,6823936,0,0,0,0,1949696,0,0,0,0,0,0,0,0,0,0,0,0,0,0,0,0,0
random_n07_05,7,7,max,high,reference-proposed,2176,random,0,0,0,911500,0,4240,0,314619,242437,0,0,0,0,0,0,0,0,0,0,14172,7079,1057,52
random_n07_05,7,7,spectrum,natural,reference,640,random,2007040,36700160,0,0,0,10403840,0,0,0,0,0,0,0,0,0,0,0,0,0,0,0,0,0
random_n07_05,7,7,spectrum,natural,reference-proposed,640,random,0,0,0,980800,0,20802,0,21115,15325,0,0,0,0,0,0,0,0,0,0,71321,35368,5247,345
random_n07_05,7,7,spectrum,high,reference,256,random,802816,14680064,0,0,0,4161536,0,0,0,0,0,0,0,0,0,0,0,0,0,0,0,0,0
random_n07_05,7,7,spectrum,high,reference-proposed,256,random,0,0,0,1825408,0,8777,0,37014,28522,0,0,0,0,0,0,0,0,0,0,28383,14076,2166,144
random_n07_06,7,7,min,static,reference,384,random,1204224,22020096,0,0,0,6242304,0,0,0,0,0,0,0,0,0,0,0,0,0,0,0,0,0
random_n07_06,7,7,min,static,reference-proposed,384,random,1204224,0,196608,0,0,0,18816,0,0,0,0,0,0,0,0,0,0,0,0,0,0,0,0
random_n07_06,7,7,max,natural,reference,2176,random,6823936,0,0,0,0,1949696,0,0,0,0,0,0,0,0,0,0,0,0,0,0,0,0,0
random_n07_06,7,7,max,natural,reference-proposed,2176,random,0,0,0,176115,0,4106,0,69921,49963,0,0,0,0,0,0,0,0,0,0,13410,6674,1057,59
random_n07_06,7,7,max,high,reference,2176,random,6823936,0,0,0,0,1949696,0,0,0,0,0,0,0,0,0,0,0,0,0,0,0,0,0
random_n07_06,7,7,max,high,reference-proposed,2176,random,0,0,0,870433,0,4220,0,314619,242437,0,0,0,0,0,0,0,0,0,0,13539,6710,1045,69
random_n07_06,7,7,spectrum,natural,reference,640,random,2007040,36700160,0,0,0,10403840,0,0,0,0,0,0,0,0,0,0,0,0,0,0,0,0,0
random_n07_06,7,7,spectrum,natural,reference-proposed,640,random,0,0,0,940480,0,21586,0,20565,14695,0,0,0,0,0,0,0,0,0,0,70297,35109,5554,297
random_n07_06,7,7,spectrum,high,reference,256,random,802816,14680064,0,0,0,4161536,0,0,0,0,0,0,0,0,0,0,0,0,0,0,0,0,0
random_n07_06,7,7,spectrum,high,reference-proposed,256,random,0,0,0,1825408,0,8413,0,37014,28522,0,0,0,0,0,0,0,0,0,0,28455,14147,2122,115
random_n07_07,7,7,min,static,reference,384,random,1204224,22020096,0,0,0,6242304,0,0,0,0,0,0,0,0,0,0,0,0,0,0,0,0,0
random_n07_07,7,7,min,static,reference-proposed,384,random,1204224,0,147456,0,0,0,18816,0,0,0,0,0,0,0,0,0,0,0,0,0,0,0,0
random_n07_07,7,7,max,natural,reference,2176,random,6823936,0,0,0,0,1949696,0,0,0,0,0,0,0,0,0,0,0,0,0,0,0,0,0
random_n07_07,7,7,max,natural,reference-proposed,2176,random,0,0,0,191197,0,3895,0,71808,54502,0,0,0,0,0,0,0,0,0,0,13300,6666,941,57
random_n07_07,7,7,max,high,reference,2176,random,6823936,0,0,0,0,1949696,0,0,0,0,0,0,0,0,0,0,0,0,0,0,0,0,0
random_n07_07,7,7,max,high,reference-proposed,2176,random,0,0,0,869873,0,4291,0,314619,242437,0,0,0,0,0,0,0,0,0,0,13544,6721,1024,68
random_n07_07,7,7,spectrum,natural,reference,640,random,2007040,36700160,0,0,0,10403840,0,0,0,0,0,0,0,0,0,0,0,0,0,0,0,0,0
random_n07_07,7,7,spectrum,natural,reference-proposed,640,random,0,0,0,1025920,0,20582,0,21120,16030,0,0,0,0,0,0,0,0,0,0,71189,35621,5038,300
random_n07_07,7,7,spectrum,high,reference,256,random,802816,14680064,0,0,0,4161536,0,0,0,0,0,0,0,0,0,0,0,0,0,0,0,0,0
random_n07_07,7,7,spectrum,high,reference-proposed,256,random,0,0,0,1825408,0,8329,0,37014,28522,0,0,0,0,0,0,0,0,0,0,28413,14183,2068,133
random_n07_08,7,7,min,static,reference,384,random,1204224,22020096,0,0,0,6242304,0,0,0,0,0,0,0,0,0,0,0,0,0,0,0,0,0
random_n07_08,7,7,min,static,reference-proposed,384,random,1204224,0,540672,0,0,0,15360,0,0,0,0,0,0,0,0,0,0,0,0,0,0,0,0
random_n07_08,7,7,max,natural,reference,2176,random,6823936,0,0,0,0,1949696,0,0,0,0,0,0,0,0,0,0,0,0,0,0,0,0,0
random_n07_08,7,7,max,natural,reference-proposed,2176,random,0,0,0,191836,0,3980,0,74528,54196,0,0,0,0,0,0,0,0,0,0,13276,6618,982,58
random_n07_08,7,7,max,high,reference,2176,random,6823936,0,0,0,0,1949696,0,0,0,0,0,0,0,0,0,0,0,0,0,0,0,0,0
random_n07_08,7,7,max,high,reference-proposed,2176,random,0,0,0,864726,0,4107,0,314619,242437,0,0,0,0,0,0,0,0,0,0,13538,6723,1006,49
random_n07_08,7,7,spectrum,natural,reference,640,random,2007040,36700160,0,0,0,10403840,0,0,0,0,0,0,0,0,0,0,0,0,0,0,0,0,0
random_n07_08,7,7,spectrum,natural,reference-proposed,640,random,0,0,0,1020160,0,21706,0,21920,15940,0,0,0,0,0,0,0,0,0,0,70745,35231,5402,326
random_n07_08,7,7,spectrum,high,reference,256,random,802816,14680064,0,0,0,4161536,0,0,0,0,0,0,0,0,0,0,0,0,0,0,0,0,0
random_n07_08,7,7,spectrum,high,reference-proposed,256,random,0,0,0,1825408,0,8414,0,37014,28522,0,0,0,0,0,0,0,0,0,0,28362,14152,2114,117
random_n07_09,7,7,min,static,reference,384,random,1204224,22020096,0,0,0,6242304,0,0,0,0,0,0,0,0,0,0,0,0,0,0,0,0,0
random_n07_09,7,7,min,static,reference-proposed,384,random,1204224,0,442368,0,0,0,15360,0,0,0,0,0,0,0,0,0,0,0,0,0,0,0,0
random_n07_09,7,7,max,natural,reference,2176,random,6823936,0,0,0,0,1949696,0,0,0,0,0,0,0,0,0,0,0,0,0,0,0,0,0
random_n07_09,7,7,max,natural,reference-proposed,2176,random,0,0,0,194791,0,3932,0,73100,55590,0,0,0,0,0,0,0,0,0,0,13372,6578,943,76
random_n07_09,7,7,max,high,reference,2176,random,6823936,0,0,0,0,1949696,0,0,0,0,0,0,0,0,0,0,0,0,0,0,0,0,0
random_n07_09,7,7,max,high,reference-proposed,2176,random,0,0,0,837980,0,3746,0,314619,242437,0,0,0,0,0,0,0,0,0,0,13042,6514,948,58
random_n07_09,7,7,spectrum,natural,reference,640,random,2007040,36700160,0,0,0,10403840,0,0,0,0,0,0,0,0,0,0,0,0,0,0,0,0,0
random_n07_09,7,7,spectrum,natural,reference-proposed,640,random,0,0,0,1046400,0,19892,0,21500,16350,0,0,0,0,0,0,0,0,0,0,71937,35710,4918,332
random_n07_09,7,7,spectrum,high,reference,256,random,802816,14680064,0,0,0,4161536,0,0,0,0,0,0,0,0,0,0,0,0,0,0,0,0,0
random_n07_09,7,7,spectrum,high,reference-proposed,256,random,0,0,0,1825408,0,8514,0,37014,28522,0,0,0,0,0,0,0,0,0,0,28387,14114,2133,136
random_n08_00,8,8,min,static,reference,256,random,2097152,67108864,0,0,0,16711680,0,0,0,0,0,0,0,0,0,0,0,0,0,0,0,0,0
random_n08_00,8,8,min,static,reference-proposed,256,random,2097152,0,393216,0,0,0,15104,0,0,0,0,0,0,0,0,0,0,0,0,0,0,0,0
random_n08_00,8,8,max,natural,reference,1664,random,13631488,0,0,0,0,3407872,0,0,0,0,0,0,0,0,0,0,0,0,0,0,0,0,0
random_n08_00,8,8,max,natural,reference-proposed,1664,random,0,0,0,259670,0,2608,0,82758,64506,0,0,0,0,0,0,0,0,0,0,11997,5932,646,26
random_n08_00,8,8,max,high,reference,1280,random,10485760,0,0,0,0,2621440,0,0,0,0,0,0,0,0,0,0,0,0,0,0,0,0,0
random_n08_00,8,8,max,high,reference-proposed,1280,random,0,0,0,1134768,0,2606,0,370140,285220,0,0,0,0,0,0,0,0,0,0,8828,4417,646,22
random_n08_00,8,8,spectrum,natural,reference,256,random,2097152,67108864,0,0,0,16711680,0,0,0,0,0,0,0,0,0,0,0,0,0,0,0,0,0
random_n08_00,8,8,spectrum,natural,reference-proposed,256,random,0,0,0,1270272,0,12639,0,12732,9924,0,0,0,0,0,0,0,0,0,0,59189,29525,3092,151
random_n08_00,8,8,spectrum,high,reference,128,random,1048576,33554432,0,0,0,8355840,0,0,0,0,0,0,0,0,0,0,0,0,0,0,0,0,0
random_n08_00,8,8,spectrum,high,reference-proposed,128,random,0,0,0,3650816,0,8383,0,37014,28522,0,0,0,0,0,0,0,0,0,0,28409,14211,2110,63
random_n08_01,8,8,min,static,reference,256,random,2097152,67108864,0,0,0,16711680,0,0,0,0,0,0,0,0,0,0,0,0,0,0,0,0,0
random_n08_01,8,8,min,static,reference-proposed,256,random,2097152,0,917504,0,0,0,13824,0,0,0,0,0,0,0,0,0,0,0,0,0,0,0,0
random_n08_01,8,8,max,natural,reference,1664,random,13631488,0,0,0,0,3407872,0,0,0,0,0,0,0,0,0,0,0,0,0,0,0,0,0
random_n08_01,8,8,max,natural,reference-proposed,1664,random,0,0,0,253198,0,2492,0,88088,67704,0,0,0,0,0,0,0,0,0,0,11672,5779,616,24
random_n08_01,8,8,max,high,reference,1280,random,10485760,0,0,0,0,2621440,0,0,0,0,0,0,0,0,0,0,0,0,0,0,0,0,0
random_n08_01,8,8,max,high,reference-proposed,1280,random,0,0,0,1111358,0,2586,0,370140,285220,0,0,0,0,0,0,0,0,0,0,8640,4309,676,16
random_n08_01,8,8,spectrum,natural,reference,256,random,2097152,67108864,0,0,0,16711680,0,0,0,0,0,0,0,0,0,0,0,0,0,0,0,0,0
random_n08_01,8,8,spectrum,natural,reference-proposed,256,random,0,0,0,1333248,0,12123,0,13552,10416,0,0,0,0,0,0,0,0,0,0,59026,29541,3127,100
random_n08_01,8,8,spectrum,high,reference,128,random,1048576,33554432,0,0,0,8355840,0,0,0,0,0,0,0,0,0,0,0,0,0,0,0,0,0
random_n08_01,8,8,spectrum,high,reference-proposed,128,random,0,0,0,3650816,0,8238,0,37014,28522,0,0,0,0,0,0,0,0,0,0,28494,14240,2088,58
random_n08_02,8,8,min,static,reference,256,random,2097152,67108864,0,0,0,16711680,0,0,0,0,0,0,0,0,0,0,0,0,0,0,0,0,0
random_n08_02,8,8,min,static,reference-proposed,256,random,2097152,0,851968,0,0,0,15616,0,0,0,0,0,0,0,0,0,0,0,0,0,0,0,0
random_n08_02,8,8,max,natural,reference,1664,random,13631488,0,0,0,0,3407872,0,0,0,0,0,0,0,0,0,0,0,0,0,0,0,0,0
random_n08_02,8,8,max,natural,reference-proposed,1664,random,0,0,0,256904,0,2512,0,80990,63622,0,0,0,0,0,0,0,0,0,0,11984,6027,592,30
random_n08_02,8,8,max,high,reference,1280,random,10485760,0,0,0,0,2621440,0,0,0,0,0,0,0,0,0,0,0,0,0,0,0,0,0
random_n08_02,8,8,max,high,reference-proposed,1280,random,0,0,0,1235140,0,3084,0,370140,285220,0,0,0,0,0,0,0,0,0,0,9657,4758,794,17
random_n08_02,8,8,spectrum,natural,reference,256,random,2097152,67108864,0,0,0,16711680,0,0,0,0,0,0,0,0,0,0,0,0,0,0,0,0,0
random_n08_02,8,8,spectrum,natural,reference-proposed,256,random,0,0,0,1252864,0,12272,0,12460,9788,0,0,0,0,0,0,0,0,0,0,59215,29623,3026,119
random_n08_02,8,8,spectrum,high,reference,128,random,1048576,33554432,0,0,0,8355840,0,0,0,0,0,0,0,0,0,0,0,0,0,0,0,0,0
random_n08_02,8,8,spectrum,high,reference-proposed,128,random,0,0,0,3650816,0,8139,0,37014,28522,0,0,0,0,0,0,0,0,0,0,28340,14246,2086,52
random_n08_03,8,8,min,static,reference,256,random,2097152,67108864,0,0,0,16711680,0,0,0,0,0,0,0,0,0,0,0,0,0,0,0,0,0
random_n08_03,8,8,min,static,reference-proposed,256,random,2097152,0,786432,0,0,0,12800,0,0,0,0,0,0,0,0,0,0,0,0,0,0,0,0
random_n08_03,8,8,max,natural,reference,1664,random,13631488,0,0,0,0,3407872,0,0,0,0,0,0,0,0,0,0,0,0,0,0,0,0,0
random_n08_03,8,8,max,natural,reference-proposed,1664,random,0,0,0,249852,0,2556,0,80366,61594,0,0,0,0,0,0,0,0,0,0,12172,6070,602,41
random_n08_03,8,8,max,high,reference,1280,random,10485760,0,0,0,0,2621440,0,0,0,0,0,0,0,0,0,0,0,0,0,0,0,0,0
random_n08_03,8,8,max,high,reference-proposed,1280,random,0,0,0,1145154,0,2756,0,370140,285220,0,0,0,0,0,0,0,0,0,0,8968,4434,683,22
random_n08_03,8,8,spectrum,natural,reference,256,random,2097152,67108864,0,0,0,16711680,0,0,0,0,0,0,0,0,0,0,0,0,0,0,0,0,0
random_n08_03,8,8,spectrum,natural,reference-proposed,256,random,0,0,0,1212928,0,11905,0,12364,9476,0,0,0,0,0,0,0,0,0,0,59602,29733,2899,135
random_n08_03,8,8,spectrum,high,reference,128,random,1048576,33554432,0,0,0,8355840,0,0,0,0,0,0,0,0,0,0,0,0,0,0,0,0,0
random_n08_03,8,8,spectrum,high,reference-proposed,128,random,0,0,0,3650816,0,9088,0,37014,28522,0,0,0,0,0,0,0,0,0,0,28518,14096,2206,82
random_n08_04,8,8,min,static,reference,256,random,2097152,67108864,0,0,0,16711680,0,0,0,0,0,0,0,0,0,0,0,0,0,0,0,0,0
random_n08_04,8,8,min,static,reference-proposed,256,random,2097152,0,851968,0,0,0,13312,0,0,0,0,0,0,0,0,0,0,0,0,0,0,0,0
random_n08_04,8,8,max,natural,reference,1664,random,13631488,0,0,0,0,3407872,0,0,0,0,0,0,0,0,0,0,0,0,0,0,0,0,0
random_n08_04,8,8,max,natural,reference-proposed,1664,random,0,0,0,223711,0,2997,0,73255,55913,0,0,0,0,0,0,0,0,0,0,12076,6034,752,28
random_n08_04,8,8,max,high,reference,1280,random,10485760,0,0,0,0,2621440,0,0,0,0,0,0,0,0,0,0,0,0,0,0,0,0,0
random_n08_04,8,8,max,high,reference-proposed,1280,random,0,0,0,1165246,0,2726,0,370140,285220,0,0,0,0,0,0,0,0,0,0,9022,4541,665,27
random_n08_04,8,8,spectrum,natural,reference,256,random,2097152,67108864,0,0,0,16711680,0,0,0,0,0,0,0,0,0,0,0,0,0,0,0,0,0
random_n08_04,8,8,spectrum,natural,reference-proposed,256,random,0,0,0,1101056,0,13709,0,11270,8602,0,0,0,0,0,0,0,0,0,0,58284,29160,3486,123
random_n08_04,8,8,spectrum,high,reference,128,random,1048576,33554432,0,0,0,8355840,0,0,0,0,0,0,0,0,0,0,0,0,0,0,0,0,0
random_n08_04,8,8,spectrum,high,reference-proposed,128,random,0,0,0,3650816,0,8526,0,37014,28522,0,0,0,0,0,0,0,0,0,0,28530,14181,2143,60
random_n08_05,8,8,min,static,reference,256,random,2097152,67108864,0,0,0,16711680,0,0,0,0,0,0,0,0,0,0,0,0,0,0,0,0,0
random_n08_05,8,8,min,static,reference-proposed,256,random,2097152,0,589824,0,0,0,13312,0,0,0,0,0,0,0,0,0,0,0,0,0,0,0,0
random_n08_05,8,8,max,natural,reference,1664,random,13631488,0,0,0,0,3407872,0,0,0,0,0,0,0,0,0,0,0,0,0,0,0,0,0
random_n08_05,8,8,max,natural,reference-proposed,1664,random,0,0,0,260730,0,2886,0,84578,65078,0,0,0,0,0,0,0,0,0,0,11952,5911,710,27
random_n08_05,8,8,max,high,reference,1280,random,10485760,0,0,0,0,2621440,0,0,0,0,0,0,0,0,0,0,0,0,0,0,0,0,0
random_n08_05,8,8,max,high,reference-proposed,1280,random,0,0,0,1182564,0,2641,0,370140,285220,0,0,0,0,0,0,0,0,0,0,9207,4638,638,24
random_n08_05,8,8,spectrum,natural,reference,256,random,2097152,67108864,0,0,0,16711680,0,0,0,0,0,0,0,0,0,0,0,0,0,0,0,0,0
random_n08_05,8,8,spectrum,natural,reference-proposed,256,random,0,0,0,1281536,0,13378,0,13012,10012,0,0,0,0,0,0,0,0,0,0,58843,29307,3336,125
random_n08_05,8,8,spectrum,high,reference,128,random,1048576,33554432,0,0,0,8355840,0,0,0,0,0,0,0,0,0,0,0,0,0,0,0,0,0
random_n08_05,8,8,spectrum,high,reference-proposed,128,random,0,0,0,3650816,0,8405,0,37014,28522,0,0,0,0,0,0,0,0,0,0,28381,14223,2086,76
random_n08_06,8,8,min,static,reference,256,random,2097152,67108864,0,0,0,16711680,0,0,0,0,0,0,0,0,0,0,0,0,0,0,0,0,0
random_n08_06,8,8,min,static,reference-proposed,256,random,2097152,0,786432,0,0,0,12288,0,0,0,0,0,0,0,0,0,0,0,0,0,0,0,0
random_n08_06,8,8,max,natural,reference,1664,random,13631488,0,0,0,0,3407872,0,0,0,0,0,0,0,0,0,0,0,0,0,0,0,0,0
random_n08_06,8,8,max,natural,reference-proposed,1664,random,0,0,0,286334,0,2599,0,93015,70577,0,0,0,0,0,0,0,0,0,0,12222,6077,657,29
random_n08_06,8,8,max,high,reference,1280,random,10485760,0,0,0,0,2621440,0,0,0,0,0,0,0,0,0,0,0,0,0,0,0,0,0
random_n08_06,8,8,max,high,reference-proposed,1280,random,0,0,0,1153110,0,2802,0,370140,285220,0,0,0,0,0,0,0,0,0,0,9052,4457,697,23
random_n08_06,8,8,spectrum,natural,reference,256,random,2097152,67108864,0,0,0,16711680,0,0,0,0,0,0,0,0,0,0,0,0,0,0,0,0,0
random_n08_06,8,8,spectrum,natural,reference-proposed,256,random,0,0,0,1389824,0,12479,0,14310,10858,0,0,0,0,0,0,0,0,0,0,59023,29523,3113,132
random_n08_06,8,8,spectrum,high,reference,128,random,1048576,33554432,0,0,0,8355840,0,0,0,0,0,0,0,0,0,0,0,0,0,0,0,0,0
random_n08_06,8,8,spectrum,high,reference-proposed,128,random,0,0,0,3650816,0,8186,0,37014,28522,0,0,0,0,0,0,0,0,0,0,28363,14262,2071,52
random_n08_07,8,8,min,static,reference,256,random,2097152,67108864,0,0,0,16711680,0,0,0,0,0,0,0,0,0,0,0,0,0,0,0,0,0
random_n08_07,8,8,min,static,reference-proposed,256,random,2097152,0,720896,0,0,0,12544,0,0,0,0,0,0,0,0,0,0,0,0,0,0,0,0
random_n08_07,8,8,max,natural,reference,1664,random,13631488,0,0,0,0,3407872,0,0,0,0,0,0,0,0,0,0,0,0,0,0,0,0,0
random_n08_07,8,8,max,natural,reference-proposed,1664,random,0,0,0,247333,0,2828,0,80431,60515,0,0,0,0,0,0,0,0,0,0,12230,6070,701,31
random_n08_07,8,8,max,high,reference,1280,random,10485760,0,0,0,0,2621440,0,0,0,0,0,0,0,0,0,0,0,0,0,0,0,0,0
random_n08_07,8,8,max,high,reference-proposed,1280,random,0,0,0,1171896,0,2728,0,370140,285220,0,0,0,0,0,0,0,0,0,0,9106,4565,691,20
random_n08_07,8,8,spectrum,natural,reference,256,random,2097152,67108864,0,0,0,16711680,0,0,0,0,0,0,0,0,0,0,0,0,0,0,0,0,0
random_n08_07,8,8,spectrum,natural,reference-proposed,256,random,0,0,0,1191680,0,12808,0,12374,9310,0,0,0,0,0,0,0,0,0,0,59032,29439,3187,142
random_n08_07,8,8,spectrum,high,reference,128,random,1048576,33554432,0,0,0,8355840,0,0,0,0,0,0,0,0,0,0,0,0,0,0,0,0,0
random_n08_07,8,8,spectrum,high,reference-proposed,128,random,0,0,0,3650816,0,8536,0,37014,28522,0,0,0,0,0,0,0,0,0,0,28449,14187,2134,63
random_n08_08,8,8,min,static,reference,256,random,2097152,67108864,0,0,0,16711680,0,0,0,0,0,0,0,0,0,0,0,0,0,0,0,0,0
random_n08_08,8,8,min,static,reference-proposed,256,random,2097152,0,851968,0,0,0,13312,0,0,0,0,0,0,0,0,0,0,0,0,0,0,0,0
random_n08_08,8,8,max,natural,reference,1664,random,13631488,0,0,0,0,3407872,0,0,0,0,0,0,0,0,0,0,0,0,0,0,0,0,0
random_n08_08,8,8,max,natural,reference-proposed,1664,random,0,0,0,254441,0,2688,0,82771,63427,0,0,0,0,0,0,0,0,0,0,12043,6019,673,24
random_n08_08,8,8,max,high,reference,1280,random,10485760,0,0,0,0,2621440,0,0,0,0,0,0,0,0,0,0,0,0,0,0,0,0,0
random_n08_08,8,8,max,high,reference-proposed,1280,random,0,0,0,1168494,0,2456,0,370140,285220,0,0,0,0,0,0,0,0,0,0,9095,4584,617,19
random_n08_08,8,8,spectrum,natural,reference,256,random,2097152,67108864,0,0,0,16711680,0,0,0,0,0,0,0,0,0,0,0,0,0,0,0,0,0
random_n08_08,8,8,spectrum,natural,reference-proposed,256,random,0,0,0,1249024,0,12971,0,12734,9758,0,0,0,0,0,0,0,0,0,0,58886,29417,3239,110
random_n08_08,8,8,spectrum,high,reference,128,random,1048576,33554432,0,0,0,8355840,0,0,0,0,0,0,0,0,0,0,0,0,0,0,0,0,0
random_n08_08,8,8,spectrum,high,reference-proposed,128,random,0,0,0,3650816,0,8448,0,37014,28522,0,0,0,0,0,0,0,0,0,0,28362,14222,2096,63
random_n08_09,8,8,min,static,reference,256,random,2097152,67108864,0,0,0,16711680,0,0,0,0,0,0,0,0,0,0,0,0,0,0,0,0,0
random_n08_09,8,8,min,static,reference-proposed,256,random,2097152,0,1048576,0,0,0,14336,0,0,0,0,0,0,0,0,0,0,0,0,0,0,0,0
random_n08_09,8,8,max,natural,reference,1664,random,13631488,0,0,0,0,3407872,0,0,0,0,0,0,0,0,0,0,0,0,0,0,0,0,0
random_n08_09,8,8,max,natural,reference-proposed,1664,random,0,0,0,269948,0,2651,0,87607,66105,0,0,0,0,0,0,0,0,0,0,12339,6161,659,23
random_n08_09,8,8,max,high,reference,1280,random,10485760,0,0,0,0,2621440,0,0,0,0,0,0,0,0,0,0,0,0,0,0,0,0,0
random_n08_09,8,8,max,high,reference-proposed,1280,random,0,0,0,1179592,0,2723,0,370140,285220,0,0,0,0,0,0,0,0,0,0,9173,4607,672,14
random_n08_09,8,8,spectrum,natural,reference,256,random,2097152,67108864,0,0,0,16711680,0,0,0,0,0,0,0,0,0,0,0,0,0,0,0,0,0
random_n08_09,8,8,spectrum,natural,reference-proposed,256,random,0,0,0,1301760,0,12596,0,13478,10170,0,0,0,0,0,0,0,0,0,0,59176,29496,3134,135
random_n08_09,8,8,spectrum,high,reference,128,random,1048576,33554432,0,0,0,8355840,0,0,0,0,0,0,0,0,0,0,0,0,0,0,0,0,0
random_n08_09,8,8,spectrum,high,reference-proposed,128,random,0,0,0,3650816,0,8279,0,37014,28522,0,0,0,0,0,0,0,0,0,0,28433,14228,2083,70
random_n09_00,9,9,min,static,reference,128,random,2654208,150994944,0,0,0,33488896,0,0,0,0,0,0,0,0,0,0,0,0,0,0,0,0,0
random_n09_00,9,9,min,static,reference-proposed,128,random,2654208,0,983040,0,0,0,7680,0,0,0,0,0,0,0,0,0,0,0,0,0,0,0,0
random_n09_00,9,9,max,natural,reference,2688,random,55738368,0,0,0,0,12386304,0,0,0,0,0,0,0,0,0,0,0,0,0,0,0,0,0
random_n09_00,9,9,max,natural,reference-proposed,2688,random,0,0,0,715536,0,3374,0,194649,159117,0,0,0,0,0,0,0,0,0,0,22004,10996,802,32
random_n09_00,9,9,max,high,reference,640,random,13271040,0,0,0,0,2949120,0,0,0,0,0,0,0,0,0,0,0,0,0,0,0,0,0
random_n09_00,9,9,max,high,reference-proposed,640,random,0,0,0,1382104,0,1387,0,370140,285220,0,0,0,0,0,0,0,0,0,0,5387,2743,358,1
random_n09_00,9,9,spectrum,natural,reference,128,random,2654208,150994944,0,0,0,33488896,0,0,0,0,0,0,0,0,0,0,0,0,0,0,0,0,0
random_n09_00,9,9,spectrum,natural,reference-proposed,128,random,0,0,0,1939712,0,9192,0,9269,7577,0,0,0,0,0,0,0,0,0,0,60904,30397,2312,58
random_n09_00,9,9,spectrum,high,reference,128,random,2654208,150994944,0,0,0,33488896,0,0,0,0,0,0,0,0,0,0,0,0,0,0,0,0,0
random_n09_00,9,9,spectrum,high,reference-proposed,128,random,0,0,0,14603264,0,16983,0,74028,57044,0,0,0,0,0,0,0,0,0,0,57063,28453,4254,61
random_n09_01,9,9,min,static,reference,128,random,2654208,150994944,0,0,0,33488896,0,0,0,0,0,0,0,0,0,0,0,0,0,0,0,0,0
random_n09_01,9,9,min,static,reference-proposed,128,random,2654208,0,983040,0,0,0,8064,0,0,0,0,0,0,0,0,0,0,0,0,0,0,0,0
random_n09_01,9,9,max,natural,reference,2688,random,55738368,0,0,0,0,12386304,0,0,0,0,0,0,0,0,0,0,0,0,0,0,0,0,0
random_n09_01,9,9,max,natural,reference-proposed,2688,random,0,0,0,735094,0,3611,0,199626,162414,0,0,0,0,0,0,0,0,0,0,22822,11383,906,25
random_n09_01,9,9,max,high,reference,640,random,13271040,0,0,0,0,2949120,0,0,0,0,0,0,0,0,0,0,0,0,0,0,0,0,0
random_n09_01,9,9,max,high,reference-proposed,640,random,0,0,0,1250196,0,1282,0,370140,285220,0,0,0,0,0,0,0,0,0,0,4880,2453,337,2
random_n09_01,9,9,spectrum,natural,reference,128,random,2654208,150994944,0,0,0,33488896,0,0,0,0,0,0,0,0,0,0,0,0,0,0,0,0,0
random_n09_01,9,9,spectrum,natural,reference-proposed,128,random,0,0,0,1979904,0,9307,0,9506,7734,0,0,0,0,0,0,0,0,0,0,60428,30362,2340,67
random_n09_01,9,9,spectrum,high,reference,128,random,2654208,150994944,0,0,0,33488896,0,0,0,0,0,0,0,0,0,0,0,0,0,0,0,0,0
random_n09_01,9,9,spectrum,high,reference-proposed,128,random,0,0,0,14603264,0,17149,0,74028,57044,0,0,0,0,0,0,0,0,0,0,57005,28405,4304,62
random_n09_02,9,9,min,static,reference,128,random,2654208,150994944,0,0,0,33488896,0,0,0,0,0,0,0,0,0,0,0,0,0,0,0,0,0
random_n09_02,9,9,min,static,reference-proposed,128,random,2654208,0,720896,0,0,0,8960,0,0,0,0,0,0,0,0,0,0,0,0,0,0,0,0
random_n09_02,9,9,max,natural,reference,2688,random,55738368,0,0,0,0,12386304,0,0,0,0,0,0,0,0,0,0,0,0,0,0,0,0,0
random_n09_02,9,9,max,natural,reference-proposed,2688,random,0,0,0,813236,0,3251,0,224490,185808,0,0,0,0,0,0,0,0,0,0,21962,11027,832,17
random_n09_02,9,9,max,high,reference,640,random,13271040,0,0,0,0,2949120,0,0,0,0,0,0,0,0,0,0,0,0,0,0,0,0,0
random_n09_02,9,9,max,high,reference-proposed,640,random,0,0,0,1279948,0,1551,0,370140,285220,0,0,0,0,0,0,0,0,0,0,5004,2464,381,17
random_n09_02,9,9,spectrum,natural,reference,128,random,2654208,150994944,0,0,0,33488896,0,0,0,0,0,0,0,0,0,0,0,0,0,0,0,0,0
random_n09_02,9,9,spectrum,natural,reference-proposed,128,random,0,0,0,2265088,0,9741,0,10690,8848,0,0,0,0,0,0,0,0,0,0,60666,30304,2394,69
random_n09_02,9,9,spectrum,high,reference,128,random,2654208,150994944,0,0,0,33488896,0,0,0,0,0,0,0,0,0,0,0,0,0,0,0,0,0
random_n09_02,9,9,spectrum,high,reference-proposed,128,random,0,0,0,14603264,0,16517,0,74028,57044,0,0,0,0,0,0,0,0,0,0,56750,28486,4212,69
random_n09_03,9,9,min,static,reference,128,random,2654208,150994944,0,0,0,33488896,0,0,0,0,0,0,0,0,0,0,0,0,0,0,0,0,0
random_n09_03,9,9,min,static,reference-proposed,128,random,2654208,0,917504,0,0,0,7808,0,0,0,0,0,0,0,0,0,0,0,0,0,0,0,0
random_n09_03,9,9,max,natural,reference,2688,random,55738368,0,0,0,0,12386304,0,0,0,0,0,0,0,0,0,0,0,0,0,0,0,0,0
random_n09_03,9,9,max,natural,reference-proposed,2688,random,0,0,0,817162,0,4167,0,225246,175686,0,0,0,0,0,0,0,0,0,0,22928,11469,1046,27
random_n09_03,9,9,max,high,reference,640,random,13271040,0,0,0,0,2949120,0,0,0,0,0,0,0,0,0,0,0,0,0,0,0,0,0
random_n09_03,9,9,max,high,reference-proposed,640,random,0,0,0,1334952,0,1560,0,370140,285220,0,0,0,0,0,0,0,0,0,0,5179,2589,379,14
random_n09_03,9,9,spectrum,natural,reference,128,random,2654208,150994944,0,0,0,33488896,0,0,0,0,0,0,0,0,0,0,0,0,0,0,0,0,0
random_n09_03,9,9,spectrum,natural,reference-proposed,128,random,0,0,0,2141696,0,11134,0,10726,8366,0,0,0,0,0,0,0,0,0,0,59832,29895,2809,67
random_n09_03,9,9,spectrum,high,reference,128,random,2654208,150994944,0,0,0,33488896,0,0,0,0,0,0,0,0,0,0,0,0,0,0,0,0,0
random_n09_03,9,9,spectrum,high,reference-proposed,128,random,0,0,0,14603264,0,16842,0,74028,57044,0,0,0,0,0,0,0,0,0,0,57061,28503,4210,56
random_n09_04,9,9,min,static,reference,128,random,2654208,150994944,0,0,0,33488896,0,0,0,0,0,0,0,0,0,0,0,0,0,0,0,0,0
random_n09_04,9,9,min,static,reference-proposed,128,random,2654208,0,1245184,0,0,0,7808,0,0,0,0,0,0,0,0,0,0,0,0,0,0,0,0
random_n09_04,9,9,max,natural,reference,2688,random,55738368,0,0,0,0,12386304,0,0,0,0,0,0,0,0,0,0,0,0,0,0,0,0,0
random_n09_04,9,9,max,natural,reference-proposed,2688,random,0,0,0,851766,0,4071,0,227346,184674,0,0,0,0,0,0,0,0,0,0,22827,11365,936,30
random_n09_04,9,9,max,high,reference,640,random,13271040,0,0,0,0,2949120,0,0,0,0,0,0,0,0,0,0,0,0,0,0,0,0,0
random_n09_04,9,9,max,high,reference-proposed,640,random,0,0,0,1252508,0,1506,0,370140,285220,0,0,0,0,0,0,0,0,0,0,4866,2414,390,7
random_n09_04,9,9,spectrum,natural,reference,128,random,2654208,150994944,0,0,0,33488896,0,0,0,0,0,0,0,0,0,0,0,0,0,0,0,0,0
random_n09_04,9,9,spectrum,natural,reference-proposed,128,random,0,0,0,2251264,0,9236,0,10826,8794,0,0,0,0,0,0,0,0,0,0,60770,30375,2327,66
random_n09_04,9,9,spectrum,high,reference,128,random,2654208,150994944,0,0,0,33488896,0,0,0,0,0,0,0,0,0,0,0,0,0,0,0,0,0
random_n09_04,9,9,spectrum,high,reference-proposed,128,random,0,0,0,14603264,0,16804,0,74028,57044,0,0,0,0,0,0,0,0,0,0,57011,28471,4232,67
random_n09_05,9,9,min,static,reference,128,random,2654208,150994944,0,0,0,33488896,0,0,0,0,0,0,0,0,0,0,0,0,0,0,0,0,0
random_n09_05,9,9,min,static,reference-proposed,128,random,2654208,0,1114112,0,0,0,8064,0,0,0,0,0,0,0,0,0,0,0,0,0,0,0,0
random_n09_05,9,9,max,natural,reference,2688,random,55738368,0,0,0,0,12386304,0,0,0,0,0,0,0,0,0,0,0,0,0,0,0,0,0
random_n09_05,9,9,max,natural,reference-proposed,2688,random,0,0,0,868886,0,4185,0,226422,179466,0,0,0,0,0,0,0,0,0,0,23707,11846,1034,27
random_n09_05,9,9,max,high,reference,640,random,13271040,0,0,0,0,2949120,0,0,0,0,0,0,0,0,0,0,0,0,0,0,0,0,0
random_n09_05,9,9,max,high,reference-proposed,640,random,0,0,0,1328548,0,1503,0,370140,285220,0,0,0,0,0,0,0,0,0,0,5184,2606,368,0
random_n09_05,9,9,spectrum,natural,reference,128,random,2654208,150994944,0,0,0,33488896,0,0,0,0,0,0,0,0,0,0,0,0,0,0,0,0,0
random_n09_05,9,9,spectrum,natural,reference-proposed,128,random,0,0,0,2187776,0,10188,0,10782,8546,0,0,0,0,0,0,0,0,0,0,60080,30114,2598,55
random_n09_05,9,9,spectrum,high,reference,128,random,2654208,150994944,0,0,0,33488896,0,0,0,0,0,0,0,0,0,0,0,0,0,0,0,0,0
random_n09_05,9,9,spectrum,high,reference-proposed,128,random,0,0,0,14603264,0,16751,0,74028,57044,0,0,0,0,0,0,0,0,0,0,56970,28488,4222,58
random_n09_06,9,9,min,static,reference,128,random,2654208,150994944,0,0,0,33488896,0,0,0,0,0,0,0,0,0,0,0,0,0,0,0,0,0
random_n09_06,9,9,min,static,reference-proposed,128,random,2654208,0,1048576,0,0,0,7552,0,0,0,0,0,0,0,0,0,0,0,0,0,0,0,0
random_n09_06,9,9,max,natural,reference,2688,random,55738368,0,0,0,0,12386304,0,0,0,0,0,0,0,0,0,0,0,0,0,0,0,0,0
random_n09_06,9,9,max,natural,reference-proposed,2688,random,0,0,0,668528,0,4194,0,183246,143976,0,0,0,0,0,0,0,0,0,0,21897,10907,1074,29
random_n09_06,9,9,max,high,reference,640,random,13271040,0,0,0,0,2949120,0,0,0,0,0,0,0,0,0,0,0,0,0,0,0,0,0
random_n09_06,9,9,max,high,reference-proposed,640,random,0,0,0,1289796,0,1667,0,370140,285220,0,0,0,0,0,0,0,0,0,0,5007,2501,397,5
random_n09_06,9,9,spectrum,natural,reference,128,random,2654208,150994944,0,0,0,33488896,0,0,0,0,0,0,0,0,0,0,0,0,0,0,0,0,0
random_n09_06,9,9,spectrum,natural,reference-proposed,128,random,0,0,0,1755136,0,11202,0,8726,6856,0,0,0,0,0,0,0,0,0,0,59555,29811,2888,70
random_n09_06,9,9,spectrum,high,reference,128,random,2654208,150994944,0,0,0,33488896,0,0,0,0,0,0,0,0,0,0,0,0,0,0,0,0,0
random_n09_06,9,9,spectrum,high,reference-proposed,128,random,0,0,0,14603264,0,16612,0,74028,57044,0,0,0,0,0,0,0,0,0,0,57013,28495,4218,56
random_n09_07,9,9,min,static,reference,128,random,2654208,150994944,0,0,0,33488896,0,0,0,0,0,0,0,0,0,0,0,0,0,0,0,0,0
random_n09_07,9,9,min,static,reference-proposed,128,random,2654208,0,1048576,0,0,0,8576,0,0,0,0,0,0,0,0,0,0,0,0,0,0,0,0
random_n09_07,9,9,max,natural,reference,2688,random,55738368,0,0,0,0,12386304,0,0,0,0,0,0,0,0,0,0,0,0,0,0,0,0,0
random_n09_07,9,9,max,natural,reference-proposed,2688,random,0,0,0,801229,0,3340,0,211428,176568,0,0,0,0,0,0,0,0,0,0,22348,11206,855,23
random_n09_07,9,9,max,high,reference,640,random,13271040,0,0,0,0,2949120,0,0,0,0,0,0,0,0,0,0,0,0,0,0,0,0,0
random_n09_07,9,9,max,high,reference-proposed,640,random,0,0,0,1265816,0,1388,0,370140,285220,0,0,0,0,0,0,0,0,0,0,4931,2493,351,1
random_n09_07,9,9,spectrum,natural,reference,128,random,2654208,150994944,0,0,0,33488896,0,0,0,0,0,0,0,0,0,0,0,0,0,0,0,0,0
random_n09_07,9,9,spectrum,natural,reference-proposed,128,random,0,0,0,2152448,0,9417,0,10068,8408,0,0,0,0,0,0,0,0,0,0,60874,30335,2368,65
random_n09_07,9,9,spectrum,high,reference,128,random,2654208,150994944,0,0,0,33488896,0,0,0,0,0,0,0,0,0,0,0,0,0,0,0,0,0
random_n09_07,9,9,spectrum,high,reference-proposed,128,random,0,0,0,14603264,0,16694,0,74028,57044,0,0,0,0,0,0,0,0,0,0,57014,28472,4242,54
random_n09_08,9,9,min,static,reference,128,random,2654208,150994944,0,0,0,33488896,0,0,0,0,0,0,0,0,0,0,0,0,0,0,0,0,0
random_n09_08,9,9,min,static,reference-proposed,128,random,2654208,0,983040,0,0,0,7296,0,0,0,0,0,0,0,0,0,0,0,0,0,0,0,0
random_n09_08,9,9,max,natural,reference,2688,random,55738368,0,0,0,0,12386304,0,0,0,0,0,0,0,0,0,0,0,0,0,0,0,0,0
random_n09_08,9,9,max,natural,reference-proposed,2688,random,0,0,0,756650,0,3085,0,200844,164010,0,0,0,0,0,0,0,0,0,0,23518,11681,769,14
random_n09_08,9,9,max,high,reference,640,random,13271040,0,0,0,0,2949120,0,0,0,0,0,0,0,0,0,0,0,0,0,0,0,0,0
random_n09_08,9,9,max,high,reference-proposed,640,random,0,0,0,1232644,0,1496,0,370140,285220,0,0,0,0,0,0,0,0,0,0,4866,2406,358,4
random_n09_08,9,9,spectrum,natural,reference,128,random,2654208,150994944,0,0,0,33488896,0,0,0,0,0,0,0,0,0,0,0,0,0,0,0,0,0
random_n09_08,9,9,spectrum,natural,reference-proposed,128,random,0,0,0,1999360,0,8007,0,9564,7810,0,0,0,0,0,0,0,0,0,0,61593,30793,1904,70
random_n09_08,9,9,spectrum,high,reference,128,random,2654208,150994944,0,0,0,33488896,0,0,0,0,0,0,0,0,0,0,0,0,0,0,0,0,0
random_n09_08,9,9,spectrum,high,reference-proposed,128,random,0,0,0,14603264,0,16734,0,74028,57044,0,0,0,0,0,0,0,0,0,0,56913,28467,4250,51
random_n09_09,9,9,min,static,reference,128,random,2654208,150994944,0,0,0,33488896,0,0,0,0,0,0,0,0,0,0,0,0,0,0,0,0,0
random_n09_09,9,9,min,static,reference-proposed,128,random,2654208,0,851968,0,0,0,7680,0,0,0,0,0,0,0,0,0,0,0,0,0,0,0,0
random_n09_09,9,9,max,natural,reference,2688,random,55738368,0,0,0,0,12386304,0,0,0,0,0,0,0,0,0,0,0,0,0,0,0,0,0
random_n09_09,9,9,max,natural,reference-proposed,2688,random,0,0,0,804501,0,3488,0,217434,177744,0,0,0,0,0,0,0,0,0,0,22733,11264,883,17
random_n09_09,9,9,max,high,reference,640,random,13271040,0,0,0,0,2949120,0,0,0,0,0,0,0,0,0,0,0,0,0,0,0,0,0
random_n09_09,9,9,max,high,reference-proposed,640,random,0,0,0,1283616,0,1449,0,370140,285220,0,0,0,0,0,0,0,0,0,0,4968,2493,380,4
random_n09_09,9,9,spectrum,natural,reference,128,random,2654208,150994944,0,0,0,33488896,0,0,0,0,0,0,0,0,0,0,0,0,0,0,0,0,0
random_n09_09,9,9,spectrum,natural,reference-proposed,128,random,0,0,0,2166784,0,9414,0,10354,8464,0,0,0,0,0,0,0,0,0,0,60874,30359,2335,75
random_n09_09,9,9,spectrum,high,reference,128,random,2654208,150994944,0,0,0,33488896,0,0,0,0,0,0,0,0,0,0,0,0,0,0,0,0,0
random_n09_09,9,9,spectrum,high,reference-proposed,128,random,0,0,0,14603264,0,16616,0,74028,57044,0,0,0,0,0,0,0,0,0,0,56980,28474,4222,73
random_n10_00,10,10,min,static,reference,128,random,6553600,671088640,0,0,0,134086656,0,0,0,0,0,0,0,0,0,0,0,0,0,0,0,0,0
random_n10_00,10,10,min,static,reference-proposed,128,random,6553600,0,2490368,0,0,0,9472,0,0,0,0,0,0,0,0,0,0,0,0,0,0,0,0
random_n10_00,10,10,max,natural,reference,2048,random,104857600,0,0,0,0,20971520,0,0,0,0,0,0,0,0,0,0,0,0,0,0,0,0,0
random_n10_00,10,10,max,natural,reference-proposed,2048,random,0,0,0,906786,0,2232,0,214304,177216,0,0,0,0,0,0,0,0,0,0,19759,9962,594,9
random_n10_00,10,10,max,high,reference,256,random,13107200,0,0,0,0,2621440,0,0,0,0,0,0,0,0,0,0,0,0,0,0,0,0,0
random_n10_00,10,10,max,high,reference-proposed,256,random,0,0,0,1177928,0,659,0,296112,228176,0,0,0,0,0,0,0,0,0,0,2297,1156,166,0
random_n10_00,10,10,spectrum,natural,reference,128,random,6553600,671088640,0,0,0,134086656,0,0,0,0,0,0,0,0,0,0,0,0,0,0,0,0,0
random_n10_00,10,10,spectrum,natural,reference-proposed,128,random,0,0,0,5670912,0,15743,0,13394,11076,0,0,0,0,0,0,0,0,0,0,123062,61558,3916,62
random_n10_00,10,10,spectrum,high,reference,128,random,6553600,671088640,0,0,0,134086656,0,0,0,0,0,0,0,0,0,0,0,0,0,0,0,0,0
random_n10_00,10,10,spectrum,high,reference-proposed,128,random,0,0,0,58413056,0,33435,0,148056,114088,0,0,0,0,0,0,0,0,0,0,113996,57000,8476,59
random_n10_01,10,10,min,static,reference,128,random,6553600,671088640,0,0,0,134086656,0,0,0,0,0,0,0,0,0,0,0,0,0,0,0,0,0
random_n10_01,10,10,min,static,reference-proposed,128,random,6553600,0,1966080,0,0,0,10240,0,0,0,0,0,0,0,0,0,0,0,0,0,0,0,0
random_n10_01,10,10,max,natural,reference,2048,random,104857600,0,0,0,0,20971520,0,0,0,0,0,0,0,0,0,0,0,0,0,0,0,0,0
random_n10_01,10,10,max,natural,reference-proposed,2048,random,0,0,0,947680,0,2564,0,218176,181312,0,0,0,0,0,0,0,0,0,0,19442,9636,689,5
random_n10_01,10,10,max,high,reference,256,random,13107200,0,0,0,0,2621440,0,0,0,0,0,0,0,0,0,0,0,0,0,0,0,0,0
random_n10_01,10,10,max,high,reference-proposed,256,random,0,0,0,1206208,0,717,0,296112,228176,0,0,0,0,0,0,0,0,0,0,2373,1169,187,0
random_n10_01,10,10,spectrum,natural,reference,128,random,6553600,671088640,0,0,0,134086656,0,0,0,0,0,0,0,0,0,0,0,0,0,0,0,0,0
random_n10_01,10,10,spectrum,natural,reference-proposed,128,random,0,0,0,5801984,0,16362,0,13636,11332,0,0,0,0,0,0,0,0,0,0,122818,61238,4212,86
random_n10_01,10,10,spectrum,high,reference,128,random,6553600,671088640,0,0,0,134086656,0,0,0,0,0,0,0,0,0,0,0,0,0,0,0,0,0
random_n10_01,10,10,spectrum,high,reference-proposed,128,random,0,0,0,58413056,0,33810,0,148056,114088,0,0,0,0,0,0,0,0,0,0,114022,56962,8508,66
random_n10_02,10,10,min,static,reference,128,random,6553600,671088640,0,0,0,134086656,0,0,0,0,0,0,0,0,0,0,0,0,0,0,0,0,0
random_n10_02,10,10,min,static,reference-proposed,128,random,6553600,0,3407872,0,0,0,8960,0,0,0,0,0,0,0,0,0,0,0,0,0,0,0,0
random_n10_02,10,10,max,natural,reference,2048,random,104857600,0,0,0,0,20971520,0,0,0,0,0,0,0,0,0,0,0,0,0,0,0,0,0
random_n10_02,10,10,max,natural,reference-proposed,2048,random,0,0,0,1025506,0,2228,0,258336,214656,0,0,0,0,0,0,0,0,0,0,19469,9723,549,8
random_n10_02,10,10,max,high,reference,256,random,13107200,0,0,0,0,2621440,0,0,0,0,0,0,0,0,0,0,0,0,0,0,0,0,0
random_n10_02,10,10,max,high,reference-proposed,256,random,0,0,0,1179440,0,672,0,296112,228176,0,0,0,0,0,0,0,0,0,0,2311,1150,175,4
random_n10_02,10,10,spectrum,natural,reference,128,random,6553600,671088640,0,0,0,134086656,0,0,0,0,0,0,0,0,0,0,0,0,0,0,0,0,0
random_n10_02,10,10,spectrum,natural,reference-proposed,128,random,0,0,0,6868992,0,15620,0,16146,13416,0,0,0,0,0,0,0,0,0,0,123640,61703,3757,77
random_n10_02,10,10,spectrum,high,reference,128,random,6553600,671088640,0,0,0,134086656,0,0,0,0,0,0,0,0,0,0,0,0,0,0,0,0,0
random_n10_02,10,10,spectrum,high,reference-proposed,128,random,0,0,0,58413056,0,34159,0,148056,114088,0,0,0,0,0,0,0,0,0,0,113797,56873,8596,70
random_n10_03,10,10,min,static,reference,128,random,6553600,671088640,0,0,0,134086656,0,0,0,0,0,0,0,0,0,0,0,0,0,0,0,0,0
random_n10_03,10,10,min,static,reference-proposed,128,random,6553600,0,3145728,0,0,0,9344,0,0,0,0,0,0,0,0,0,0,0,0,0,0,0,0
random_n10_03,10,10,max,natural,reference,2048,random,104857600,0,0,0,0,20971520,0,0,0,0,0,0,0,0,0,0,0,0,0,0,0,0,0
random_n10_03,10,10,max,natural,reference-proposed,2048,random,0,0,0,992008,0,2346,0,230720,192928,0,0,0,0,0,0,0,0,0,0,19878,10021,567,10
random_n10_03,10,10,max,high,reference,256,random,13107200,0,0,0,0,2621440,0,0,0,0,0,0,0,0,0,0,0,0,0,0,0,0,0
random_n10_03,10,10,max,high,reference-proposed,256,random,0,0,0,1138008,0,691,0,296112,228176,0,0,0,0,0,0,0,0,0,0,2214,1107,168,2
random_n10_03,10,10,spectrum,natural,reference,128,random,6553600,671088640,0,0,0,134086656,0,0,0,0,0,0,0,0,0,0,0,0,0,0,0,0,0
random_n10_03,10,10,spectrum,natural,reference-proposed,128,random,0,0,0,6173696,0,14483,0,14420,12058,0,0,0,0,0,0,0,0,0,0,123846,61916,3566,54
random_n10_03,10,10,spectrum,high,reference,128,random,6553600,671088640,0,0,0,134086656,0,0,0,0,0,0,0,0,0,0,0,0,0,0,0,0,0
random_n10_03,10,10,spectrum,high,reference-proposed,128,random,0,0,0,58413056,0,33718,0,148056,114088,0,0,0,0,0,0,0,0,0,0,114050,56958,8508,69
random_n10_04,10,10,min,static,reference,128,random,6553600,671088640,0,0,0,134086656,0,0,0,0,0,0,0,0,0,0,0,0,0,0,0,0,0
random_n10_04,10,10,min,static,reference-proposed,128,random,6553600,0,2621440,0,0,0,10368,0,0,0,0,0,0,0,0,0,0,0,0,0,0,0,0
random_n10_04,10,10,max,natural,reference,2048,random,104857600,0,0,0,0,20971520,0,0,0,0,0,0,0,0,0,0,0,0,0,0,0,0,0
random_n10_04,10,10,max,natural,reference-proposed,2048,random,0,0,0,842540,0,2293,0,191536,163536,0,0,0,0,0,0,0,0,0,0,19503,9678,534,16
random_n10_04,10,10,max,high,reference,256,random,13107200,0,0,0,0,2621440,0,0,0,0,0,0,0,0,0,0,0,0,0,0,0,0,0
random_n10_04,10,10,max,high,reference-proposed,256,random,0,0,0,1116784,0,574,0,296112,228176,0,0,0,0,0,0,0,0,0,0,2194,1091,159,0
random_n10_04,10,10,spectrum,natural,reference,128,random,6553600,671088640,0,0,0,134086656,0,0,0,0,0,0,0,0,0,0,0,0,0,0,0,0,0
random_n10_04,10,10,spectrum,natural,reference-proposed,128,random,0,0,0,5233152,0,13327,0,11971,10221,0,0,0,0,0,0,0,0,0,0,124672,62288,3176,72
random_n10_04,10,10,spectrum,high,reference,128,random,6553600,671088640,0,0,0,134086656,0,0,0,0,0,0,0,0,0,0,0,0,0,0,0,0,0
random_n10_04,10,10,spectrum,high,reference-proposed,128,random,0,0,0,58413056,0,33477,0,148056,114088,0,0,0,0,0,0,0,0,0,0,114028,57012,8464,60
random_n10_05,10,10,min,static,reference,128,random,6553600,671088640,0,0,0,134086656,0,0,0,0,0,0,0,0,0,0,0,0,0,0,0,0,0
random_n10_05,10,10,min,static,reference-proposed,128,random,6553600,0,1835008,0,0,0,9984,0,0,0,0,0,0,0,0,0,0,0,0,0,0,0,0
random_n10_05,10,10,max,natural,reference,2048,random,104857600,0,0,0,0,20971520,0,0,0,0,0,0,0,0,0,0,0,0,0,0,0,0,0
random_n10_05,10,10,max,natural,reference-proposed,2048,random,0,0,0,966860,0,2330,0,245632,203424,0,0,0,0,0,0,0,0,0,0,18785,9370,597,12
random_n10_05,10,10,max,high,reference,256,random,13107200,0,0,0,0,2621440,0,0,0,0,0,0,0,0,0,0,0,0,0,0,0,0,0
random_n10_05,10,10,max,high,reference-proposed,256,random,0,0,0,1120840,0,665,0,296112,228176,0,0,0,0,0,0,0,0,0,0,2205,1090,171,0
random_n10_05,10,10,spectrum,natural,reference,128,random,6553600,671088640,0,0,0,134086656,0,0,0,0,0,0,0,0,0,0,0,0,0,0,0,0,0
random_n10_05,10,10,spectrum,natural,reference-proposed,128,random,0,0,0,6509568,0,15184,0,15352,12714,0,0,0,0,0,0,0,0,0,0,123577,61569,3900,66
random_n10_05,10,10,spectrum,high,reference,128,random,6553600,671088640,0,0,0,134086656,0,0,0,0,0,0,0,0,0,0,0,0,0,0,0,0,0
random_n10_05,10,10,spectrum,high,reference-proposed,128,random,0,0,0,58413056,0,34047,0,148056,114088,0,0,0,0,0,0,0,0,0,0,114283,57019,8456,61
random_n10_06,10,10,min,static,reference,128,random,6553600,671088640,0,0,0,134086656,0,0,0,0,0,0,0,0,0,0,0,0,0,0,0,0,0
random_n10_06,10,10,min,static,reference-proposed,128,random,6553600,0,1966080,0,0,0,9600,0,0,0,0,0,0,0,0,0,0,0,0,0,0,0,0
random_n10_06,10,10,max,natural,reference,2048,random,104857600,0,0,0,0,20971520,0,0,0,0,0,0,0,0,0,0,0,0,0,0,0,0,0
random_n10_06,10,10,max,natural,reference-proposed,2048,random,0,0,0,939948,0,1541,0,213664,183392,0,0,0,0,0,0,0,0,0,0,19836,9960,390,7
random_n10_06,10,10,max,high,reference,256,random,13107200,0,0,0,0,2621440,0,0,0,0,0,0,0,0,0,0,0,0,0,0,0,0,0
random_n10_06,10,10,max,high,reference-proposed,256,random,0,0,0,1102384,0,717,0,296112,228176,0,0,0,0,0,0,0,0,0,0,2149,1072,173,0
random_n10_06,10,10,spectrum,natural,reference,128,random,6553600,671088640,0,0,0,134086656,0,0,0,0,0,0,0,0,0,0,0,0,0,0,0,0,0
random_n10_06,10,10,spectrum,natural,reference-proposed,128,random,0,0,0,5868544,0,10813,0,13354,11462,0,0,0,0,0,0,0,0,0,0,125666,62912,2576,49
random_n10_06,10,10,spectrum,high,reference,128,random,6553600,671088640,0,0,0,134086656,0,0,0,0,0,0,0,0,0,0,0,0,0,0,0,0,0
random_n10_06,10,10,spectrum,high,reference-proposed,128,random,0,0,0,58413056,0,33735,0,148056,114088,0,0,0,0,0,0,0,0,0,0,114017,56989,8476,71
random_n10_07,10,10,min,static,reference,128,random,6553600,671088640,0,0,0,134086656,0,0,0,0,0,0,0,0,0,0,0,0,0,0,0,0,0
random_n10_07,10,10,min,static,reference-proposed,128,random,6553600,0,2621440,0,0,0,8960,0,0,0,0,0,0,0,0,0,0,0,0,0,0,0,0
random_n10_07,10,10,max,natural,reference,2048,random,104857600,0,0,0,0,20971520,0,0,0,0,0,0,0,0,0,0,0,0,0,0,0,0,0
random_n10_07,10,10,max,natural,reference-proposed,2048,random,0,0,0,1278440,0,2377,0,295488,247488,0,0,0,0,0,0,0,0,0,0,19865,9960,595,10
random_n10_07,10,10,max,high,reference,256,random,13107200,0,0,0,0,2621440,0,0,0,0,0,0,0,0,0,0,0,0,0,0,0,0,0
random_n10_07,10,10,max,high,reference-proposed,256,random,0,0,0,1145736,0,635,0,296112,228176,0,0,0,0,0,0,0,0,0,0,2233,1113,169,1
random_n10_07,10,10,spectrum,natural,reference,128,random,6553600,671088640,0,0,0,134086656,0,0,0,0,0,0,0,0,0,0,0,0,0,0,0,0,0
random_n10_07,10,10,spectrum,natural,reference-proposed,128,random,0,0,0,7919616,0,15331,0,18468,15468,0,0,0,0,0,0,0,0,0,0,123509,61668,3805,63
random_n10_07,10,10,spectrum,high,reference,128,random,6553600,671088640,0,0,0,134086656,0,0,0,0,0,0,0,0,0,0,0,0,0,0,0,0,0
random_n10_07,10,10,spectrum,high,reference-proposed,128,random,0,0,0,58413056,0,33673,0,148056,114088,0,0,0,0,0,0,0,0,0,0,114012,56968,8492,77
random_n10_08,10,10,min,static,reference,128,random,6553600,671088640,0,0,0,134086656,0,0,0,0,0,0,0,0,0,0,0,0,0,0,0,0,0
random_n10_08,10,10,min,static,reference-proposed,128,random,6553600,0,2359296,0,0,0,10496,0,0,0,0,0,0,0,0,0,0,0,0,0,0,0,0
random_n10_08,10,10,max,natural,reference,2048,random,104857600,0,0,0,0,20971520,0,0,0,0,0,0,0,0,0,0,0,0,0,0,0,0,0
random_n10_08,10,10,max,natural,reference-proposed,2048,random,0,0,0,909648,0,2111,0,215120,181456,0,0,0,0,0,0,0,0,0,0,18914,9437,540,11
random_n10_08,10,10,max,high,reference,256,random,13107200,0,0,0,0,2621440,0,0,0,0,0,0,0,0,0,0,0,0,0,0,0,0,0
random_n10_08,10,10,max,high,reference-proposed,256,random,0,0,0,1114936,0,633,0,296112,228176,0,0,0,0,0,0,0,0,0,0,2225,1077,171,0
random_n10_08,10,10,spectrum,natural,reference,128,random,6553600,671088640,0,0,0,134086656,0,0,0,0,0,0,0,0,0,0,0,0,0,0,0,0,0
random_n10_08,10,10,spectrum,natural,reference-proposed,128,random,0,0,0,5806592,0,14373,0,13445,11341,0,0,0,0,0,0,0,0,0,0,123665,61725,3744,67
random_n10_08,10,10,spectrum,high,reference,128,random,6553600,671088640,0,0,0,134086656,0,0,0,0,0,0,0,0,0,0,0,0,0,0,0,0,0
random_n10_08,10,10,spectrum,high,reference-proposed,128,random,0,0,0,58413056,0,33210,0,148056,114088,0,0,0,0,0,0,0,0,0,0,114024,57012,8460,62
random_n10_09,10,10,min,static,reference,128,random,6553600,671088640,0,0,0,134086656,0,0,0,0,0,0,0,0,0,0,0,0,0,0,0,0,0
random_n10_09,10,10,min,static,reference-proposed,128,random,6553600,0,3276800,0,0,0,8960,0,0,0,0,0,0,0,0,0,0,0,0,0,0,0,0
random_n10_09,10,10,max,natural,reference,2048,random,104857600,0,0,0,0,20971520,0,0,0,0,0,0,0,0,0,0,0,0,0,0,0,0,0
random_n10_09,10,10,max,natural,reference-proposed,2048,random,0,0,0,931398,0,2061,0,223776,186848,0,0,0,0,0,0,0,0,0,0,19189,9648,472,10
random_n10_09,10,10,max,high,reference,256,random,13107200,0,0,0,0,2621440,0,0,0,0,0,0,0,0,0,0,0,0,0,0,0,0,0
random_n10_09,10,10,max,high,reference-proposed,256,random,0,0,0,1100672,0,764,0,296112,228176,0,0,0,0,0,0,0,0,0,0,2176,1043,191,3
random_n10_09,10,10,spectrum,natural,reference,128,random,6553600,671088640,0,0,0,134086656,0,0,0,0,0,0,0,0,0,0,0,0,0,0,0,0,0
random_n10_09,10,10,spectrum,natural,reference-proposed,128,random,0,0,0,5979136,0,14021,0,13986,11678,0,0,0,0,0,0,0,0,0,0,124402,62166,3292,79
random_n10_09,10,10,spectrum,high,reference,128,random,6553600,671088640,0,0,0,134086656,0,0,0,0,0,0,0,0,0,0,0,0,0,0,0,0,0
random_n10_09,10,10,spectrum,high,reference-proposed,128,random,0,0,0,58413056,0,33833,0,148056,114088,0,0,0,0,0,0,0,0,0,0,114035,56991,8492,53
random_n11_00,11,11,min,static,reference,32,random,3964928,738197504,0,0,0,134152192,0,0,0,0,0,0,0,0,0,0,0,0,0,0,0,0,0
random_n11_00,11,11,min,static,reference-proposed,32,random,3964928,0,1376256,0,0,0,2912,0,0,0,0,0,0,0,0,0,0,0,0,0,0,0,0
random_n11_00,11,11,max,natural,reference,1312,random,162562048,0,0,0,0,29556736,0,0,0,0,0,0,0,0,0,0,0,0,0,0,0,0,0
random_n11_00,11,11,max,natural,reference-proposed,1312,random,0,0,0,1035860,0,671,0,221646,201064,0,0,0,0,0,0,0,0,0,0,12611,6282,154,0
random_n11_00,11,11,max,high,reference,192,random,23789568,0,0,0,0,4325376,0,0,0,0,0,0,0,0,0,0,0,0,0,0,0,0,0
random_n11_00,11,11,max,high,reference-proposed,192,random,0,0,0,1641280,0,924,0,480384,306048,0,0,0,0,0,0,0,0,0,0,1599,788,238,0
random_n11_00,11,11,spectrum,natural,reference,32,random,3964928,738197504,0,0,0,134152192,0,0,0,0,0,0,0,0,0,0,0,0,0,0,0,0,0
random_n11_00,11,11,spectrum,natural,reference-proposed,32,random,0,0,0,5021696,0,3569,0,5406,4904,0,0,0,0,0,0,0,0,0,0,63423,31948,805,13
random_n11_00,11,11,spectrum,high,reference,32,random,3964928,738197504,0,0,0,134152192,0,0,0,0,0,0,0,0,0,0,0,0,0,0,0,0,0
random_n11_00,11,11,spectrum,high,reference-proposed,32,random,0,0,0,52232192,0,28552,0,80064,51008,0,0,0,0,0,0,0,0,0,0,50993,25489,7264,13
random_n11_01,11,11,min,static,reference,32,random,3964928,738197504,0,0,0,134152192,0,0,0,0,0,0,0,0,0,0,0,0,0,0,0,0,0
random_n11_01,11,11,min,static,reference-proposed,32,random,3964928,0,1638400,0,0,0,2752,0,0,0,0,0,0,0,0,0,0,0,0,0,0,0,0
random_n11_01,11,11,max,natural,reference,1312,random,162562048,0,0,0,0,29556736,0,0,0,0,0,0,0,0,0,0,0,0,0,0,0,0,0
random_n11_01,11,11,max,natural,reference-proposed,1312,random,0,0,0,666496,0,1391,0,152684,127920,0,0,0,0,0,0,0,0,0,0,13254,6932,366,0
random_n11_01,11,11,max,high,reference,192,random,23789568,0,0,0,0,4325376,0,0,0,0,0,0,0,0,0,0,0,0,0,0,0,0,0
random_n11_01,11,11,max,high,reference-proposed,192,random,0,0,0,1693888,0,921,0,480384,306048,0,0,0,0,0,0,0,0,0,0,1643,837,225,0
random_n11_01,11,11,spectrum,natural,reference,32,random,3964928,738197504,0,0,0,134152192,0,0,0,0,0,0,0,0,0,0,0,0,0,0,0,0,0
random_n11_01,11,11,spectrum,natural,reference-proposed,32,random,0,0,0,3194880,0,7884,0,3724,3120,0,0,0,0,0,0,0,0,0,0,61284,30644,2108,14
random_n11_01,11,11,spectrum,high,reference,32,random,3964928,738197504,0,0,0,134152192,0,0,0,0,0,0,0,0,0,0,0,0,0,0,0,0,0
random_n11_01,11,11,spectrum,high,reference-proposed,32,random,0,0,0,52232192,0,28528,0,80064,51008,0,0,0,0,0,0,0,0,0,0,50988,25484,7264,20
random_n11_02,11,11,min,static,reference,32,random,3964928,738197504,0,0,0,134152192,0,0,0,0,0,0,0,0,0,0,0,0,0,0,0,0,0
random_n11_02,11,11,min,static,reference-proposed,32,random,3964928,0,1638400,0,0,0,2976,0,0,0,0,0,0,0,0,0,0,0,0,0,0,0,0
random_n11_02,11,11,max,natural,reference,1312,random,162562048,0,0,0,0,29556736,0,0,0,0,0,0,0,0,0,0,0,0,0,0,0,0,0
random_n11_02,11,11,max,natural,reference-proposed,1312,random,0,0,0,948392,0,1061,0,207788,179416,0,0,0,0,0,0,0,0,0,0,13643,6756,287,7
random_n11_02,11,11,max,high,reference,192,random,23789568,0,0,0,0,4325376,0,0,0,0,0,0,0,0,0,0,0,0,0,0,0,0,0
random_n11_02,11,11,max,high,reference-proposed,192,random,0,0,0,1572416,0,969,0,480384,306048,0,0,0,0,0,0,0,0,0,0,1537,753,244,0
random_n11_02,11,11,spectrum,natural,reference,32,random,3964928,738197504,0,0,0,134152192,0,0,0,0,0,0,0,0,0,0,0,0,0,0,0,0,0
random_n11_02,11,11,spectrum,natural,reference-proposed,32,random,0,0,0,4481024,0,4907,0,5068,4376,0,0,0,0,0,0,0,0,0,0,63142,31548,1198,21
random_n11_02,11,11,spectrum,high,reference,32,random,3964928,738197504,0,0,0,134152192,0,0,0,0,0,0,0,0,0,0,0,0,0,0,0,0,0
random_n11_02,11,11,spectrum,high,reference-proposed,32,random,0,0,0,52232192,0,28547,0,80064,51008,0,0,0,0,0,0,0,0,0,0,50991,25487,7264,16
random_n11_03,11,11,min,static,reference,32,random,3964928,738197504,0,0,0,134152192,0,0,0,0,0,0,0,0,0,0,0,0,0,0,0,0,0
random_n11_03,11,11,min,static,reference-proposed,32,random,3964928,0,1703936,0,0,0,2880,0,0,0,0,0,0,0,0,0,0,0,0,0,0,0,0
random_n11_03,11,11,max,natural,reference,1312,random,162562048,0,0,0,0,29556736,0,0,0,0,0,0,0,0,0,0,0,0,0,0,0,0,0
random_n11_03,11,11,max,natural,reference-proposed,1312,random,0,0,0,800160,0,1280,0,187288,164492,0,0,0,0,0,0,0,0,0,0,13091,6505,300,0
random_n11_03,11,11,max,high,reference,192,random,23789568,0,0,0,0,4325376,0,0,0,0,0,0,0,0,0,0,0,0,0,0,0,0,0
random_n11_03,11,11,max,high,reference-proposed,192,random,0,0,0,1650432,0,887,0,480384,306048,0,0,0,0,0,0,0,0,0,0,1623,799,233,0
random_n11_03,11,11,spectrum,natural,reference,32,random,3964928,738197504,0,0,0,134152192,0,0,0,0,0,0,0,0,0,0,0,0,0,0,0,0,0
random_n11_03,11,11,spectrum,natural,reference-proposed,32,random,0,0,0,4108288,0,4880,0,4568,4012,0,0,0,0,0,0,0,0,0,0,63275,31629,1122,16
random_n11_03,11,11,spectrum,high,reference,32,random,3964928,738197504,0,0,0,134152192,0,0,0,0,0,0,0,0,0,0,0,0,0,0,0,0,0
random_n11_03,11,11,spectrum,high,reference-proposed,32,random,0,0,0,52232192,0,28555,0,80064,51008,0,0,0,0,0,0,0,0,0,0,50992,25488,7264,16
random_n11_04,11,11,min,static,reference,32,random,3964928,738197504,0,0,0,134152192,0,0,0,0,0,0,0,0,0,0,0,0,0,0,0,0,0
random_n11_04,11,11,min,static,reference-proposed,32,random,3964928,0,1638400,0,0,0,2944,0,0,0,0,0,0,0,0,0,0,0,0,0,0,0,0
random_n11_04,11,11,max,natural,reference,1312,random,162562048,0,0,0,0,29556736,0,0,0,0,0,0,0,0,0,0,0,0,0,0,0,0,0
random_n11_04,11,11,max,natural,reference-proposed,1312,random,0,0,0,1160956,0,1130,0,226648,192700,0,0,0,0,0,0,0,0,0,0,14842,7299,286,0
random_n11_04,11,11,max,high,reference,192,random,23789568,0,0,0,0,4325376,0,0,0,0,0,0,0,0,0,0,0,0,0,0,0,0,0
random_n11_04,11,11,max,high,reference-proposed,192,random,0,0,0,1749696,0,907,0,480384,306048,0,0,0,0,0,0,0,0,0,0,1688,868,233,0
random_n11_04,11,11,spectrum,natural,reference,32,random,3964928,738197504,0,0,0,134152192,0,0,0,0,0,0,0,0,0,0,0,0,0,0,0,0,0
random_n11_04,11,11,spectrum,natural,reference-proposed,32,random,0,0,0,4812800,0,5526,0,5528,4700,0,0,0,0,0,0,0,0,0,0,63027,31505,1246,14
random_n11_04,11,11,spectrum,high,reference,32,random,3964928,738197504,0,0,0,134152192,0,0,0,0,0,0,0,0,0,0,0,0,0,0,0,0,0
random_n11_04,11,11,spectrum,high,reference-proposed,32,random,0,0,0,52232192,0,28224,0,80064,51008,0,0,0,0,0,0,0,0,0,0,50991,25551,7200,14
random_n11_05,11,11,min,static,reference,32,random,3964928,738197504,0,0,0,134152192,0,0,0,0,0,0,0,0,0,0,0,0,0,0,0,0,0
random_n11_05,11,11,min,static,reference-proposed,32,random,3964928,0,1638400,0,0,0,2848,0,0,0,0,0,0,0,0,0,0,0,0,0,0,0,0
random_n11_05,11,11,max,natural,reference,1312,random,162562048,0,0,0,0,29556736,0,0,0,0,0,0,0,0,0,0,0,0,0,0,0,0,0
random_n11_05,11,11,max,natural,reference-proposed,1312,random,0,0,0,1047354,0,1494,0,200736,176464,0,0,0,0,0,0,0,0,0,0,13774,6804,371,4
random_n11_05,11,11,max,high,reference,192,random,23789568,0,0,0,0,4325376,0,0,0,0,0,0,0,0,0,0,0,0,0,0,0,0,0
random_n11_05,11,11,max,high,reference-proposed,192,random,0,0,0,1798656,0,969,0,480384,306048,0,0,0,0,0,0,0,0,0,0,1761,861,258,0
random_n11_05,11,11,spectrum,natural,reference,32,random,3964928,738197504,0,0,0,134152192,0,0,0,0,0,0,0,0,0,0,0,0,0,0,0,0,0
random_n11_05,11,11,spectrum,natural,reference-proposed,32,random,0,0,0,4407296,0,5199,0,4896,4304,0,0,0,0,0,0,0,0,0,0,62712,31364,1389,15
random_n11_05,11,11,spectrum,high,reference,32,random,3964928,738197504,0,0,0,134152192,0,0,0,0,0,0,0,0,0,0,0,0,0,0,0,0,0
random_n11_05,11,11,spectrum,high,reference-proposed,32,random,0,0,0,52232192,0,28553,0,80064,51008,0,0,0,0,0,0,0,0,0,0,50992,25488,7264,15
random_n11_06,11,11,min,static,reference,32,random,3964928,738197504,0,0,0,134152192,0,0,0,0,0,0,0,0,0,0,0,0,0,0,0,0,0
random_n11_06,11,11,min,static,reference-proposed,32,random,3964928,0,1245184,0,0,0,2912,0,0,0,0,0,0,0,0,0,0,0,0,0,0,0,0
random_n11_06,11,11,max,natural,reference,1312,random,162562048,0,0,0,0,29556736,0,0,0,0,0,0,0,0,0,0,0,0,0,0,0,0,0
random_n11_06,11,11,max,natural,reference-proposed,1312,random,0,0,0,830308,0,1349,0,203524,161704,0,0,0,0,0,0,0,0,0,0,12832,6426,342,0
random_n11_06,11,11,max,high,reference,192,random,23789568,0,0,0,0,4325376,0,0,0,0,0,0,0,0,0,0,0,0,0,0,0,0,0
random_n11_06,11,11,max,high,reference-proposed,192,random,0,0,0,1510912,0,941,0,480384,306048,0,0,0,0,0,0,0,0,0,0,1463,733,230,0
random_n11_06,11,11,spectrum,natural,reference,32,random,3964928,738197504,0,0,0,134152192,0,0,0,0,0,0,0,0,0,0,0,0,0,0,0,0,0
random_n11_06,11,11,spectrum,natural,reference-proposed,32,random,0,0,0,4038656,0,6910,0,4964,3944,0,0,0,0,0,0,0,0,0,0,61764,30892,1864,12
random_n11_06,11,11,spectrum,high,reference,32,random,3964928,738197504,0,0,0,134152192,0,0,0,0,0,0,0,0,0,0,0,0,0,0,0,0,0
random_n11_06,11,11,spectrum,high,reference-proposed,32,random,0,0,0,52232192,0,28554,0,80064,51008,0,0,0,0,0,0,0,0,0,0,50991,25487,7264,18
random_n11_07,11,11,min,static,reference,32,random,3964928,738197504,0,0,0,134152192,0,0,0,0,0,0,0,0,0,0,0,0,0,0,0,0,0
random_n11_07,11,11,min,static,reference-proposed,32,random,3964928,0,1703936,0,0,0,2688,0,0,0,0,0,0,0,0,0,0,0,0,0,0,0,0
random_n11_07,11,11,max,natural,reference,1312,random,162562048,0,0,0,0,29556736,0,0,0,0,0,0,0,0,0,0,0,0,0,0,0,0,0
random_n11_07,11,11,max,natural,reference-proposed,1312,random,0,0,0,893442,0,1773,0,191470,159982,0,0,0,0,0,0,0,0,0,0,12886,6607,444,0
random_n11_07,11,11,max,high,reference,192,random,23789568,0,0,0,0,4325376,0,0,0,0,0,0,0,0,0,0,0,0,0,0,0,0,0
random_n11_07,11,11,max,high,reference-proposed,192,random,0,0,0,1736192,0,1048,0,480384,306048,0,0,0,0,0,0,0,0,0,0,1725,820,267,0
random_n11_07,11,11,spectrum,natural,reference,32,random,3964928,738197504,0,0,0,134152192,0,0,0,0,0,0,0,0,0,0,0,0,0,0,0,0,0
random_n11_07,11,11,spectrum,natural,reference-proposed,32,random,0,0,0,3995648,0,9065,0,4670,3902,0,0,0,0,0,0,0,0,0,0,61020,30486,2266,18
random_n11_07,11,11,spectrum,high,reference,32,random,3964928,738197504,0,0,0,134152192,0,0,0,0,0,0,0,0,0,0,0,0,0,0,0,0,0
random_n11_07,11,11,spectrum,high,reference-proposed,32,random,0,0,0,52232192,0,28527,0,80064,51008,0,0,0,0,0,0,0,0,0,0,50993,25489,7264,14
random_n11_08,11,11,min,static,reference,32,random,3964928,738197504,0,0,0,134152192,0,0,0,0,0,0,0,0,0,0,0,0,0,0,0,0,0
random_n11_08,11,11,min,static,reference-proposed,32,random,3964928,0,1638400,0,0,0,2816,0,0,0,0,0,0,0,0,0,0,0,0,0,0,0,0
random_n11_08,11,11,max,natural,reference,1312,random,162562048,0,0,0,0,29556736,0,0,0,0,0,0,0,0,0,0,0,0,0,0,0,0,0
random_n11_08,11,11,max,natural,reference-proposed,1312,random,0,0,0,1001302,0,1465,0,225008,196636,0,0,0,0,0,0,0,0,0,0,13743,6624,408,20
random_n11_08,11,11,max,high,reference,192,random,23789568,0,0,0,0,4325376,0,0,0,0,0,0,0,0,0,0,0,0,0,0,0,0,0
random_n11_08,11,11,max,high,reference-proposed,192,random,0,0,0,1782720,0,1024,0,480384,306048,0,0,0,0,0,0,0,0,0,0,1748,876,242,0
random_n11_08,11,11,spectrum,natural,reference,32,random,3964928,738197504,0,0,0,134152192,0,0,0,0,0,0,0,0,0,0,0,0,0,0,0,0,0
random_n11_08,11,11,spectrum,natural,reference-proposed,32,random,0,0,0,4911104,0,5348,0,5488,4796,0,0,0,0,0,0,0,0,0,0,62586,31382,1372,14
random_n11_08,11,11,spectrum,high,reference,32,random,3964928,738197504,0,0,0,134152192,0,0,0,0,0,0,0,0,0,0,0,0,0,0,0,0,0
random_n11_08,11,11,spectrum,high,reference-proposed,32,random,0,0,0,52232192,0,28542,0,80064,51008,0,0,0,0,0,0,0,0,0,0,50996,25492,7264,12
random_n11_09,11,11,min,static,reference,32,random,3964928,738197504,0,0,0,134152192,0,0,0,0,0,0,0,0,0,0,0,0,0,0,0,0,0
random_n11_09,11,11,min,static,reference-proposed,32,random,3964928,0,1310720,0,0,0,2720,0,0,0,0,0,0,0,0,0,0,0,0,0,0,0,0
random_n11_09,11,11,max,natural,reference,1312,random,162562048,0,0,0,0,29556736,0,0,0,0,0,0,0,0,0,0,0,0,0,0,0,0,0
random_n11_09,11,11,max,natural,reference-proposed,1312,random,0,0,0,1064046,0,1086,0,236980,209838,0,0,0,0,0,0,0,0,0,0,13505,6663,294,0
random_n11_09,11,11,max,high,reference,192,random,23789568,0,0,0,0,4325376,0,0,0,0,0,0,0,0,0,0,0,0,0,0,0,0,0
random_n11_09,11,11,max,high,reference-proposed,192,random,0,0,0,1577728,0,888,0,480384,306048,0,0,0,0,0,0,0,0,0,0,1526,769,229,0
random_n11_09,11,11,spectrum,natural,reference,32,random,3964928,738197504,0,0,0,134152192,0,0,0,0,0,0,0,0,0,0,0,0,0,0,0,0,0
random_n11_09,11,11,spectrum,natural,reference-proposed,32,random,0,0,0,5240832,0,5298,0,5780,5118,0,0,0,0,0,0,0,0,0,0,62847,31481,1274,14
random_n11_09,11,11,spectrum,high,reference,32,random,3964928,738197504,0,0,0,134152192,0,0,0,0,0,0,0,0,0,0,0,0,0,0,0,0,0
random_n11_09,11,11,spectrum,high,reference-proposed,32,random,0,0,0,52232192,0,28543,0,80064,51008,0,0,0,0,0,0,0,0,0,0,50993,25489,7264,15
random_n12_00,12,12,min,static,reference,32,random,9437184,3221225472,0,0,0,536739840,0,0,0,0,0,0,0,0,0,0,0,0,0,0,0,0,0
random_n12_00,12,12,min,static,reference-proposed,32,random,9437184,0,3407872,0,0,0,3424,0,0,0,0,0,0,0,0,0,0,0,0,0,0,0,0
random_n12_00,12,12,max,natural,reference,1056,random,311427072,0,0,0,0,51904512,0,0,0,0,0,0,0,0,0,0,0,0,0,0,0,0,0
random_n12_00,12,12,max,natural,reference-proposed,1056,random,0,0,0,1314082,0,875,0,237600,213774,0,0,0,0,0,0,0,0,0,0,12720,6169,222,0
random_n12_00,12,12,max,high,reference,96,random,28311552,0,0,0,0,4718592,0,0,0,0,0,0,0,0,0,0,0,0,0,0,0,0,0
random_n12_00,12,12,max,high,reference-proposed,96,random,0,0,0,1826304,0,481,0,480384,306048,0,0,0,0,0,0,0,0,0,0,901,450,126,0
random_n12_00,12,12,spectrum,natural,reference,32,random,9437184,3221225472,0,0,0,536739840,0,0,0,0,0,0,0,0,0,0,0,0,0,0,0,0,0
random_n12_00,12,12,spectrum,natural,reference-proposed,32,random,0,0,0,13266944,0,7665,0,7200,6478,0,0,0,0,0,0,0,0,0,0,127460,63720,1804,13
random_n12_00,12,12,spectrum,high,reference,32,random,9437184,3221225472,0,0,0,536739840,0,0,0,0,0,0,0,0,0,0,0,0,0,0,0,0,0
random_n12_00,12,12,spectrum,high,reference-proposed,32,random,0,0,0,208928768,0,57083,0,160128,102016,0,0,0,0,0,0,0,0,0,0,102001,50993,14528,15
random_n12_01,12,12,min,static,reference,32,random,9437184,3221225472,0,0,0,536739840,0,0,0,0,0,0,0,0,0,0,0,0,0,0,0,0,0
random_n12_01,12,12,min,static,reference-proposed,32,random,9437184,0,3407872,0,0,0,3008,0,0,0,0,0,0,0,0,0,0,0,0,0,0,0,0
random_n12_01,12,12,max,natural,reference,1056,random,311427072,0,0,0,0,51904512,0,0,0,0,0,0,0,0,0,0,0,0,0,0,0,0,0
random_n12_01,12,12,max,natural,reference-proposed,1056,random,0,0,0,1064514,0,934,0,224268,201366,0,0,0,0,0,0,0,0,0,0,11850,5794,278,0
random_n12_01,12,12,max,high,reference,96,random,28311552,0,0,0,0,4718592,0,0,0,0,0,0,0,0,0,0,0,0,0,0,0,0,0
random_n12_01,12,12,max,high,reference-proposed,96,random,0,0,0,1836416,0,495,0,480384,306048,0,0,0,0,0,0,0,0,0,0,889,450,119,0
random_n12_01,12,12,spectrum,natural,reference,32,random,9437184,3221225472,0,0,0,536739840,0,0,0,0,0,0,0,0,0,0,0,0,0,0,0,0,0
random_n12_01,12,12,spectrum,natural,reference-proposed,32,random,0,0,0,12496896,0,8944,0,6796,6102,0,0,0,0,0,0,0,0,0,0,127007,63383,2136,18
random_n12_01,12,12,spectrum,high,reference,32,random,9437184,3221225472,0,0,0,536739840,0,0,0,0,0,0,0,0,0,0,0,0,0,0,0,0,0
random_n12_01,12,12,spectrum,high,reference-proposed,32,random,0,0,0,208928768,0,57118,0,160128,102016,0,0,0,0,0,0,0,0,0,0,102004,50996,14528,12
random_n12_02,12,12,min,static,reference,32,random,9437184,3221225472,0,0,0,536739840,0,0,0,0,0,0,0,0,0,0,0,0,0,0,0,0,0
random_n12_02,12,12,min,static,reference-proposed,32,random,9437184,0,3801088,0,0,0,3104,0,0,0,0,0,0,0,0,0,0,0,0,0,0,0,0
random_n12_02,12,12,max,natural,reference,1056,random,311427072,0,0,0,0,51904512,0,0,0,0,0,0,0,0,0,0,0,0,0,0,0,0,0
random_n12_02,12,12,max,natural,reference-proposed,1056,random,0,0,0,1147212,0,1033,0,219384,186252,0,0,0,0,0,0,0,0,0,0,12284,6005,199,0
random_n12_02,12,12,max,high,reference,96,random,28311552,0,0,0,0,4718592,0,0,0,0,0,0,0,0,0,0,0,0,0,0,0,0,0
random_n12_02,12,12,max,high,reference-proposed,96,random,0,0,0,1870336,0,467,0,480384,306048,0,0,0,0,0,0,0,0,0,0,916,465,123,0
random_n12_02,12,12,spectrum,natural,reference,32,random,9437184,3221225472,0,0,0,536739840,0,0,0,0,0,0,0,0,0,0,0,0,0,0,0,0,0
random_n12_02,12,12,spectrum,natural,reference-proposed,32,random,0,0,0,11558912,0,8002,0,6648,5644,0,0,0,0,0,0,0,0,0,0,127368,63568,1952,15
random_n12_02,12,12,spectrum,high,reference,32,random,9437184,3221225472,0,0,0,536739840,0,0,0,0,0,0,0,0,0,0,0,0,0,0,0,0,0
random_n12_02,12,12,spectrum,high,reference-proposed,32,random,0,0,0,208928768,0,57141,0,160128,102016,0,0,0,0,0,0,0,0,0,0,101995,50987,14528,23
random_n12_03,12,12,min,static,reference,32,random,9437184,3221225472,0,0,0,536739840,0,0,0,0,0,0,0,0,0,0,0,0,0,0,0,0,0
random_n12_03,12,12,min,static,reference-proposed,32,random,9437184,0,3407872,0,0,0,3200,0,0,0,0,0,0,0,0,0,0,0,0,0,0,0,0
random_n12_03,12,12,max,natural,reference,1056,random,311427072,0,0,0,0,51904512,0,0,0,0,0,0,0,0,0,0,0,0,0,0,0,0,0
random_n12_03,12,12,max,natural,reference-proposed,1056,random,0,0,0,1023396,0,980,0,177540,162888,0,0,0,0,0,0,0,0,0,0,12815,6454,212,0
random_n12_03,12,12,max,high,reference,96,random,28311552,0,0,0,0,4718592,0,0,0,0,0,0,0,0,0,0,0,0,0,0,0,0,0
random_n12_03,12,12,max,high,reference-proposed,96,random,0,0,0,1791744,0,448,0,480384,306048,0,0,0,0,0,0,0,0,0,0,875,439,124,0
random_n12_03,12,12,spectrum,natural,reference,32,random,9437184,3221225472,0,0,0,536739840,0,0,0,0,0,0,0,0,0,0,0,0,0,0,0,0,0
random_n12_03,12,12,spectrum,natural,reference-proposed,32,random,0,0,0,10108928,0,7247,0,5380,4936,0,0,0,0,0,0,0,0,0,0,127454,63702,1816,21
random_n12_03,12,12,spectrum,high,reference,32,random,9437184,3221225472,0,0,0,536739840,0,0,0,0,0,0,0,0,0,0,0,0,0,0,0,0,0
random_n12_03,12,12,spectrum,high,reference-proposed,32,random,0,0,0,208928768,0,57046,0,160128,102016,0,0,0,0,0,0,0,0,0,0,102001,50993,14528,16
random_n12_04,12,12,min,static,reference,32,random,9437184,3221225472,0,0,0,536739840,0,0,0,0,0,0,0,0,0,0,0,0,0,0,0,0,0
random_n12_04,12,12,min,static,reference-proposed,32,random,9437184,0,2228224,0,0,0,3232,0,0,0,0,0,0,0,0,0,0,0,0,0,0,0,0
random_n12_04,12,12,max,natural,reference,1056,random,311427072,0,0,0,0,51904512,0,0,0,0,0,0,0,0,0,0,0,0,0,0,0,0,0
random_n12_04,12,12,max,natural,reference-proposed,1056,random,0,0,0,1717056,0,1231,0,359304,324126,0,0,0,0,0,0,0,0,0,0,12045,5953,350,0
random_n12_04,12,12,max,high,reference,96,random,28311552,0,0,0,0,4718592,0,0,0,0,0,0,0,0,0,0,0,0,0,0,0,0,0
random_n12_04,12,12,max,high,reference-proposed,96,random,0,0,0,1952128,0,474,0,480384,306048,0,0,0,0,0,0,0,0,0,0,951,482,128,0
random_n12_04,12,12,spectrum,natural,reference,32,random,9437184,3221225472,0,0,0,536739840,0,0,0,0,0,0,0,0,0,0,0,0,0,0,0,0,0
random_n12_04,12,12,spectrum,natural,reference-proposed,32,random,0,0,0,20115456,0,9826,0,10888,9822,0,0,0,0,0,0,0,0,0,0,126143,63035,2484,20
random_n12_04,12,12,spectrum,high,reference,32,random,9437184,3221225472,0,0,0,536739840,0,0,0,0,0,0,0,0,0,0,0,0,0,0,0,0,0
random_n12_04,12,12,spectrum,high,reference-proposed,32,random,0,0,0,208928768,0,55923,0,160128,102016,0,0,0,0,0,0,0,0,0,0,102003,51251,14272,13
random_n12_05,12,12,min,static,reference,32,random,9437184,3221225472,0,0,0,536739840,0,0,0,0,0,0,0,0,0,0,0,0,0,0,0,0,0
random_n12_05,12,12,min,static,reference-proposed,32,random,9437184,0,2621440,0,0,0,3328,0,0,0,0,0,0,0,0,0,0,0,0,0,0,0,0
random_n12_05,12,12,max,natural,reference,1056,random,311427072,0,0,0,0,51904512,0,0,0,0,0,0,0,0,0,0,0,0,0,0,0,0,0
random_n12_05,12,12,max,natural,reference-proposed,1056,random,0,0,0,1791922,0,378,0,289740,265056,0,0,0,0,0,0,0,0,0,0,12590,6373,117,0
random_n12_05,12,12,max,high,reference,96,random,28311552,0,0,0,0,4718592,0,0,0,0,0,0,0,0,0,0,0,0,0,0,0,0,0
random_n12_05,12,12,max,high,reference-proposed,96,random,0,0,0,1895552,0,574,0,480384,306048,0,0,0,0,0,0,0,0,0,0,927,451,146,0
random_n12_05,12,12,spectrum,natural,reference,32,random,9437184,3221225472,0,0,0,536739840,0,0,0,0,0,0,0,0,0,0,0,0,0,0,0,0,0
random_n12_05,12,12,spectrum,natural,reference-proposed,32,random,0,0,0,16449536,0,6485,0,8780,8032,0,0,0,0,0,0,0,0,0,0,128046,64022,1496,17
random_n12_05,12,12,spectrum,high,reference,32,random,9437184,3221225472,0,0,0,536739840,0,0,0,0,0,0,0,0,0,0,0,0,0,0,0,0,0
random_n12_05,12,12,spectrum,high,reference-proposed,32,random,0,0,0,208928768,0,57121,0,160128,102016,0,0,0,0,0,0,0,0,0,0,102000,50992,14528,15
random_n12_06,12,12,min,static,reference,32,random,9437184,3221225472,0,0,0,536739840,0,0,0,0,0,0,0,0,0,0,0,0,0,0,0,0,0
random_n12_06,12,12,min,static,reference-proposed,32,random,9437184,0,2490368,0,0,0,3424,0,0,0,0,0,0,0,0,0,0,0,0,0,0,0,0
random_n12_06,12,12,max,natural,reference,1056,random,311427072,0,0,0,0,51904512,0,0,0,0,0,0,0,0,0,0,0,0,0,0,0,0,0
random_n12_06,12,12,max,natural,reference-proposed,1056,random,0,0,0,1362372,0,1168,0,303600,261360,0,0,0,0,0,0,0,0,0,0,12536,6040,329,0
random_n12_06,12,12,max,high,reference,96,random,28311552,0,0,0,0,4718592,0,0,0,0,0,0,0,0,0,0,0,0,0,0,0,0,0
random_n12_06,12,12,max,high,reference-proposed,96,random,0,0,0,1967232,0,475,0,480384,306048,0,0,0,0,0,0,0,0,0,0,939,485,127,0
random_n12_06,12,12,spectrum,natural,reference,32,random,9437184,3221225472,0,0,0,536739840,0,0,0,0,0,0,0,0,0,0,0,0,0,0,0,0,0
random_n12_06,12,12,spectrum,natural,reference-proposed,32,random,0,0,0,16220160,0,10778,0,9200,7920,0,0,0,0,0,0,0,0,0,0,125366,62682,2836,17
random_n12_06,12,12,spectrum,high,reference,32,random,9437184,3221225472,0,0,0,536739840,0,0,0,0,0,0,0,0,0,0,0,0,0,0,0,0,0
random_n12_06,12,12,spectrum,high,reference-proposed,32,random,0,0,0,208928768,0,57098,0,160128,102016,0,0,0,0,0,0,0,0,0,0,102002,50994,14528,14
random_n12_07,12,12,min,static,reference,32,random,9437184,3221225472,0,0,0,536739840,0,0,0,0,0,0,0,0,0,0,0,0,0,0,0,0,0
random_n12_07,12,12,min,static,reference-proposed,32,random,9437184,0,4063232,0,0,0,3392,0,0,0,0,0,0,0,0,0,0,0,0,0,0,0,0
random_n12_07,12,12,max,natural,reference,1056,random,311427072,0,0,0,0,51904512,0,0,0,0,0,0,0,0,0,0,0,0,0,0,0,0,0
random_n12_07,12,12,max,natural,reference-proposed,1056,random,0,0,0,1473516,0,1013,0,287232,242418,0,0,0,0,0,0,0,0,0,0,11583,5759,214,0
random_n12_07,12,12,max,high,reference,96,random,28311552,0,0,0,0,4718592,0,0,0,0,0,0,0,0,0,0,0,0,0,0,0,0,0
random_n12_07,12,12,max,high,reference-proposed,96,random,0,0,0,1768320,0,554,0,480384,306048,0,0,0,0,0,0,0,0,0,0,873,419,140,0
random_n12_07,12,12,spectrum,natural,reference,32,random,9437184,3221225472,0,0,0,536739840,0,0,0,0,0,0,0,0,0,0,0,0,0,0,0,0,0
random_n12_07,12,12,spectrum,natural,reference-proposed,32,random,0,0,0,15044608,0,8401,0,8704,7346,0,0,0,0,0,0,0,0,0,0,126907,63463,2060,13
random_n12_07,12,12,spectrum,high,reference,32,random,9437184,3221225472,0,0,0,536739840,0,0,0,0,0,0,0,0,0,0,0,0,0,0,0,0,0
random_n12_07,12,12,spectrum,high,reference-proposed,32,random,0,0,0,208928768,0,57191,0,160128,102016,0,0,0,0,0,0,0,0,0,0,102004,50996,14528,12
random_n12_08,12,12,min,static,reference,32,random,9437184,3221225472,0,0,0,536739840,0,0,0,0,0,0,0,0,0,0,0,0,0,0,0,0,0
random_n12_08,12,12,min,static,reference-proposed,32,random,9437184,0,3538944,0,0,0,3232,0,0,0,0,0,0,0,0,0,0,0,0,0,0,0,0
random_n12_08,12,12,max,natural,reference,1056,random,311427072,0,0,0,0,51904512,0,0,0,0,0,0,0,0,0,0,0,0,0,0,0,0,0
random_n12_08,12,12,max,natural,reference-proposed,1056,random,0,0,0,1407054,0,1790,0,262416,234102,0,0,0,0,0,0,0,0,0,0,12458,6271,379,16
random_n12_08,12,12,max,high,reference,96,random,28311552,0,0,0,0,4718592,0,0,0,0,0,0,0,0,0,0,0,0,0,0,0,0,0
random_n12_08,12,12,max,high,reference-proposed,96,random,0,0,0,1721088,0,536,0,480384,306048,0,0,0,0,0,0,0,0,0,0,845,419,123,0
random_n12_08,12,12,spectrum,natural,reference,32,random,9437184,3221225472,0,0,0,536739840,0,0,0,0,0,0,0,0,0,0,0,0,0,0,0,0,0
random_n12_08,12,12,spectrum,natural,reference-proposed,32,random,0,0,0,14528512,0,9537,0,7952,7094,0,0,0,0,0,0,0,0,0,0,125859,62903,2616,17
random_n12_08,12,12,spectrum,high,reference,32,random,9437184,3221225472,0,0,0,536739840,0,0,0,0,0,0,0,0,0,0,0,0,0,0,0,0,0
random_n12_08,12,12,spectrum,high,reference-proposed,32,random,0,0,0,208928768,0,57123,0,160128,102016,0,0,0,0,0,0,0,0,0,0,101995,50987,14528,21
random_n12_09,12,12,min,static,reference,32,random,9437184,3221225472,0,0,0,536739840,0,0,0,0,0,0,0,0,0,0,0,0,0,0,0,0,0
random_n12_09,12,12,min,static,reference-proposed,32,random,9437184,0,3801088,0,0,0,3296,0,0,0,0,0,0,0,0,0,0,0,0,0,0,0,0
random_n12_09,12,12,max,natural,reference,1056,random,311427072,0,0,0,0,51904512,0,0,0,0,0,0,0,0,0,0,0,0,0,0,0,0,0
random_n12_09,12,12,max,natural,reference-proposed,1056,random,0,0,0,1466586,0,582,0,289608,256014,0,0,0,0,0,0,0,0,0,0,12079,6121,116,0
random_n12_09,12,12,max,high,reference,96,random,28311552,0,0,0,0,4718592,0,0,0,0,0,0,0,0,0,0,0,0,0,0,0,0,0
random_n12_09,12,12,max,high,reference-proposed,96,random,0,0,0,1906432,0,461,0,480384,306048,0,0,0,0,0,0,0,0,0,0,935,472,119,0
random_n12_09,12,12,spectrum,natural,reference,32,random,9437184,3221225472,0,0,0,536739840,0,0,0,0,0,0,0,0,0,0,0,0,0,0,0,0,0
random_n12_09,12,12,spectrum,natural,reference-proposed,32,random,0,0,0,15888384,0,8215,0,8776,7758,0,0,0,0,0,0,0,0,0,0,127587,63711,1804,20
random_n12_09,12,12,spectrum,high,reference,32,random,9437184,3221225472,0,0,0,536739840,0,0,0,0,0,0,0,0,0,0,0,0,0,0,0,0,0
random_n12_09,12,12,spectrum,high,reference-proposed,32,random,0,0,0,208928768,0,57089,0,160128,102016,0,0,0,0,0,0,0,0,0,0,102000,50992,14528,15
random_n13_00,13,13,min,static,reference,8,random,5537792,3489660928,0,0,0,536805376,0,0,0,0,0,0,0,0,0,0,0,0,0,0,0,0,0
random_n13_00,13,13,min,static,reference-proposed,8,random,5537792,0,1900544,0,0,0,968,0,0,0,0,0,0,0,0,0,0,0,0,0,0,0,0
random_n13_00,13,13,max,natural,reference,280,random,193822720,0,0,0,0,29818880,0,0,0,0,0,0,0,0,0,0,0,0,0,0,0,0,0
random_n13_00,13,13,max,natural,reference-proposed,280,random,0,0,0,1037680,0,0,0,248640,235200,0,0,0,0,0,0,0,0,0,0,3348,1750,0,0
random_n13_00,13,13,max,high,reference,48,random,33226752,0,0,0,0,5111808,0,0,0,0,0,0,0,0,0,0,0,0,0,0,0,0,0
random_n13_00,13,13,max,high,reference-proposed,48,random,0,0,0,1700864,0,445,0,534528,251904,0,0,0,0,0,0,0,0,0,0,414,216,111,0
random_n13_00,13,13,spectrum,natural,reference,8,random,5537792,3489660928,0,0,0,536805376,0,0,0,0,0,0,0,0,0,0,0,0,0,0,0,0,0
random_n13_00,13,13,spectrum,natural,reference-proposed,8,random,0,0,0,27525120,0,2005,0,7104,6720,0,0,0,0,0,0,0,0,0,0,64645,32317,440,11
random_n13_00,13,13,spectrum,high,reference,8,random,5537792,3489660928,0,0,0,536805376,0,0,0,0,0,0,0,0,0,0,0,0,0,0,0,0,0
random_n13_00,13,13,spectrum,high,reference-proposed,8,random,0,0,0,171966464,0,45312,0,89088,41984,0,0,0,0,0,0,0,0,0,0,41978,20986,11776,5
random_n13_01,13,13,min,static,reference,8,random,5537792,3489660928,0,0,0,536805376,0,0,0,0,0,0,0,0,0,0,0,0,0,0,0,0,0
random_n13_01,13,13,min,static,reference-proposed,8,random,5537792,0,2031616,0,0,0,960,0,0,0,0,0,0,0,0,0,0,0,0,0,0,0,0
random_n13_01,13,13,max,natural,reference,280,random,193822720,0,0,0,0,29818880,0,0,0,0,0,0,0,0,0,0,0,0,0,0,0,0,0
random_n13_01,13,13,max,natural,reference-proposed,280,random,0,0,0,665420,0,494,0,124880,97020,0,0,0,0,0,0,0,0,0,0,2763,1522,158,0
random_n13_01,13,13,max,high,reference,48,random,33226752,0,0,0,0,5111808,0,0,0,0,0,0,0,0,0,0,0,0,0,0,0,0,0
random_n13_01,13,13,max,high,reference-proposed,48,random,0,0,0,1568768,0,412,0,534528,251904,0,0,0,0,0,0,0,0,0,0,380,193,104,0
random_n13_01,13,13,spectrum,natural,reference,8,random,5537792,3489660928,0,0,0,536805376,0,0,0,0,0,0,0,0,0,0,0,0,0,0,0,0,0
random_n13_01,13,13,spectrum,natural,reference-proposed,8,random,0,0,0,11354112,0,10159,0,3568,2772,0,0,0,0,0,0,0,0,0,0,59052,29524,3240,4
random_n13_01,13,13,spectrum,high,reference,8,random,5537792,3489660928,0,0,0,536805376,0,0,0,0,0,0,0,0,0,0,0,0,0,0,0,0,0
random_n13_01,13,13,spectrum,high,reference-proposed,8,random,0,0,0,171966464,0,45310,0,89088,41984,0,0,0,0,0,0,0,0,0,0,41981,20989,11776,4
random_n13_02,13,13,min,static,reference,8,random,5537792,3489660928,0,0,0,536805376,0,0,0,0,0,0,0,0,0,0,0,0,0,0,0,0,0
random_n13_02,13,13,min,static,reference-proposed,8,random,5537792,0,2490368,0,0,0,952,0,0,0,0,0,0,0,0,0,0,0,0,0,0,0,0
random_n13_02,13,13,max,natural,reference,280,random,193822720,0,0,0,0,29818880,0,0,0,0,0,0,0,0,0,0,0,0,0,0,0,0,0
random_n13_02,13,13,max,natural,reference-proposed,280,random,0,0,0,401240,0,585,0,54880,48860,0,0,0,0,0,0,0,0,0,0,4223,2011,159,0
random_n13_02,13,13,max,high,reference,48,random,33226752,0,0,0,0,5111808,0,0,0,0,0,0,0,0,0,0,0,0,0,0,0,0,0
random_n13_02,13,13,max,high,reference-proposed,48,random,0,0,0,1538048,0,383,0,534528,251904,0,0,0,0,0,0,0,0,0,0,374,189,107,0
random_n13_02,13,13,spectrum,natural,reference,8,random,5537792,3489660928,0,0,0,536805376,0,0,0,0,0,0,0,0,0,0,0,0,0,0,0,0,0
random_n13_02,13,13,spectrum,natural,reference-proposed,8,random,0,0,0,5718016,0,4852,0,1568,1396,0,0,0,0,0,0,0,0,0,0,62806,31394,1364,8
random_n13_02,13,13,spectrum,high,reference,8,random,5537792,3489660928,0,0,0,536805376,0,0,0,0,0,0,0,0,0,0,0,0,0,0,0,0,0
random_n13_02,13,13,spectrum,high,reference-proposed,8,random,0,0,0,171966464,0,45305,0,89088,41984,0,0,0,0,0,0,0,0,0,0,41979,20987,11776,2
random_n13_03,13,13,min,static,reference,8,random,5537792,3489660928,0,0,0,536805376,0,0,0,0,0,0,0,0,0,0,0,0,0,0,0,0,0
random_n13_03,13,13,min,static,reference-proposed,8,random,5537792,0,1966080,0,0,0,952,0,0,0,0,0,0,0,0,0,0,0,0,0,0,0,0
random_n13_03,13,13,max,natural,reference,280,random,193822720,0,0,0,0,29818880,0,0,0,0,0,0,0,0,0,0,0,0,0,0,0,0,0
random_n13_03,13,13,max,natural,reference-proposed,280,random,0,0,0,348600,0,136,0,52080,47810,0,0,0,0,0,0,0,0,0,0,3673,1908,17,0
random_n13_03,13,13,max,high,reference,48,random,33226752,0,0,0,0,5111808,0,0,0,0,0,0,0,0,0,0,0,0,0,0,0,0,0
random_n13_03,13,13,max,high,reference-proposed,48,random,0,0,0,1785856,0,503,0,534528,251904,0,0,0,0,0,0,0,0,0,0,439,213,128,0
random_n13_03,13,13,spectrum,natural,reference,8,random,5537792,3489660928,0,0,0,536805376,0,0,0,0,0,0,0,0,0,0,0,0,0,0,0,0,0
random_n13_03,13,13,spectrum,natural,reference-proposed,8,random,0,0,0,5595136,0,1761,0,1488,1366,0,0,0,0,0,0,0,0,0,0,64717,32357,408,3
random_n13_03,13,13,spectrum,high,reference,8,random,5537792,3489660928,0,0,0,536805376,0,0,0,0,0,0,0,0,0,0,0,0,0,0,0,0,0
random_n13_03,13,13,spectrum,high,reference-proposed,8,random,0,0,0,171966464,0,45312,0,89088,41984,0,0,0,0,0,0,0,0,0,0,41981,20989,11776,3
random_n13_04,13,13,min,static,reference,8,random,5537792,3489660928,0,0,0,536805376,0,0,0,0,0,0,0,0,0,0,0,0,0,0,0,0,0
random_n13_04,13,13,min,static,reference-proposed,8,random,5537792,0,3014656,0,0,0,880,0,0,0,0,0,0,0,0,0,0,0,0,0,0,0,0
random_n13_04,13,13,max,natural,reference,280,random,193822720,0,0,0,0,29818880,0,0,0,0,0,0,0,0,0,0,0,0,0,0,0,0,0
random_n13_04,13,13,max,natural,reference-proposed,280,random,0,0,0,268380,0,266,0,49280,44240,0,0,0,0,0,0,0,0,0,0,3736,1662,88,0
random_n13_04,13,13,max,high,reference,48,random,33226752,0,0,0,0,5111808,0,0,0,0,0,0,0,0,0,0,0,0,0,0,0,0,0
random_n13_04,13,13,max,high,reference-proposed,48,random,0,0,0,1547264,0,393,0,534528,251904,0,0,0,0,0,0,0,0,0,0,374,194,102,0
random_n13_04,13,13,spectrum,natural,reference,8,random,5537792,3489660928,0,0,0,536805376,0,0,0,0,0,0,0,0,0,0,0,0,0,0,0,0,0
random_n13_04,13,13,spectrum,natural,reference-proposed,8,random,0,0,0,5177344,0,3149,0,1408,1264,0,0,0,0,0,0,0,0,0,0,63891,31943,820,5
random_n13_04,13,13,spectrum,high,reference,8,random,5537792,3489660928,0,0,0,536805376,0,0,0,0,0,0,0,0,0,0,0,0,0,0,0,0,0
random_n13_04,13,13,spectrum,high,reference-proposed,8,random,0,0,0,171966464,0,45303,0,89088,41984,0,0,0,0,0,0,0,0,0,0,41979,20987,11776,4
random_n13_05,13,13,min,static,reference,8,random,5537792,3489660928,0,0,0,536805376,0,0,0,0,0,0,0,0,0,0,0,0,0,0,0,0,0
random_n13_05,13,13,min,static,reference-proposed,8,random,5537792,0,2883584,0,0,0,976,0,0,0,0,0,0,0,0,0,0,0,0,0,0,0,0
random_n13_05,13,13,max,natural,reference,280,random,193822720,0,0,0,0,29818880,0,0,0,0,0,0,0,0,0,0,0,0,0,0,0,0,0
random_n13_05,13,13,max,natural,reference-proposed,280,random,0,0,0,287000,0,286,0,59360,50820,0,0,0,0,0,0,0,0,0,0,3593,1679,71,0
random_n13_05,13,13,max,high,reference,48,random,33226752,0,0,0,0,5111808,0,0,0,0,0,0,0,0,0,0,0,0,0,0,0,0,0
random_n13_05,13,13,max,high,reference-proposed,48,random,0,0,0,1700864,0,439,0,534528,251904,0,0,0,0,0,0,0,0,0,0,416,216,110,0
random_n13_05,13,13,spectrum,natural,reference,8,random,5537792,3489660928,0,0,0,536805376,0,0,0,0,0,0,0,0,0,0,0,0,0,0,0,0,0
random_n13_05,13,13,spectrum,natural,reference-proposed,8,random,0,0,0,5947392,0,3443,0,1696,1452,0,0,0,0,0,0,0,0,0,0,64042,32018,744,4
random_n13_05,13,13,spectrum,high,reference,8,random,5537792,3489660928,0,0,0,536805376,0,0,0,0,0,0,0,0,0,0,0,0,0,0,0,0,0
random_n13_05,13,13,spectrum,high,reference-proposed,8,random,0,0,0,171966464,0,45310,0,89088,41984,0,0,0,0,0,0,0,0,0,0,41978,20986,11776,4
random_n13_06,13,13,min,static,reference,8,random,5537792,3489660928,0,0,0,536805376,0,0,0,0,0,0,0,0,0,0,0,0,0,0,0,0,0
random_n13_06,13,13,min,static,reference-proposed,8,random,5537792,0,1638400,0,0,0,984,0,0,0,0,0,0,0,0,0,0,0,0,0,0,0,0
random_n13_06,13,13,max,natural,reference,280,random,193822720,0,0,0,0,29818880,0,0,0,0,0,0,0,0,0,0,0,0,0,0,0,0,0
random_n13_06,13,13,max,natural,reference-proposed,280,random,0,0,0,572180,0,126,0,141820,126420,0,0,0,0,0,0,0,0,0,0,3115,1609,36,0
random_n13_06,13,13,max,high,reference,48,random,33226752,0,0,0,0,5111808,0,0,0,0,0,0,0,0,0,0,0,0,0,0,0,0,0
random_n13_06,13,13,max,high,reference-proposed,48,random,0,0,0,1464320,0,379,0,534528,251904,0,0,0,0,0,0,0,0,0,0,357,183,95,0
random_n13_06,13,13,spectrum,natural,reference,8,random,5537792,3489660928,0,0,0,536805376,0,0,0,0,0,0,0,0,0,0,0,0,0,0,0,0,0
random_n13_06,13,13,spectrum,natural,reference-proposed,8,random,0,0,0,14794752,0,5196,0,4052,3612,0,0,0,0,0,0,0,0,0,0,62942,31486,1280,2
random_n13_06,13,13,spectrum,high,reference,8,random,5537792,3489660928,0,0,0,536805376,0,0,0,0,0,0,0,0,0,0,0,0,0,0,0,0,0
random_n13_06,13,13,spectrum,high,reference-proposed,8,random,0,0,0,171966464,0,45319,0,89088,41984,0,0,0,0,0,0,0,0,0,0,41978,20986,11776,5
random_n13_07,13,13,min,static,reference,8,random,5537792,3489660928,0,0,0,536805376,0,0,0,0,0,0,0,0,0,0,0,0,0,0,0,0,0
random_n13_07,13,13,min,static,reference-proposed,8,random,5537792,0,1769472,0,0,0,896,0,0,0,0,0,0,0,0,0,0,0,0,0,0,0,0
random_n13_07,13,13,max,natural,reference,280,random,193822720,0,0,0,0,29818880,0,0,0,0,0,0,0,0,0,0,0,0,0,0,0,0,0
random_n13_07,13,13,max,natural,reference-proposed,280,random,0,0,0,416920,0,0,0,84000,78400,0,0,0,0,0,0,0,0,0,0,2693,1470,0,0
random_n13_07,13,13,max,high,reference,48,random,33226752,0,0,0,0,5111808,0,0,0,0,0,0,0,0,0,0,0,0,0,0,0,0,0
random_n13_07,13,13,max,high,reference-proposed,48,random,0,0,0,1469440,0,387,0,534528,251904,0,0,0,0,0,0,0,0,0,0,357,180,100,0
random_n13_07,13,13,spectrum,natural,reference,8,random,5537792,3489660928,0,0,0,536805376,0,0,0,0,0,0,0,0,0,0,0,0,0,0,0,0,0
random_n13_07,13,13,spectrum,natural,reference-proposed,8,random,0,0,0,9175040,0,4500,0,2400,2240,0,0,0,0,0,0,0,0,0,0,63374,31694,1072,2
random_n13_07,13,13,spectrum,high,reference,8,random,5537792,3489660928,0,0,0,536805376,0,0,0,0,0,0,0,0,0,0,0,0,0,0,0,0,0
random_n13_07,13,13,spectrum,high,reference-proposed,8,random,0,0,0,171966464,0,45300,0,89088,41984,0,0,0,0,0,0,0,0,0,0,41982,20990,11776,2
random_n13_08,13,13,min,static,reference,8,random,5537792,3489660928,0,0,0,536805376,0,0,0,0,0,0,0,0,0,0,0,0,0,0,0,0,0
random_n13_08,13,13,min,static,reference-proposed,8,random,5537792,0,2097152,0,0,0,928,0,0,0,0,0,0,0,0,0,0,0,0,0,0,0,0
random_n13_08,13,13,max,natural,reference,280,random,193822720,0,0,0,0,29818880,0,0,0,0,0,0,0,0,0,0,0,0,0,0,0,0,0
random_n13_08,13,13,max,natural,reference-proposed,280,random,0,0,0,570920,0,223,0,94640,79100,0,0,0,0,0,0,0,0,0,0,3711,1908,52,0
random_n13_08,13,13,max,high,reference,48,random,33226752,0,0,0,0,5111808,0,0,0,0,0,0,0,0,0,0,0,0,0,0,0,0,0
random_n13_08,13,13,max,high,reference-proposed,48,random,0,0,0,1644544,0,450,0,534528,251904,0,0,0,0,0,0,0,0,0,0,401,198,111,0
random_n13_08,13,13,spectrum,natural,reference,8,random,5537792,3489660928,0,0,0,536805376,0,0,0,0,0,0,0,0,0,0,0,0,0,0,0,0,0
random_n13_08,13,13,spectrum,natural,reference-proposed,8,random,0,0,0,9256960,0,3462,0,2704,2260,0,0,0,0,0,0,0,0,0,0,64207,31847,920,4
random_n13_08,13,13,spectrum,high,reference,8,random,5537792,3489660928,0,0,0,536805376,0,0,0,0,0,0,0,0,0,0,0,0,0,0,0,0,0
random_n13_08,13,13,spectrum,high,reference-proposed,8,random,0,0,0,171966464,0,45294,0,89088,41984,0,0,0,0,0,0,0,0,0,0,41983,20991,11776,2
random_n13_09,13,13,min,static,reference,8,random,5537792,3489660928,0,0,0,536805376,0,0,0,0,0,0,0,0,0,0,0,0,0,0,0,0,0
random_n13_09,13,13,min,static,reference-proposed,8,random,5537792,0,2228224,0,0,0,960,0,0,0,0,0,0,0,0,0,0,0,0,0,0,0,0
random_n13_09,13,13,max,natural,reference,280,random,193822720,0,0,0,0,29818880,0,0,0,0,0,0,0,0,0,0,0,0,0,0,0,0,0
random_n13_09,13,13,max,natural,reference-proposed,280,random,0,0,0,580930,0,88,0,108080,95130,0,0,0,0,0,0,0,0,0,0,3129,1750,35,0
random_n13_09,13,13,max,high,reference,48,random,33226752,0,0,0,0,5111808,0,0,0,0,0,0,0,0,0,0,0,0,0,0,0,0,0
random_n13_09,13,13,max,high,reference-proposed,48,random,0,0,0,1461248,0,425,0,534528,251904,0,0,0,0,0,0,0,0,0,0,354,175,102,0
random_n13_09,13,13,spectrum,natural,reference,8,random,5537792,3489660928,0,0,0,536805376,0,0,0,0,0,0,0,0,0,0,0,0,0,0,0,0,0
random_n13_09,13,13,spectrum,natural,reference-proposed,8,random,0,0,0,11132928,0,3915,0,3088,2718,0,0,0,0,0,0,0,0,0,0,63507,31751,1012,5
random_n13_09,13,13,spectrum,high,reference,8,random,5537792,3489660928,0,0,0,536805376,0,0,0,0,0,0,0,0,0,0,0,0,0,0,0,0,0
random_n13_09,13,13,spectrum,high,reference-proposed,8,random,0,0,0,171966464,0,45378,0,89088,41984,0,0,0,0,0,0,0,0,0,0,41977,20985,11776,6
random_n14_00,14,14,min,static,reference,8,random,12845056,15032385536,0,0,0,2147352576,0,0,0,0,0,0,0,0,0,0,0,0,0,0,0,0,0
random_n14_00,14,14,min,static,reference-proposed,8,random,12845056,0,4980736,0,0,0,1120,0,0,0,0,0,0,0,0,0,0,0,0,0,0,0,0
random_n14_00,14,14,max,natural,reference,296,random,475267072,0,0,0,0,67895296,0,0,0,0,0,0,0,0,0,0,0,0,0,0,0,0,0
random_n14_00,14,14,max,natural,reference-proposed,296,random,0,0,0,925148,0,190,0,195360,189440,0,0,0,0,0,0,0,0,0,0,4135,2145,38,0
random_n14_00,14,14,max,high,reference,24,random,38535168,0,0,0,0,5505024,0,0,0,0,0,0,0,0,0,0,0,0,0,0,0,0,0
random_n14_00,14,14,max,high,reference-proposed,24,random,0,0,0,1781760,0,267,0,534528,251904,0,0,0,0,0,0,0,0,0,0,218,108,65,0
random_n14_00,14,14,spectrum,natural,reference,8,random,12845056,15032385536,0,0,0,2147352576,0,0,0,0,0,0,0,0,0,0,0,0,0,0,0,0,0
random_n14_00,14,14,spectrum,natural,reference-proposed,8,random,0,0,0,41943040,0,6340,0,5280,5120,0,0,0,0,0,0,0,0,0,0,127710,63886,1648,2
random_n14_00,14,14,spectrum,high,reference,8,random,12845056,15032385536,0,0,0,2147352576,0,0,0,0,0,0,0,0,0,0,0,0,0,0,0,0,0
random_n14_00,14,14,spectrum,high,reference-proposed,8,random,0,0,0,687865856,0,90648,0,178176,83968,0,0,0,0,0,0,0,0,0,0,83965,41981,23552,3
random_n14_01,14,14,min,static,reference,8,random,12845056,15032385536,0,0,0,2147352576,0,0,0,0,0,0,0,0,0,0,0,0,0,0,0,0,0
random_n14_01,14,14,min,static,reference-proposed,8,random,12845056,0,4980736,0,0,0,1144,0,0,0,0,0,0,0,0,0,0,0,0,0,0,0,0
random_n14_01,14,14,max,natural,reference,296,random,475267072,0,0,0,0,67895296,0,0,0,0,0,0,0,0,0,0,0,0,0,0,0,0,0
random_n14_01,14,14,max,natural,reference-proposed,296,random,0,0,0,1217300,0,162,0,196544,173900,0,0,0,0,0,0,0,0,0,0,3579,1814,36,0
random_n14_01,14,14,max,high,reference,24,random,38535168,0,0,0,0,5505024,0,0,0,0,0,0,0,0,0,0,0,0,0,0,0,0,0
random_n14_01,14,14,max,high,reference-proposed,24,random,0,0,0,1687552,0,256,0,534528,251904,0,0,0,0,0,0,0,0,0,0,212,99,63,0
random_n14_01,14,14,spectrum,natural,reference,8,random,12845056,15032385536,0,0,0,2147352576,0,0,0,0,0,0,0,0,0,0,0,0,0,0,0,0,0
random_n14_01,14,14,spectrum,natural,reference-proposed,8,random,0,0,0,38502400,0,5416,0,5312,4700,0,0,0,0,0,0,0,0,0,0,128098,64046,1484,6
random_n14_01,14,14,spectrum,high,reference,8,random,12845056,15032385536,0,0,0,2147352576,0,0,0,0,0,0,0,0,0,0,0,0,0,0,0,0,0
random_n14_01,14,14,spectrum,high,reference-proposed,8,random,0,0,0,687865856,0,90577,0,178176,83968,0,0,0,0,0,0,0,0,0,0,83965,41981,23552,2
random_n14_02,14,14,min,static,reference,8,random,12845056,15032385536,0,0,0,2147352576,0,0,0,0,0,0,0,0,0,0,0,0,0,0,0,0,0
random_n14_02,14,14,min,static,reference-proposed,8,random,12845056,0,5373952,0,0,0,1120,0,0,0,0,0,0,0,0,0,0,0,0,0,0,0,0
random_n14_02,14,14,max,natural,reference,296,random,475267072,0,0,0,0,67895296,0,0,0,0,0,0,0,0,0,0,0,0,0,0,0,0,0
random_n14_02,14,14,max,natural,reference-proposed,296,random,0,0,0,1487992,0,472,0,260776,249528,0,0,0,0,0,0,0,0,0,0,4109,2088,132,0
random_n14_02,14,14,max,high,reference,24,random,38535168,0,0,0,0,5505024,0,0,0,0,0,0,0,0,0,0,0,0,0,0,0,0,0
random_n14_02,14,14,max,high,reference-proposed,24,random,0,0,0,2004992,0,271,0,534528,251904,0,0,0,0,0,0,0,0,0,0,247,122,69,0
random_n14_02,14,14,spectrum,natural,reference,8,random,12845056,15032385536,0,0,0,2147352576,0,0,0,0,0,0,0,0,0,0,0,0,0,0,0,0,0
random_n14_02,14,14,spectrum,natural,reference-proposed,8,random,0,0,0,55246848,0,12090,0,7048,6744,0,0,0,0,0,0,0,0,0,0,125196,62596,2936,4
random_n14_02,14,14,spectrum,high,reference,8,random,12845056,15032385536,0,0,0,2147352576,0,0,0,0,0,0,0,0,0,0,0,0,0,0,0,0,0
random_n14_02,14,14,spectrum,high,reference-proposed,8,random,0,0,0,687865856,0,90592,0,178176,83968,0,0,0,0,0,0,0,0,0,0,83964,41980,23552,1
random_n14_03,14,14,min,static,reference,8,random,12845056,15032385536,0,0,0,2147352576,0,0,0,0,0,0,0,0,0,0,0,0,0,0,0,0,0
random_n14_03,14,14,min,static,reference-proposed,8,random,12845056,0,4980736,0,0,0,1016,0,0,0,0,0,0,0,0,0,0,0,0,0,0,0,0
random_n14_03,14,14,max,natural,reference,296,random,475267072,0,0,0,0,67895296,0,0,0,0,0,0,0,0,0,0,0,0,0,0,0,0,0
random_n14_03,14,14,max,natural,reference-proposed,296,random,0,0,0,593628,0,162,0,107448,97680,0,0,0,0,0,0,0,0,0,0,3950,1944,54,0
random_n14_03,14,14,max,high,reference,24,random,38535168,0,0,0,0,5505024,0,0,0,0,0,0,0,0,0,0,0,0,0,0,0,0,0
random_n14_03,14,14,max,high,reference-proposed,24,random,0,0,0,1992704,0,270,0,534528,251904,0,0,0,0,0,0,0,0,0,0,243,121,68,0
random_n14_03,14,14,spectrum,natural,reference,8,random,12845056,15032385536,0,0,0,2147352576,0,0,0,0,0,0,0,0,0,0,0,0,0,0,0,0,0
random_n14_03,14,14,spectrum,natural,reference-proposed,8,random,0,0,0,21626880,0,5688,0,2904,2640,0,0,0,0,0,0,0,0,0,0,128412,64204,1328,6
random_n14_03,14,14,spectrum,high,reference,8,random,12845056,15032385536,0,0,0,2147352576,0,0,0,0,0,0,0,0,0,0,0,0,0,0,0,0,0
random_n14_03,14,14,spectrum,high,reference-proposed,8,random,0,0,0,687865856,0,90590,0,178176,83968,0,0,0,0,0,0,0,0,0,0,83965,41981,23552,3
random_n14_04,14,14,min,static,reference,8,random,12845056,15032385536,0,0,0,2147352576,0,0,0,0,0,0,0,0,0,0,0,0,0,0,0,0,0
random_n14_04,14,14,min,static,reference-proposed,8,random,12845056,0,5636096,0,0,0,1024,0,0,0,0,0,0,0,0,0,0,0,0,0,0,0,0
random_n14_04,14,14,max,natural,reference,296,random,475267072,0,0,0,0,67895296,0,0,0,0,0,0,0,0,0,0,0,0,0,0,0,0,0
random_n14_04,14,14,max,natural,reference-proposed,296,random,0,0,0,1669440,0,252,0,285344,272912,0,0,0,0,0,0,0,0,0,0,4621,2387,18,0
random_n14_04,14,14,max,high,reference,24,random,38535168,0,0,0,0,5505024,0,0,0,0,0,0,0,0,0,0,0,0,0,0,0,0,0
random_n14_04,14,14,max,high,reference-proposed,24,random,0,0,0,1943552,0,223,0,534528,251904,0,0,0,0,0,0,0,0,0,0,233,125,60,0
random_n14_04,14,14,spectrum,natural,reference,8,random,12845056,15032385536,0,0,0,2147352576,0,0,0,0,0,0,0,0,0,0,0,0,0,0,0,0,0
random_n14_04,14,14,spectrum,natural,reference-proposed,8,random,0,0,0,60424192,0,2818,0,7712,7376,0,0,0,0,0,0,0,0,0,0,129850,64922,608,5
random_n14_04,14,14,spectrum,high,reference,8,random,12845056,15032385536,0,0,0,2147352576,0,0,0,0,0,0,0,0,0,0,0,0,0,0,0,0,0
random_n14_04,14,14,spectrum,high,reference-proposed,8,random,0,0,0,687865856,0,90637,0,178176,83968,0,0,0,0,0,0,0,0,0,0,83964,41980,23552,6
random_n14_05,14,14,min,static,reference,8,random,12845056,15032385536,0,0,0,2147352576,0,0,0,0,0,0,0,0,0,0,0,0,0,0,0,0,0
random_n14_05,14,14,min,static,reference-proposed,8,random,12845056,0,7077888,0,0,0,1032,0,0,0,0,0,0,0,0,0,0,0,0,0,0,0,0
random_n14_05,14,14,max,natural,reference,296,random,475267072,0,0,0,0,67895296,0,0,0,0,0,0,0,0,0,0,0,0,0,0,0,0,0
random_n14_05,14,14,max,natural,reference-proposed,296,random,0,0,0,355052,0,36,0,71632,66748,0,0,0,0,0,0,0,0,0,0,3773,1832,18,0
random_n14_05,14,14,max,high,reference,24,random,38535168,0,0,0,0,5505024,0,0,0,0,0,0,0,0,0,0,0,0,0,0,0,0,0
random_n14_05,14,14,max,high,reference-proposed,24,random,0,0,0,1808384,0,235,0,534528,251904,0,0,0,0,0,0,0,0,0,0,225,108,63,0
random_n14_05,14,14,spectrum,natural,reference,8,random,12845056,15032385536,0,0,0,2147352576,0,0,0,0,0,0,0,0,0,0,0,0,0,0,0,0,0
random_n14_05,14,14,spectrum,natural,reference-proposed,8,random,0,0,0,14778368,0,2186,0,1936,1804,0,0,0,0,0,0,0,0,0,0,129946,64970,560,6
random_n14_05,14,14,spectrum,high,reference,8,random,12845056,15032385536,0,0,0,2147352576,0,0,0,0,0,0,0,0,0,0,0,0,0,0,0,0,0
random_n14_05,14,14,spectrum,high,reference-proposed,8,random,0,0,0,687865856,0,90624,0,178176,83968,0,0,0,0,0,0,0,0,0,0,83963,41979,23552,5
random_n14_06,14,14,min,static,reference,8,random,12845056,15032385536,0,0,0,2147352576,0,0,0,0,0,0,0,0,0,0,0,0,0,0,0,0,0
random_n14_06,14,14,min,static,reference-proposed,8,random,12845056,0,4849664,0,0,0,1008,0,0,0,0,0,0,0,0,0,0,0,0,0,0,0,0
random_n14_06,14,14,max,natural,reference,296,random,475267072,0,0,0,0,67895296,0,0,0,0,0,0,0,0,0,0,0,0,0,0,0,0,0
random_n14_06,14,14,max,natural,reference-proposed,296,random,0,0,0,940096,0,95,0,155104,146964,0,0,0,0,0,0,0,0,0,0,3991,1997,38,0
random_n14_06,14,14,max,high,reference,24,random,38535168,0,0,0,0,5505024,0,0,0,0,0,0,0,0,0,0,0,0,0,0,0,0,0
random_n14_06,14,14,max,high,reference-proposed,24,random,0,0,0,1708032,0,174,0,534528,251904,0,0,0,0,0,0,0,0,0,0,210,108,52,0
random_n14_06,14,14,spectrum,natural,reference,8,random,12845056,15032385536,0,0,0,2147352576,0,0,0,0,0,0,0,0,0,0,0,0,0,0,0,0,0
random_n14_06,14,14,spectrum,natural,reference-proposed,8,random,0,0,0,32538624,0,4406,0,4192,3972,0,0,0,0,0,0,0,0,0,0,128730,64362,1168,6
random_n14_06,14,14,spectrum,high,reference,8,random,12845056,15032385536,0,0,0,2147352576,0,0,0,0,0,0,0,0,0,0,0,0,0,0,0,0,0
random_n14_06,14,14,spectrum,high,reference-proposed,8,random,0,0,0,687865856,0,90610,0,178176,83968,0,0,0,0,0,0,0,0,0,0,83964,41980,23552,3
random_n14_07,14,14,min,static,reference,8,random,12845056,15032385536,0,0,0,2147352576,0,0,0,0,0,0,0,0,0,0,0,0,0,0,0,0,0
random_n14_07,14,14,min,static,reference-proposed,8,random,12845056,0,5505024,0,0,0,1024,0,0,0,0,0,0,0,0,0,0,0,0,0,0,0,0
random_n14_07,14,14,max,natural,reference,296,random,475267072,0,0,0,0,67895296,0,0,0,0,0,0,0,0,0,0,0,0,0,0,0,0,0
random_n14_07,14,14,max,natural,reference-proposed,296,random,0,0,0,1184000,0,0,0,174048,163392,0,0,0,0,0,0,0,0,0,0,3761,2072,0,0
random_n14_07,14,14,max,high,reference,24,random,38535168,0,0,0,0,5505024,0,0,0,0,0,0,0,0,0,0,0,0,0,0,0,0,0
random_n14_07,14,14,max,high,reference-proposed,24,random,0,0,0,1638400,0,214,0,534528,251904,0,0,0,0,0,0,0,0,0,0,202,100,59,0
random_n14_07,14,14,spectrum,natural,reference,8,random,12845056,15032385536,0,0,0,2147352576,0,0,0,0,0,0,0,0,0,0,0,0,0,0,0,0,0
random_n14_07,14,14,spectrum,natural,reference-proposed,8,random,0,0,0,36175872,0,2499,0,4704,4416,0,0,0,0,0,0,0,0,0,0,129788,64956,576,3
random_n14_07,14,14,spectrum,high,reference,8,random,12845056,15032385536,0,0,0,2147352576,0,0,0,0,0,0,0,0,0,0,0,0,0,0,0,0,0
random_n14_07,14,14,spectrum,high,reference-proposed,8,random,0,0,0,687865856,0,90629,0,178176,83968,0,0,0,0,0,0,0,0,0,0,83963,41979,23552,4
random_n14_08,14,14,min,static,reference,8,random,12845056,15032385536,0,0,0,2147352576,0,0,0,0,0,0,0,0,0,0,0,0,0,0,0,0,0
random_n14_08,14,14,min,static,reference-proposed,8,random,12845056,0,4063232,0,0,0,1136,0,0,0,0,0,0,0,0,0,0,0,0,0,0,0,0
random_n14_08,14,14,max,natural,reference,296,random,475267072,0,0,0,0,67895296,0,0,0,0,0,0,0,0,0,0,0,0,0,0,0,0,0
random_n14_08,14,14,max,natural,reference-proposed,296,random,0,0,0,1762680,0,0,0,236208,228512,0,0,0,0,0,0,0,0,0,0,3576,1813,0,0
random_n14_08,14,14,max,high,reference,24,random,38535168,0,0,0,0,5505024,0,0,0,0,0,0,0,0,0,0,0,0,0,0,0,0,0
random_n14_08,14,14,max,high,reference-proposed,24,random,0,0,0,1867776,0,242,0,534528,251904,0,0,0,0,0,0,0,0,0,0,233,115,61,0
random_n14_08,14,14,spectrum,natural,reference,8,random,12845056,15032385536,0,0,0,2147352576,0,0,0,0,0,0,0,0,0,0,0,0,0,0,0,0,0
random_n14_08,14,14,spectrum,natural,reference-proposed,8,random,0,0,0,50593792,0,2561,0,6384,6176,0,0,0,0,0,0,0,0,0,0,129981,64989,544,3
random_n14_08,14,14,spectrum,high,reference,8,random,12845056,15032385536,0,0,0,2147352576,0,0,0,0,0,0,0,0,0,0,0,0,0,0,0,0,0
random_n14_08,14,14,spectrum,high,reference-proposed,8,random,0,0,0,687865856,0,90619,0,178176,83968,0,0,0,0,0,0,0,0,0,0,83967,41983,23552,1
random_n14_09,14,14,min,static,reference,8,random,12845056,15032385536,0,0,0,2147352576,0,0,0,0,0,0,0,0,0,0,0,0,0,0,0,0,0
random_n14_09,14,14,min,static,reference-proposed,8,random,12845056,0,5505024,0,0,0,1096,0,0,0,0,0,0,0,0,0,0,0,0,0,0,0,0
random_n14_09,14,14,max,natural,reference,296,random,475267072,0,0,0,0,67895296,0,0,0,0,0,0,0,0,0,0,0,0,0,0,0,0,0
random_n14_09,14,14,max,natural,reference-proposed,296,random,0,0,0,1161208,0,126,0,157176,152218,0,0,0,0,0,0,0,0,0,0,4613,2276,18,0
random_n14_09,14,14,max,high,reference,24,random,38535168,0,0,0,0,5505024,0,0,0,0,0,0,0,0,0,0,0,0,0,0,0,0,0
random_n14_09,14,14,max,high,reference-proposed,24,random,0,0,0,1675264,0,234,0,534528,251904,0,0,0,0,0,0,0,0,0,0,206,102,57,0
random_n14_09,14,14,spectrum,natural,reference,8,random,12845056,15032385536,0,0,0,2147352576,0,0,0,0,0,0,0,0,0,0,0,0,0,0,0,0,0
random_n14_09,14,14,spectrum,natural,reference-proposed,8,random,0,0,0,33701888,0,1606,0,4248,4114,0,0,0,0,0,0,0,0,0,0,130276,65136,396,3
random_n14_09,14,14,spectrum,high,reference,8,random,12845056,15032385536,0,0,0,2147352576,0,0,0,0,0,0,0,0,0,0,0,0,0,0,0,0,0
random_n14_09,14,14,spectrum,high,reference-proposed,8,random,0,0,0,687865856,0,90500,0,178176,83968,0,0,0,0,0,0,0,0,0,0,83963,41979,23552,7
random_n15_00,15,15,min,static,reference,2,random,7372800,16106127360,0,0,0,2147418112,0,0,0,0,0,0,0,0,0,0,0,0,0,0,0,0,0
random_n15_00,15,15,min,static,reference-proposed,2,random,7372800,0,2752512,0,0,0,310,0,0,0,0,0,0,0,0,0,0,0,0,0,0,0,0
random_n15_00,15,15,max,natural,reference,388,random,1430323200,0,0,0,0,190709760,0,0,0,0,0,0,0,0,0,0,0,0,0,0,0,0,0
random_n15_00,15,15,max,natural,reference-proposed,388,random,0,0,0,924992,0,679,0,161408,148992,0,0,0,0,0,0,0,0,0,0,5432,2425,97,0
random_n15_00,15,15,max,high,reference,8,random,29491200,0,0,0,0,3932160,0,0,0,0,0,0,0,0,0,0,0,0,0,0,0,0,0
random_n15_00,15,15,max,high,reference-proposed,8,random,0,0,0,1343488,0,153,0,393216,131072,0,0,0,0,0,0,0,0,0,0,82,39,43,0
random_n15_00,15,15,spectrum,natural,reference,2,random,7372800,16106127360,0,0,0,2147418112,0,0,0,0,0,0,0,0,0,0,0,0,0,0,0,0,0
random_n15_00,15,15,spectrum,natural,reference-proposed,2,random,0,0,0,12582912,0,1812,0,832,768,0,0,0,0,0,0,0,0,0,0,64384,32192,576,0
random_n15_00,15,15,spectrum,high,reference,2,random,7372800,16106127360,0,0,0,2147418112,0,0,0,0,0,0,0,0,0,0,0,0,0,0,0,0,0
random_n15_00,15,15,spectrum,high,reference-proposed,2,random,0,0,0,536870912,0,61437,0,98304,32768,0,0,0,0,0,0,0,0,0,0,32765,16381,16384,0
random_n15_01,15,15,min,static,reference,2,random,7372800,16106127360,0,0,0,2147418112,0,0,0,0,0,0,0,0,0,0,0,0,0,0,0,0,0
random_n15_01,15,15,min,static,reference-proposed,2,random,7372800,0,2424832,0,0,0,324,0,0,0,0,0,0,0,0,0,0,0,0,0,0,0,0
random_n15_01,15,15,max,natural,reference,388,random,1430323200,0,0,0,0,190709760,0,0,0,0,0,0,0,0,0,0,0,0,0,0,0,0,0
random_n15_01,15,15,max,natural,reference-proposed,388,random,0,0,0,2039328,0,0,0,232800,226592,0,0,0,0,0,0,0,0,0,0,7372,3492,0,0
random_n15_01,15,15,max,high,reference,8,random,29491200,0,0,0,0,3932160,0,0,0,0,0,0,0,0,0,0,0,0,0,0,0,0,0
random_n15_01,15,15,max,high,reference-proposed,8,random,0,0,0,1015808,0,112,0,393216,131072,0,0,0,0,0,0,0,0,0,0,62,34,28,0
random_n15_01,15,15,spectrum,natural,reference,2,random,7372800,16106127360,0,0,0,2147418112,0,0,0,0,0,0,0,0,0,0,0,0,0,0,0,0,0
random_n15_01,15,15,spectrum,natural,reference-proposed,2,random,0,0,0,19136512,0,2041,0,1200,1168,0,0,0,0,0,0,0,0,0,0,64444,32220,544,4
random_n15_01,15,15,spectrum,high,reference,2,random,7372800,16106127360,0,0,0,2147418112,0,0,0,0,0,0,0,0,0,0,0,0,0,0,0,0,0
random_n15_01,15,15,spectrum,high,reference-proposed,2,random,0,0,0,536870912,0,61453,0,98304,32768,0,0,0,0,0,0,0,0,0,0,32765,16381,16384,1
random_n15_02,15,15,min,static,reference,2,random,7372800,16106127360,0,0,0,2147418112,0,0,0,0,0,0,0,0,0,0,0,0,0,0,0,0,0
random_n15_02,15,15,min,static,reference-proposed,2,random,7372800,0,2621440,0,0,0,308,0,0,0,0,0,0,0,0,0,0,0,0,0,0,0,0
random_n15_02,15,15,max,natural,reference,388,random,1430323200,0,0,0,0,190709760,0,0,0,0,0,0,0,0,0,0,0,0,0,0,0,0,0
random_n15_02,15,15,max,natural,reference-proposed,388,random,0,0,0,4047616,0,0,0,509056,490432,0,0,0,0,0,0,0,0,0,0,6596,3298,0,0
random_n15_02,15,15,max,high,reference,8,random,29491200,0,0,0,0,3932160,0,0,0,0,0,0,0,0,0,0,0,0,0,0,0,0,0
random_n15_02,15,15,max,high,reference-proposed,8,random,0,0,0,1228800,0,139,0,393216,131072,0,0,0,0,0,0,0,0,0,0,75,40,35,0
random_n15_02,15,15,spectrum,natural,reference,2,random,7372800,16106127360,0,0,0,2147418112,0,0,0,0,0,0,0,0,0,0,0,0,0,0,0,0,0
random_n15_02,15,15,spectrum,natural,reference-proposed,2,random,0,0,0,41418752,0,458,0,2624,2528,0,0,0,0,0,0,0,0,0,0,65340,32668,96,2
random_n15_02,15,15,spectrum,high,reference,2,random,7372800,16106127360,0,0,0,2147418112,0,0,0,0,0,0,0,0,0,0,0,0,0,0,0,0,0
random_n15_02,15,15,spectrum,high,reference-proposed,2,random,0,0,0,536870912,0,61440,0,98304,32768,0,0,0,0,0,0,0,0,0,0,32766,16382,16384,2
random_n15_03,15,15,min,static,reference,2,random,7372800,16106127360,0,0,0,2147418112,0,0,0,0,0,0,0,0,0,0,0,0,0,0,0,0,0
random_n15_03,15,15,min,static,reference-proposed,2,random,7372800,0,2883584,0,0,0,302,0,0,0,0,0,0,0,0,0,0,0,0,0,0,0,0
random_n15_03,15,15,max,natural,reference,388,random,1430323200,0,0,0,0,190709760,0,0,0,0,0,0,0,0,0,0,0,0,0,0,0,0,0
random_n15_03,15,15,max,natural,reference-proposed,388,random,0,0,0,3029504,0,0,0,372480,360064,0,0,0,0,0,0,0,0,0,0,6984,3104,0,0
random_n15_03,15,15,max,high,reference,8,random,29491200,0,0,0,0,3932160,0,0,0,0,0,0,0,0,0,0,0,0,0,0,0,0,0
random_n15_03,15,15,max,high,reference-proposed,8,random,0,0,0,606208,0,78,0,393216,131072,0,0,0,0,0,0,0,0,0,0,37,18,19,0
random_n15_03,15,15,spectrum,natural,reference,2,random,7372800,16106127360,0,0,0,2147418112,0,0,0,0,0,0,0,0,0,0,0,0,0,0,0,0,0
random_n15_03,15,15,spectrum,natural,reference-proposed,2,random,0,0,0,30408704,0,390,0,1920,1856,0,0,0,0,0,0,0,0,0,0,65408,32704,64,0
random_n15_03,15,15,spectrum,high,reference,2,random,7372800,16106127360,0,0,0,2147418112,0,0,0,0,0,0,0,0,0,0,0,0,0,0,0,0,0
random_n15_03,15,15,spectrum,high,reference-proposed,2,random,0,0,0,536870912,0,61428,0,98304,32768,0,0,0,0,0,0,0,0,0,0,32768,16384,16384,0
random_n15_04,15,15,min,static,reference,2,random,7372800,16106127360,0,0,0,2147418112,0,0,0,0,0,0,0,0,0,0,0,0,0,0,0,0,0
random_n15_04,15,15,min,static,reference-proposed,2,random,7372800,0,3080192,0,0,0,314,0,0,0,0,0,0,0,0,0,0,0,0,0,0,0,0
random_n15_04,15,15,max,natural,reference,388,random,1430323200,0,0,0,0,190709760,0,0,0,0,0,0,0,0,0,0,0,0,0,0,0,0,0
random_n15_04,15,15,max,natural,reference-proposed,388,random,0,0,0,1244704,0,0,0,248320,242112,0,0,0,0,0,0,0,0,0,0,3977,2134,0,0
random_n15_04,15,15,max,high,reference,8,random,29491200,0,0,0,0,3932160,0,0,0,0,0,0,0,0,0,0,0,0,0,0,0,0,0
random_n15_04,15,15,max,high,reference-proposed,8,random,0,0,0,1228800,0,138,0,393216,131072,0,0,0,0,0,0,0,0,0,0,75,39,36,0
random_n15_04,15,15,spectrum,natural,reference,2,random,7372800,16106127360,0,0,0,2147418112,0,0,0,0,0,0,0,0,0,0,0,0,0,0,0,0,0
random_n15_04,15,15,spectrum,natural,reference-proposed,2,random,0,0,0,20447232,0,822,0,1280,1248,0,0,0,0,0,0,0,0,0,0,65247,32623,144,1
random_n15_04,15,15,spectrum,high,reference,2,random,7372800,16106127360,0,0,0,2147418112,0,0,0,0,0,0,0,0,0,0,0,0,0,0,0,0,0
random_n15_04,15,15,spectrum,high,reference-proposed,2,random,0,0,0,536870912,0,61437,0,98304,32768,0,0,0,0,0,0,0,0,0,0,32768,16384,16384,0
random_n15_05,15,15,min,static,reference,2,random,7372800,16106127360,0,0,0,2147418112,0,0,0,0,0,0,0,0,0,0,0,0,0,0,0,0,0
random_n15_05,15,15,min,static,reference-proposed,2,random,7372800,0,2818048,0,0,0,310,0,0,0,0,0,0,0,0,0,0,0,0,0,0,0,0
random_n15_05,15,15,max,natural,reference,388,random,1430323200,0,0,0,0,190709760,0,0,0,0,0,0,0,0,0,0,0,0,0,0,0,0,0
random_n15_05,15,15,max,natural,reference-proposed,388,random,0,0,0,921888,0,0,0,124160,114848,0,0,0,0,0,0,0,0,0,0,7081,3298,0,0
random_n15_05,15,15,max,high,reference,8,random,29491200,0,0,0,0,3932160,0,0,0,0,0,0,0,0,0,0,0,0,0,0,0,0,0
random_n15_05,15,15,max,high,reference-proposed,8,random,0,0,0,868352,0,107,0,393216,131072,0,0,0,0,0,0,0,0,0,0,53,26,27,0
random_n15_05,15,15,spectrum,natural,reference,2,random,7372800,16106127360,0,0,0,2147418112,0,0,0,0,0,0,0,0,0,0,0,0,0,0,0,0,0
random_n15_05,15,15,spectrum,natural,reference-proposed,2,random,0,0,0,9699328,0,1276,0,640,592,0,0,0,0,0,0,0,0,0,0,65152,32576,192,1
random_n15_05,15,15,spectrum,high,reference,2,random,7372800,16106127360,0,0,0,2147418112,0,0,0,0,0,0,0,0,0,0,0,0,0,0,0,0,0
random_n15_05,15,15,spectrum,high,reference-proposed,2,random,0,0,0,536870912,0,61438,0,98304,32768,0,0,0,0,0,0,0,0,0,0,32768,16384,16384,0
random_n15_06,15,15,min,static,reference,2,random,7372800,16106127360,0,0,0,2147418112,0,0,0,0,0,0,0,0,0,0,0,0,0,0,0,0,0
random_n15_06,15,15,min,static,reference-proposed,2,random,7372800,0,2752512,0,0,0,290,0,0,0,0,0,0,0,0,0,0,0,0,0,0,0,0
random_n15_06,15,15,max,natural,reference,388,random,1430323200,0,0,0,0,190709760,0,0,0,0,0,0,0,0,0,0,0,0,0,0,0,0,0
random_n15_06,15,15,max,natural,reference-proposed,388,random,0,0,0,2548384,0,0,0,266944,260736,0,0,0,0,0,0,0,0,0,0,7760,3686,0,0
random_n15_06,15,15,max,high,reference,8,random,29491200,0,0,0,0,3932160,0,0,0,0,0,0,0,0,0,0,0,0,0,0,0,0,0
random_n15_06,15,15,max,high,reference-proposed,8,random,0,0,0,950272,0,107,0,393216,131072,0,0,0,0,0,0,0,0,0,0,58,29,29,0
random_n15_06,15,15,spectrum,natural,reference,2,random,7372800,16106127360,0,0,0,2147418112,0,0,0,0,0,0,0,0,0,0,0,0,0,0,0,0,0
random_n15_06,15,15,spectrum,natural,reference-proposed,2,random,0,0,0,22020096,0,666,0,1376,1344,0,0,0,0,0,0,0,0,0,0,65342,32670,96,2
random_n15_06,15,15,spectrum,high,reference,2,random,7372800,16106127360,0,0,0,2147418112,0,0,0,0,0,0,0,0,0,0,0,0,0,0,0,0,0
random_n15_06,15,15,spectrum,high,reference-proposed,2,random,0,0,0,536870912,0,61439,0,98304,32768,0,0,0,0,0,0,0,0,0,0,32766,16382,16384,1
random_n15_07,15,15,min,static,reference,2,random,7372800,16106127360,0,0,0,2147418112,0,0,0,0,0,0,0,0,0,0,0,0,0,0,0,0,0
random_n15_07,15,15,min,static,reference-proposed,2,random,7372800,0,2686976,0,0,0,296,0,0,0,0,0,0,0,0,0,0,0,0,0,0,0,0
random_n15_07,15,15,max,natural,reference,388,random,1430323200,0,0,0,0,190709760,0,0,0,0,0,0,0,0,0,0,0,0,0,0,0,0,0
random_n15_07,15,15,max,natural,reference-proposed,388,random,0,0,0,4171776,0,0,0,599072,571136,0,0,0,0,0,0,0,0,0,0,4656,2328,0,0
random_n15_07,15,15,max,high,reference,8,random,29491200,0,0,0,0,3932160,0,0,0,0,0,0,0,0,0,0,0,0,0,0,0,0,0
random_n15_07,15,15,max,high,reference-proposed,8,random,0,0,0,950272,0,110,0,393216,131072,0,0,0,0,0,0,0,0,0,0,58,30,28,0
random_n15_07,15,15,spectrum,natural,reference,2,random,7372800,16106127360,0,0,0,2147418112,0,0,0,0,0,0,0,0,0,0,0,0,0,0,0,0,0
random_n15_07,15,15,spectrum,natural,reference-proposed,2,random,0,0,0,48234496,0,730,0,3088,2944,0,0,0,0,0,0,0,0,0,0,65151,32575,192,1
random_n15_07,15,15,spectrum,high,reference,2,random,7372800,16106127360,0,0,0,2147418112,0,0,0,0,0,0,0,0,0,0,0,0,0,0,0,0,0
random_n15_07,15,15,spectrum,high,reference-proposed,2,random,0,0,0,536870912,0,61440,0,98304,32768,0,0,0,0,0,0,0,0,0,0,32768,16384,16384,1
random_n15_08,15,15,min,static,reference,2,random,7372800,16106127360,0,0,0,2147418112,0,0,0,0,0,0,0,0,0,0,0,0,0,0,0,0,0
random_n15_08,15,15,min,static,reference-proposed,2,random,7372800,0,2621440,0,0,0,312,0,0,0,0,0,0,0,0,0,0,0,0,0,0,0,0
random_n15_08,15,15,max,natural,reference,388,random,1430323200,0,0,0,0,190709760,0,0,0,0,0,0,0,0,0,0,0,0,0,0,0,0,0
random_n15_08,15,15,max,natural,reference-proposed,388,random,0,0,0,496640,0,0,0,108640,99328,0,0,0,0,0,0,0,0,0,0,3395,1940,0,0
random_n15_08,15,15,max,high,reference,8,random,29491200,0,0,0,0,3932160,0,0,0,0,0,0,0,0,0,0,0,0,0,0,0,0,0
random_n15_08,15,15,max,high,reference-proposed,8,random,0,0,0,917504,0,99,0,393216,131072,0,0,0,0,0,0,0,0,0,0,56,28,28,0
random_n15_08,15,15,spectrum,natural,reference,2,random,7372800,16106127360,0,0,0,2147418112,0,0,0,0,0,0,0,0,0,0,0,0,0,0,0,0,0
random_n15_08,15,15,spectrum,natural,reference-proposed,2,random,0,0,0,8388608,0,2883,0,560,512,0,0,0,0,0,0,0,0,0,0,63999,31999,768,0
random_n15_08,15,15,spectrum,high,reference,2,random,7372800,16106127360,0,0,0,2147418112,0,0,0,0,0,0,0,0,0,0,0,0,0,0,0,0,0
random_n15_08,15,15,spectrum,high,reference-proposed,2,random,0,0,0,536870912,0,61442,0,98304,32768,0,0,0,0,0,0,0,0,0,0,32766,16382,16384,1
random_n15_09,15,15,min,static,reference,2,random,7372800,16106127360,0,0,0,2147418112,0,0,0,0,0,0,0,0,0,0,0,0,0,0,0,0,0
random_n15_09,15,15,min,static,reference-proposed,2,random,7372800,0,3080192,0,0,0,292,0,0,0,0,0,0,0,0,0,0,0,0,0,0,0,0
random_n15_09,15,15,max,natural,reference,388,random,1430323200,0,0,0,0,190709760,0,0,0,0,0,0,0,0,0,0,0,0,0,0,0,0,0
random_n15_09,15,15,max,natural,reference-proposed,388,random,0,0,0,12785376,0,0,0,1837568,1784800,0,0,0,0,0,0,0,0,0,0,7178,3104,0,0
random_n15_09,15,15,max,high,reference,8,random,29491200,0,0,0,0,3932160,0,0,0,0,0,0,0,0,0,0,0,0,0,0,0,0,0
random_n15_09,15,15,max,high,reference-proposed,8,random,0,0,0,933888,0,106,0,393216,131072,0,0,0,0,0,0,0,0,0,0,57,28,29,0
random_n15_09,15,15,spectrum,natural,reference,2,random,7372800,16106127360,0,0,0,2147418112,0,0,0,0,0,0,0,0,0,0,0,0,0,0,0,0,0
random_n15_09,15,15,spectrum,natural,reference-proposed,2,random,0,0,0,150732800,0,296,0,9472,9200,0,0,0,0,0,0,0,0,0,0,65392,32696,72,1
random_n15_09,15,15,spectrum,high,reference,2,random,7372800,16106127360,0,0,0,2147418112,0,0,0,0,0,0,0,0,0,0,0,0,0,0,0,0,0
random_n15_09,15,15,spectrum,high,reference-proposed,2,random,0,0,0,536870912,0,61441,0,98304,32768,0,0,0,0,0,0,0,0,0,0,32768,16384,16384,1
random_n16_00,16,16,min,static,reference,2,random,16777216,68719476736,0,0,0,8589803520,0,0,0,0,0,0,0,0,0,0,0,0,0,0,0,0,0
random_n16_00,16,16,min,static,reference-proposed,2,random,16777216,0,7864320,0,0,0,342,0,0,0,0,0,0,0,0,0,0,0,0,0,0,0,0
random_n16_00,16,16,max,natural,reference,110,random,922746880,0,0,0,0,115343360,0,0,0,0,0,0,0,0,0,0,0,0,0,0,0,0,0
random_n16_00,16,16,max,natural,reference-proposed,110,random,0,0,0,882200,0,224,0,91960,88220,0,0,0,0,0,0,0,0,0,0,2202,1072,28,0
random_n16_00,16,16,max,high,reference,6,random,50331648,0,0,0,0,6291456,0,0,0,0,0,0,0,0,0,0,0,0,0,0,0,0,0
random_n16_00,16,16,max,high,reference-proposed,6,random,0,0,0,1572864,0,87,0,589824,196608,0,0,0,0,0,0,0,0,0,0,48,24,24,0
random_n16_00,16,16,spectrum,natural,reference,2,random,16777216,68719476736,0,0,0,8589803520,0,0,0,0,0,0,0,0,0,0,0,0,0,0,0,0,0
random_n16_00,16,16,spectrum,natural,reference-proposed,2,random,0,0,0,52559872,0,1437,0,1672,1604,0,0,0,0,0,0,0,0,0,0,130687,65343,192,1
random_n16_00,16,16,spectrum,high,reference,2,random,16777216,68719476736,0,0,0,8589803520,0,0,0,0,0,0,0,0,0,0,0,0,0,0,0,0,0
random_n16_00,16,16,spectrum,high,reference-proposed,2,random,0,0,0,2147483648,0,122884,0,196608,65536,0,0,0,0,0,0,0,0,0,0,65535,32767,32768,3
random_n16_01,16,16,min,static,reference,2,random,16777216,68719476736,0,0,0,8589803520,0,0,0,0,0,0,0,0,0,0,0,0,0,0,0,0,0
random_n16_01,16,16,min,static,reference-proposed,2,random,16777216,0,7602176,0,0,0,332,0,0,0,0,0,0,0,0,0,0,0,0,0,0,0,0
random_n16_01,16,16,max,natural,reference,110,random,922746880,0,0,0,0,115343360,0,0,0,0,0,0,0,0,0,0,0,0,0,0,0,0,0
random_n16_01,16,16,max,natural,reference-proposed,110,random,0,0,0,438460,0,56,0,59840,52580,0,0,0,0,0,0,0,0,0,0,1705,852,28,0
random_n16_01,16,16,max,high,reference,6,random,50331648,0,0,0,0,6291456,0,0,0,0,0,0,0,0,0,0,0,0,0,0,0,0,0
random_n16_01,16,16,max,high,reference-proposed,6,random,0,0,0,1703936,0,95,0,589824,196608,0,0,0,0,0,0,0,0,0,0,52,26,26,0
random_n16_01,16,16,spectrum,natural,reference,2,random,16777216,68719476736,0,0,0,8589803520,0,0,0,0,0,0,0,0,0,0,0,0,0,0,0,0,0
random_n16_01,16,16,spectrum,natural,reference-proposed,2,random,0,0,0,31326208,0,3668,0,1088,956,0,0,0,0,0,0,0,0,0,0,129006,64502,1032,1
random_n16_01,16,16,spectrum,high,reference,2,random,16777216,68719476736,0,0,0,8589803520,0,0,0,0,0,0,0,0,0,0,0,0,0,0,0,0,0
random_n16_01,16,16,spectrum,high,reference-proposed,2,random,0,0,0,2147483648,0,122885,0,196608,65536,0,0,0,0,0,0,0,0,0,0,65535,32767,32768,3
random_n16_02,16,16,min,static,reference,2,random,16777216,68719476736,0,0,0,8589803520,0,0,0,0,0,0,0,0,0,0,0,0,0,0,0,0,0
random_n16_02,16,16,min,static,reference-proposed,2,random,16777216,0,8126464,0,0,0,328,0,0,0,0,0,0,0,0,0,0,0,0,0,0,0,0
random_n16_02,16,16,max,natural,reference,110,random,922746880,0,0,0,0,115343360,0,0,0,0,0,0,0,0,0,0,0,0,0,0,0,0,0
random_n16_02,16,16,max,natural,reference-proposed,110,random,0,0,0,1525920,0,0,0,142560,134640,0,0,0,0,0,0,0,0,0,0,2204,990,0,0
random_n16_02,16,16,max,high,reference,6,random,50331648,0,0,0,0,6291456,0,0,0,0,0,0,0,0,0,0,0,0,0,0,0,0,0
random_n16_02,16,16,max,high,reference-proposed,6,random,0,0,0,1048576,0,62,0,589824,196608,0,0,0,0,0,0,0,0,0,0,32,16,16,0
random_n16_02,16,16,spectrum,natural,reference,2,random,16777216,68719476736,0,0,0,8589803520,0,0,0,0,0,0,0,0,0,0,0,0,0,0,0,0,0
random_n16_02,16,16,spectrum,natural,reference-proposed,2,random,0,0,0,80216064,0,2059,0,2592,2448,0,0,0,0,0,0,0,0,0,0,130047,65023,512,1
random_n16_02,16,16,spectrum,high,reference,2,random,16777216,68719476736,0,0,0,8589803520,0,0,0,0,0,0,0,0,0,0,0,0,0,0,0,0,0
random_n16_02,16,16,spectrum,high,reference-proposed,2,random,0,0,0,2147483648,0,122883,0,196608,65536,0,0,0,0,0,0,0,0,0,0,65535,32767,32768,1
random_n16_03,16,16,min,static,reference,2,random,16777216,68719476736,0,0,0,8589803520,0,0,0,0,0,0,0,0,0,0,0,0,0,0,0,0,0
random_n16_03,16,16,min,static,reference-proposed,2,random,16777216,0,4980736,0,0,0,358,0,0,0,0,0,0,0,0,0,0,0,0,0,0,0,0
random_n16_03,16,16,max,natural,reference,110,random,922746880,0,0,0,0,115343360,0,0,0,0,0,0,0,0,0,0,0,0,0,0,0,0,0
random_n16_03,16,16,max,natural,reference-proposed,110,random,0,0,0,1985280,0,0,0,253440,248160,0,0,0,0,0,0,0,0,0,0,1481,880,0,0
random_n16_03,16,16,max,high,reference,6,random,50331648,0,0,0,0,6291456,0,0,0,0,0,0,0,0,0,0,0,0,0,0,0,0,0
random_n16_03,16,16,max,high,reference-proposed,6,random,0,0,0,1572864,0,81,0,589824,196608,0,0,0,0,0,0,0,0,0,0,48,24,24,0
random_n16_03,16,16,spectrum,natural,reference,2,random,16777216,68719476736,0,0,0,8589803520,0,0,0,0,0,0,0,0,0,0,0,0,0,0,0,0,0
random_n16_03,16,16,spectrum,natural,reference-proposed,2,random,0,0,0,147849216,0,2818,0,4608,4512,0,0,0,0,0,0,0,0,0,0,129981,64989,544,1
random_n16_03,16,16,spectrum,high,reference,2,random,16777216,68719476736,0,0,0,8589803520,0,0,0,0,0,0,0,0,0,0,0,0,0,0,0,0,0
random_n16_03,16,16,spectrum,high,reference-proposed,2,random,0,0,0,2147483648,0,122873,0,196608,65536,0,0,0,0,0,0,0,0,0,0,65533,32765,32768,1
random_n16_04,16,16,min,static,reference,2,random,16777216,68719476736,0,0,0,8589803520,0,0,0,0,0,0,0,0,0,0,0,0,0,0,0,0,0
random_n16_04,16,16,min,static,reference-proposed,2,random,16777216,0,6946816,0,0,0,342,0,0,0,0,0,0,0,0,0,0,0,0,0,0,0,0
random_n16_04,16,16,max,natural,reference,110,random,922746880,0,0,0,0,115343360,0,0,0,0,0,0,0,0,0,0,0,0,0,0,0,0,0
random_n16_04,16,16,max,natural,reference-proposed,110,random,0,0,0,1700160,0,108,0,246400,214720,0,0,0,0,0,0,0,0,0,0,1598,798,27,0
random_n16_04,16,16,max,high,reference,6,random,50331648,0,0,0,0,6291456,0,0,0,0,0,0,0,0,0,0,0,0,0,0,0,0,0
random_n16_04,16,16,max,high,reference-proposed,6,random,0,0,0,1441792,0,81,0,589824,196608,0,0,0,0,0,0,0,0,0,0,44,22,22,0
random_n16_04,16,16,spectrum,natural,reference,2,random,16777216,68719476736,0,0,0,8589803520,0,0,0,0,0,0,0,0,0,0,0,0,0,0,0,0,0
random_n16_04,16,16,spectrum,natural,reference-proposed,2,random,0,0,0,127926272,0,5847,0,4480,3904,0,0,0,0,0,0,0,0,0,0,127999,63999,1536,0
random_n16_04,16,16,spectrum,high,reference,2,random,16777216,68719476736,0,0,0,8589803520,0,0,0,0,0,0,0,0,0,0,0,0,0,0,0,0,0
random_n16_04,16,16,spectrum,high,reference-proposed,2,random,0,0,0,2147483648,0,122882,0,196608,65536,0,0,0,0,0,0,0,0,0,0,65534,32766,32768,2
random_n16_05,16,16,min,static,reference,2,random,16777216,68719476736,0,0,0,8589803520,0,0,0,0,0,0,0,0,0,0,0,0,0,0,0,0,0
random_n16_05,16,16,min,static,reference-proposed,2,random,16777216,0,6553600,0,0,0,334,0,0,0,0,0,0,0,0,0,0,0,0,0,0,0,0
random_n16_05,16,16,max,natural,reference,110,random,922746880,0,0,0,0,115343360,0,0,0,0,0,0,0,0,0,0,0,0,0,0,0,0,0
random_n16_05,16,16,max,natural,reference-proposed,110,random,0,0,0,320320,0,0,0,42240,40040,0,0,0,0,0,0,0,0,0,0,1762,880,0,0
random_n16_05,16,16,max,high,reference,6,random,50331648,0,0,0,0,6291456,0,0,0,0,0,0,0,0,0,0,0,0,0,0,0,0,0
random_n16_05,16,16,max,high,reference-proposed,6,random,0,0,0,1703936,0,94,0,589824,196608,0,0,0,0,0,0,0,0,0,0,52,26,26,0
random_n16_05,16,16,spectrum,natural,reference,2,random,16777216,68719476736,0,0,0,8589803520,0,0,0,0,0,0,0,0,0,0,0,0,0,0,0,0,0
random_n16_05,16,16,spectrum,natural,reference-proposed,2,random,0,0,0,23855104,0,1431,0,768,728,0,0,0,0,0,0,0,0,0,0,130432,65216,320,1
random_n16_05,16,16,spectrum,high,reference,2,random,16777216,68719476736,0,0,0,8589803520,0,0,0,0,0,0,0,0,0,0,0,0,0,0,0,0,0
random_n16_05,16,16,spectrum,high,reference-proposed,2,random,0,0,0,2147483648,0,122880,0,196608,65536,0,0,0,0,0,0,0,0,0,0,65535,32767,32768,1
random_n16_06,16,16,min,static,reference,2,random,16777216,68719476736,0,0,0,8589803520,0,0,0,0,0,0,0,0,0,0,0,0,0,0,0,0,0
random_n16_06,16,16,min,static,reference-proposed,2,random,16777216,0,6553600,0,0,0,326,0,0,0,0,0,0,0,0,0,0,0,0,0,0,0,0
random_n16_06,16,16,max,natural,reference,110,random,922746880,0,0,0,0,115343360,0,0,0,0,0,0,0,0,0,0,0,0,0,0,0,0,0
random_n16_06,16,16,max,natural,reference-proposed,110,random,0,0,0,317680,0,0,0,35200,33440,0,0,0,0,0,0,0,0,0,0,2114,1045,0,0
random_n16_06,16,16,max,high,reference,6,random,50331648,0,0,0,0,6291456,0,0,0,0,0,0,0,0,0,0,0,0,0,0,0,0,0
random_n16_06,16,16,max,high,reference-proposed,6,random,0,0,0,1703936,0,95,0,589824,196608,0,0,0,0,0,0,0,0,0,0,52,26,26,0
random_n16_06,16,16,spectrum,natural,reference,2,random,16777216,68719476736,0,0,0,8589803520,0,0,0,0,0,0,0,0,0,0,0,0,0,0,0,0,0
random_n16_06,16,16,spectrum,natural,reference-proposed,2,random,0,0,0,19922944,0,1263,0,640,608,0,0,0,0,0,0,0,0,0,0,130559,65279,256,1
random_n16_06,16,16,spectrum,high,reference,2,random,16777216,68719476736,0,0,0,8589803520,0,0,0,0,0,0,0,0,0,0,0,0,0,0,0,0,0
random_n16_06,16,16,spectrum,high,reference-proposed,2,random,0,0,0,2147483648,0,122880,0,196608,65536,0,0,0,0,0,0,0,0,0,0,65536,32768,32768,1
random_n16_07,16,16,min,static,reference,2,random,16777216,68719476736,0,0,0,8589803520,0,0,0,0,0,0,0,0,0,0,0,0,0,0,0,0,0
random_n16_07,16,16,min,static,reference-proposed,2,random,16777216,0,7471104,0,0,0,328,0,0,0,0,0,0,0,0,0,0,0,0,0,0,0,0
random_n16_07,16,16,max,natural,reference,110,random,922746880,0,0,0,0,115343360,0,0,0,0,0,0,0,0,0,0,0,0,0,0,0,0,0
random_n16_07,16,16,max,natural,reference-proposed,110,random,0,0,0,1953160,0,0,0,183040,154440,0,0,0,0,0,0,0,0,0,0,2116,1210,0,0
random_n16_07,16,16,max,high,reference,6,random,50331648,0,0,0,0,6291456,0,0,0,0,0,0,0,0,0,0,0,0,0,0,0,0,0
random_n16_07,16,16,max,high,reference-proposed,6,random,0,0,0,1310720,0,82,0,589824,196608,0,0,0,0,0,0,0,0,0,0,40,20,20,0
random_n16_07,16,16,spectrum,natural,reference,2,random,16777216,68719476736,0,0,0,8589803520,0,0,0,0,0,0,0,0,0,0,0,0,0,0,0,0,0
random_n16_07,16,16,spectrum,natural,reference-proposed,2,random,0,0,0,92012544,0,5408,0,3328,2808,0,0,0,0,0,0,0,0,0,0,128958,64478,1056,2
random_n16_07,16,16,spectrum,high,reference,2,random,16777216,68719476736,0,0,0,8589803520,0,0,0,0,0,0,0,0,0,0,0,0,0,0,0,0,0
random_n16_07,16,16,spectrum,high,reference-proposed,2,random,0,0,0,2147483648,0,122882,0,196608,65536,0,0,0,0,0,0,0,0,0,0,65533,32765,32768,1
random_n16_08,16,16,min,static,reference,2,random,16777216,68719476736,0,0,0,8589803520,0,0,0,0,0,0,0,0,0,0,0,0,0,0,0,0,0
random_n16_08,16,16,min,static,reference-proposed,2,random,16777216,0,7077888,0,0,0,338,0,0,0,0,0,0,0,0,0,0,0,0,0,0,0,0
random_n16_08,16,16,max,natural,reference,110,random,922746880,0,0,0,0,115343360,0,0,0,0,0,0,0,0,0,0,0,0,0,0,0,0,0
random_n16_08,16,16,max,natural,reference-proposed,110,random,0,0,0,1701700,0,0,0,246400,239140,0,0,0,0,0,0,0,0,0,0,1832,880,0,0
random_n16_08,16,16,max,high,reference,6,random,50331648,0,0,0,0,6291456,0,0,0,0,0,0,0,0,0,0,0,0,0,0,0,0,0
random_n16_08,16,16,max,high,reference-proposed,6,random,0,0,0,1441792,0,82,0,589824,196608,0,0,0,0,0,0,0,0,0,0,44,22,22,0
random_n16_08,16,16,spectrum,natural,reference,2,random,16777216,68719476736,0,0,0,8589803520,0,0,0,0,0,0,0,0,0,0,0,0,0,0,0,0,0
random_n16_08,16,16,spectrum,natural,reference-proposed,2,random,0,0,0,142475264,0,1173,0,4480,4348,0,0,0,0,0,0,0,0,0,0,130542,65270,264,4
random_n16_08,16,16,spectrum,high,reference,2,random,16777216,68719476736,0,0,0,8589803520,0,0,0,0,0,0,0,0,0,0,0,0,0,0,0,0,0
random_n16_08,16,16,spectrum,high,reference-proposed,2,random,0,0,0,2147483648,0,122879,0,196608,65536,0,0,0,0,0,0,0,0,0,0,65534,32766,32768,1
random_n16_09,16,16,min,static,reference,2,random,16777216,68719476736,0,0,0,8589803520,0,0,0,0,0,0,0,0,0,0,0,0,0,0,0,0,0
random_n16_09,16,16,min,static,reference-proposed,2,random,16777216,0,8388608,0,0,0,328,0,0,0,0,0,0,0,0,0,0,0,0,0,0,0,0
random_n16_09,16,16,max,natural,reference,110,random,922746880,0,0,0,0,115343360,0,0,0,0,0,0,0,0,0,0,0,0,0,0,0,0,0
random_n16_09,16,16,max,natural,reference-proposed,110,random,0,0,0,900240,0,0,0,114400,106480,0,0,0,0,0,0,0,0,0,0,1766,880,0,0
random_n16_09,16,16,max,high,reference,6,random,50331648,0,0,0,0,6291456,0,0,0,0,0,0,0,0,0,0,0,0,0,0,0,0,0
random_n16_09,16,16,max,high,reference-proposed,6,random,0,0,0,1441792,0,80,0,589824,196608,0,0,0,0,0,0,0,0,0,0,44,22,22,0
random_n16_09,16,16,spectrum,natural,reference,2,random,16777216,68719476736,0,0,0,8589803520,0,0,0,0,0,0,0,0,0,0,0,0,0,0,0,0,0
random_n16_09,16,16,spectrum,natural,reference-proposed,2,random,0,0,0,63438848,0,1806,0,2080,1936,0,0,0,0,0,0,0,0,0,0,130302,65150,384,2
random_n16_09,16,16,spectrum,high,reference,2,random,16777216,68719476736,0,0,0,8589803520,0,0,0,0,0,0,0,0,0,0,0,0,0,0,0,0,0
random_n16_09,16,16,spectrum,high,reference-proposed,2,random,0,0,0,2147483648,0,122880,0,196608,65536,0,0,0,0,0,0,0,0,0,0,65535,32767,32768,1
PRESENT,4,4,min,static,reference,7808,practical,999424,3997696,0,0,0,1873920,0,0,0,0,0,0,0,0,0,0,0,0,0,0,0,0,0
PRESENT,4,4,min,static,reference-proposed,7808,practical,999424,0,249856,0,0,0,203008,0,0,0,0,0,0,0,0,0,0,0,0,0,0,0,0
PRESENT,4,4,max,natural,reference,8064,practical,1032192,0,0,0,0,516096,0,0,0,0,0,0,0,0,0,0,0,0,0,0,0,0,0
PRESENT,4,4,max,natural,reference-proposed,8064,practical,0,0,0,102532,0,18382,0,85617,48447,0,0,0,0,0,0,0,0,0,0,24320,11509,4437,1107
PRESENT,4,4,max,high,reference,8960,practical,1146880,0,0,0,0,573440,0,0,0,0,0,0,0,0,0,0,0,0,0,0,0,0,0
PRESENT,4,4,max,high,reference-proposed,8960,practical,0,0,0,233781,0,24533,0,182980,103740,0,0,0,0,0,0,0,0,0,0,27845,12791,5769,1615
PRESENT,4,4,spectrum,natural,reference,3584,practical,458752,1835008,0,0,0,860160,0,0,0,0,0,0,0,0,0,0,0,0,0,0,0,0,0
PRESENT,4,4,spectrum,natural,reference-proposed,3584,practical,0,0,0,172256,0,32036,0,38052,21532,0,0,0,0,0,0,0,0,0,0,40626,19004,7657,2011
PRESENT,4,4,spectrum,high,reference,3712,practical,475136,1900544,0,0,0,890880,0,0,0,0,0,0,0,0,0,0,0,0,0,0,0,0,0
PRESENT,4,4,spectrum,high,reference-proposed,3712,practical,0,0,0,343824,0,34337,0,75806,42978,0,0,0,0,0,0,0,0,0,0,41115,19328,8195,2171
AES,8,8,min,static,reference,256,practical,2097152,67108864,0,0,0,16711680,0,0,0,0,0,0,0,0,0,0,0,0,0,0,0,0,0
AES,8,8,min,static,reference-proposed,256,practical,2097152,0,589824,0,0,0,13056,0,0,0,0,0,0,0,0,0,0,0,0,0,0,0,0
AES,8,8,max,natural,reference,1664,practical,13631488,0,0,0,0,3407872,0,0,0,0,0,0,0,0,0,0,0,0,0,0,0,0,0
AES,8,8,max,natural,reference-proposed,1664,practical,0,0,0,288153,0,2978,0,92053,69719,0,0,0,0,0,0,0,0,0,0,12186,6123,793,23
AES,8,8,max,high,reference,1280,practical,10485760,0,0,0,0,2621440,0,0,0,0,0,0,0,0,0,0,0,0,0,0,0,0,0
AES,8,8,max,high,reference-proposed,1280,practical,0,0,0,1165914,0,2765,0,370140,285220,0,0,0,0,0,0,0,0,0,0,9092,4496,690,34
AES,8,8,spectrum,natural,reference,256,practical,2097152,67108864,0,0,0,16711680,0,0,0,0,0,0,0,0,0,0,0,0,0,0,0,0,0
AES,8,8,spectrum,natural,reference-proposed,256,practical,0,0,0,1372928,0,14281,0,14162,10726,0,0,0,0,0,0,0,0,0,0,57647,28852,3796,120
AES,8,8,spectrum,high,reference,128,practical,1048576,33554432,0,0,0,8355840,0,0,0,0,0,0,0,0,0,0,0,0,0,0,0,0,0
AES,8,8,spectrum,high,reference-proposed,128,practical,0,0,0,3650816,0,8281,0,37014,28522,0,0,0,0,0,0,0,0,0,0,28464,14215,2103,67
CLEFIA_S0,8,8,min,static,reference,256,practical,2097152,67108864,0,0,0,16711680,0,0,0,0,0,0,0,0,0,0,0,0,0,0,0,0,0
CLEFIA_S0,8,8,min,static,reference-proposed,256,practical,2097152,0,851968,0,0,0,45056,0,0,0,0,0,0,0,0,0,0,0,0,0,0,0,0
CLEFIA_S0,8,8,max,natural,reference,1664,practical,13631488,0,0,0,0,3407872,0,0,0,0,0,0,0,0,0,0,0,0,0,0,0,0,0
CLEFIA_S0,8,8,max,natural,reference-proposed,1664,practical,0,0,0,235707,0,2451,0,78221,60307,0,0,0,0,0,0,0,0,0,0,11950,5993,582,33
CLEFIA_S0,8,8,max,high,reference,1280,practical,10485760,0,0,0,0,2621440,0,0,0,0,0,0,0,0,0,0,0,0,0,0,0,0,0
CLEFIA_S0,8,8,max,high,reference-proposed,1280,practical,0,0,0,1162072,0,2831,0,370140,285220,0,0,0,0,0,0,0,0,0,0,9102,4509,678,21
CLEFIA_S0,8,8,spectrum,natural,reference,256,practical,2097152,67108864,0,0,0,16711680,0,0,0,0,0,0,0,0,0,0,0,0,0,0,0,0,0
CLEFIA_S0,8,8,spectrum,natural,reference-proposed,256,practical,0,0,0,1187584,0,12390,0,12034,9278,0,0,0,0,0,0,0,0,0,0,58618,29277,3103,134
CLEFIA_S0,8,8,spectrum,high,reference,128,practical,1048576,33554432,0,0,0,8355840,0,0,0,0,0,0,0,0,0,0,0,0,0,0,0,0,0
CLEFIA_S0,8,8,spectrum,high,reference-proposed,128,practical,0,0,0,3650816,0,7535,0,37014,28522,0,0,0,0,0,0,0,0,0,0,28378,14322,1476,334
CLEFIA_S1,8,8,min,static,reference,256,practical,2097152,67108864,0,0,0,16711680,0,0,0,0,0,0,0,0,0,0,0,0,0,0,0,0,0
CLEFIA_S1,8,8,min,static,reference-proposed,256,practical,2097152,0,131072,0,0,0,15104,0,0,0,0,0,0,0,0,0,0,0,0,0,0,0,0
CLEFIA_S1,8,8,max,natural,reference,1664,practical,13631488,0,0,0,0,3407872,0,0,0,0,0,0,0,0,0,0,0,0,0,0,0,0,0
CLEFIA_S1,8,8,max,natural,reference-proposed,1664,practical,0,0,0,287748,0,2596,0,91754,72046,0,0,0,0,0,0,0,0,0,0,11960,6026,653,23
CLEFIA_S1,8,8,max,high,reference,1280,practical,10485760,0,0,0,0,2621440,0,0,0,0,0,0,0,0,0,0,0,0,0,0,0,0,0
CLEFIA_S1,8,8,max,high,reference-proposed,1280,practical,0,0,0,1109526,0,2468,0,370140,285220,0,0,0,0,0,0,0,0,0,0,8723,4311,645,12
CLEFIA_S1,8,8,spectrum,natural,reference,256,practical,2097152,67108864,0,0,0,16711680,0,0,0,0,0,0,0,0,0,0,0,0,0,0,0,0,0
CLEFIA_S1,8,8,spectrum,natural,reference-proposed,256,practical,0,0,0,1418752,0,12638,0,14116,11084,0,0,0,0,0,0,0,0,0,0,58997,29495,3142,132
CLEFIA_S1,8,8,spectrum,high,reference,128,practical,1048576,33554432,0,0,0,8355840,0,0,0,0,0,0,0,0,0,0,0,0,0,0,0,0,0
CLEFIA_S1,8,8,spectrum,high,reference-proposed,128,practical,0,0,0,3650816,0,8302,0,37014,28522,0,0,0,0,0,0,0,0,0,0,28355,14237,2090,60
MISTY1_S9,9,9,min,static,reference,128,practical,2654208,150994944,0,0,0,33488896,0,0,0,0,0,0,0,0,0,0,0,0,0,0,0,0,0
MISTY1_S9,9,9,min,static,reference-proposed,128,practical,2654208,0,458752,0,0,0,544896,0,0,0,0,0,0,0,0,0,0,0,0,0,0,0,0
MISTY1_S9,9,9,max,natural,reference,2688,practical,55738368,0,0,0,0,12386304,0,0,0,0,0,0,0,0,0,0,0,0,0,0,0,0,0
MISTY1_S9,9,9,max,natural,reference-proposed,2688,practical,0,0,0,738147,0,3205,0,216531,174867,0,0,0,0,0,0,0,0,0,0,20964,10430,819,25
MISTY1_S9,9,9,max,high,reference,640,practical,13271040,0,0,0,0,2949120,0,0,0,0,0,0,0,0,0,0,0,0,0,0,0,0,0
MISTY1_S9,9,9,max,high,reference-proposed,640,practical,0,0,0,1306060,0,2539,0,370140,285220,0,0,0,0,0,0,0,0,0,0,5146,2510,346,52
MISTY1_S9,9,9,spectrum,natural,reference,128,practical,2654208,150994944,0,0,0,33488896,0,0,0,0,0,0,0,0,0,0,0,0,0,0,0,0,0
MISTY1_S9,9,9,spectrum,natural,reference-proposed,128,practical,0,0,0,2131712,0,9173,0,10311,8327,0,0,0,0,0,0,0,0,0,0,59021,29817,2386,57
MISTY1_S9,9,9,spectrum,high,reference,128,practical,2654208,150994944,0,0,0,33488896,0,0,0,0,0,0,0,0,0,0,0,0,0,0,0,0,0
MISTY1_S9,9,9,spectrum,high,reference-proposed,128,practical,0,0,0,14603264,0,26652,0,74028,57044,0,0,0,0,0,0,0,0,0,0,59334,28494,2728,1098
MISTY1_FI_key0000,16,16,min,static,reference,2,practical,16777216,68719476736,0,0,0,8589803520,0,0,0,0,0,0,0,0,0,0,0,0,0,0,0,0,0
MISTY1_FI_key0000,16,16,min,static,reference-proposed,2,practical,16777216,0,2359296,0,0,0,2049684,0,0,0,0,0,0,0,0,0,0,0,0,0,0,0,0
MISTY1_FI_key0000,16,16,max,natural,reference,110,practical,922746880,0,0,0,0,115343360,0,0,0,0,0,0,0,0,0,0,0,0,0,0,0,0,0
MISTY1_FI_key0000,16,16,max,natural,reference-proposed,110,practical,0,0,0,788040,0,24201990,0,91520,87560,0,0,0,0,0,0,0,0,0,0,4552,220,378,378
MISTY1_FI_key0000,16,16,max,high,reference,6,practical,50331648,0,0,0,0,6291456,0,0,0,0,0,0,0,0,0,0,0,0,0,0,0,0,0
MISTY1_FI_key0000,16,16,max,high,reference-proposed,6,practical,0,0,0,1048576,0,641971,0,589824,196608,0,0,0,0,0,0,0,0,0,0,22,6,16,10
MISTY1_FI_key0000,16,16,spectrum,natural,reference,2,practical,16777216,68719476736,0,0,0,8589803520,0,0,0,0,0,0,0,0,0,0,0,0,0,0,0,0,0
MISTY1_FI_key0000,16,16,spectrum,natural,reference-proposed,2,practical,0,0,0,52166656,0,0,0,1664,1592,0,0,0,0,0,0,0,0,0,0,65536,16384,0,0
MISTY1_FI_key0000,16,16,spectrum,high,reference,2,practical,16777216,68719476736,0,0,0,8589803520,0,0,0,0,0,0,0,0,0,0,0,0,0,0,0,0,0
MISTY1_FI_key0000,16,16,spectrum,high,reference-proposed,2,practical,0,0,0,2147483648,0,0,0,196608,65536,0,0,0,0,0,0,0,0,0,0,16384,16384,0,0
