case,n,metric,method,steps,group,m,profile,kernel_us_per_step,repeat_q1_us,repeat_q3_us,context_ms,init_ms,kernel_ms,total_ms,input_conversion_ms,state_init_ms
AES,8,max,reference,1280,practical,8,high,8.87703125,8.86670078125,8.91927109375,0.011557,0.030801,11.3626,11.404678,0.001623,0.029187
AES,8,max,reference-proposed,1280,practical,8,high,0.8424703124999999,0.82932265625,1.08308359375,0.011918,0.022172,1.078362,1.11206,0.001644,0.020528
AES,8,max,reference,1664,practical,8,natural,9.184169471153846,9.16669891826923,9.21723858173077,0.012499,0.032726,15.282458,15.327683,0.001643,0.031103
AES,8,max,reference-proposed,1664,practical,8,natural,0.2637782451923077,0.2632722355769231,0.28252884615384616,0.011958,0.022813,0.438927,0.486377,0.001624,0.021069
AES,8,min,reference,256,practical,8,static,372.28784375,371.970921875,372.71647265625,0.011938,0.411689,95.305688,95.729054,0.001624,0.410065
AES,8,min,reference-proposed,256,practical,8,static,5.92023046875,5.902109375,5.92063671875,0.014093,0.024958,1.515579,1.553096,0.001634,0.023274
AES,8,spectrum,reference,128,practical,8,high,392.4195546875,392.369296875,392.5398984375,0.013262,0.418167,50.229703,50.659907,0.001643,0.416573
AES,8,spectrum,reference-proposed,128,practical,8,high,14.5856328125,14.4679375,14.74921875,0.012078,0.196603,1.866961,2.087512,0.001613,0.19498
AES,8,spectrum,reference,256,practical,8,natural,385.77287890625,383.73360546875,386.69037890625,0.023745,0.644755,98.757857,99.181495,0.003327,0.641428
AES,8,spectrum,reference-proposed,256,practical,8,natural,4.529703125,4.52787890625,4.57455078125,0.012318,0.200347,1.159604,1.372089,0.001614,0.198703
CLEFIA_S0,8,max,reference,1280,practical,8,high,9.0111671875,8.98534609375,9.04238046875,0.012209,0.031574,11.534294,11.575589,0.001634,0.02994
CLEFIA_S0,8,max,reference-proposed,1280,practical,8,high,0.9542781250000001,0.838365625,0.9893015625,0.024356,0.044926,1.221476,1.290939,0.003327,0.041408
CLEFIA_S0,8,max,reference,1664,practical,8,natural,9.078787860576924,8.983173076923077,9.16004387019231,0.023905,0.062244,15.107103,15.193194,0.003348,0.058896
CLEFIA_S0,8,max,reference-proposed,1664,practical,8,natural,0.23768269230769232,0.23665745192307694,0.2510546875,0.012098,0.022351,0.395504,0.429233,0.001614,0.020638
CLEFIA_S0,8,min,reference,256,practical,8,static,328.619484375,328.48859765625,329.27827734375,0.012529,0.393361,84.126588,84.642619,0.001673,0.391747
CLEFIA_S0,8,min,reference-proposed,256,practical,8,static,6.32594140625,6.321390625,6.3557265625,0.012258,0.024967,1.619441,1.655301,0.001634,0.023344
CLEFIA_S0,8,spectrum,reference,128,practical,8,high,389.43071875,388.848328125,390.52290625,0.011617,0.395294,49.847132,50.385698,0.001624,0.393671
CLEFIA_S0,8,spectrum,reference-proposed,128,practical,8,high,14.2469765625,13.9541796875,14.294609375,0.012108,0.201,1.823613,2.036256,0.001624,0.199386
CLEFIA_S0,8,spectrum,reference,256,practical,8,natural,384.49159375,383.3281640625,384.90034765625,0.012108,0.386271,98.429848,98.825701,0.001614,0.384657
CLEFIA_S0,8,spectrum,reference-proposed,256,practical,8,natural,4.2206171875,4.208234375,4.23710546875,0.012369,0.204044,1.080478,1.296891,0.001643,0.20233
CLEFIA_S1,8,max,reference,1280,practical,8,high,8.87254609375,8.8356625,8.90941171875,0.012348,0.031944,11.356859,11.401011,0.001614,0.03031
CLEFIA_S1,8,max,reference-proposed,1280,practical,8,high,0.80512421875,0.80270078125,0.80892578125,0.011756,0.022011,1.030559,1.064337,0.001614,0.020397
CLEFIA_S1,8,max,reference,1664,practical,8,natural,9.037265625,9.006564302884616,9.30464903846154,0.011677,0.030921,15.03801,15.139215,0.001675,0.029317
CLEFIA_S1,8,max,reference-proposed,1664,practical,8,natural,0.26318028846153846,0.2631358173076923,0.31636778846153846,0.01296,0.022071,0.437932,0.472232,0.001643,0.020457
CLEFIA_S1,8,min,reference,256,practical,8,static,341.71080078125,341.5084609375,342.42947265625,0.012128,0.418412,87.477965,87.904099,0.001614,0.416778
CLEFIA_S1,8,min,reference-proposed,256,practical,8,static,5.23904296875,5.23212890625,5.2440546875,0.012509,0.030341,1.341195,1.385107,0.001724,0.028728
CLEFIA_S1,8,spectrum,reference,128,practical,8,high,386.617203125,386.3755625,388.088125,0.011667,0.42172,49.487002,50.110886,0.001624,0.420106
CLEFIA_S1,8,spectrum,reference-proposed,128,practical,8,high,14.54625,14.4333125,14.7376875,0.012018,0.197629,1.86192,2.072747,0.001624,0.195986
CLEFIA_S1,8,spectrum,reference,256,practical,8,natural,375.94891015625,375.71055078125,376.81375,0.013581,0.422806,96.242921,96.756063,0.001634,0.421172
CLEFIA_S1,8,spectrum,reference-proposed,256,practical,8,natural,4.57722265625,4.56821484375,4.58867578125,0.013522,0.20001,1.171769,1.381824,0.001624,0.198406
MISTY1_FI_key0000,16,max,reference,6,practical,16,high,5117.6425,5115.039666666667,5124.356833333333,0.64733,12.643989,30.705855,44.272607,0.772996,11.870993
MISTY1_FI_key0000,16,max,reference-proposed,6,practical,16,high,206.98466666666667,206.91483333333335,207.6105,0.645636,12.66205,1.241908,14.553772,0.772564,11.889173
MISTY1_FI_key0000,16,max,reference,110,practical,16,natural,5112.5569000000005,5111.8579272727275,5112.572090909091,0.633642,12.638018,562.381259,575.576249,0.781681,11.823394
MISTY1_FI_key0000,16,max,reference-proposed,110,practical,16,natural,100.0151,99.7988,100.46306363636363,0.646271,12.6878,11.001661,24.306235,0.778012,11.912617
MISTY1_FI_key0000,16,min,reference,2,practical,16,static,16423872.232,16375309.097,16456551.124,0.63751,16428.544806,32847.744464,49276.92678,0.773327,16427.768465
MISTY1_FI_key0000,16,min,reference-proposed,2,practical,16,static,6384.4315,6380.454,6385.23,0.641362,14.653313,12.768863,28.023219,0.777393,13.875485
MISTY1_FI_key0000,16,spectrum,reference,2,practical,16,high,16440688.6105,16391418.5795,16449228.4335,0.654978,16447.594689,32881.377221,49329.628562,0.778545,16446.815775
MISTY1_FI_key0000,16,spectrum,reference-proposed,2,practical,16,high,651256.504,649922.808,652141.8795,0.645271,12538.55961,1302.513008,13838.708507,0.778966,12537.78242
MISTY1_FI_key0000,16,spectrum,reference,2,practical,16,natural,16553996.407,16440287.714,16984314.604,0.66283,16540.737352,33107.992814,49649.392996,0.773919,16539.969258
MISTY1_FI_key0000,16,spectrum,reference-proposed,2,practical,16,natural,74531.252,74268.0645,74677.8325,0.649257,12592.177905,149.062504,12741.025633,0.776153,12591.401079
MISTY1_S9,9,max,reference,640,practical,9,high,17.8543765625,17.831056250000003,17.939904687499997,0.013271,0.053494,11.426801,11.545523,0.003458,0.050036
MISTY1_S9,9,max,reference-proposed,640,practical,9,high,1.6985359375,1.6675046875000001,1.813378125,0.026681,0.104782,1.087063,1.218076,0.007116,0.097666
MISTY1_S9,9,max,reference,2688,practical,9,natural,20.236246279761904,20.225760788690476,20.286457217261905,0.01294,0.053153,54.39503,54.461413,0.003468,0.049695
MISTY1_S9,9,max,reference-proposed,2688,practical,9,natural,0.32828050595238095,0.32394270833333333,0.3287206101190476,0.013532,0.054225,0.882418,0.949042,0.003548,0.050687
MISTY1_S9,9,min,reference,128,practical,9,static,714.9525,702.58646875,731.235328125,0.026441,1.023702,91.51392,92.744381,0.007217,1.016375
MISTY1_S9,9,min,reference-proposed,128,practical,9,static,16.009125,15.9743515625,16.0531015625,0.015125,0.056871,2.049168,2.122896,0.003478,0.053413
MISTY1_S9,9,spectrum,reference,128,practical,9,high,939.76346875,937.43684375,940.357671875,0.02655,0.801023,120.289724,121.117297,0.007116,0.793907
MISTY1_S9,9,spectrum,reference-proposed,128,practical,9,high,47.8659375,47.745,47.951,0.013491,0.819755,6.12684,6.970532,0.003478,0.816297
MISTY1_S9,9,spectrum,reference,128,practical,9,natural,1448.3159765625,1448.0400625,1481.7556875,0.01299,0.755389,185.384445,186.142224,0.003458,0.751861
MISTY1_S9,9,spectrum,reference-proposed,128,practical,9,natural,11.830046875,11.7419609375,11.93121875,0.013642,0.828061,1.514246,2.366117,0.003468,0.824593
PRESENT,4,max,reference,8960,practical,4,high,0.2901575892857143,0.29009687500000003,0.32585792410714287,0.009562,0.001724,2.599812,2.610554,0.000171,0.001564
PRESENT,4,max,reference-proposed,8960,practical,4,high,0.07430837053571429,0.07372890624999999,0.07455401785714286,0.007948,0.001524,0.665803,0.676418,0.000151,0.001373
PRESENT,4,max,reference,8064,practical,4,natural,0.3252357390873016,0.32424107142857145,0.32904340277777777,0.007728,0.001684,2.622701,2.631982,0.000161,0.001523
PRESENT,4,max,reference-proposed,8064,practical,4,natural,0.0928482142857143,0.09161445932539682,0.15832614087301589,0.009733,0.001503,0.748728,0.759964,0.00017,0.001333
PRESENT,4,min,reference,7808,practical,4,static,0.5395411116803278,0.49371695696721307,0.5521944159836065,0.014743,0.006014,4.212737,4.233666,0.000301,0.005693
PRESENT,4,min,reference-proposed,7808,practical,4,static,0.13744249487704918,0.13712218237704918,0.14052804815573772,0.007557,0.001754,1.073151,1.082763,0.00018,0.001574
PRESENT,4,spectrum,reference,3712,practical,4,high,1.1058181573275863,1.102696120689655,1.1065525323275862,0.007537,0.003016,4.104797,4.115501,0.00018,0.002865
PRESENT,4,spectrum,reference-proposed,3712,practical,4,high,0.3346417025862069,0.2794094827586207,0.3618321659482759,0.014694,0.003698,1.24219,1.265072,0.00032,0.003378
PRESENT,4,spectrum,reference,3584,practical,4,natural,1.123693359375,1.1213630022321428,1.1355973772321428,0.007107,0.003047,4.027317,4.037381,0.00016,0.002896
PRESENT,4,spectrum,reference-proposed,3584,practical,4,natural,0.24131752232142858,0.23901032366071429,0.27890959821428574,0.009272,0.001884,0.864882,0.875988,0.000161,0.001724
random_n03_00,3,max,reference,15744,random,3,high,0.0872092225609756,0.08438700457317073,0.0886701600609756,0.014073,0.002144,1.373022,1.389621,0.00024,0.001904
random_n03_00,3,max,reference-proposed,15744,random,3,high,0.028797192581300812,0.028677718495934958,0.03652159552845528,0.006805,0.001033,0.453383,0.461171,0.00012,0.000912
random_n03_00,3,max,reference,11008,random,3,natural,0.09026862281976744,0.08979651162790699,0.09246720566860465,0.006745,0.003188,0.993677,1.004332,0.00012,0.003068
random_n03_00,3,max,reference-proposed,11008,random,3,natural,0.03742550872093023,0.03261010174418605,0.0383515625,0.013842,0.006064,0.41198,0.432307,0.00024,0.005813
random_n03_00,3,min,reference,8448,random,3,static,0.14451089015151516,0.13056889204545452,0.1535859375,0.013932,0.002776,1.220828,1.237727,0.00025,0.002525
random_n03_00,3,min,reference-proposed,8448,random,3,static,0.06398011363636363,0.058170217803030305,0.06481332859848485,0.007257,0.001463,0.540504,0.548994,0.000121,0.001343
random_n03_00,3,spectrum,reference,9344,random,3,high,0.22310498715753424,0.22004880136986302,0.2597424015410959,0.009202,0.001834,2.084693,2.095729,0.000121,0.001714
random_n03_00,3,spectrum,reference-proposed,9344,random,3,high,0.05232823202054794,0.05167776113013699,0.07856902825342466,0.0087,0.001523,0.488955,0.497645,0.000121,0.001403
random_n03_00,3,spectrum,reference,6528,random,3,natural,0.2824522058823529,0.25702297794117646,0.29768014705882356,0.013832,0.007217,1.843848,1.865588,0.00024,0.006977
random_n03_00,3,spectrum,reference-proposed,6528,random,3,natural,0.10309895833333332,0.05487162990196079,0.10920986519607842,0.013832,0.006766,0.67303,0.693818,0.000241,0.006525
random_n03_01,3,max,reference,15744,random,3,high,0.08173837652439024,0.08110473831300813,0.0830290269308943,0.007086,0.001073,1.286889,1.294717,0.00012,0.000953
random_n03_01,3,max,reference-proposed,15744,random,3,high,0.02982418699186992,0.029691755589430893,0.030607088414634144,0.006715,0.001153,0.469552,0.47747,0.00012,0.001043
random_n03_01,3,max,reference,11008,random,3,natural,0.09745939316860465,0.09739425872093024,0.0977648074127907,0.007337,0.003378,1.072833,1.085201,0.00012,0.003258
random_n03_01,3,max,reference-proposed,11008,random,3,natural,0.035936864098837215,0.03522501816860465,0.03765470566860465,0.007477,0.003438,0.395593,0.406508,0.00012,0.003318
random_n03_01,3,min,reference,8448,random,3,static,0.13002331912878787,0.1290395359848485,0.1421065340909091,0.007457,0.002886,1.098437,1.107398,0.000121,0.002627
random_n03_01,3,min,reference-proposed,8448,random,3,static,0.056821732954545456,0.056605113636363634,0.05741122159090909,0.007326,0.001213,0.48003,0.492959,0.000121,0.001092
random_n03_01,3,spectrum,reference,9344,random,3,high,0.22876294948630138,0.22654997859589043,0.24253959760273971,0.013762,0.002796,2.137561,2.146482,0.000241,0.002545
random_n03_01,3,spectrum,reference-proposed,9344,random,3,high,0.053023865582191784,0.05280297517123287,0.061825556506849316,0.007407,0.001634,0.495455,0.503383,0.000121,0.001513
random_n03_01,3,spectrum,reference,6528,random,3,natural,0.2856943933823529,0.2850935968137255,0.28654702818627453,0.006976,0.003668,1.865013,1.875717,0.00012,0.003558
random_n03_01,3,spectrum,reference-proposed,6528,random,3,natural,0.09573805147058823,0.06761642156862745,0.12160585171568628,0.013722,0.006846,0.624978,0.645575,0.00024,0.006606
random_n03_02,3,max,reference,15744,random,3,high,0.08105024136178862,0.08078353658536586,0.08108561991869918,0.007107,0.001253,1.276055,1.284414,0.00012,0.001132
random_n03_02,3,max,reference-proposed,15744,random,3,high,0.03481561229674796,0.032650914634146336,0.036406440548780485,0.013761,0.001955,0.548137,0.563984,0.00024,0.001715
random_n03_02,3,max,reference,11008,random,3,natural,0.09894749273255815,0.09878697311046511,0.09903079578488372,0.006676,0.003177,1.089214,1.099067,0.000121,0.003056
random_n03_02,3,max,reference-proposed,11008,random,3,natural,0.036680232558139535,0.03260510537790697,0.03957022165697674,0.007017,0.003458,0.403776,0.414251,0.00012,0.003348
random_n03_02,3,min,reference,8448,random,3,static,0.1299285037878788,0.12964725378787878,0.13020430871212121,0.007207,0.001454,1.097636,1.10789,0.000121,0.001333
random_n03_02,3,min,reference-proposed,8448,random,3,static,0.05663577178030303,0.05633771306818182,0.057519412878787875,0.007017,0.001324,0.478459,0.486779,0.00011,0.001214
random_n03_02,3,spectrum,reference,9344,random,3,high,0.22095580051369862,0.2208998287671233,0.22234835188356164,0.006725,0.001423,2.064611,2.072768,0.00012,0.001303
random_n03_02,3,spectrum,reference-proposed,9344,random,3,high,0.06456731592465753,0.05186279965753424,0.06584182363013699,0.013711,0.002476,0.603317,0.619675,0.00024,0.002236
random_n03_02,3,spectrum,reference,6528,random,3,natural,0.2905477941176471,0.28952267156862743,0.29880713848039214,0.006695,0.00395,1.896696,1.907,0.000121,0.003829
random_n03_02,3,spectrum,reference-proposed,6528,random,3,natural,0.07518229166666666,0.07008961397058823,0.0776982230392157,0.007447,0.004009,0.49079,0.511337,0.00012,0.003889
random_n03_03,3,max,reference,15744,random,3,high,0.08366920731707317,0.0822739456300813,0.0842126524390244,0.007076,0.001123,1.317288,1.325687,0.000121,0.001002
random_n03_03,3,max,reference-proposed,15744,random,3,high,0.051852642276422764,0.04819245426829268,0.05393724593495935,0.013791,0.002025,0.816368,0.832165,0.000241,0.001784
random_n03_03,3,max,reference,11008,random,3,natural,0.10808421148255815,0.10741288154069767,0.10857394622093024,0.007026,0.003358,1.189791,1.199965,0.00012,0.003248
random_n03_03,3,max,reference-proposed,11008,random,3,natural,0.08099609375,0.041899527616279075,0.08791378997093025,0.013892,0.006325,0.891605,0.912062,0.000241,0.006074
random_n03_03,3,min,reference,8448,random,3,static,0.13130587121212123,0.13029486268939394,0.1436176609848485,0.014233,0.001934,1.109272,1.118402,0.00017,0.001764
random_n03_03,3,min,reference-proposed,8448,random,3,static,0.09103172348484849,0.07976100852272727,0.09412606534090909,0.014303,0.002125,0.769036,0.785344,0.000241,0.001875
random_n03_03,3,spectrum,reference,9344,random,3,high,0.2235224743150685,0.22293161386986302,0.2239673587328767,0.006876,0.001433,2.088594,2.096903,0.00012,0.001313
random_n03_03,3,spectrum,reference-proposed,9344,random,3,high,0.0514296875,0.05105725599315068,0.054037457191780824,0.007196,0.001614,0.480559,0.488467,0.000121,0.001493
random_n03_03,3,spectrum,reference,6528,random,3,natural,0.31549310661764707,0.3081724877450981,0.32444975490196076,0.007117,0.003849,2.059539,2.070003,0.00012,0.003738
random_n03_03,3,spectrum,reference-proposed,6528,random,3,natural,0.13623023897058822,0.11049280024509804,0.16761305147058822,0.013773,0.006605,0.889311,0.910139,0.00024,0.006354
random_n03_04,3,max,reference,15744,random,3,high,0.08895604674796748,0.0863899263211382,0.09115205792682927,0.013842,0.002075,1.400524,1.429641,0.00024,0.001834
random_n03_04,3,max,reference-proposed,15744,random,3,high,0.04011877540650406,0.03263846544715447,0.0467792174796748,0.013812,0.002124,0.63163,0.647626,0.00024,0.001883
random_n03_04,3,max,reference,11008,random,3,natural,0.10011746002906977,0.09821920421511628,0.10301871366279071,0.013742,0.006204,1.102093,1.12232,0.000241,0.005953
random_n03_04,3,max,reference-proposed,11008,random,3,natural,0.031320585029069765,0.03067768895348837,0.031605832122093024,0.007126,0.003337,0.344777,0.35491,0.00012,0.003217
random_n03_04,3,min,reference,8448,random,3,static,0.13041276041666666,0.1301987452651515,0.13124704071969698,0.006856,0.001364,1.101727,1.109916,0.00012,0.001243
random_n03_04,3,min,reference-proposed,8448,random,3,static,0.055278645833333334,0.05520501893939394,0.05591891571969697,0.007277,0.001092,0.466994,0.474952,0.00012,0.000972
random_n03_04,3,spectrum,reference,9344,random,3,high,0.2357712970890411,0.22913527397260272,0.24074604023972604,0.008971,0.001594,2.203047,2.211255,0.00012,0.001474
random_n03_04,3,spectrum,reference-proposed,9344,random,3,high,0.07025224743150685,0.051349208047945204,0.07459696061643835,0.013903,0.002445,0.656437,0.673226,0.00024,0.002205
random_n03_04,3,spectrum,reference,6528,random,3,natural,0.31480882352941175,0.29056847426470583,0.3260228247549019,0.013661,0.006906,2.055072,2.076241,0.00024,0.006666
random_n03_04,3,spectrum,reference-proposed,6528,random,3,natural,0.06346124387254902,0.06345220588235294,0.06660998774509803,0.006746,0.003398,0.414275,0.424469,0.000111,0.003278
random_n03_05,3,max,reference,15744,random,3,high,0.08786248729674798,0.0845665650406504,0.09550190548780488,0.006786,0.001032,1.383307,1.391125,0.000121,0.000912
random_n03_05,3,max,reference-proposed,15744,random,3,high,0.031017594004065042,0.030663427337398373,0.03139430894308943,0.006756,0.001132,0.488341,0.49627,0.00012,0.001011
random_n03_05,3,max,reference,11008,random,3,natural,0.10102870639534883,0.09645430595930234,0.10837091206395348,0.013692,0.006214,1.112124,1.132471,0.000241,0.005973
random_n03_05,3,max,reference-proposed,11008,random,3,natural,0.03441678779069768,0.031340479651162795,0.061671511627906975,0.006815,0.003087,0.37886,0.388562,0.000121,0.002967
random_n03_05,3,min,reference,8448,random,3,static,0.16640897253787879,0.16439074337121212,0.18025272253787877,0.014252,0.002866,1.405823,1.422742,0.00024,0.002625
random_n03_05,3,min,reference-proposed,8448,random,3,static,0.1254045928030303,0.09982492897727273,0.12630883049242425,0.014293,0.002205,1.059418,1.076006,0.000241,0.001965
random_n03_05,3,spectrum,reference,9344,random,3,high,0.2264838398972603,0.2244361087328767,0.22662382277397258,0.006745,0.001443,2.116265,2.124314,0.000121,0.001332
random_n03_05,3,spectrum,reference-proposed,9344,random,3,high,0.05254890839041096,0.05191705907534246,0.07462607020547946,0.006756,0.001413,0.491017,0.498906,0.00012,0.001293
random_n03_05,3,spectrum,reference,6528,random,3,natural,0.2748995098039215,0.2739494485294118,0.2838809742647059,0.007908,0.003639,1.794544,1.806542,0.00012,0.003519
random_n03_05,3,spectrum,reference-proposed,6528,random,3,natural,0.061801317401960786,0.05985768995098039,0.06767846200980392,0.006836,0.003357,0.403439,0.413632,0.00012,0.003237
random_n03_06,3,max,reference,15744,random,3,high,0.08424263211382114,0.06520013973577235,0.10215974339430894,0.007407,0.001333,1.326316,1.335027,0.000121,0.001213
random_n03_06,3,max,reference-proposed,15744,random,3,high,0.0364427718495935,0.03295725355691057,0.05638465447154471,0.013812,0.002094,0.573755,0.590003,0.000241,0.001853
random_n03_06,3,max,reference,11008,random,3,natural,0.09108094113372092,0.08998183139534884,0.12936400799418604,0.006786,0.003067,1.002619,1.012462,0.000121,0.002957
random_n03_06,3,max,reference-proposed,11008,random,3,natural,0.0295304324127907,0.029463753633720932,0.0295812136627907,0.006796,0.003068,0.325071,0.334904,0.000121,0.002927
random_n03_06,3,min,reference,8448,random,3,static,0.13471969696969696,0.13067732007575755,0.15368158143939395,0.007026,0.001403,1.138112,1.146351,0.000121,0.001293
random_n03_06,3,min,reference-proposed,8448,random,3,static,0.050839607007575754,0.05068477746212121,0.07382563920454545,0.007367,0.001444,0.429493,0.437461,0.00012,0.001324
random_n03_06,3,spectrum,reference,9344,random,3,high,0.22432544948630137,0.2226744434931507,0.22631421232876714,0.006776,0.001453,2.096097,2.104276,0.000121,0.001332
random_n03_06,3,spectrum,reference-proposed,9344,random,3,high,0.05455329623287671,0.052759524828767126,0.06690047089041096,0.007067,0.001393,0.509746,0.517645,0.000121,0.001272
random_n03_06,3,spectrum,reference,6528,random,3,natural,0.25456357230392157,0.25365073529411764,0.2660353860294118,0.006886,0.003719,1.661791,1.672396,0.00012,0.003599
random_n03_06,3,spectrum,reference-proposed,6528,random,3,natural,0.055222120098039215,0.055214920343137255,0.057338082107843136,0.006726,0.003347,0.36049,0.372468,0.00012,0.003227
random_n03_07,3,max,reference,15744,random,3,high,0.09146684451219513,0.0835461763211382,0.0938384781504065,0.013722,0.002135,1.440054,1.45595,0.00024,0.001895
random_n03_07,3,max,reference-proposed,15744,random,3,high,0.029804052337398374,0.029601054369918698,0.030368711890243903,0.007166,0.001103,0.469235,0.476943,0.00012,0.000983
random_n03_07,3,max,reference,11008,random,3,natural,0.08441987645348838,0.08202607194767443,0.08442850654069767,0.007067,0.003297,0.929294,0.939879,0.00012,0.003177
random_n03_07,3,max,reference-proposed,11008,random,3,natural,0.032813862645348836,0.030192042151162793,0.04359384084302326,0.013592,0.006074,0.361215,0.381873,0.00024,0.005834
random_n03_07,3,min,reference,8448,random,3,static,0.12955480587121213,0.12945170454545454,0.12971602746212121,0.007317,0.001804,1.094479,1.103149,0.000121,0.001683
random_n03_07,3,min,reference-proposed,8448,random,3,static,0.06039050662878787,0.059952888257575755,0.06080930397727273,0.007216,0.001203,0.510179,0.518218,0.00012,0.001083
random_n03_07,3,spectrum,reference,9344,random,3,high,0.22507705479452053,0.22471018835616438,0.22509556934931507,0.007066,0.001483,2.10312,2.111421,0.00012,0.001373
random_n03_07,3,spectrum,reference-proposed,9344,random,3,high,0.05399967893835616,0.05225246147260274,0.06066898544520548,0.006686,0.001403,0.504573,0.512602,0.00012,0.001283
random_n03_07,3,spectrum,reference,6528,random,3,natural,0.24500827205882353,0.2440687806372549,0.2789433210784314,0.013762,0.007347,1.599414,1.61441,0.00024,0.007106
random_n03_07,3,spectrum,reference-proposed,6528,random,3,natural,0.07933455882352941,0.05180744485294118,0.08022901348039216,0.013692,0.006766,0.517896,0.538724,0.00023,0.006536
random_n03_08,3,max,reference,15744,random,3,high,0.08104039634146341,0.08010492886178862,0.08108739837398375,0.006806,0.001052,1.2759,1.283678,0.00012,0.000941
random_n03_08,3,max,reference-proposed,15744,random,3,high,0.027190485264227644,0.027188071646341464,0.04903347306910569,0.00872,0.001232,0.428087,0.437909,0.000121,0.001122
random_n03_08,3,max,reference,11008,random,3,natural,0.09740098110465116,0.09736537063953489,0.09742178415697675,0.006746,0.003147,1.07219,1.081972,0.00012,0.003017
random_n03_08,3,max,reference-proposed,11008,random,3,natural,0.044832576308139534,0.0367726199127907,0.054969840116279076,0.013732,0.006205,0.493517,0.513553,0.00024,0.005965
random_n03_08,3,min,reference,8448,random,3,static,0.1496233428030303,0.1301362452651515,0.14966394412878786,0.014182,0.002987,1.264018,1.28153,0.000241,0.002737
random_n03_08,3,min,reference-proposed,8448,random,3,static,0.06730823863636363,0.05879770359848485,0.07639666193181818,0.007247,0.001513,0.56862,0.576549,0.00012,0.001393
random_n03_08,3,spectrum,reference,9344,random,3,high,0.21947474315068494,0.2191673801369863,0.24066095890410957,0.013862,0.002997,2.050772,2.064839,0.000241,0.002756
random_n03_08,3,spectrum,reference-proposed,9344,random,3,high,0.09094081763698629,0.05352365154109589,0.09330179794520548,0.013822,0.002446,0.849751,0.866419,0.00024,0.002195
random_n03_08,3,spectrum,reference,6528,random,3,natural,0.31733609068627455,0.28667248774509807,0.32872533700980394,0.013933,0.007246,2.07157,2.094423,0.000241,0.007005
random_n03_08,3,spectrum,reference-proposed,6528,random,3,natural,0.06970557598039215,0.06761948529411765,0.07374984681372548,0.007137,0.003708,0.455038,0.475465,0.00012,0.003588
random_n03_09,3,max,reference,15744,random,3,high,0.08216260162601625,0.08173964684959349,0.0875879700203252,0.013742,0.002045,1.293568,1.309414,0.00024,0.001805
random_n03_09,3,max,reference-proposed,15744,random,3,high,0.03227794715447155,0.03169855182926829,0.043585746951219514,0.013781,0.001975,0.508184,0.524572,0.000231,0.001735
random_n03_09,3,max,reference,11008,random,3,natural,0.09723210392441861,0.09695194404069767,0.09723473837209302,0.006966,0.003398,1.070331,1.080474,0.00012,0.003287
random_n03_09,3,max,reference-proposed,11008,random,3,natural,0.031834938226744186,0.03145185319767442,0.041118731831395354,0.007227,0.003308,0.350439,0.360442,0.000121,0.003198
random_n03_09,3,min,reference,8448,random,3,static,0.1299183238636364,0.12990778882575757,0.1304241240530303,0.007027,0.001423,1.09755,1.105821,0.00012,0.001303
random_n03_09,3,min,reference-proposed,8448,random,3,static,0.05400213068181818,0.05386635890151515,0.05401242897727273,0.007137,0.001112,0.45621,0.464269,0.000121,0.000991
random_n03_09,3,spectrum,reference,9344,random,3,high,0.21995965325342465,0.21684899400684932,0.2260072773972603,0.013812,0.002806,2.055303,2.072041,0.00024,0.002565
random_n03_09,3,spectrum,reference-proposed,9344,random,3,high,0.053312928082191784,0.051732448630136985,0.056300941780821914,0.006896,0.001203,0.498156,0.505945,0.00012,0.001083
random_n03_09,3,spectrum,reference,6528,random,3,natural,0.28792386642156864,0.2874546568627451,0.28908992034313724,0.007097,0.003959,1.879567,1.890883,0.000111,0.003849
random_n03_09,3,spectrum,reference-proposed,6528,random,3,natural,0.06775750612745098,0.06456326593137256,0.0723828125,0.006745,0.003328,0.442321,0.452595,0.000121,0.003208
random_n04_00,4,max,reference,8960,random,4,high,0.24909832589285713,0.24828738839285713,0.2807109375,0.007247,0.003658,2.231921,2.242465,0.000191,0.003498
random_n04_00,4,max,reference-proposed,8960,random,4,high,0.08194174107142857,0.05811941964285715,0.10607220982142858,0.014412,0.007066,0.734198,0.756289,0.00033,0.006736
random_n04_00,4,max,reference,8064,random,4,natural,0.3298106398809524,0.32349925595238094,0.35794258432539683,0.007206,0.003799,2.659593,2.670308,0.00018,0.003619
random_n04_00,4,max,reference-proposed,8064,random,4,natural,0.07102926587301588,0.0706968005952381,0.07288789682539683,0.007347,0.003709,0.57278,0.586341,0.000161,0.003549
random_n04_00,4,min,reference,7808,random,4,static,0.5410646772540983,0.5026639344262295,0.5596285860655739,0.014593,0.006125,4.224633,4.245441,0.000331,0.005783
random_n04_00,4,min,reference-proposed,7808,random,4,static,0.13242072233606558,0.12826011782786884,0.14107453893442623,0.007287,0.001574,1.033941,1.042511,0.000181,0.001404
random_n04_00,4,spectrum,reference,3712,random,4,high,1.137250808189655,1.1052712823275863,1.1393289331896552,0.014354,0.010324,4.221475,4.246183,0.000331,0.009993
random_n04_00,4,spectrum,reference-proposed,3712,random,4,high,0.2230994073275862,0.2164488146551724,0.26105630387931034,0.007307,0.00436,0.828145,0.839812,0.0002,0.00416
random_n04_00,4,spectrum,reference,3584,random,4,natural,1.1857240513392857,1.1690304129464286,1.199736607142857,0.014353,0.010395,4.249635,4.296803,0.000321,0.010074
random_n04_00,4,spectrum,reference-proposed,3584,random,4,natural,0.23372293526785715,0.23258565848214285,0.29760463169642853,0.007387,0.004199,0.837663,0.848999,0.000161,0.004038
random_n04_01,4,max,reference,8960,random,4,high,0.29527767857142856,0.27610301339285714,0.31534843749999997,0.014333,0.007127,2.645688,2.667568,0.00032,0.006796
random_n04_01,4,max,reference-proposed,8960,random,4,high,0.07160424107142857,0.0699140625,0.08178136160714286,0.014223,0.006906,0.641574,0.653702,0.000301,0.006575
random_n04_01,4,max,reference,8064,random,4,natural,0.27354117063492067,0.27348524305555555,0.27678174603174605,0.007417,0.003609,2.205836,2.216981,0.000151,0.003458
random_n04_01,4,max,reference-proposed,8064,random,4,natural,0.07790972222222223,0.04940823412698413,0.09071180555555555,0.014343,0.006916,0.628264,0.654184,0.000331,0.006546
random_n04_01,4,min,reference,7808,random,4,static,0.5003883196721312,0.4972566598360656,0.500983862704918,0.007478,0.003087,3.907032,3.922556,0.00017,0.002897
random_n04_01,4,min,reference-proposed,7808,random,4,static,0.11357056864754098,0.11352151639344263,0.11368942110655737,0.007287,0.001514,0.886759,0.895619,0.00018,0.001363
random_n04_01,4,spectrum,reference,3712,random,4,high,1.104486260775862,1.098055495689655,1.1065132004310345,0.007347,0.005292,4.099853,4.112492,0.00016,0.005132
random_n04_01,4,spectrum,reference-proposed,3712,random,4,high,0.2218515625,0.22120177801724136,0.2223852370689655,0.007017,0.00441,0.823513,0.83494,0.000181,0.004219
random_n04_01,4,spectrum,reference,3584,random,4,natural,1.1030262276785714,1.1024400111607142,1.1477042410714287,0.007467,0.005744,3.953246,3.965374,0.00018,0.005564
random_n04_01,4,spectrum,reference-proposed,3584,random,4,natural,0.206626953125,0.20221205357142857,0.2820915178571428,0.008791,0.004009,0.740551,0.751487,0.00019,0.003848
random_n04_02,4,max,reference,8960,random,4,high,0.2809607142857143,0.28019084821428575,0.2866890625,0.007116,0.003629,2.517408,2.527903,0.00017,0.003478
random_n04_02,4,max,reference-proposed,8960,random,4,high,0.07156941964285714,0.07109464285714286,0.07868526785714286,0.014474,0.006655,0.641262,0.660882,0.000181,0.006334
random_n04_02,4,max,reference,8064,random,4,natural,0.329359623015873,0.32902207341269846,0.3414730902777778,0.014313,0.005794,2.655956,2.676213,0.000221,0.005573
random_n04_02,4,max,reference-proposed,8064,random,4,natural,0.09201810515873017,0.09156808035714287,0.10946304563492064,0.007498,0.003909,0.742034,0.752407,0.00017,0.003739
random_n04_02,4,min,reference,7808,random,4,static,0.5012517930327869,0.4979131659836066,0.543907018442623,0.007317,0.003037,3.913774,3.924118,0.00018,0.002867
random_n04_02,4,min,reference-proposed,7808,random,4,static,0.1409546618852459,0.13909579918032788,0.14821234631147542,0.007387,0.001594,1.100574,1.109415,0.00019,0.001404
random_n04_02,4,spectrum,reference,3712,random,4,high,1.0960296336206898,1.095677801724138,1.0981732219827587,0.007327,0.005412,4.068462,4.081683,0.000181,0.005231
random_n04_02,4,spectrum,reference-proposed,3712,random,4,high,0.22169962284482758,0.22163092672413792,0.22756842672413793,0.007317,0.004601,0.822949,0.834236,0.000151,0.004451
random_n04_02,4,spectrum,reference,3584,random,4,natural,1.1274324776785714,1.1255482700892858,1.1324428013392858,0.007026,0.005052,4.040718,4.052746,0.00016,0.004881
random_n04_02,4,spectrum,reference-proposed,3584,random,4,natural,0.2641068638392857,0.23689425223214286,0.3152845982142857,0.014383,0.007577,0.946559,0.969101,0.000301,0.007206
random_n04_03,4,max,reference,8960,random,4,high,0.28643895089285715,0.28569899553571426,0.28745658482142855,0.006926,0.003678,2.566493,2.577138,0.00018,0.003498
random_n04_03,4,max,reference-proposed,8960,random,4,high,0.07552165178571428,0.07480569196428571,0.07580904017857142,0.007116,0.003438,0.676674,0.687188,0.00017,0.003257
random_n04_03,4,max,reference,8064,random,4,natural,0.33811383928571426,0.33578831845238094,0.3669717261904762,0.014303,0.007387,2.72655,2.765069,0.000321,0.007066
random_n04_03,4,max,reference-proposed,8064,random,4,natural,0.09463454861111112,0.09148635912698412,0.12102418154761906,0.011156,0.00462,0.763133,0.773437,0.000231,0.004389
random_n04_03,4,min,reference,7808,random,4,static,0.4840259989754098,0.4837827868852459,0.4869696465163934,0.00889,0.002966,3.779275,3.790911,0.00019,0.002776
random_n04_03,4,min,reference-proposed,7808,random,4,static,0.1345375256147541,0.13427126024590164,0.1347608862704918,0.007317,0.001573,1.050469,1.060893,0.00016,0.001422
random_n04_03,4,spectrum,reference,3712,random,4,high,1.1100110452586207,1.1010732758620692,1.146950161637931,0.007096,0.00484,4.120361,4.132288,0.00016,0.004681
random_n04_03,4,spectrum,reference-proposed,3712,random,4,high,0.3090474137931034,0.2215592672413793,0.3115091594827586,0.014434,0.007768,1.147184,1.170077,0.000321,0.007447
random_n04_03,4,spectrum,reference,3584,random,4,natural,1.1415239955357142,1.1403180803571429,1.2649935825892857,0.014263,0.010033,4.091222,4.111286,0.00033,0.009703
random_n04_03,4,spectrum,reference-proposed,3584,random,4,natural,0.2363777901785714,0.23464006696428572,0.35121205357142854,0.007257,0.004511,0.847178,0.858795,0.00019,0.004341
random_n04_04,4,max,reference,8960,random,4,high,0.28092500000000004,0.2806686383928571,0.28114408482142855,0.007176,0.003749,2.517088,2.527853,0.000171,0.003578
random_n04_04,4,max,reference-proposed,8960,random,4,high,0.10031127232142857,0.07660223214285715,0.1130267857142857,0.014263,0.006956,0.898789,0.920549,0.00033,0.006625
random_n04_04,4,max,reference,8064,random,4,natural,0.35172767857142856,0.32632254464285715,0.3519972718253968,0.014462,0.007417,2.836332,2.858211,0.000331,0.007056
random_n04_04,4,max,reference-proposed,8064,random,4,natural,0.09163182043650794,0.09153199404761905,0.09189657738095237,0.007087,0.003448,0.738919,0.749312,0.000181,0.003268
random_n04_04,4,min,reference,7808,random,4,static,0.4922967469262295,0.4876321721311475,0.4946921106557377,0.007728,0.002867,3.843853,3.853796,0.000171,0.002716
random_n04_04,4,min,reference-proposed,7808,random,4,static,0.15061321721311474,0.14915983606557376,0.15085706967213117,0.007268,0.001484,1.175988,1.184698,0.00016,0.001324
random_n04_04,4,spectrum,reference,3712,random,4,high,1.154889816810345,1.1500180495689656,1.1555975215517242,0.007107,0.004961,4.286951,4.298979,0.000171,0.004781
random_n04_04,4,spectrum,reference-proposed,3712,random,4,high,0.22610587284482758,0.22577693965517243,0.23011476293103447,0.007267,0.003839,0.839305,0.85037,0.00016,0.003689
random_n04_04,4,spectrum,reference,3584,random,4,natural,1.16959375,1.1681037946428572,1.170101841517857,0.007006,0.005212,4.191824,4.205005,0.000161,0.005021
random_n04_04,4,spectrum,reference-proposed,3584,random,4,natural,0.23930580357142858,0.23721651785714287,0.35144475446428575,0.009622,0.00443,0.857672,0.871654,0.00018,0.00428
random_n04_05,4,max,reference,8960,random,4,high,0.2598584821428572,0.25961796875,0.26257756696428575,0.006906,0.003739,2.328332,2.339829,0.000171,0.003559
random_n04_05,4,max,reference-proposed,8960,random,4,high,0.08004308035714286,0.07825680803571429,0.08047276785714286,0.014493,0.006865,0.717186,0.739337,0.000331,0.006534
random_n04_05,4,max,reference,8064,random,4,natural,0.3148557787698413,0.31191170634920634,0.335929439484127,0.007587,0.003909,2.538997,2.550002,0.000181,0.003729
random_n04_05,4,max,reference-proposed,8064,random,4,natural,0.061864831349206346,0.06182626488095238,0.06768067956349207,0.007146,0.00422,0.498878,0.510244,0.00018,0.00404
random_n04_05,4,min,reference,7808,random,4,static,0.49530724897540984,0.49530110143442624,0.4986045081967213,0.007397,0.003097,3.867359,3.877473,0.00018,0.002917
random_n04_05,4,min,reference-proposed,7808,random,4,static,0.14649884733606558,0.14472720286885246,0.15068250512295084,0.007257,0.001584,1.143863,1.152483,0.00016,0.001433
random_n04_05,4,spectrum,reference,3712,random,4,high,1.1009727909482758,1.0921780711206899,1.1235689655172414,0.006976,0.005182,4.086811,4.099109,0.000191,0.004982
random_n04_05,4,spectrum,reference-proposed,3712,random,4,high,0.2347957974137931,0.2285266702586207,0.3585851293103448,0.014324,0.007748,0.871562,0.893684,0.000331,0.007367
random_n04_05,4,spectrum,reference,3584,random,4,natural,1.1910262276785712,1.153552734375,1.1929015066964286,0.014494,0.010114,4.268638,4.293887,0.000311,0.009804
random_n04_05,4,spectrum,reference-proposed,3584,random,4,natural,0.23721651785714287,0.2284327566964286,0.25009737723214287,0.007156,0.003919,0.850184,0.861179,0.00016,0.003759
random_n04_06,4,max,reference,8960,random,4,high,0.2782006696428571,0.27627109375,0.2782244419642857,0.007247,0.003759,2.492678,2.503425,0.00016,0.003599
random_n04_06,4,max,reference-proposed,8960,random,4,high,0.08501941964285714,0.07647042410714286,0.09282745535714285,0.014303,0.007036,0.761774,0.798268,0.000321,0.006715
random_n04_06,4,max,reference,8064,random,4,natural,0.3273654513888889,0.3259902033730158,0.32869692460317457,0.007658,0.004079,2.639875,2.661757,0.00017,0.003919
random_n04_06,4,max,reference-proposed,8064,random,4,natural,0.0905171130952381,0.08928856646825396,0.09091195436507937,0.006925,0.003598,0.72993,0.740554,0.00018,0.003418
random_n04_06,4,min,reference,7808,random,4,static,0.5042069672131148,0.4967175973360656,0.5266109118852459,0.014524,0.005984,3.936848,3.957396,0.000321,0.005663
random_n04_06,4,min,reference-proposed,7808,random,4,static,0.14127740778688525,0.13340791495901638,0.14712128586065576,0.007287,0.001523,1.103094,1.111604,0.000181,0.001342
random_n04_06,4,spectrum,reference,3712,random,4,high,1.179264547413793,1.1513257004310344,1.217324084051724,0.014304,0.010103,4.37743,4.401957,0.00032,0.009742
random_n04_06,4,spectrum,reference-proposed,3712,random,4,high,0.22070662715517242,0.22061907327586205,0.22142780172413792,0.007076,0.004601,0.819263,0.830616,0.000161,0.004441
random_n04_06,4,spectrum,reference,3584,random,4,natural,1.1695890066964287,1.1272338169642857,1.1863643973214286,0.014122,0.010183,4.191807,4.217136,0.000321,0.009822
random_n04_06,4,spectrum,reference-proposed,3584,random,4,natural,0.23805357142857142,0.23465178571428572,0.2401866629464286,0.007317,0.004099,0.853184,0.864229,0.00018,0.003938
random_n04_07,4,max,reference,8960,random,4,high,0.2873989955357143,0.2873286830357143,0.2924568080357143,0.007547,0.004109,2.575095,2.587163,0.00016,0.003949
random_n04_07,4,max,reference-proposed,8960,random,4,high,0.07089620535714286,0.06501540178571429,0.09595100446428571,0.014303,0.007026,0.63523,0.656779,0.00037,0.006656
random_n04_07,4,max,reference,8064,random,4,natural,0.326772941468254,0.32521180555555557,0.3716533978174603,0.014303,0.007427,2.635097,2.657158,0.000311,0.007087
random_n04_07,4,max,reference-proposed,8064,random,4,natural,0.09058122519841269,0.08835887896825396,0.09081361607142857,0.007346,0.003759,0.730447,0.741793,0.000171,0.003568
random_n04_07,4,min,reference,7808,random,4,static,0.4966933913934426,0.49623693647540984,0.49785233094262293,0.007498,0.002847,3.878182,3.888907,0.000171,0.002667
random_n04_07,4,min,reference-proposed,7808,random,4,static,0.13181582991803278,0.12331634221311476,0.13998373463114755,0.007738,0.001694,1.029218,1.038009,0.000181,0.001534
random_n04_07,4,spectrum,reference,3712,random,4,high,1.2078494073275863,1.169580010775862,1.2438267780172414,0.014404,0.009912,4.483537,4.508355,0.000321,0.009581
random_n04_07,4,spectrum,reference-proposed,3712,random,4,high,0.25903556034482755,0.24444315732758623,0.29862553879310344,0.014333,0.007959,0.96154,0.984052,0.000331,0.007587
random_n04_07,4,spectrum,reference,3584,random,4,natural,1.1711791294642857,1.1649679129464288,1.2837151227678572,0.007397,0.005222,4.197506,4.210125,0.00018,0.005061
random_n04_07,4,spectrum,reference-proposed,3584,random,4,natural,0.2359525669642857,0.23431668526785715,0.23748493303571427,0.006966,0.003999,0.845654,0.856529,0.000181,0.003849
random_n04_08,4,max,reference,8960,random,4,high,0.2838337053571428,0.281559375,0.2855392857142857,0.007698,0.004,2.54315,2.553614,0.00017,0.00385
random_n04_08,4,max,reference-proposed,8960,random,4,high,0.0705453125,0.0703197544642857,0.08904319196428571,0.007308,0.003808,0.632086,0.64246,0.00019,0.003648
random_n04_08,4,max,reference,8064,random,4,natural,0.3269512648809524,0.32572073412698416,0.3277591765873016,0.007046,0.003739,2.636535,2.646919,0.00018,0.003558
random_n04_08,4,max,reference-proposed,8064,random,4,natural,0.0917718253968254,0.09081200396825397,0.11060999503968255,0.014373,0.006907,0.740048,0.761328,0.000371,0.006556
random_n04_08,4,min,reference,7808,random,4,static,0.5151470286885247,0.5138287653688525,0.5292538422131148,0.014885,0.005854,4.022268,4.047156,0.000321,0.005533
random_n04_08,4,min,reference-proposed,7808,random,4,static,0.1346516393442623,0.13356980020491804,0.1513203125,0.007217,0.001594,1.05136,1.05996,0.00019,0.001444
random_n04_08,4,spectrum,reference,3712,random,4,high,1.1586031788793103,1.1569477370689656,1.1700123922413792,0.007157,0.005072,4.300735,4.313504,0.000171,0.004901
random_n04_08,4,spectrum,reference-proposed,3712,random,4,high,0.23433997844827587,0.21894261853448277,0.23691352370689653,0.014283,0.007938,0.86987,0.892823,0.000321,0.007617
random_n04_08,4,spectrum,reference,3584,random,4,natural,1.1709773995535713,1.1694263392857143,1.1711866629464287,0.007127,0.004881,4.196783,4.20868,0.00016,0.004731
random_n04_08,4,spectrum,reference-proposed,3584,random,4,natural,0.23972795758928572,0.2376484375,0.24048186383928571,0.007006,0.004029,0.859185,0.870992,0.000161,0.003878
random_n04_09,4,max,reference,8960,random,4,high,0.2738515625,0.27094665178571425,0.29415825892857145,0.007538,0.004009,2.45371,2.464946,0.00016,0.003849
random_n04_09,4,max,reference-proposed,8960,random,4,high,0.07086071428571428,0.06919977678571429,0.07114453125,0.006976,0.003659,0.634912,0.645346,0.00018,0.003479
random_n04_09,4,max,reference,8064,random,4,natural,0.31419878472222224,0.3141899801587302,0.3250647321428572,0.007578,0.004189,2.533699,2.545466,0.00019,0.004038
random_n04_09,4,max,reference-proposed,8064,random,4,natural,0.06597222222222222,0.06578608630952382,0.06892361111111112,0.007167,0.003678,0.532,0.542424,0.00017,0.003518
random_n04_09,4,min,reference,7808,random,4,static,0.4909121413934426,0.4884513319672131,0.4909811731557377,0.007447,0.002847,3.833042,3.843383,0.00016,0.002697
random_n04_09,4,min,reference-proposed,7808,random,4,static,0.11452574282786886,0.11408171106557377,0.12091854508196721,0.007367,0.001433,0.894217,0.90409,0.00018,0.001253
random_n04_09,4,spectrum,reference,3712,random,4,high,1.0930953663793102,1.0899943426724137,1.154789870689655,0.007127,0.004951,4.05757,4.069498,0.000161,0.00479
random_n04_09,4,spectrum,reference-proposed,3712,random,4,high,0.2267790948275862,0.2195210129310345,0.2310692349137931,0.007017,0.00437,0.841804,0.852569,0.00016,0.00421
random_n04_09,4,spectrum,reference,3584,random,4,natural,1.1199969308035713,1.1081808035714287,1.1665672433035714,0.00878,0.005333,4.014069,4.028011,0.00018,0.005173
random_n04_09,4,spectrum,reference-proposed,3584,random,4,natural,0.23553487723214286,0.231828125,0.237865234375,0.007066,0.003919,0.844157,0.855092,0.00016,0.003739
random_n05_00,5,max,reference,5760,random,5,high,0.6807036458333333,0.6768873263888889,0.7301746527777777,0.015395,0.008991,3.920853,3.94556,0.000482,0.008509
random_n05_00,5,max,reference-proposed,5760,random,5,high,0.13693767361111112,0.1339519097222222,0.1377890625,0.008179,0.003939,0.788761,0.800087,0.000241,0.003698
random_n05_00,5,max,reference,6400,random,5,natural,0.7136960937500001,0.7094490625,0.71800515625,0.015145,0.00911,4.567655,4.592242,0.000471,0.008599
random_n05_00,5,max,reference-proposed,6400,random,5,natural,0.11717359375,0.11533953124999999,0.11767078125000001,0.007637,0.00382,0.749911,0.761108,0.000251,0.003569
random_n05_00,5,min,reference,2816,random,5,static,2.2893316761363636,2.287595525568182,2.2992038352272726,0.007727,0.010304,6.446758,6.483914,0.000241,0.010063
random_n05_00,5,min,reference-proposed,2816,random,5,static,0.3659747869318182,0.35642507102272725,0.3887894176136364,0.015696,0.007768,1.030585,1.055531,0.000441,0.007277
random_n05_00,5,spectrum,reference,1792,random,5,high,4.110073660714285,4.107623325892857,4.146965401785715,0.015165,0.016719,7.365252,7.393517,0.000501,0.016208
random_n05_00,5,spectrum,reference-proposed,1792,random,5,high,0.6110184151785715,0.540640625,0.7155217633928571,0.015095,0.014002,1.094945,1.124574,0.000481,0.013521
random_n05_00,5,spectrum,reference,2048,random,5,natural,4.17711279296875,4.17476953125,4.26501806640625,0.007808,0.010675,8.554727,8.572568,0.000321,0.010354
random_n05_00,5,spectrum,reference-proposed,2048,random,5,natural,0.44429931640625,0.443705078125,0.44542138671875,0.007598,0.006885,0.909925,0.924448,0.000231,0.006664
random_n05_01,5,max,reference,5760,random,5,high,0.710426388888889,0.7061951388888889,0.7134039930555556,0.009421,0.004941,4.092056,4.115501,0.00025,0.004701
random_n05_01,5,max,reference-proposed,5760,random,5,high,0.1415947916666667,0.14104461805555557,0.1625798611111111,0.008059,0.00451,0.815586,0.828155,0.000251,0.004269
random_n05_01,5,max,reference,6400,random,5,natural,0.7174189062499999,0.71575828125,0.7250625,0.009762,0.005523,4.591481,4.605663,0.000251,0.005282
random_n05_01,5,max,reference-proposed,6400,random,5,natural,0.1128084375,0.11271015625,0.11285078125,0.007828,0.00396,0.721974,0.733343,0.000231,0.003729
random_n05_01,5,min,reference,2816,random,5,static,2.3853345170454543,2.3281214488636364,2.433400568181818,0.015716,0.020397,6.717102,6.753496,0.000501,0.019896
random_n05_01,5,min,reference-proposed,2816,random,5,static,0.36301242897727276,0.32782741477272725,0.3790933948863636,0.015666,0.007848,1.022243,1.047571,0.000461,0.007387
random_n05_01,5,spectrum,reference,1792,random,5,high,4.090949776785714,4.0854486607142855,4.118690848214285,0.007727,0.010484,7.330982,7.350567,0.000251,0.010143
random_n05_01,5,spectrum,reference-proposed,1792,random,5,high,0.5515435267857144,0.55105078125,0.5519581473214286,0.007467,0.006996,0.988366,1.002819,0.000241,0.006755
random_n05_01,5,spectrum,reference,2048,random,5,natural,4.253794921875,4.25377294921875,4.27347265625,0.007638,0.010293,8.711772,8.730174,0.000241,0.010053
random_n05_01,5,spectrum,reference-proposed,2048,random,5,natural,0.60279736328125,0.54365234375,0.606849609375,0.015335,0.014393,1.234529,1.264267,0.000501,0.013892
random_n05_02,5,max,reference,5760,random,5,high,0.7230362847222223,0.7153777777777778,0.7386696180555556,0.007918,0.004952,4.164689,4.176506,0.000241,0.004711
random_n05_02,5,max,reference-proposed,5760,random,5,high,0.15580798611111113,0.14851180555555554,0.1949605902777778,0.015215,0.007828,0.897454,0.920648,0.000491,0.007317
random_n05_02,5,max,reference,6400,random,5,natural,0.7182000000000001,0.71329578125,0.78265890625,0.009722,0.004802,4.59648,4.608287,0.000241,0.004581
random_n05_02,5,max,reference-proposed,6400,random,5,natural,0.11348953125,0.11274625,0.1135575,0.007878,0.003879,0.726333,0.738525,0.000231,0.003648
random_n05_02,5,min,reference,2816,random,5,static,2.2316409801136365,2.229838778409091,2.2323483664772725,0.015295,0.013362,6.284301,6.31495,0.00033,0.013032
random_n05_02,5,min,reference-proposed,2816,random,5,static,0.3276008522727272,0.32747940340909093,0.3312425426136364,0.007627,0.00438,0.922524,0.935545,0.00025,0.00411
random_n05_02,5,spectrum,reference,1792,random,5,high,4.189090401785714,4.110406808035715,4.18980078125,0.008078,0.010575,7.50685,7.526776,0.000281,0.010294
random_n05_02,5,spectrum,reference-proposed,1792,random,5,high,0.6483097098214285,0.5642801339285715,0.6499944196428571,0.015244,0.014233,1.161771,1.19135,0.000461,0.013732
random_n05_02,5,spectrum,reference,2048,random,5,natural,4.2142216796875,4.2125546875,4.23262939453125,0.008149,0.010604,8.630726,8.650722,0.00024,0.010374
random_n05_02,5,spectrum,reference-proposed,2048,random,5,natural,0.43658984375,0.43568798828125,0.4378681640625,0.007677,0.007467,0.894136,0.911255,0.000241,0.007216
random_n05_03,5,max,reference,5760,random,5,high,0.7215065972222222,0.7179166666666666,0.7555562499999999,0.007848,0.004961,4.155878,4.168417,0.00025,0.00474
random_n05_03,5,max,reference-proposed,5760,random,5,high,0.14576909722222223,0.1455949652777778,0.1930559027777778,0.008109,0.00436,0.83963,0.851196,0.00025,0.00413
random_n05_03,5,max,reference,6400,random,5,natural,0.71376296875,0.7124353125,0.7211021875,0.007718,0.005062,4.568083,4.57992,0.000251,0.004811
random_n05_03,5,max,reference-proposed,6400,random,5,natural,0.11491234375,0.11485140625,0.155658125,0.007477,0.003949,0.735439,0.746715,0.000271,0.003709
random_n05_03,5,min,reference,2816,random,5,static,2.255905184659091,2.254161221590909,2.2574623579545454,0.007798,0.010064,6.352629,6.371172,0.000241,0.009824
random_n05_03,5,min,reference-proposed,2816,random,5,static,0.39663991477272725,0.39074644886363635,0.4004275568181818,0.015807,0.008369,1.116938,1.140682,0.000491,0.007857
random_n05_03,5,spectrum,reference,1792,random,5,high,4.315034040178571,4.22928125,4.327957589285715,0.015516,0.020397,7.732541,7.768263,0.000501,0.019886
random_n05_03,5,spectrum,reference-proposed,1792,random,5,high,0.7312472098214285,0.5465368303571428,0.8433571428571429,0.015376,0.013962,1.310395,1.340144,0.00049,0.013461
random_n05_03,5,spectrum,reference,2048,random,5,natural,4.18138623046875,4.1807900390625,4.18180029296875,0.007939,0.010343,8.563479,8.580829,0.000261,0.010082
random_n05_03,5,spectrum,reference-proposed,2048,random,5,natural,0.45203125,0.45102294921875,0.45351318359375,0.007418,0.007698,0.92576,0.940845,0.000241,0.007487
random_n05_04,5,max,reference,5760,random,5,high,0.7006119791666666,0.6932798611111112,0.7030335069444444,0.015365,0.009121,4.035525,4.073799,0.000501,0.00861
random_n05_04,5,max,reference-proposed,5760,random,5,high,0.1435390625,0.1385376736111111,0.14511788194444444,0.015416,0.007667,0.826785,0.850028,0.000482,0.007185
random_n05_04,5,max,reference,6400,random,5,natural,0.72577375,0.7058628125,0.7716659375,0.015386,0.008851,4.644952,4.669259,0.000472,0.00837
random_n05_04,5,max,reference-proposed,6400,random,5,natural,0.11797390625,0.11780890625000001,0.13365390625,0.01299,0.004691,0.755033,0.771658,0.000261,0.00443
random_n05_04,5,min,reference,2816,random,5,static,2.2754840198863637,2.2678842329545454,2.2776157670454547,0.015656,0.014163,6.407763,6.431626,0.000491,0.013652
random_n05_04,5,min,reference-proposed,2816,random,5,static,0.38242862215909096,0.35597620738636365,0.41337251420454546,0.015676,0.00846,1.076919,1.101436,0.000462,0.007959
random_n05_04,5,spectrum,reference,1792,random,5,high,4.0991953125,4.094511160714286,4.1239609375,0.007778,0.010324,7.345758,7.363419,0.00024,0.010084
random_n05_04,5,spectrum,reference-proposed,1792,random,5,high,0.5512472098214286,0.5438376116071428,0.67232421875,0.007537,0.014163,0.987835,1.002448,0.00025,0.013932
random_n05_04,5,spectrum,reference,2048,random,5,natural,4.1804697265625,4.17207373046875,4.21022509765625,0.007868,0.010364,8.561602,8.579834,0.000251,0.010113
random_n05_04,5,spectrum,reference-proposed,2048,random,5,natural,0.457830078125,0.4461689453125,0.46484814453125,0.008158,0.008139,0.937636,0.966703,0.000251,0.007889
random_n05_05,5,max,reference,5760,random,5,high,0.68715625,0.6843489583333334,0.7611885416666666,0.009362,0.00871,3.95802,3.976813,0.000251,0.008219
random_n05_05,5,max,reference-proposed,5760,random,5,high,0.13741059027777777,0.1363112847222222,0.20694791666666665,0.007778,0.00408,0.791485,0.803263,0.00025,0.00385
random_n05_05,5,max,reference,6400,random,5,natural,0.7067659374999999,0.702738125,0.7108859375,0.013701,0.005051,4.523302,4.544019,0.000251,0.004811
random_n05_05,5,max,reference-proposed,6400,random,5,natural,0.1178840625,0.1170834375,0.11791171875,0.007377,0.003999,0.754458,0.766045,0.00024,0.003759
random_n05_05,5,min,reference,2816,random,5,static,2.300297940340909,2.2995774147727275,2.337419744318182,0.009672,0.009683,6.477639,6.496773,0.00026,0.009432
random_n05_05,5,min,reference-proposed,2816,random,5,static,0.36700639204545454,0.36691157670454544,0.36909517045454543,0.007818,0.004129,1.03349,1.046525,0.00025,0.003868
random_n05_05,5,spectrum,reference,1792,random,5,high,4.4354453125,4.298192522321428,4.553310267857143,0.015115,0.019966,7.948318,7.98391,0.000461,0.019475
random_n05_05,5,spectrum,reference-proposed,1792,random,5,high,0.5502896205357143,0.5481925223214286,0.5758844866071429,0.009973,0.007617,0.986119,1.008081,0.000271,0.007376
random_n05_05,5,spectrum,reference,2048,random,5,natural,4.3765439453125,4.3616904296875,4.51489501953125,0.008099,0.009823,8.963162,8.981084,0.000251,0.009592
random_n05_05,5,spectrum,reference-proposed,2048,random,5,natural,0.49747802734375,0.45180419921875,0.54068798828125,0.015195,0.013973,1.018835,1.048283,0.000482,0.013422
random_n05_06,5,max,reference,5760,random,5,high,0.6905946180555556,0.6895737847222222,0.6949394097222222,0.007889,0.004511,3.977825,3.989873,0.000241,0.00427
random_n05_06,5,max,reference-proposed,5760,random,5,high,0.1480640625,0.14791822916666666,0.17350538194444445,0.015385,0.007938,0.852849,0.876172,0.000491,0.007447
random_n05_06,5,max,reference,6400,random,5,natural,0.7147162499999999,0.71393828125,0.7151584375,0.007647,0.004521,4.574184,4.585991,0.00025,0.00426
random_n05_06,5,max,reference-proposed,6400,random,5,natural,0.119068125,0.11895453125000001,0.1328040625,0.007768,0.004089,0.762036,0.773542,0.000271,0.003818
random_n05_06,5,min,reference,2816,random,5,static,2.285454190340909,2.2559037642045454,2.381150213068182,0.015717,0.019545,6.435839,6.471944,0.000481,0.019064
random_n05_06,5,min,reference-proposed,2816,random,5,static,0.35791086647727277,0.3088284801136364,0.48429971590909093,0.015627,0.007839,1.007877,1.033156,0.000461,0.007378
random_n05_06,5,spectrum,reference,1792,random,5,high,4.099657366071429,4.084069754464286,4.119667410714285,0.007858,0.009943,7.346586,7.364868,0.000261,0.009672
random_n05_06,5,spectrum,reference-proposed,1792,random,5,high,0.5491780133928571,0.5474029017857144,0.5500758928571429,0.007447,0.006936,0.984127,0.99849,0.000251,0.006685
random_n05_06,5,spectrum,reference,2048,random,5,natural,4.23682470703125,4.2116162109375,4.295384765625,0.015527,0.020015,8.677017,8.712559,0.000501,0.019504
random_n05_06,5,spectrum,reference-proposed,2048,random,5,natural,0.45507666015625,0.45047314453125,0.45559814453125,0.007989,0.007186,0.931997,0.946501,0.000251,0.006935
random_n05_07,5,max,reference,5760,random,5,high,0.6576480902777778,0.6500116319444443,0.6679392361111111,0.007888,0.004671,3.788053,3.800612,0.000241,0.00445
random_n05_07,5,max,reference-proposed,5760,random,5,high,0.12524461805555556,0.12389375,0.12749583333333334,0.007869,0.003779,0.721409,0.732855,0.000251,0.003528
random_n05_07,5,max,reference,6400,random,5,natural,0.7138759375,0.7133946875,0.75991421875,0.007918,0.004801,4.568806,4.581525,0.000251,0.00455
random_n05_07,5,max,reference-proposed,6400,random,5,natural,0.11979078124999999,0.11885265625,0.14015796875,0.009552,0.004179,0.766661,0.777848,0.000231,0.003948
random_n05_07,5,min,reference,2816,random,5,static,2.2395465198863636,2.230099786931818,2.2452095170454545,0.007647,0.009873,6.306563,6.324064,0.00026,0.009633
random_n05_07,5,min,reference-proposed,2816,random,5,static,0.3209865056818182,0.31681711647727273,0.37398295454545455,0.007868,0.00432,0.903898,0.915705,0.000251,0.004079
random_n05_07,5,spectrum,reference,1792,random,5,high,4.103749441964285,4.101909598214285,4.10612109375,0.008008,0.010334,7.353919,7.371179,0.000241,0.010073
random_n05_07,5,spectrum,reference-proposed,1792,random,5,high,0.5410329241071429,0.5368783482142857,0.5443169642857143,0.007487,0.007497,0.969531,0.984495,0.000241,0.007247
random_n05_07,5,spectrum,reference,2048,random,5,natural,4.1954208984375,4.18783935546875,4.2331435546875,0.015466,0.01318,8.592222,8.609562,0.000311,0.012869
random_n05_07,5,spectrum,reference-proposed,2048,random,5,natural,0.59514892578125,0.46207958984375,0.59540576171875,0.015316,0.013672,1.218865,1.248969,0.000491,0.013171
random_n05_08,5,max,reference,5760,random,5,high,0.691907986111111,0.6917223958333333,0.7101868055555556,0.009462,0.004691,3.98539,3.999252,0.000241,0.00445
random_n05_08,5,max,reference-proposed,5760,random,5,high,0.1374892361111111,0.13679079861111113,0.15563003472222223,0.012448,0.004631,0.791938,0.809017,0.00026,0.00439
random_n05_08,5,max,reference,6400,random,5,natural,0.714309375,0.71386078125,0.716059375,0.007707,0.004631,4.57158,4.583398,0.00024,0.004411
random_n05_08,5,max,reference-proposed,6400,random,5,natural,0.15697578125,0.11700765625,0.16280406249999999,0.015226,0.007798,1.004645,1.02813,0.000471,0.007327
random_n05_08,5,min,reference,2816,random,5,static,2.2604030539772726,2.2579598721590908,2.2910550426136367,0.015666,0.020016,6.365295,6.401087,0.000481,0.019504
random_n05_08,5,min,reference-proposed,2816,random,5,static,0.35550958806818184,0.3508895596590909,0.36269779829545457,0.007908,0.00433,1.001115,1.012652,0.000251,0.0041
random_n05_08,5,spectrum,reference,1792,random,5,high,4.274247767857143,4.110202008928572,4.4138125,0.015286,0.019575,7.659452,7.695344,0.000431,0.019003
random_n05_08,5,spectrum,reference-proposed,1792,random,5,high,0.5520837053571429,0.5508052455357143,0.5835987723214285,0.007448,0.007097,0.989334,1.003597,0.000251,0.006866
random_n05_08,5,spectrum,reference,2048,random,5,natural,4.19716162109375,4.19491064453125,4.29861279296875,0.007648,0.009663,8.595787,8.612907,0.00025,0.009442
random_n05_08,5,spectrum,reference-proposed,2048,random,5,natural,0.44477685546875,0.44461865234375,0.5208427734375,0.009352,0.006866,0.910903,0.925147,0.00025,0.006626
random_n05_09,5,max,reference,5760,random,5,high,0.7296493055555555,0.7268944444444444,0.7357378472222221,0.007808,0.004531,4.20278,4.214878,0.000241,0.00429
random_n05_09,5,max,reference-proposed,5760,random,5,high,0.1457642361111111,0.14475451388888888,0.14581579861111113,0.007467,0.003809,0.839602,0.851205,0.000241,0.003559
random_n05_09,5,max,reference,6400,random,5,natural,0.70169640625,0.7014521875,0.702335625,0.007447,0.004621,4.490857,4.506705,0.00025,0.0044
random_n05_09,5,max,reference-proposed,6400,random,5,natural,0.11469703125,0.11447796875,0.11521203125,0.007468,0.003829,0.734061,0.745217,0.000241,0.003598
random_n05_09,5,min,reference,2816,random,5,static,2.280834161931818,2.2775539772727273,2.281520596590909,0.008048,0.010254,6.422829,6.44065,0.000261,0.009993
random_n05_09,5,min,reference-proposed,2816,random,5,static,0.35592933238636365,0.35516264204545456,0.3790145596590909,0.009692,0.00424,1.002297,1.015888,0.00026,0.00398
random_n05_09,5,spectrum,reference,1792,random,5,high,4.300239397321429,4.107607142857143,4.388024553571428,0.015205,0.020457,7.706029,7.742243,0.000481,0.019906
random_n05_09,5,spectrum,reference-proposed,1792,random,5,high,0.5751222098214286,0.5549296875,0.6024430803571429,0.015125,0.014383,1.030619,1.060077,0.000501,0.013922
random_n05_09,5,spectrum,reference,2048,random,5,natural,4.18658837890625,4.16012646484375,4.2954404296875,0.007838,0.010424,8.574133,8.614017,0.000261,0.010164
random_n05_09,5,spectrum,reference-proposed,2048,random,5,natural,0.4506064453125,0.449318359375,0.45067236328125,0.007577,0.007036,0.922842,0.937089,0.00025,0.006786
random_n06_00,6,max,reference,3456,random,6,high,1.5935101273148147,1.5931160300925926,1.6373758680555557,0.009743,0.006625,5.507171,5.521774,0.000401,0.006224
random_n06_00,6,max,reference-proposed,3456,random,6,high,0.24621383101851851,0.2451322337962963,0.3693020833333333,0.009622,0.005212,0.850915,0.863976,0.00041,0.004802
random_n06_00,6,max,reference,4992,random,6,natural,1.6704122596153845,1.6641949118589743,1.7791432291666667,0.015977,0.013501,8.338698,8.368747,0.000782,0.012669
random_n06_00,6,max,reference-proposed,4992,random,6,natural,0.1696308092948718,0.15062379807692305,0.18922796474358974,0.015976,0.009983,0.846797,0.872857,0.000792,0.009141
random_n06_00,6,min,reference,1152,random,6,static,9.466084201388888,9.432283854166666,9.497100694444445,0.00862,0.028726,10.904929,10.941654,0.000411,0.028335
random_n06_00,6,min,reference-proposed,1152,random,6,static,0.8908723958333333,0.8882664930555555,0.8945399305555556,0.008308,0.005413,1.026285,1.039656,0.000392,0.00501
random_n06_00,6,spectrum,reference,768,random,6,high,16.441266927083333,16.3774296875,16.549265625,0.007868,0.028735,12.626893,12.66413,0.000431,0.028304
random_n06_00,6,spectrum,reference-proposed,768,random,6,high,1.5003828125,1.4613658854166667,1.5595625,0.016038,0.021339,1.152294,1.174756,0.000832,0.020497
random_n06_00,6,spectrum,reference,1152,random,6,natural,17.72130729166667,17.619460069444447,17.741225694444445,0.015916,0.052662,20.414946,20.474026,0.000802,0.05186
random_n06_00,6,spectrum,reference-proposed,1152,random,6,natural,0.9127222222222222,0.9035477430555555,1.1082977430555556,0.007978,0.014233,1.051456,1.073667,0.000431,0.013812
random_n06_01,6,max,reference,3456,random,6,high,1.5703842592592594,1.562984375,1.5894806134259258,0.010845,0.00833,5.427248,5.441511,0.000531,0.007799
random_n06_01,6,max,reference-proposed,3456,random,6,high,0.23659635416666666,0.23299565972222222,0.23772193287037038,0.007889,0.005172,0.817677,0.830878,0.000421,0.004751
random_n06_01,6,max,reference,4992,random,6,natural,1.7169457131410257,1.6589150641025643,1.7425362580128205,0.016257,0.01345,8.570993,8.600762,0.000832,0.012629
random_n06_01,6,max,reference-proposed,4992,random,6,natural,0.1468515625,0.1455118189102564,0.14735837339743588,0.008048,0.005443,0.733083,0.746163,0.000421,0.005052
random_n06_01,6,min,reference,1152,random,6,static,9.564457465277778,9.399537326388888,9.762197916666667,0.016789,0.059076,11.018255,11.09462,0.000802,0.058284
random_n06_01,6,min,reference-proposed,1152,random,6,static,0.9009774305555556,0.8940069444444445,1.0209609375,0.016647,0.010885,1.037926,1.065458,0.000792,0.010054
random_n06_01,6,spectrum,reference,768,random,6,high,15.562067708333334,15.50468359375,15.625346354166666,0.009662,0.037086,11.951668,11.988745,0.000401,0.036694
random_n06_01,6,spectrum,reference-proposed,768,random,6,high,1.5709440104166668,1.53319921875,1.6025989583333333,0.016218,0.027804,1.206485,1.250817,0.000812,0.026972
random_n06_01,6,spectrum,reference,1152,random,6,natural,16.414629340277777,16.38730902777778,16.498763020833334,0.008099,0.028586,18.909653,18.946338,0.000411,0.028185
random_n06_01,6,spectrum,reference-proposed,1152,random,6,natural,0.8715842013888889,0.8649947916666666,0.8798975694444444,0.008129,0.014102,1.004065,1.025905,0.000401,0.013711
random_n06_02,6,max,reference,3456,random,6,high,1.6230101273148148,1.594410011574074,1.6465946180555557,0.016218,0.01309,5.609123,5.638662,0.000802,0.012288
random_n06_02,6,max,reference-proposed,3456,random,6,high,0.27858651620370367,0.24494907407407407,0.33306163194444444,0.016037,0.010283,0.962795,0.989115,0.000842,0.009441
random_n06_02,6,max,reference,4992,random,6,natural,1.6585164262820513,1.6578609775641024,1.7022179487179487,0.007998,0.006605,8.279314,8.293677,0.000401,0.006214
random_n06_02,6,max,reference-proposed,4992,random,6,natural,0.1555761217948718,0.1501736778846154,0.2049903846153846,0.016308,0.010072,0.776636,0.803027,0.000801,0.00924
random_n06_02,6,min,reference,1152,random,6,static,9.528763020833335,9.450328993055555,9.629578993055555,0.00862,0.028636,10.977135,11.052116,0.000431,0.028235
random_n06_02,6,min,reference-proposed,1152,random,6,static,0.8498411458333334,0.8469635416666667,0.851037326388889,0.008469,0.005773,0.979017,0.992879,0.000411,0.005262
random_n06_02,6,spectrum,reference,768,random,6,high,16.357494791666667,16.333645833333335,16.522654947916667,0.00839,0.03442,12.562556,12.59888,0.000401,0.034029
random_n06_02,6,spectrum,reference-proposed,768,random,6,high,1.459953125,1.45768359375,1.4632369791666668,0.008068,0.013762,1.121244,1.143636,0.000401,0.013361
random_n06_02,6,spectrum,reference,1152,random,6,natural,17.456578125,17.39376215277778,17.46765190972222,0.009612,0.028366,20.109978,20.147956,0.00042,0.027946
random_n06_02,6,spectrum,reference-proposed,1152,random,6,natural,0.8938307291666666,0.8900598958333333,0.8985711805555555,0.008039,0.014132,1.029693,1.056625,0.000411,0.013721
random_n06_03,6,max,reference,3456,random,6,high,1.592828125,1.5834618055555556,1.6103888888888889,0.007878,0.006725,5.504814,5.519138,0.000411,0.006314
random_n06_03,6,max,reference-proposed,3456,random,6,high,0.2574754050925926,0.24171209490740742,0.29230497685185186,0.016077,0.010003,0.889835,0.916085,0.000832,0.009161
random_n06_03,6,max,reference,4992,random,6,natural,1.6880366586538462,1.6865164262820513,1.6899609375,0.00837,0.007067,8.426679,8.441955,0.00041,0.006657
random_n06_03,6,max,reference-proposed,4992,random,6,natural,0.18121053685897437,0.15077504006410256,0.25618469551282047,0.016127,0.009933,0.904603,0.930663,0.000791,0.009142
random_n06_03,6,min,reference,1152,random,6,static,9.356204861111111,9.353524305555554,9.365732638888888,0.008419,0.029127,10.778348,10.816125,0.000391,0.028726
random_n06_03,6,min,reference-proposed,1152,random,6,static,0.9441822916666667,0.9376866319444445,0.9745008680555556,0.00844,0.005593,1.087698,1.10158,0.000431,0.005182
random_n06_03,6,spectrum,reference,768,random,6,high,15.71800390625,15.6766171875,15.838131510416666,0.008409,0.029659,12.071427,12.109174,0.000401,0.029258
random_n06_03,6,spectrum,reference-proposed,768,random,6,high,1.4574361979166668,1.4533268229166667,1.4598567708333332,0.007919,0.014463,1.119311,1.141693,0.000401,0.014062
random_n06_03,6,spectrum,reference,1152,random,6,natural,16.968902777777778,16.84172829861111,17.15004861111111,0.016027,0.059467,19.548176,19.624652,0.000792,0.058675
random_n06_03,6,spectrum,reference-proposed,1152,random,6,natural,0.8952552083333334,0.8931588541666666,0.9002552083333334,0.008329,0.014062,1.031334,1.052813,0.000391,0.013661
random_n06_04,6,max,reference,3456,random,6,high,1.576324074074074,1.5722693865740742,1.6144383680555556,0.0084,0.007146,5.447776,5.46215,0.000421,0.006725
random_n06_04,6,max,reference-proposed,3456,random,6,high,0.23834027777777778,0.23808449074074073,0.2405300925925926,0.007758,0.005091,0.823704,0.836905,0.000411,0.00469
random_n06_04,6,max,reference,4992,random,6,natural,1.6539072516025641,1.6497686298076923,1.6643731971153846,0.007929,0.006695,8.256305,8.270528,0.000411,0.006294
random_n06_04,6,max,reference-proposed,4992,random,6,natural,0.14570372596153847,0.145640625,0.146734375,0.008279,0.005232,0.727353,0.741251,0.000391,0.004821
random_n06_04,6,min,reference,1152,random,6,static,9.362559027777777,9.361995659722222,9.473047743055554,0.008249,0.028876,10.785668,10.822793,0.000401,0.028475
random_n06_04,6,min,reference-proposed,1152,random,6,static,0.8712300347222222,0.8699696180555555,1.0038168402777778,0.008289,0.005372,1.003657,1.017318,0.000431,0.004981
random_n06_04,6,spectrum,reference,768,random,6,high,15.608345052083333,15.600240885416666,15.7304375,0.009623,0.029067,11.987209,12.024435,0.000411,0.028655
random_n06_04,6,spectrum,reference-proposed,768,random,6,high,1.4592278645833332,1.4537890625,1.5062994791666668,0.008249,0.013992,1.120687,1.142928,0.000401,0.013581
random_n06_04,6,spectrum,reference,1152,random,6,natural,16.484069444444444,16.462032986111108,16.9001796875,0.016168,0.032315,18.989648,19.042129,0.000521,0.031794
random_n06_04,6,spectrum,reference-proposed,1152,random,6,natural,0.8986649305555555,0.8928133680555556,0.902443576388889,0.00877,0.014203,1.035262,1.062588,0.000421,0.013782
random_n06_05,6,max,reference,3456,random,6,high,1.5488075810185185,1.5461319444444444,1.5659048032407406,0.00832,0.007036,5.352679,5.367854,0.000521,0.006635
random_n06_05,6,max,reference-proposed,3456,random,6,high,0.2311484375,0.23034722222222223,0.2327974537037037,0.008309,0.005172,0.798849,0.812641,0.000411,0.004781
random_n06_05,6,max,reference,4992,random,6,natural,1.6666268028846154,1.6583760016025642,1.6963153044871795,0.008139,0.006565,8.319801,8.334204,0.000411,0.006184
random_n06_05,6,max,reference-proposed,4992,random,6,natural,0.14534254807692307,0.14423617788461537,0.1467049278846154,0.007908,0.005232,0.72555,0.73867,0.000401,0.004841
random_n06_05,6,min,reference,1152,random,6,static,9.406605902777777,9.406115451388889,9.408374131944445,0.008349,0.029057,10.83641,10.875282,0.000401,0.028656
random_n06_05,6,min,reference-proposed,1152,random,6,static,1.1488506944444443,0.8886085069444445,1.2560442708333333,0.016358,0.010785,1.323476,1.351761,0.000833,0.009943
random_n06_05,6,spectrum,reference,768,random,6,high,15.639928385416667,15.638971354166666,15.6428984375,0.007819,0.029318,12.011465,12.048511,0.000401,0.028907
random_n06_05,6,spectrum,reference-proposed,768,random,6,high,1.4538203125,1.4503111979166667,1.83412109375,0.008299,0.014724,1.116534,1.138034,0.000431,0.014323
random_n06_05,6,spectrum,reference,1152,random,6,natural,16.48997829861111,16.463567708333333,16.504244791666668,0.00863,0.029769,18.996455,19.033842,0.000401,0.029378
random_n06_05,6,spectrum,reference-proposed,1152,random,6,natural,0.8698585069444444,0.8686918402777778,0.871046875,0.008319,0.014624,1.002077,1.026389,0.000391,0.014233
random_n06_06,6,max,reference,3456,random,6,high,1.5781961805555556,1.576378761574074,1.5884019097222222,0.008098,0.006354,5.454246,5.46938,0.000401,0.005964
random_n06_06,6,max,reference-proposed,3456,random,6,high,0.30405960648148145,0.24117824074074073,0.3073020833333333,0.015977,0.010113,1.05083,1.077071,0.000822,0.009233
random_n06_06,6,max,reference,4992,random,6,natural,1.6691033653846155,1.6673291266025643,1.6750530849358976,0.007918,0.006836,8.332164,8.346848,0.000401,0.006435
random_n06_06,6,max,reference-proposed,4992,random,6,natural,0.14790164262820513,0.14760717147435898,0.14824739583333335,0.007808,0.004992,0.738325,0.751395,0.000421,0.004571
random_n06_06,6,min,reference,1152,random,6,static,9.384190104166667,9.356418402777777,9.591803819444445,0.008539,0.029579,10.810587,10.848436,0.00041,0.029168
random_n06_06,6,min,reference-proposed,1152,random,6,static,0.8668758680555555,0.8663116319444445,0.8733715277777778,0.008209,0.005503,0.998641,1.012123,0.000411,0.005092
random_n06_06,6,spectrum,reference,768,random,6,high,15.59994921875,15.591756510416666,15.61556640625,0.008429,0.029328,11.980761,12.017647,0.000411,0.028907
random_n06_06,6,spectrum,reference-proposed,768,random,6,high,1.4457083333333332,1.4415885416666667,1.4523450520833332,0.007998,0.013962,1.110304,1.132004,0.00041,0.013552
random_n06_06,6,spectrum,reference,1152,random,6,natural,16.79976736111111,16.60857986111111,16.82381684027778,0.008128,0.029447,19.353332,19.445696,0.000411,0.029036
random_n06_06,6,spectrum,reference-proposed,1152,random,6,natural,0.8887404513888889,0.8870824652777778,0.8975269097222222,0.00833,0.014333,1.023829,1.04606,0.000472,0.013892
random_n06_07,6,max,reference,3456,random,6,high,1.5773240740740742,1.5761767939814815,1.5804901620370368,0.007838,0.006515,5.451232,5.465736,0.0004,0.006104
random_n06_07,6,max,reference-proposed,3456,random,6,high,0.24066840277777776,0.24051475694444446,0.2794421296296296,0.00835,0.005282,0.83175,0.844851,0.000411,0.004911
random_n06_07,6,max,reference,4992,random,6,natural,1.6516532451923076,1.6513277243589743,1.724316907051282,0.008459,0.006786,8.245053,8.259506,0.000391,0.006395
random_n06_07,6,max,reference-proposed,4992,random,6,natural,0.14612920673076923,0.14609895833333333,0.21306350160256413,0.009903,0.005492,0.729477,0.744793,0.000401,0.005091
random_n06_07,6,min,reference,1152,random,6,static,9.402725694444445,9.366415798611111,9.416980034722222,0.010043,0.028536,10.83194,10.886849,0.000391,0.028145
random_n06_07,6,min,reference-proposed,1152,random,6,static,1.052099826388889,1.0146493055555554,1.138810763888889,0.016699,0.011246,1.212019,1.239864,0.000812,0.010404
random_n06_07,6,spectrum,reference,768,random,6,high,15.75988671875,15.65646875,15.885166666666667,0.008359,0.029117,12.103593,12.178727,0.000491,0.028696
random_n06_07,6,spectrum,reference-proposed,768,random,6,high,1.4382174479166667,1.4366106770833333,1.58141796875,0.008069,0.014383,1.104551,1.126151,0.000421,0.013962
random_n06_07,6,spectrum,reference,1152,random,6,natural,16.497283854166668,16.44143229166667,16.522019965277778,0.00863,0.029177,19.004871,19.044293,0.00041,0.028786
random_n06_07,6,spectrum,reference-proposed,1152,random,6,natural,0.8925789930555555,0.8876935763888889,1.0566067708333333,0.008309,0.014584,1.028251,1.050192,0.000401,0.014183
random_n06_08,6,max,reference,3456,random,6,high,1.598741898148148,1.5934311342592593,1.6714560185185185,0.016097,0.01291,5.525252,5.55472,0.000812,0.012098
random_n06_08,6,max,reference-proposed,3456,random,6,high,0.3506889467592592,0.24348495370370368,0.40336747685185187,0.016288,0.010073,1.211981,1.238813,0.000812,0.009251
random_n06_08,6,max,reference,4992,random,6,natural,1.6712900641025643,1.6658189102564103,1.6747445913461538,0.008118,0.006836,8.34308,8.357513,0.000401,0.006435
random_n06_08,6,max,reference-proposed,4992,random,6,natural,0.1451716746794872,0.1447502003205128,0.14677704326923077,0.008029,0.004952,0.724697,0.737788,0.000401,0.004571
random_n06_08,6,min,reference,1152,random,6,static,9.440885416666665,9.398422743055555,9.621897569444446,0.016668,0.059167,10.8759,10.913864,0.000782,0.058345
random_n06_08,6,min,reference-proposed,1152,random,6,static,0.9725043402777779,0.9724565972222222,0.9852170138888889,0.0083,0.005683,1.120325,1.134493,0.000391,0.005282
random_n06_08,6,spectrum,reference,768,random,6,high,16.023110677083334,15.585609375,16.415859375,0.016137,0.058926,12.305749,12.381072,0.000822,0.058084
random_n06_08,6,spectrum,reference-proposed,768,random,6,high,1.4604661458333332,1.4441588541666668,1.5162864583333333,0.007858,0.014924,1.121638,1.143298,0.000392,0.014544
random_n06_08,6,spectrum,reference,1152,random,6,natural,16.7182109375,16.701493055555556,16.733736979166668,0.007978,0.028685,19.259379,19.296856,0.000411,0.028274
random_n06_08,6,spectrum,reference-proposed,1152,random,6,natural,0.871953125,0.8700503472222222,0.882578125,0.008439,0.014132,1.00449,1.028074,0.000401,0.013731
random_n06_09,6,max,reference,3456,random,6,high,1.579919849537037,1.5780211226851852,1.6674076967592593,0.010344,0.006966,5.460203,5.475318,0.000401,0.006565
random_n06_09,6,max,reference-proposed,3456,random,6,high,0.24130642361111113,0.2407907986111111,0.24142274305555556,0.007889,0.004961,0.833955,0.846715,0.000401,0.00456
random_n06_09,6,max,reference,4992,random,6,natural,1.6560576923076924,1.652781450320513,1.6611736778846156,0.008189,0.006745,8.26704,8.282165,0.000391,0.006364
random_n06_09,6,max,reference-proposed,4992,random,6,natural,0.15264383012820515,0.14792467948717947,0.20722716346153847,0.015957,0.010103,0.761998,0.788058,0.000762,0.009341
random_n06_09,6,min,reference,1152,random,6,static,9.347263020833333,9.327019965277778,9.385013020833334,0.00861,0.029228,10.768047,10.804471,0.000401,0.028797
random_n06_09,6,min,reference-proposed,1152,random,6,static,0.9239036458333334,0.8246414930555556,1.0947769097222222,0.016498,0.010675,1.064337,1.09177,0.000802,0.009873
random_n06_09,6,spectrum,reference,768,random,6,high,15.658234375,15.562416666666666,15.721885416666666,0.007818,0.028856,12.025524,12.062107,0.00041,0.028455
random_n06_09,6,spectrum,reference-proposed,768,random,6,high,1.4561002604166668,1.45261328125,1.46038671875,0.008109,0.014032,1.118285,1.141579,0.000401,0.013651
random_n06_09,6,spectrum,reference,1152,random,6,natural,16.55105295138889,16.47913020833333,16.6209921875,0.016238,0.036494,19.066813,19.142638,0.000822,0.035632
random_n06_09,6,spectrum,reference-proposed,1152,random,6,natural,0.92384375,0.8839956597222222,0.9281006944444444,0.016247,0.028115,1.064268,1.108731,0.000812,0.027203
random_n07_00,7,max,reference,2176,random,7,high,3.60796875,3.596841911764706,3.6152463235294117,0.010915,0.010434,7.85094,7.872038,0.000782,0.009652
random_n07_00,7,max,reference-proposed,2176,random,7,high,0.4573469669117647,0.4342022058823529,0.5297693014705883,0.011638,0.007036,0.995187,1.012537,0.000812,0.006255
random_n07_00,7,max,reference,2176,random,7,natural,3.8897504595588233,3.875510569852941,3.915245404411765,0.010695,0.010434,8.464097,8.485166,0.000802,0.009682
random_n07_00,7,max,reference-proposed,2176,random,7,natural,0.1921594669117647,0.1878828125,0.19569301470588235,0.011467,0.007036,0.418139,0.437164,0.000792,0.006244
random_n07_00,7,min,reference,384,random,7,static,45.698559895833334,45.61034375,46.67629427083334,0.00878,0.145771,17.548247,17.720197,0.000792,0.145019
random_n07_00,7,min,reference-proposed,384,random,7,static,2.3683828125,2.3641015625,2.3717473958333333,0.008821,0.011246,0.909459,0.930077,0.000781,0.010464
random_n07_00,7,spectrum,reference,256,random,7,high,68.78943359375,68.6994453125,69.05055859375,0.011337,0.103437,17.610095,17.724699,0.000802,0.102656
random_n07_00,7,spectrum,reference-proposed,256,random,7,high,4.67313671875,4.65262890625,4.69658203125,0.011527,0.052291,1.196323,1.259458,0.000812,0.051509
random_n07_00,7,spectrum,reference,640,random,7,natural,72.895625,72.7796921875,72.909921875,0.011416,0.103909,46.6532,46.775531,0.000792,0.103118
random_n07_00,7,spectrum,reference-proposed,640,random,7,natural,1.901046875,1.8968171875,1.9141515624999998,0.010855,0.052711,1.21667,1.279395,0.000782,0.051929
random_n07_01,7,max,reference,2176,random,7,high,3.600893382352941,3.5884053308823534,3.611698069852941,0.021659,0.021128,7.835544,7.879238,0.001594,0.019534
random_n07_01,7,max,reference-proposed,2176,random,7,high,0.4104462316176471,0.4098598345588235,0.42220358455882356,0.010845,0.006826,0.893131,0.9101,0.000802,0.006034
random_n07_01,7,max,reference,2176,random,7,natural,3.8941773897058822,3.893377757352941,3.895131433823529,0.011146,0.010605,8.47373,8.497385,0.000813,0.009741
random_n07_01,7,max,reference-proposed,2176,random,7,natural,0.1969342830882353,0.1944246323529412,0.1969738051470588,0.010946,0.006645,0.428529,0.445678,0.000792,0.005863
random_n07_01,7,min,reference,384,random,7,static,45.92457291666666,45.2231875,46.03449479166667,0.008921,0.106793,17.635036,17.793376,0.000792,0.106001
random_n07_01,7,min,reference-proposed,384,random,7,static,2.42453125,2.4128619791666663,2.5163541666666664,0.00903,0.011487,0.93102,0.951366,0.000792,0.010695
random_n07_01,7,spectrum,reference,256,random,7,high,69.03397265625,68.58712109375,69.60608203125,0.0219,0.211467,17.672697,17.907749,0.001604,0.209863
random_n07_01,7,spectrum,reference-proposed,256,random,7,high,4.9216875,4.72634375,5.2733359375,0.011887,0.053935,1.259952,1.321374,0.000782,0.053163
random_n07_01,7,spectrum,reference,640,random,7,natural,73.1008421875,72.9885375,73.41055937499999,0.010735,0.110264,46.784539,46.905467,0.001603,0.103487
random_n07_01,7,spectrum,reference-proposed,640,random,7,natural,2.0412375,1.9424718749999998,2.051725,0.011908,0.053583,1.306392,1.367934,0.000772,0.052812
random_n07_02,7,max,reference,2176,random,7,high,3.6372849264705884,3.6247647058823533,3.6578782169117647,0.011206,0.010765,7.914732,7.93569,0.000812,0.009923
random_n07_02,7,max,reference-proposed,2176,random,7,high,0.4271888786764706,0.4270905330882353,0.42920863970588236,0.010825,0.006575,0.929563,0.948857,0.000782,0.005793
random_n07_02,7,max,reference,2176,random,7,natural,3.8066861213235295,3.788654871323529,3.829029871323529,0.02172,0.02141,8.283349,8.304567,0.001603,0.019806
random_n07_02,7,max,reference-proposed,2176,random,7,natural,0.19811167279411765,0.19575229779411765,0.2097408088235294,0.011406,0.006816,0.431091,0.449313,0.000782,0.006054
random_n07_02,7,min,reference,384,random,7,static,45.321484375,45.05463802083334,46.15494270833334,0.00873,0.105955,17.40345,17.517965,0.000782,0.105143
random_n07_02,7,min,reference-proposed,384,random,7,static,2.2291901041666664,2.228765625,2.3419244791666665,0.009001,0.011266,0.856009,0.876113,0.000792,0.010494
random_n07_02,7,spectrum,reference,256,random,7,high,68.75435546875,68.52179296875,69.16868359375,0.011326,0.103313,17.601115,17.715013,0.000792,0.102531
random_n07_02,7,spectrum,reference-proposed,256,random,7,high,4.67056640625,4.4527578125,4.9177890625,0.011477,0.053664,1.195665,1.261279,0.000792,0.052893
random_n07_02,7,spectrum,reference,640,random,7,natural,71.0564453125,71.011625,71.09138437499999,0.010845,0.103098,45.476125,45.61215,0.000812,0.102236
random_n07_02,7,spectrum,reference-proposed,640,random,7,natural,1.9978203125,1.9877171875,2.1556125,0.012438,0.052412,1.278605,1.343275,0.000792,0.051641
random_n07_03,7,max,reference,2176,random,7,high,3.6224149816176467,3.6080620404411765,3.747143382352941,0.021831,0.020958,7.882375,7.925465,0.001594,0.019264
random_n07_03,7,max,reference-proposed,2176,random,7,high,0.4237256433823529,0.4235390625,0.42397564338235294,0.013872,0.006565,0.922027,0.940042,0.000802,0.005793
random_n07_03,7,max,reference,2176,random,7,natural,3.975823988970588,3.9208115808823534,4.069207261029412,0.021711,0.020929,8.651393,8.694974,0.001634,0.019314
random_n07_03,7,max,reference-proposed,2176,random,7,natural,0.19819761029411764,0.19365073529411767,0.3093111213235294,0.010815,0.006736,0.431278,0.448467,0.000792,0.005944
random_n07_03,7,min,reference,384,random,7,static,46.13522916666666,46.00578125,46.30162760416666,0.009351,0.106665,17.715928,17.839273,0.000792,0.105873
random_n07_03,7,min,reference-proposed,384,random,7,static,2.1023645833333333,2.09003125,2.1028619791666667,0.009291,0.011195,0.807308,0.827485,0.000812,0.010383
random_n07_03,7,spectrum,reference,256,random,7,high,68.45548046875,68.396375,70.0255234375,0.011416,0.109984,17.524603,17.638577,0.000781,0.109212
random_n07_03,7,spectrum,reference-proposed,256,random,7,high,4.89746875,4.637390625,5.20681640625,0.011326,0.052492,1.253752,1.315184,0.000801,0.05171
random_n07_03,7,spectrum,reference,640,random,7,natural,73.3867625,73.281771875,73.5414125,0.010615,0.103008,46.967528,47.081963,0.000782,0.102226
random_n07_03,7,spectrum,reference-proposed,640,random,7,natural,1.9441984374999999,1.939634375,1.9529390625,0.010585,0.051488,1.244287,1.311544,0.000802,0.050696
random_n07_04,7,max,reference,2176,random,7,high,3.636046875,3.6256227022058822,3.6876341911764707,0.011587,0.010694,7.912038,7.934319,0.000802,0.009902
random_n07_04,7,max,reference-proposed,2176,random,7,high,0.4225303308823529,0.42215670955882356,0.4324829963235294,0.011136,0.007086,0.919426,0.936835,0.000782,0.006314
random_n07_04,7,max,reference,2176,random,7,natural,3.9073115808823533,3.898657169117647,4.021200827205883,0.011005,0.010474,8.50231,8.523358,0.000802,0.009672
random_n07_04,7,max,reference-proposed,2176,random,7,natural,0.21800459558823532,0.20318566176470587,0.2844577205882353,0.011416,0.013351,0.474378,0.566802,0.000812,0.011717
random_n07_04,7,min,reference,384,random,7,static,46.2062265625,45.5463046875,46.3774921875,0.00874,0.109502,17.743191,17.87642,0.000782,0.10872
random_n07_04,7,min,reference-proposed,384,random,7,static,2.1776510416666666,2.1752864583333333,2.2000729166666666,0.00889,0.011487,0.836218,0.856254,0.000792,0.010615
random_n07_04,7,spectrum,reference,256,random,7,high,73.5758359375,72.939171875,74.05938671875,0.010685,0.102619,18.835414,19.08363,0.000802,0.101837
random_n07_04,7,spectrum,reference-proposed,256,random,7,high,4.712953125,4.478046875,6.6196484375,0.010794,0.057522,1.206516,1.268671,0.000802,0.05672
random_n07_04,7,spectrum,reference,640,random,7,natural,78.09595625,77.9699953125,78.27490468750001,0.011266,0.102307,49.981412,50.095546,0.000792,0.101536
random_n07_04,7,spectrum,reference-proposed,640,random,7,natural,2.014275,2.009984375,2.017928125,0.012479,0.058636,1.289136,1.358978,0.000792,0.057864
random_n07_05,7,max,reference,2176,random,7,high,3.6454747242647056,3.6451571691176468,3.6487486213235294,0.010695,0.010464,7.932553,7.953783,0.000802,0.009702
random_n07_05,7,max,reference-proposed,2176,random,7,high,0.44161810661764705,0.44105652573529414,0.45158731617647063,0.010734,0.006635,0.960961,0.978381,0.000782,0.005853
random_n07_05,7,max,reference,2176,random,7,natural,3.8572504595588235,3.854186580882353,4.008769301470588,0.011216,0.011056,8.393377,8.414847,0.000802,0.010274
random_n07_05,7,max,reference-proposed,2176,random,7,natural,0.19356341911764707,0.18986029411764707,0.19448805147058823,0.012368,0.006645,0.421194,0.440607,0.000802,0.005863
random_n07_05,7,min,reference,384,random,7,static,46.563015625,45.544109375,46.6810859375,0.018042,0.218648,17.880198,18.117644,0.001624,0.217034
random_n07_05,7,min,reference-proposed,384,random,7,static,2.3592005208333333,2.3572526041666664,2.3812239583333334,0.017901,0.019937,0.905933,0.943023,0.001062,0.018875
random_n07_05,7,spectrum,reference,256,random,7,high,68.97529296875,68.873515625,69.6502109375,0.011416,0.10316,17.657675,17.864871,0.000872,0.102388
random_n07_05,7,spectrum,reference-proposed,256,random,7,high,4.7356640625,4.6953671875,4.9497421875,0.011316,0.051949,1.21233,1.278924,0.000782,0.051157
random_n07_05,7,spectrum,reference,640,random,7,natural,72.62353125,72.602621875,72.7207109375,0.012419,0.103779,46.47906,46.656501,0.000802,0.102987
random_n07_05,7,spectrum,reference-proposed,640,random,7,natural,1.8923875000000001,1.88870625,2.174228125,0.011386,0.054074,1.211128,1.274875,0.000782,0.053292
random_n07_06,7,max,reference,2176,random,7,high,3.762922794117647,3.6245381433823534,3.805637408088235,0.02153,0.020898,8.18812,8.23102,0.001604,0.019284
random_n07_06,7,max,reference-proposed,2176,random,7,high,0.4299627757352941,0.4292164522058824,0.43626470588235294,0.011055,0.006795,0.935599,0.952979,0.000792,0.006003
random_n07_06,7,max,reference,2176,random,7,natural,3.887313878676471,3.8863630514705885,3.958999080882353,0.011266,0.010644,8.458795,8.479572,0.000791,0.009882
random_n07_06,7,max,reference-proposed,2176,random,7,natural,0.1945330882352941,0.19403952205882355,0.20534145220588235,0.011045,0.006686,0.423304,0.441204,0.000781,0.005914
random_n07_06,7,min,reference,384,random,7,static,45.66301302083333,45.61412760416666,46.130330729166666,0.010985,0.105352,17.534597,17.648683,0.000792,0.10456
random_n07_06,7,min,reference-proposed,384,random,7,static,2.1187369791666666,2.0954244791666663,2.1236588541666666,0.008991,0.011275,0.813595,0.833331,0.000801,0.010503
random_n07_06,7,spectrum,reference,256,random,7,high,73.17759375,72.9978515625,73.26776171875,0.010645,0.101533,18.733464,18.846867,0.000792,0.100741
random_n07_06,7,spectrum,reference-proposed,256,random,7,high,5.01021484375,4.72335546875,5.37534375,0.021831,0.08643,1.282615,1.344669,0.001624,0.084796
random_n07_06,7,spectrum,reference,640,random,7,natural,77.6116578125,77.48793593750001,77.617775,0.021751,0.20993,49.671461,49.787235,0.001594,0.208336
random_n07_06,7,spectrum,reference-proposed,640,random,7,natural,1.8646171875,1.8641546875,1.8654187500000001,0.010915,0.05189,1.193355,1.257183,0.000791,0.051108
random_n07_07,7,max,reference,2176,random,7,high,3.624794117647059,3.617145220588235,3.6414742647058826,0.01299,0.010725,7.887552,7.908941,0.000782,0.009943
random_n07_07,7,max,reference-proposed,2176,random,7,high,0.4470137867647059,0.4347991727941176,0.5633033088235294,0.010895,0.006675,0.972702,0.989731,0.000791,0.005884
random_n07_07,7,max,reference,2176,random,7,natural,3.818944393382353,3.8154181985294118,3.937909007352941,0.011497,0.010786,8.310023,8.332166,0.000781,0.010014
random_n07_07,7,max,reference-proposed,2176,random,7,natural,0.20756801470588235,0.19826976102941177,0.2944673713235294,0.021631,0.013261,0.451668,0.486671,0.001574,0.011657
random_n07_07,7,min,reference,384,random,7,static,45.911432291666664,45.383513020833334,46.299578125,0.009031,0.104952,17.62999,17.743182,0.000772,0.10418
random_n07_07,7,min,reference-proposed,384,random,7,static,2.072390625,2.0666588541666666,2.0875338541666664,0.008741,0.011587,0.795798,0.820189,0.000802,0.010795
random_n07_07,7,spectrum,reference,256,random,7,high,73.21582421875,73.1306015625,73.240890625,0.010645,0.100794,18.743251,18.854689,0.000782,0.100012
random_n07_07,7,spectrum,reference-proposed,256,random,7,high,4.72757421875,4.6866953125,5.1858203125,0.010815,0.051148,1.210259,1.2711,0.000812,0.050367
random_n07_07,7,spectrum,reference,640,random,7,natural,76.408253125,76.33554375,76.4497234375,0.011286,0.101735,48.901282,49.040142,0.000792,0.100964
random_n07_07,7,spectrum,reference-proposed,640,random,7,natural,1.9371109375000002,1.9268218750000001,1.952996875,0.011116,0.052251,1.239751,1.302948,0.000772,0.051478
random_n07_08,7,max,reference,2176,random,7,high,3.6206272977941176,3.6195960477941176,3.623977022058823,0.010574,0.010645,7.878485,7.899704,0.000792,0.009834
random_n07_08,7,max,reference-proposed,2176,random,7,high,0.42831433823529413,0.42761764705882355,0.4299627757352941,0.010875,0.006665,0.932012,0.949161,0.000813,0.005792
random_n07_08,7,max,reference,2176,random,7,natural,3.852897058823529,3.8469365808823532,3.905359375,0.011025,0.010664,8.383904,8.405283,0.000792,0.009872
random_n07_08,7,max,reference-proposed,2176,random,7,natural,0.1974641544117647,0.19620496323529413,0.3051227022058824,0.011176,0.006805,0.429682,0.447333,0.000802,0.006023
random_n07_08,7,min,reference,384,random,7,static,45.534052083333336,45.21805208333333,45.6647421875,0.008891,0.105764,17.485076,17.59947,0.000782,0.104972
random_n07_08,7,min,reference-proposed,384,random,7,static,2.6404244791666667,2.4552161458333335,2.6946822916666666,0.017871,0.023174,1.013923,1.055679,0.001613,0.02155
random_n07_08,7,spectrum,reference,256,random,7,high,73.49318359375,73.3119765625,73.77713671875,0.0131,0.103008,18.814255,18.928539,0.000802,0.102206
random_n07_08,7,spectrum,reference-proposed,256,random,7,high,5.18170703125,4.9579453125,5.4199765625,0.011025,0.050717,1.326517,1.387909,0.000792,0.049945
random_n07_08,7,spectrum,reference,640,random,7,natural,77.36056875,77.3597140625,77.755821875,0.012188,0.108732,49.510764,49.757244,0.000882,0.10792
random_n07_08,7,spectrum,reference-proposed,640,random,7,natural,1.9283,1.92349375,1.930584375,0.010875,0.054255,1.234112,1.300934,0.000792,0.053373
random_n07_09,7,max,reference,2176,random,7,high,3.6725055147058825,3.5966001838235293,3.7742596507352943,0.021599,0.021088,7.991372,8.034351,0.001594,0.019475
random_n07_09,7,max,reference-proposed,2176,random,7,high,0.5224273897058823,0.4274986213235294,0.6163754595588236,0.021821,0.01336,1.136802,1.172324,0.001603,0.011706
random_n07_09,7,max,reference,2176,random,7,natural,3.936260569852941,3.8574457720588233,3.999206801470588,0.012158,0.010644,8.565303,8.608252,0.000802,0.009872
random_n07_09,7,max,reference-proposed,2176,random,7,natural,0.19664476102941178,0.19569347426470587,0.2747008272058824,0.012379,0.006825,0.427899,0.445033,0.000792,0.006043
random_n07_09,7,min,reference,384,random,7,static,46.301752604166666,45.32052604166667,46.49172395833334,0.010615,0.11238,17.779873,17.954378,0.000782,0.111598
random_n07_09,7,min,reference-proposed,384,random,7,static,2.9290026041666666,2.43465625,3.0244609375,0.018192,0.022813,1.124737,1.167857,0.001614,0.021199
random_n07_09,7,spectrum,reference,256,random,7,high,68.816640625,68.7911171875,69.37118359375,0.021811,0.160755,17.61706,17.818547,0.001593,0.159131
random_n07_09,7,spectrum,reference-proposed,256,random,7,high,5.29655859375,4.46033203125,5.6621796875,0.0217,0.103441,1.355919,1.482534,0.001614,0.101818
random_n07_09,7,spectrum,reference,640,random,7,natural,71.23760468750001,71.1387703125,71.32136093749999,0.012409,0.102796,45.592067,45.706242,0.000802,0.102024
random_n07_09,7,spectrum,reference-proposed,640,random,7,natural,1.9460796875000002,1.9414031250000001,1.9623031249999998,0.011316,0.052771,1.245491,1.318991,0.000782,0.051989
random_n08_00,8,max,reference,1280,random,8,high,9.027456249999998,8.96374765625,9.0435234375,0.023414,0.059918,11.555144,11.639059,0.003358,0.05637
random_n08_00,8,max,reference-proposed,1280,random,8,high,0.8184625,0.81417265625,0.88721015625,0.011617,0.020578,1.047632,1.079325,0.001754,0.018964
random_n08_00,8,max,reference,1664,random,8,natural,8.959740985576923,8.94589783653846,8.968420673076924,0.011546,0.029449,14.909009,14.949462,0.001604,0.027865
random_n08_00,8,max,reference-proposed,1664,random,8,natural,0.34175,0.28835877403846155,0.39964122596153845,0.023514,0.041166,0.568672,0.633833,0.003387,0.037588
random_n08_00,8,min,reference,256,random,8,static,369.09655859375,365.98203515625,369.93139453125,0.012138,0.407876,94.488719,94.90916,0.001724,0.406272
random_n08_00,8,min,reference-proposed,256,random,8,static,5.6161171875,5.5250078125,5.651171875,0.012379,0.024296,1.437726,1.480075,0.001613,0.022662
random_n08_00,8,spectrum,reference,128,random,8,high,391.83853125,388.93703125,393.0033125,0.011316,0.411361,50.155332,50.578009,0.001624,0.409748
random_n08_00,8,spectrum,reference-proposed,128,random,8,high,14.226265625,14.129171875,14.2978125,0.012168,0.197083,1.820962,2.045123,0.001643,0.19547
random_n08_00,8,spectrum,reference,256,random,8,natural,386.10546875,385.95630078125,386.22001171875,0.011857,0.41385,98.843,99.261787,0.001624,0.412246
random_n08_00,8,spectrum,reference-proposed,256,random,8,natural,4.330890625,4.32597265625,4.332234375,0.011928,0.200754,1.108708,1.316072,0.001624,0.19913
random_n08_01,8,max,reference,1280,random,8,high,9.110540625,9.00132265625,9.13213671875,0.023615,0.059788,11.661492,11.745114,0.003338,0.056541
random_n08_01,8,max,reference-proposed,1280,random,8,high,0.87754921875,0.8068406250000001,1.0013757812500002,0.023364,0.040795,1.123263,1.188775,0.003368,0.037427
random_n08_01,8,max,reference,1664,random,8,natural,8.975125,8.969994591346154,8.982756610576924,0.011516,0.030079,14.934608,14.977055,0.001623,0.028344
random_n08_01,8,max,reference-proposed,1664,random,8,natural,0.2537764423076923,0.24752163461538462,0.2554140625,0.011847,0.020047,0.422284,0.45495,0.001623,0.018403
random_n08_01,8,min,reference,256,random,8,static,366.3219140625,365.40209375,367.29434765625,0.012108,0.409507,93.77841,94.200025,0.001614,0.407894
random_n08_01,8,min,reference-proposed,256,random,8,static,6.39540234375,6.39165625,6.408609375,0.012008,0.024738,1.637223,1.673698,0.001614,0.023124
random_n08_01,8,spectrum,reference,128,random,8,high,392.2530859375,392.2393359375,392.9244375,0.023746,0.540776,50.208395,50.776511,0.003297,0.537479
random_n08_01,8,spectrum,reference-proposed,128,random,8,high,14.204734375,14.1687421875,14.489625,0.016588,0.203819,1.818206,2.059953,0.003417,0.200231
random_n08_01,8,spectrum,reference,256,random,8,natural,384.74033984375,381.553328125,387.41585546875,0.023213,0.739878,98.493527,98.911394,0.003317,0.736561
random_n08_01,8,spectrum,reference-proposed,256,random,8,natural,4.46581640625,4.46001171875,4.4908984375,0.011897,0.205827,1.143249,1.360911,0.001624,0.204224
random_n08_02,8,max,reference,1280,random,8,high,9.130169531249999,9.104290624999999,9.532051562500001,0.012318,0.03007,11.686617,11.727502,0.001613,0.028486
random_n08_02,8,max,reference-proposed,1280,random,8,high,0.874515625,0.85701015625,0.88380703125,0.011597,0.019936,1.11938,1.150712,0.001724,0.018332
random_n08_02,8,max,reference,1664,random,8,natural,8.962051682692309,8.948108173076923,9.001791466346154,0.011407,0.029407,14.912854,14.952766,0.001644,0.027813
random_n08_02,8,max,reference-proposed,1664,random,8,natural,0.25235576923076924,0.24804987980769233,0.3596905048076923,0.011977,0.021299,0.41992,0.452566,0.001644,0.019686
random_n08_02,8,min,reference,256,random,8,static,371.041265625,349.4493828125,371.11509765625,0.011928,0.41126,94.986564,95.43624,0.001634,0.409656
random_n08_02,8,min,reference-proposed,256,random,8,static,6.29535546875,6.27696875,6.4271875,0.012369,0.025349,1.611611,1.649149,0.001694,0.023735
random_n08_02,8,spectrum,reference,128,random,8,high,391.6385859375,391.611828125,393.5441875,0.012098,0.409852,50.129739,50.906028,0.001744,0.408108
random_n08_02,8,spectrum,reference-proposed,128,random,8,high,14.0740546875,14.05815625,14.2630703125,0.012078,0.203387,1.801479,2.014739,0.001613,0.201683
random_n08_02,8,spectrum,reference,256,random,8,natural,387.40355078125,383.41205859375,387.57638671875,0.011457,0.409603,99.175309,99.601894,0.001634,0.407969
random_n08_02,8,spectrum,reference-proposed,256,random,8,natural,4.28538671875,4.2718671875,4.31959765625,0.011867,0.198476,1.097059,1.312492,0.001644,0.196863
random_n08_03,8,max,reference,1280,random,8,high,8.90117890625,8.8680703125,8.9733453125,0.012188,0.03013,11.393509,11.435827,0.001614,0.028516
random_n08_03,8,max,reference-proposed,1280,random,8,high,0.8185343749999999,0.81840625,0.81872421875,0.011958,0.020267,1.047724,1.07965,0.001644,0.018663
random_n08_03,8,max,reference,1664,random,8,natural,9.063959735576924,9.035618389423076,9.105427283653846,0.023344,0.059478,15.082429,15.122963,0.003307,0.056171
random_n08_03,8,max,reference-proposed,1664,random,8,natural,0.2868383413461539,0.28431310096153845,0.3921971153846154,0.023645,0.041144,0.477299,0.54218,0.003318,0.037776
random_n08_03,8,min,reference,256,random,8,static,370.05028125,368.53160546875,370.584046875,0.024096,0.440427,94.732872,95.298912,0.003347,0.43708
random_n08_03,8,min,reference-proposed,256,random,8,static,6.1536328125,6.0941015625,6.19116015625,0.012419,0.024807,1.57533,1.622063,0.001744,0.023093
random_n08_03,8,spectrum,reference,128,random,8,high,392.9442734375,391.9663828125,394.03371875,0.011678,0.408334,50.296867,50.716556,0.001614,0.40672
random_n08_03,8,spectrum,reference-proposed,128,random,8,high,14.0427109375,14.024875,14.126109375,0.012088,0.206176,1.797467,2.016623,0.001654,0.204522
random_n08_03,8,spectrum,reference,256,random,8,natural,384.86687109375,380.15420703125,387.30165234375,0.011476,0.417207,98.525919,98.954452,0.001734,0.415493
random_n08_03,8,spectrum,reference-proposed,256,random,8,natural,4.2644921875,4.2542734375,4.270484375,0.012048,0.203903,1.09171,1.304884,0.001614,0.202309
random_n08_04,8,max,reference,1280,random,8,high,8.951040625,8.9257328125,8.9729578125,0.012117,0.029658,11.457332,11.497835,0.001614,0.028075
random_n08_04,8,max,reference-proposed,1280,random,8,high,0.84927109375,0.8269773437500001,0.86518515625,0.011647,0.020438,1.087067,1.122259,0.001623,0.018834
random_n08_04,8,max,reference,1664,random,8,natural,8.955458533653847,8.916900240384615,8.96773918269231,0.023314,0.059618,14.901883,14.984815,0.003308,0.056271
random_n08_04,8,max,reference-proposed,1664,random,8,natural,0.252578125,0.2409020432692308,0.36250180288461537,0.012308,0.020959,0.42029,0.452524,0.001624,0.019335
random_n08_04,8,min,reference,256,random,8,static,341.77130859375,339.38947265625,341.92708984375,0.011857,0.416933,87.493455,87.91569,0.001614,0.4153
random_n08_04,8,min,reference-proposed,256,random,8,static,6.296,6.2799296875,6.30053125,0.012288,0.025338,1.611776,1.650402,0.001603,0.023724
random_n08_04,8,spectrum,reference,128,random,8,high,385.5722890625,385.08675,385.9084453125,0.023505,0.611601,49.353253,49.974293,0.003308,0.608223
random_n08_04,8,spectrum,reference-proposed,128,random,8,high,14.0174921875,13.9954375,14.0811328125,0.011747,0.195833,1.794239,2.00221,0.001654,0.19424
random_n08_04,8,spectrum,reference,256,random,8,natural,375.7243125,375.6647734375,376.5184921875,0.012048,0.411738,96.185424,96.784337,0.001604,0.410134
random_n08_04,8,spectrum,reference-proposed,256,random,8,natural,4.050578125,4.039296875,4.0573515625,0.012137,0.200782,1.036948,1.251076,0.001623,0.199159
random_n08_05,8,max,reference,1280,random,8,high,8.97973046875,8.92733828125,8.99748203125,0.012178,0.030209,11.494055,11.536442,0.001603,0.028615
random_n08_05,8,max,reference-proposed,1280,random,8,high,0.8588734375,0.83558515625,0.87143515625,0.023314,0.040574,1.099358,1.179512,0.003317,0.037227
random_n08_05,8,max,reference,1664,random,8,natural,9.010472355769231,9.008063701923076,9.01205769230769,0.011987,0.03017,14.993426,15.035845,0.001624,0.028456
random_n08_05,8,max,reference-proposed,1664,random,8,natural,0.25092668269230767,0.2503774038461538,0.26672175480769234,0.011527,0.020657,0.417542,0.449052,0.001624,0.019054
random_n08_05,8,min,reference,256,random,8,static,368.23948046875,367.2611328125,368.55873046875,0.012108,0.408219,94.269307,94.688209,0.001644,0.406585
random_n08_05,8,min,reference-proposed,256,random,8,static,5.89975,5.87006640625,5.91889453125,0.012389,0.024637,1.510336,1.545688,0.001624,0.022933
random_n08_05,8,spectrum,reference,128,random,8,high,390.7330234375,390.319796875,391.8077890625,0.011847,0.413155,50.013827,50.433545,0.001714,0.411441
random_n08_05,8,spectrum,reference-proposed,128,random,8,high,14.2526875,14.1112578125,14.29,0.011858,0.19699,1.824344,2.040521,0.001634,0.195356
random_n08_05,8,spectrum,reference,256,random,8,natural,385.68536328125,383.58372265625,386.38425390625,0.011527,0.408249,98.735453,99.15433,0.001614,0.406635
random_n08_05,8,spectrum,reference-proposed,256,random,8,natural,4.41221484375,4.38155859375,4.4202734375,0.012088,0.198472,1.129527,1.333819,0.001614,0.196838
random_n08_06,8,max,reference,1280,random,8,high,8.9213796875,8.8817515625,8.990825781249999,0.012078,0.029899,11.419366,11.50174,0.001724,0.028275
random_n08_06,8,max,reference-proposed,1280,random,8,high,0.827684375,0.8262531249999999,0.83266484375,0.011637,0.020086,1.059436,1.092281,0.001624,0.018442
random_n08_06,8,max,reference,1664,random,8,natural,9.289012620192308,9.26977764423077,9.310920072115385,0.011988,0.03047,15.456917,15.499375,0.001624,0.028856
random_n08_06,8,max,reference-proposed,1664,random,8,natural,0.2665324519230769,0.2614957932692308,0.2666550480769231,0.011667,0.020468,0.44351,0.475274,0.001634,0.018844
random_n08_06,8,min,reference,256,random,8,static,361.36521484375,351.54934375,367.9548515625,0.011887,0.409357,92.509495,92.930005,0.001614,0.407753
random_n08_06,8,min,reference-proposed,256,random,8,static,6.10076171875,6.09892578125,6.206109375,0.012399,0.025029,1.561795,1.598891,0.001624,0.023434
random_n08_06,8,spectrum,reference,128,random,8,high,391.3881484375,391.1326015625,392.528625,0.012078,0.414932,50.097683,50.599723,0.001614,0.413328
random_n08_06,8,spectrum,reference-proposed,128,random,8,high,14.0379296875,13.964109375,14.1489296875,0.011707,0.198699,1.796855,2.011399,0.001623,0.197056
random_n08_06,8,spectrum,reference,256,random,8,natural,387.25979296875,387.0261875,387.27237109375,0.012018,0.413903,99.138507,99.561867,0.001614,0.412299
random_n08_06,8,spectrum,reference-proposed,256,random,8,natural,4.5918203125,4.5861171875,4.61769921875,0.011948,0.197256,1.175506,1.383831,0.001624,0.195642
random_n08_07,8,max,reference,1280,random,8,high,9.0380328125,8.949040625,9.10265546875,0.012439,0.030301,11.568682,11.610178,0.001694,0.028607
random_n08_07,8,max,reference-proposed,1280,random,8,high,0.83710390625,0.8322609375,0.8587765625,0.011477,0.020368,1.071493,1.103247,0.001624,0.018744
random_n08_07,8,max,reference,1664,random,8,natural,8.989136418269231,8.982507211538461,9.007106370192309,0.011787,0.036635,14.957923,14.998556,0.003307,0.028216
random_n08_07,8,max,reference-proposed,1664,random,8,natural,0.24833954326923077,0.248234375,0.2675552884615385,0.011987,0.020648,0.413237,0.446841,0.001613,0.018934
random_n08_07,8,min,reference,256,random,8,static,339.71366015625,338.895375,340.22530078125,0.024306,0.62157,86.966697,87.767372,0.003327,0.618252
random_n08_07,8,min,reference-proposed,256,random,8,static,6.00849609375,5.98526953125,6.0471640625,0.012289,0.024537,1.538175,1.573737,0.001604,0.022953
random_n08_07,8,spectrum,reference,128,random,8,high,385.448703125,384.8759140625,386.19728125,0.011767,0.415233,49.337434,49.85881,0.001634,0.413619
random_n08_07,8,spectrum,reference-proposed,128,random,8,high,14.2031953125,14.1017109375,14.221640625,0.011657,0.196027,1.818009,2.027089,0.001624,0.194403
random_n08_07,8,spectrum,reference,256,random,8,natural,376.48404296875,376.35945703125,376.5152578125,0.011727,0.411903,96.379915,96.818422,0.001634,0.410199
random_n08_07,8,spectrum,reference-proposed,256,random,8,natural,4.2112890625,4.19266015625,4.23718359375,0.012208,0.198521,1.07809,1.292702,0.001633,0.196918
random_n08_08,8,max,reference,1280,random,8,high,8.90950625,8.9087734375,8.92428671875,0.011557,0.029378,11.404168,11.446575,0.001614,0.027764
random_n08_08,8,max,reference-proposed,1280,random,8,high,0.8283250000000001,0.8267984374999999,0.8292203125,0.011566,0.019916,1.060256,1.092394,0.001694,0.018222
random_n08_08,8,max,reference,1664,random,8,natural,9.044994591346155,9.041735576923076,9.052525240384615,0.011456,0.028816,15.050871,15.091133,0.001694,0.027122
random_n08_08,8,max,reference-proposed,1664,random,8,natural,0.2502698317307692,0.2481033653846154,0.2544423076923077,0.011507,0.020117,0.416449,0.448073,0.001614,0.018523
random_n08_08,8,min,reference,256,random,8,static,341.0807109375,340.50510546875,341.14661328125,0.012118,0.41191,87.316662,87.756939,0.001624,0.410296
random_n08_08,8,min,reference-proposed,256,random,8,static,6.303015625,6.290609375,6.309234375,0.012168,0.024888,1.613572,1.650628,0.001623,0.023272
random_n08_08,8,spectrum,reference,128,random,8,high,386.3078671875,386.0953828125,386.38246875,0.023364,0.462732,49.447407,49.943373,0.003308,0.459424
random_n08_08,8,spectrum,reference-proposed,128,random,8,high,13.980375,13.937546875,14.0596875,0.012218,0.197107,1.789488,2.003161,0.001654,0.195453
random_n08_08,8,spectrum,reference,256,random,8,natural,376.36075390625,376.07921875,377.0139921875,0.023525,0.570991,96.348353,96.942869,0.003318,0.567673
random_n08_08,8,spectrum,reference-proposed,256,random,8,natural,4.30473828125,4.30208984375,4.3148359375,0.011898,0.197997,1.102013,1.31123,0.001604,0.196394
random_n08_09,8,max,reference,1280,random,8,high,8.91693671875,8.91474921875,8.94966875,0.012008,0.0303,11.413679,11.462418,0.001634,0.028666
random_n08_09,8,max,reference-proposed,1280,random,8,high,0.8444937499999999,0.83916640625,0.97356171875,0.015537,0.021208,1.080952,1.116727,0.001714,0.019595
random_n08_09,8,max,reference,1664,random,8,natural,9.174573317307692,9.153161658653845,9.21082451923077,0.023736,0.059971,15.26649,15.350197,0.003348,0.056563
random_n08_09,8,max,reference-proposed,1664,random,8,natural,0.2609284855769231,0.25689903846153844,0.26114423076923077,0.012128,0.021149,0.434185,0.466269,0.001614,0.019535
random_n08_09,8,min,reference,256,random,8,static,340.73508984375,340.71403515625,341.99998828125,0.012018,0.41393,87.228183,87.82619,0.001614,0.412316
random_n08_09,8,min,reference-proposed,256,random,8,static,6.5954453125,6.56283203125,7.1431015625,0.012329,0.025931,1.688434,1.726694,0.001643,0.024327
random_n08_09,8,spectrum,reference,128,random,8,high,386.4234765625,385.7955703125,387.2844296875,0.011326,0.420917,49.462205,49.965487,0.001764,0.419303
random_n08_09,8,spectrum,reference-proposed,128,random,8,high,14.1061328125,14.0949609375,14.1468125,0.012088,0.19612,1.805585,2.019211,0.001634,0.194497
random_n08_09,8,spectrum,reference,256,random,8,natural,377.46026171875,377.27715234375,377.934953125,0.022983,0.696643,96.629827,97.429198,0.003307,0.693065
random_n08_09,8,spectrum,reference-proposed,256,random,8,natural,4.49222265625,4.48458203125,4.50371484375,0.011877,0.198708,1.150009,1.360354,0.001624,0.197084
random_n09_00,9,max,reference,640,random,9,high,21.6661671875,21.589475,21.707549999999998,0.01314,0.067326,13.866347,13.971211,0.003689,0.063808
random_n09_00,9,max,reference-proposed,640,random,9,high,1.6564484375,1.6423890625,1.97511875,0.01309,0.048483,1.060127,1.119262,0.003578,0.045015
random_n09_00,9,max,reference,2688,random,9,natural,20.57872879464286,20.569199404761903,20.598712797619047,0.013201,0.070893,55.315623,55.397181,0.003568,0.067385
random_n09_00,9,max,reference-proposed,2688,random,9,natural,0.31870870535714285,0.3185167410714286,0.3221752232142857,0.0133,0.050576,0.856689,0.921349,0.003589,0.047108
random_n09_00,9,min,reference,128,random,9,static,1580.06025,1580.0522734375,1583.292015625,0.026822,1.798594,202.247712,204.112006,0.007326,1.790786
random_n09_00,9,min,reference-proposed,128,random,9,static,15.2860859375,15.19909375,15.338203125,0.013791,0.058044,1.956619,2.03335,0.003588,0.054556
random_n09_00,9,spectrum,reference,128,random,9,high,1584.861609375,1584.485625,1587.6136875,0.01328,1.613885,202.862286,204.48899,0.003559,1.610326
random_n09_00,9,spectrum,reference-proposed,128,random,9,high,48.3963125,48.2058828125,48.73028125,0.01309,0.745752,6.194728,6.967046,0.003599,0.742144
random_n09_00,9,spectrum,reference,128,random,9,natural,1583.994421875,1580.66271875,1603.35184375,0.012819,1.613982,202.751286,204.372705,0.003658,1.610514
random_n09_00,9,spectrum,reference-proposed,128,random,9,natural,11.6863984375,11.5746953125,11.86465625,0.013321,0.736039,1.495859,2.242559,0.003578,0.732461
random_n09_01,9,max,reference,640,random,9,high,21.142571875,21.0974578125,21.2436359375,0.014203,0.069621,13.531246,13.658638,0.003658,0.065892
random_n09_01,9,max,reference-proposed,640,random,9,high,1.88475625,1.5502,1.9419921875,0.012709,0.049797,1.206244,1.329118,0.003708,0.046218
random_n09_01,9,max,reference,2688,random,9,natural,20.531061383928574,20.503567708333332,20.551089285714287,0.012899,0.071325,55.187493,55.271997,0.003579,0.067857
random_n09_01,9,max,reference-proposed,2688,random,9,natural,0.32789694940476194,0.3268787202380952,0.32861979166666666,0.013191,0.050659,0.881387,0.945237,0.003468,0.0472
random_n09_01,9,min,reference,128,random,9,static,1604.2668203125,1598.623859375,1604.2939375,0.02644,1.827746,205.346153,207.200561,0.007367,1.820158
random_n09_01,9,min,reference-proposed,128,random,9,static,14.977421875,14.9731171875,14.978546875,0.013541,0.055981,1.91711,1.98735,0.003478,0.052523
random_n09_01,9,spectrum,reference,128,random,9,high,1589.0056640625,1585.6101953125,1595.836328125,0.012599,1.623125,203.392725,205.02878,0.003538,1.619587
random_n09_01,9,spectrum,reference-proposed,128,random,9,high,48.296765625,48.2246953125,48.398453125,0.013251,0.73571,6.181986,6.94085,0.003639,0.732112
random_n09_01,9,spectrum,reference,128,random,9,natural,1584.1898515625,1582.077171875,1592.7270078125,0.01282,1.618844,202.776301,204.396404,0.003488,1.615276
random_n09_01,9,spectrum,reference-proposed,128,random,9,natural,11.5471484375,11.407953125,11.77121875,0.013361,0.742471,1.478035,2.233686,0.003538,0.739013
random_n09_02,9,max,reference,640,random,9,high,21.42945,21.4170046875,21.5230453125,0.025951,0.105177,13.714848,13.838011,0.007217,0.09786
random_n09_02,9,max,reference-proposed,640,random,9,high,1.6828656249999998,1.5773421875,1.780284375,0.013351,0.048893,1.077034,1.19898,0.003589,0.045425
random_n09_02,9,max,reference,2688,random,9,natural,20.664653273809524,20.64776450892857,20.70838541666667,0.01309,0.079533,55.546588,55.66932,0.003578,0.076085
random_n09_02,9,max,reference-proposed,2688,random,9,natural,0.3472987351190476,0.3453549107142857,0.36004017857142856,0.0134,0.050697,0.933539,0.996282,0.003708,0.047219
random_n09_02,9,min,reference,128,random,9,static,1605.615171875,1593.340625,1614.316984375,0.013722,1.658552,205.518742,207.517622,0.00439,1.654904
random_n09_02,9,min,reference-proposed,128,random,9,static,14.5419453125,14.4505546875,14.5684375,0.013551,0.05631,1.861369,1.93105,0.003618,0.052792
random_n09_02,9,spectrum,reference,128,random,9,high,1599.6954765625,1595.82996875,1605.93440625,0.02612,1.821285,204.761021,206.608426,0.007216,1.814068
random_n09_02,9,spectrum,reference-proposed,128,random,9,high,48.4485703125,48.382375,48.6486875,0.01309,0.743447,6.201417,6.958675,0.003548,0.739918
random_n09_02,9,spectrum,reference,128,random,9,natural,1592.9351015625,1591.710453125,1593.0231015625,0.012779,1.631134,203.895693,205.537326,0.003628,1.627586
random_n09_02,9,spectrum,reference-proposed,128,random,9,natural,12.4463125,12.3049140625,12.4794921875,0.013371,0.744623,1.593128,2.355489,0.003479,0.741144
random_n09_03,9,max,reference,640,random,9,high,21.45298125,21.41178125,21.456865625,0.013241,0.069611,13.729908,13.811928,0.003678,0.066132
random_n09_03,9,max,reference-proposed,640,random,9,high,2.0343187499999997,1.8045078125,2.0968015624999996,0.01297,0.054686,1.301964,1.3693,0.003628,0.051058
random_n09_03,9,max,reference,2688,random,9,natural,20.90716480654762,20.895971726190478,20.915041666666667,0.012709,0.069411,56.198459,56.279695,0.003529,0.065943
random_n09_03,9,max,reference-proposed,2688,random,9,natural,0.3528590029761905,0.35285788690476194,0.3530907738095238,0.013591,0.051047,0.948485,1.012164,0.003668,0.047159
random_n09_03,9,min,reference,128,random,9,static,1585.6968359375,1583.5988515625,1585.7348359375,0.026812,1.677388,202.969195,204.673395,0.007216,1.670172
random_n09_03,9,min,reference-proposed,128,random,9,static,15.0793984375,15.077046875,15.0838125,0.013551,0.05636,1.930163,1.996727,0.003508,0.052852
random_n09_03,9,spectrum,reference,128,random,9,high,1582.5966640625,1582.13546875,1585.8130390625,0.01322,1.616073,202.572373,204.616058,0.003638,1.612404
random_n09_03,9,spectrum,reference-proposed,128,random,9,high,48.857078125,48.79871875,48.951625,0.02624,0.880764,6.253706,7.15324,0.007387,0.873347
random_n09_03,9,spectrum,reference,128,random,9,natural,1589.628828125,1583.2298671875,1594.8376875,0.01275,1.62897,203.47249,205.672805,0.003578,1.625502
random_n09_03,9,spectrum,reference-proposed,128,random,9,natural,12.218328125,12.028703125,12.401515625,0.013692,0.746679,1.563946,2.348902,0.003558,0.743121
random_n09_04,9,max,reference,640,random,9,high,21.315495312499998,21.265821875,21.337725,0.01292,0.067727,13.641917,13.736521,0.003608,0.064119
random_n09_04,9,max,reference-proposed,640,random,9,high,1.94829375,1.573375,1.9740718750000001,0.012919,0.047888,1.246908,1.307077,0.003628,0.04426
random_n09_04,9,max,reference,2688,random,9,natural,20.79425037202381,20.773678571428572,20.806379092261906,0.01267,0.068789,55.894945,56.008775,0.003588,0.065341
random_n09_04,9,max,reference-proposed,2688,random,9,natural,0.35427901785714283,0.35398995535714284,0.35550558035714286,0.013481,0.049917,0.952302,1.016419,0.003639,0.046369
random_n09_04,9,min,reference,128,random,9,static,1600.263171875,1595.696921875,1614.2122734375,0.013021,1.658084,204.833686,206.585136,0.003608,1.654445
random_n09_04,9,min,reference-proposed,128,random,9,static,16.1307890625,16.1099609375,16.139609375,0.013532,0.057221,2.064741,2.135503,0.003538,0.053693
random_n09_04,9,spectrum,reference,128,random,9,high,1598.247078125,1591.227515625,1608.531609375,0.013261,1.639267,204.575626,206.228945,0.003689,1.635629
random_n09_04,9,spectrum,reference-proposed,128,random,9,high,48.686703125,48.667734375,48.7438203125,0.013131,0.757625,6.231898,7.002062,0.003488,0.754157
random_n09_04,9,spectrum,reference,128,random,9,natural,1591.13590625,1588.9716796875,1594.447171875,0.0132,1.644732,203.665396,205.31225,0.003618,1.641184
random_n09_04,9,spectrum,reference-proposed,128,random,9,natural,12.476015625,12.3317109375,12.476421875,0.01311,0.742106,1.59693,2.33555,0.003548,0.738518
random_n09_05,9,max,reference,640,random,9,high,21.541592187499997,21.2944125,21.618098437500002,0.025429,0.137227,13.786619,13.950309,0.007177,0.13005
random_n09_05,9,max,reference-proposed,640,random,9,high,1.612125,1.6118046875,1.6246984375,0.014323,0.046628,1.03176,1.092581,0.003498,0.04315
random_n09_05,9,max,reference,2688,random,9,natural,21.13232068452381,21.104661086309523,21.208367559523808,0.02582,0.142018,56.803678,56.972757,0.007136,0.134882
random_n09_05,9,max,reference-proposed,2688,random,9,natural,0.3669713541666667,0.3652425595238095,0.3794732142857143,0.01305,0.050035,0.986419,1.049736,0.003708,0.046507
random_n09_05,9,min,reference,128,random,9,static,1593.189546875,1591.52953125,1596.77434375,0.026291,1.866286,203.928262,205.957686,0.007257,1.858809
random_n09_05,9,min,reference-proposed,128,random,9,static,15.7741328125,15.754484375,15.908875,0.013521,0.056952,2.019089,2.089562,0.003498,0.053403
random_n09_05,9,spectrum,reference,128,random,9,high,1594.2092265625,1593.5328125,1611.309015625,0.013321,1.643179,204.058781,205.704599,0.003538,1.639681
random_n09_05,9,spectrum,reference-proposed,128,random,9,high,48.9314140625,48.4502734375,48.95175,0.013251,0.732775,6.263221,7.017625,0.003598,0.729287
random_n09_05,9,spectrum,reference,128,random,9,natural,1609.7503515625,1593.7910078125,1611.2368828125,0.013581,1.65307,206.048045,207.713644,0.003598,1.649632
random_n09_05,9,spectrum,reference-proposed,128,random,9,natural,12.1585703125,12.127515625,12.3062890625,0.013241,0.740947,1.556297,2.300348,0.003568,0.737379
random_n09_06,9,max,reference,640,random,9,high,21.4805953125,21.454920312499997,21.596665625,0.013641,0.069359,13.747581,13.83043,0.003548,0.065781
random_n09_06,9,max,reference-proposed,640,random,9,high,1.5977375,1.596390625,1.84784375,0.014223,0.046687,1.022552,1.0826,0.003568,0.043128
random_n09_06,9,max,reference,2688,random,9,natural,20.531257440476192,20.52660193452381,20.585774553571426,0.013542,0.079203,55.18802,55.271121,0.007377,0.06902
random_n09_06,9,max,reference-proposed,2688,random,9,natural,0.3077425595238095,0.30747619047619046,0.308328125,0.012769,0.050074,0.827212,0.889831,0.003568,0.046476
random_n09_06,9,min,reference,128,random,9,static,1581.0396015625,1579.19484375,1582.999046875,0.026442,1.863109,202.373069,204.026901,0.007367,1.855251
random_n09_06,9,min,reference-proposed,128,random,9,static,15.419015625,15.4074609375,15.4508359375,0.013861,0.05641,1.973634,2.045074,0.003549,0.052861
random_n09_06,9,spectrum,reference,128,random,9,high,1580.4017421875,1580.096078125,1597.6083984375,0.012629,1.632268,202.291423,204.194387,0.003679,1.62864
random_n09_06,9,spectrum,reference-proposed,128,random,9,high,48.40184375,48.378546875,48.448921875,0.025699,0.971071,6.195436,7.261168,0.007237,0.963854
random_n09_06,9,spectrum,reference,128,random,9,natural,1621.9048515625,1599.464890625,1625.7074765625,0.014123,1.664295,207.603821,209.504646,0.003559,1.660797
random_n09_06,9,spectrum,reference-proposed,128,random,9,natural,10.8663046875,10.8481953125,10.9505234375,0.013281,0.736851,1.390887,2.149118,0.003468,0.733383
random_n09_07,9,max,reference,640,random,9,high,21.351864062500002,21.343240625,21.3559765625,0.01322,0.070604,13.665193,13.744795,0.003668,0.066936
random_n09_07,9,max,reference-proposed,640,random,9,high,1.5751546875,1.567125,1.8715140625,0.012699,0.047468,1.008099,1.067075,0.003578,0.043869
random_n09_07,9,max,reference,2688,random,9,natural,20.473318080357142,20.472989583333334,20.507457217261905,0.0129,0.068609,55.032279,55.113386,0.003488,0.06514
random_n09_07,9,max,reference-proposed,2688,random,9,natural,0.34142819940476193,0.3393072916666667,0.35976153273809525,0.01302,0.049745,0.917759,0.980614,0.003719,0.046197
random_n09_07,9,min,reference,128,random,9,static,1582.0073671875,1580.7408984375,1601.0076640625,0.01342,1.645363,202.496943,204.337869,0.003498,1.641875
random_n09_07,9,min,reference-proposed,128,random,9,static,15.3968515625,15.1931953125,15.4199296875,0.013622,0.056621,1.970797,2.041048,0.003538,0.053061
random_n09_07,9,spectrum,reference,128,random,9,high,1600.898984375,1598.8716484375,1611.04184375,0.02576,1.9005,204.91507,206.612225,0.007216,1.893274
random_n09_07,9,spectrum,reference-proposed,128,random,9,high,48.630203125,48.3128671875,48.68175,0.013221,0.737913,6.224666,6.975669,0.003548,0.734365
random_n09_07,9,spectrum,reference,128,random,9,natural,1584.9289921875,1583.9718046875,1609.5973359375,0.0128,1.620076,202.870911,204.504508,0.003468,1.616608
random_n09_07,9,spectrum,reference-proposed,128,random,9,natural,12.1199453125,12.090546875,12.23571875,0.013351,0.73601,1.551353,2.304165,0.003589,0.732431
random_n09_08,9,max,reference,640,random,9,high,21.210809375,21.205707812500002,21.338393749999998,0.025669,0.119104,13.574918,13.654694,0.007177,0.111738
random_n09_08,9,max,reference-proposed,640,random,9,high,1.5848031249999999,1.5346703124999999,1.5914765625,0.013211,0.047058,1.014274,1.076037,0.003609,0.04353
random_n09_08,9,max,reference,2688,random,9,natural,20.72568043154762,20.721169270833332,20.804533854166667,0.02599,0.115608,55.710629,55.852317,0.007187,0.10792
random_n09_08,9,max,reference-proposed,2688,random,9,natural,0.36671763392857143,0.34135528273809523,0.40493117559523806,0.026692,0.100338,0.985737,1.113702,0.007217,0.093232
random_n09_08,9,min,reference,128,random,9,static,1584.3166953125,1583.3925078125,1588.8767421875,0.013621,1.638426,202.792537,204.591247,0.003668,1.634958
random_n09_08,9,min,reference-proposed,128,random,9,static,15.232515625,15.196625,15.26096875,0.013521,0.05617,1.949762,2.017779,0.003518,0.052682
random_n09_08,9,spectrum,reference,128,random,9,high,1589.3745,1584.703015625,1589.7161484375,0.013341,1.67031,203.439936,205.076237,0.003529,1.666781
random_n09_08,9,spectrum,reference-proposed,128,random,9,high,48.2427734375,48.1055078125,48.2880546875,0.013291,0.738566,6.175075,6.927313,0.003578,0.734637
random_n09_08,9,spectrum,reference,128,random,9,natural,1582.5355625,1581.6717421875,1585.8984375,0.013241,1.634825,202.564552,204.470428,0.003568,1.631327
random_n09_08,9,spectrum,reference-proposed,128,random,9,natural,11.66834375,11.61684375,11.7563671875,0.013451,0.734853,1.493548,2.234378,0.003548,0.731285
random_n09_09,9,max,reference,640,random,9,high,21.2203625,21.203578125,21.309940625,0.012409,0.066764,13.581032,13.660705,0.003508,0.063286
random_n09_09,9,max,reference-proposed,640,random,9,high,1.577184375,1.5729734375,1.6404515625,0.025899,0.094938,1.009398,1.129384,0.007206,0.087732
random_n09_09,9,max,reference,2688,random,9,natural,20.681969866071427,20.655639880952382,20.74882068452381,0.012819,0.068738,55.593135,55.674211,0.003458,0.065281
random_n09_09,9,max,reference-proposed,2688,random,9,natural,0.34937462797619045,0.34768005952380954,0.3507403273809524,0.014745,0.050176,0.939119,1.003709,0.003479,0.046708
random_n09_09,9,min,reference,128,random,9,static,1585.1408984375,1580.4800625,1603.2965234375,0.013692,1.621414,202.898035,204.533141,0.003628,1.617775
random_n09_09,9,min,reference-proposed,128,random,9,static,14.859234375,14.8300546875,14.860796875,0.013521,0.05626,1.901982,1.971562,0.003608,0.052682
random_n09_09,9,spectrum,reference,128,random,9,high,1601.704796875,1597.9665546875,1603.4986875,0.01289,1.662999,205.018214,206.938528,0.003578,1.659531
random_n09_09,9,spectrum,reference-proposed,128,random,9,high,48.639328125,48.424359375,48.661890625,0.013211,0.737237,6.225834,6.976452,0.003488,0.733749
random_n09_09,9,spectrum,reference,128,random,9,natural,1583.769578125,1577.0183515625,1616.89884375,0.025389,1.851408,202.722506,204.339292,0.007146,1.844262
random_n09_09,9,spectrum,reference-proposed,128,random,9,natural,12.1130234375,11.96053125,12.13965625,0.01333,0.746943,1.550467,2.291221,0.003598,0.743445
random_n10_00,10,max,reference,256,random,10,high,53.37987890625,53.360703125,53.75868359375,0.015025,0.160902,13.665249,13.929881,0.007698,0.153204
random_n10_00,10,max,reference-proposed,256,random,10,high,3.8785390625,3.09328515625,4.34775390625,0.014975,0.10786,0.992906,1.115391,0.008069,0.099733
random_n10_00,10,max,reference,2048,random,10,natural,48.695689453125,48.68462841796875,48.71292822265625,0.016959,0.159195,99.728772,99.935393,0.0088,0.151236
random_n10_00,10,max,reference-proposed,2048,random,10,natural,0.434662109375,0.43434716796875,0.43560595703125,0.015285,0.111638,0.890188,1.016466,0.008109,0.103986
random_n10_00,10,min,reference,128,random,10,static,6547.065046875,6486.782859375,6574.492578125,0.015486,6.625091,838.024326,844.669017,0.008049,6.617042
random_n10_00,10,min,reference-proposed,128,random,10,static,37.49878125,37.2979140625,37.4989609375,0.015275,0.118902,4.799844,4.934375,0.008119,0.110784
random_n10_00,10,spectrum,reference,128,random,10,high,6477.8529765625,6472.292,6548.9566015625,0.029708,6.743978,829.165181,835.684095,0.016588,6.72739
random_n10_00,10,spectrum,reference-proposed,128,random,10,high,182.98621875,182.735765625,183.3707109375,0.015086,2.838951,23.422236,26.231867,0.008029,2.831043
random_n10_00,10,spectrum,reference,128,random,10,natural,6544.8563515625,6530.0021484375,6550.6592109375,0.014714,6.646613,837.741613,844.402459,0.008099,6.638404
random_n10_00,10,spectrum,reference-proposed,128,random,10,natural,35.0272734375,34.90528125,35.0988984375,0.015095,2.876337,4.483491,7.383901,0.007958,2.868379
random_n10_01,10,max,reference,256,random,10,high,53.598078125,53.363625,53.95958203125,0.014533,0.153715,13.721108,13.888492,0.007978,0.145737
random_n10_01,10,max,reference-proposed,256,random,10,high,3.18266015625,3.11762109375,3.785125,0.015105,0.114192,0.814761,1.012738,0.007828,0.106534
random_n10_01,10,max,reference,2048,random,10,natural,48.385419921875,48.2524365234375,48.426080078125,0.014814,0.154427,99.09334,99.259354,0.007918,0.146178
random_n10_01,10,max,reference-proposed,2048,random,10,natural,0.4418994140625,0.44123974609375,0.4421767578125,0.015175,0.114143,0.90501,1.032465,0.008159,0.106024
random_n10_01,10,min,reference,128,random,10,static,6531.513703125,6524.1015859375,6617.8250390625,0.03079,6.757634,836.033754,842.651794,0.008289,6.749345
random_n10_01,10,min,reference-proposed,128,random,10,static,35.633890625,35.62590625,35.762203125,0.015486,0.117891,4.561138,4.693503,0.008039,0.109882
random_n10_01,10,spectrum,reference,128,random,10,high,6521.7383203125,6513.1125546875,6527.45759375,0.015226,6.624551,834.782505,841.378169,0.007939,6.616733
random_n10_01,10,spectrum,reference-proposed,128,random,10,high,183.5573828125,183.3483359375,184.066296875,0.015015,2.84016,23.495345,26.336191,0.007919,2.831489
random_n10_01,10,spectrum,reference,128,random,10,natural,6655.2540390625,6509.7188046875,6679.59821875,0.014813,6.763232,851.872517,858.650342,0.008379,6.754853
random_n10_01,10,spectrum,reference-proposed,128,random,10,natural,34.880421875,34.8548359375,34.8861484375,0.015064,2.839453,4.464694,7.315171,0.007817,2.831294
random_n10_02,10,max,reference,256,random,10,high,53.47348828125,53.4392109375,53.50684765625,0.014634,0.160368,13.689213,13.863571,0.007798,0.152339
random_n10_02,10,max,reference-proposed,256,random,10,high,3.5769453125,3.061140625,4.27162109375,0.015305,0.113311,0.915698,1.044314,0.007869,0.105354
random_n10_02,10,max,reference,2048,random,10,natural,48.01371875,48.0010693359375,48.10861376953125,0.014664,0.15577,98.332096,98.506157,0.007878,0.147862
random_n10_02,10,max,reference-proposed,2048,random,10,natural,0.4730498046875,0.472548828125,0.47333984375,0.014995,0.112028,0.968806,1.094722,0.007968,0.103629
random_n10_02,10,min,reference,128,random,10,static,6532.5272890625,6526.385015625,6533.420953125,0.015506,6.626199,836.163493,842.919587,0.008329,6.618361
random_n10_02,10,min,reference-proposed,128,random,10,static,40.4238515625,40.2228984375,40.88959375,0.015446,0.121823,5.174253,5.313807,0.008088,0.113782
random_n10_02,10,spectrum,reference,128,random,10,high,6527.14146875,6518.855609375,6587.945578125,0.014824,6.659914,835.474108,842.186103,0.007887,6.652156
random_n10_02,10,spectrum,reference-proposed,128,random,10,high,183.6500078125,183.4940234375,183.6954765625,0.015064,2.815577,23.507201,26.338133,0.007959,2.807709
random_n10_02,10,spectrum,reference,128,random,10,natural,6525.4754609375,6519.649890625,6532.30740625,0.014404,6.639129,835.260859,841.914331,0.007908,6.63118
random_n10_02,10,spectrum,reference-proposed,128,random,10,natural,37.6543828125,37.632875,37.8048046875,0.015236,2.843992,4.819761,7.679469,0.007908,2.835874
random_n10_03,10,max,reference,256,random,10,high,53.17240234375,52.690546875,53.23181640625,0.016078,0.15554,13.612135,13.783753,0.008079,0.147412
random_n10_03,10,max,reference-proposed,256,random,10,high,3.03030078125,3.02581640625,3.57983203125,0.014904,0.10771,0.775757,0.906209,0.007818,0.099892
random_n10_03,10,max,reference,2048,random,10,natural,48.80501171875,48.7921171875,48.81065673828125,0.029538,0.31227,99.952664,100.314821,0.016128,0.296002
random_n10_03,10,max,reference-proposed,2048,random,10,natural,0.46641455078125,0.46427880859375,0.47128466796875,0.015045,0.111487,0.955217,1.080386,0.007668,0.10388
random_n10_03,10,min,reference,128,random,10,static,6489.8108203125,6480.8819921875,6548.599890625,0.03029,6.857271,830.695785,837.251867,0.015807,6.840363
random_n10_03,10,min,reference-proposed,128,random,10,static,39.16809375,39.1396171875,41.2799765625,0.03016,0.172752,5.013516,5.189133,0.008198,0.164554
random_n10_03,10,spectrum,reference,128,random,10,high,6613.9329921875,6570.4960859375,6689.8988203125,0.014775,6.646689,846.583423,853.244395,0.008179,6.638961
random_n10_03,10,spectrum,reference-proposed,128,random,10,high,184.175140625,183.43459375,184.1925625,0.015014,2.870018,23.574418,26.370508,0.008309,2.86196
random_n10_03,10,spectrum,reference,128,random,10,natural,6482.3288046875,6481.65209375,6522.707,0.014483,6.593682,829.738087,836.346252,0.008189,6.585273
random_n10_03,10,spectrum,reference-proposed,128,random,10,natural,36.2770234375,36.1709296875,36.3991640625,0.015225,2.827461,4.643459,7.496888,0.008018,2.819443
random_n10_04,10,max,reference,256,random,10,high,52.8823125,52.7164140625,53.21571875,0.014544,0.154535,13.537872,13.732466,0.007838,0.146958
random_n10_04,10,max,reference-proposed,256,random,10,high,3.6911171875,3.6177734375,4.1509453125,0.014584,0.10802,0.944926,1.144908,0.007938,0.100212
random_n10_04,10,max,reference,2048,random,10,natural,47.31317626953125,47.3050234375,47.34841357421875,0.029317,0.255391,96.897385,97.212018,0.016598,0.238021
random_n10_04,10,max,reference-proposed,2048,random,10,natural,0.41274560546875,0.4125380859375,0.4131103515625,0.015145,0.110614,0.845303,0.971573,0.007828,0.102786
random_n10_04,10,min,reference,128,random,10,static,6560.475796875,6472.426515625,6583.1110390625,0.014925,6.597177,839.740902,846.353485,0.008009,6.589218
random_n10_04,10,min,reference-proposed,128,random,10,static,37.8154375,37.6980859375,37.8992265625,0.015395,0.119215,4.840376,4.982325,0.007778,0.111161
random_n10_04,10,spectrum,reference,128,random,10,high,6546.3565078125,6474.0624296875,6624.14190625,0.029589,6.691594,837.933633,844.746431,0.008049,6.683685
random_n10_04,10,spectrum,reference-proposed,128,random,10,high,183.1543515625,183.0942734375,183.2615078125,0.014785,2.850888,23.443757,26.326613,0.007938,2.84333
random_n10_04,10,spectrum,reference,128,random,10,natural,6545.3179375,6500.6883125,6562.6062734375,0.014454,6.586009,837.800696,844.400968,0.008048,6.578231
random_n10_04,10,spectrum,reference-proposed,128,random,10,natural,32.5523359375,32.3754140625,32.662546875,0.014984,2.827226,4.166699,7.044021,0.007838,2.819287
random_n10_05,10,max,reference,256,random,10,high,52.93167578125,52.90091015625,53.0242890625,0.014974,0.155104,13.550509,13.720507,0.007908,0.147015
random_n10_05,10,max,reference-proposed,256,random,10,high,3.55642578125,2.910984375,3.78159765625,0.016218,0.118173,0.910445,1.035525,0.00833,0.110124
random_n10_05,10,max,reference,2048,random,10,natural,47.85334912109375,47.79343994140625,47.8982998046875,0.029478,0.195262,98.003659,98.22847,0.007909,0.187353
random_n10_05,10,max,reference-proposed,2048,random,10,natural,0.4601796875,0.458630859375,0.46388525390625,0.015656,0.114195,0.942448,1.082094,0.007969,0.106227
random_n10_05,10,min,reference,128,random,10,static,6475.617,6469.81296875,6516.8391484375,0.015275,6.525768,828.878976,835.401258,0.008018,6.51775
random_n10_05,10,min,reference-proposed,128,random,10,static,35.729125,35.693015625,35.7929140625,0.015486,0.118805,4.573328,4.710011,0.007918,0.109442
random_n10_05,10,spectrum,reference,128,random,10,high,6587.250203125,6548.9784921875,6620.8129140625,0.014834,6.665102,843.168026,850.099963,0.007788,6.657314
random_n10_05,10,spectrum,reference-proposed,128,random,10,high,183.9132578125,183.5005625,184.2197109375,0.014995,2.847965,23.540897,26.433778,0.008159,2.839636
random_n10_05,10,spectrum,reference,128,random,10,natural,6492.817546875,6484.03071875,6505.243828125,0.02574,6.557847,831.080646,837.645831,0.008239,6.549608
random_n10_05,10,spectrum,reference-proposed,128,random,10,natural,37.27078125,37.2044765625,37.3216328125,0.015446,2.841893,4.77066,7.620338,0.008099,2.834216
random_n10_06,10,max,reference,256,random,10,high,52.78834765625,52.75048828125,53.05334375,0.015004,0.15552,13.513817,13.683146,0.008059,0.147552
random_n10_06,10,max,reference-proposed,256,random,10,high,3.53050390625,2.98775390625,3.570265625,0.014413,0.109021,0.903809,1.027274,0.008179,0.100842
random_n10_06,10,max,reference,2048,random,10,natural,47.68725732421875,47.64107470703125,47.8586474609375,0.014703,0.152985,97.663503,97.831172,0.008089,0.144817
random_n10_06,10,max,reference-proposed,2048,random,10,natural,0.4404697265625,0.43935595703125,0.4415087890625,0.015035,0.112509,0.902082,1.030913,0.008299,0.10421
random_n10_06,10,min,reference,128,random,10,static,6592.8875234375,6518.2952578125,6610.1701015625,0.014945,6.702425,843.889603,850.543185,0.007928,6.694135
random_n10_06,10,min,reference-proposed,128,random,10,static,35.855640625,35.719609375,36.005078125,0.015645,0.1166,4.589522,4.719942,0.008469,0.10799
random_n10_06,10,spectrum,reference,128,random,10,high,6520.374484375,6511.576625,6590.9713125,0.016799,6.798454,834.607934,841.471138,0.008029,6.786546
random_n10_06,10,spectrum,reference-proposed,128,random,10,high,183.418609375,183.343046875,184.3920625,0.014985,2.877294,23.477582,26.446051,0.008109,2.869186
random_n10_06,10,spectrum,reference,128,random,10,natural,6581.3301328125,6515.7563125,6609.8044296875,0.014333,6.641965,842.410257,849.066305,0.007918,6.634047
random_n10_06,10,spectrum,reference-proposed,128,random,10,natural,34.79196875,34.7858203125,34.9519375,0.014875,2.859379,4.453372,7.323067,0.007999,2.85116
random_n10_07,10,max,reference,256,random,10,high,53.090421875,53.02918359375,53.41267578125,0.015355,0.158156,13.591148,13.84478,0.008118,0.150038
random_n10_07,10,max,reference-proposed,256,random,10,high,2.96296875,2.957640625,3.4734609375,0.015015,0.111609,0.75852,0.958838,0.007919,0.103881
random_n10_07,10,max,reference,2048,random,10,natural,49.3548203125,49.3073720703125,49.39185302734375,0.014454,0.152312,101.078672,101.320439,0.008129,0.144314
random_n10_07,10,max,reference-proposed,2048,random,10,natural,0.5358720703125,0.53472802734375,0.53894580078125,0.015055,0.110716,1.097466,1.222367,0.007979,0.102898
random_n10_07,10,min,reference,128,random,10,static,6528.3005234375,6516.884703125,6534.1723203125,0.015526,6.646887,835.622467,842.212624,0.007878,6.637606
random_n10_07,10,min,reference-proposed,128,random,10,static,37.9461171875,37.8859921875,37.952765625,0.017009,0.126301,4.857103,4.997341,0.007849,0.118452
random_n10_07,10,spectrum,reference,128,random,10,high,6574.438375,6522.9821875,6585.890140625,0.029799,6.707665,841.528112,848.266227,0.007958,6.699707
random_n10_07,10,spectrum,reference-proposed,128,random,10,high,183.6151171875,183.414125,183.8088828125,0.015085,2.844351,23.502735,26.331064,0.007898,2.836453
random_n10_07,10,spectrum,reference,128,random,10,natural,6596.2093515625,6582.61078125,6648.1597578125,0.029678,6.708843,844.314797,851.035001,0.016177,6.700624
random_n10_07,10,spectrum,reference-proposed,128,random,10,natural,41.8204453125,41.6193515625,41.888796875,0.014965,2.820967,5.353017,8.204369,0.008039,2.812839
random_n10_08,10,max,reference,256,random,10,high,52.49130078125,52.44833203125,52.65238671875,0.014514,0.153134,13.437773,13.60518,0.007899,0.145486
random_n10_08,10,max,reference-proposed,256,random,10,high,3.494640625,3.47022265625,4.9571328125,0.029849,0.110807,0.894628,1.029033,0.008189,0.102818
random_n10_08,10,max,reference,2048,random,10,natural,47.62738037109375,47.58947314453125,47.65507763671875,0.016088,0.162349,97.540875,97.707355,0.008299,0.154711
random_n10_08,10,max,reference-proposed,2048,random,10,natural,0.43049462890625,0.43041943359375,0.43064794921875,0.014894,0.111669,0.881653,1.008216,0.007829,0.103661
random_n10_08,10,min,reference,128,random,10,static,6486.6336640625,6477.2136484375,6548.1328828125,0.020497,6.610819,830.289109,836.842458,0.008059,6.603252
random_n10_08,10,min,reference-proposed,128,random,10,static,36.868,36.8251015625,37.266203125,0.015465,0.118568,4.719104,4.858561,0.008018,0.11088
random_n10_08,10,spectrum,reference,128,random,10,high,6512.7595,6480.4313359375,6553.9582421875,0.015085,6.557013,833.633216,840.223476,0.008249,6.548764
random_n10_08,10,spectrum,reference-proposed,128,random,10,high,183.139875,182.89384375,183.5576953125,0.016689,2.960917,23.441904,26.411792,0.008219,2.953279
random_n10_08,10,spectrum,reference,128,random,10,natural,6546.7913671875,6488.3620703125,6549.597015625,0.014564,6.588093,837.989295,844.591952,0.007838,6.580265
random_n10_08,10,spectrum,reference-proposed,128,random,10,natural,34.6873828125,34.62365625,35.2362734375,0.015206,2.850951,4.439985,7.335614,0.008169,2.842932
random_n10_09,10,max,reference,256,random,10,high,52.6345703125,52.5684375,52.65698046875,0.015726,0.167787,13.47445,13.651047,0.008008,0.15998
random_n10_09,10,max,reference-proposed,256,random,10,high,3.0470390625,2.9548671875,4.23099609375,0.014463,0.110746,0.780042,0.978729,0.008018,0.102728
random_n10_09,10,max,reference,2048,random,10,natural,47.918658203125,47.84692822265625,48.017775390625,0.014483,0.154447,98.137412,98.305962,0.008219,0.146429
random_n10_09,10,max,reference-proposed,2048,random,10,natural,0.44198828125,0.4412646484375,0.4433046875,0.014914,0.111799,0.905192,1.033335,0.008028,0.10358
random_n10_09,10,min,reference,128,random,10,static,6570.5240234375,6549.3216796875,6571.5645546875,0.014885,6.5945,841.027075,847.643265,0.007988,6.586903
random_n10_09,10,min,reference-proposed,128,random,10,static,39.776015625,39.407640625,40.082578125,0.015345,0.123415,5.09133,5.228387,0.008219,0.113473
random_n10_09,10,spectrum,reference,128,random,10,high,6497.8462109375,6482.575609375,6544.7420546875,0.029288,6.590009,831.724315,838.318327,0.008239,6.581931
random_n10_09,10,spectrum,reference-proposed,128,random,10,high,184.0303984375,183.0988203125,184.0358984375,0.015065,2.825793,23.555891,26.33106,0.007767,2.818026
random_n10_09,10,spectrum,reference,128,random,10,natural,6524.125625,6483.2052421875,6554.14575,0.014964,6.597937,835.08808,841.700981,0.007898,6.590039
random_n10_09,10,spectrum,reference-proposed,128,random,10,natural,34.8074765625,34.7748359375,35.0003125,0.014714,2.856186,4.455357,7.350418,0.008119,2.847707
random_n11_00,11,max,reference,192,random,11,high,145.36903645833334,144.5913125,145.49263020833334,0.025389,0.329802,27.910855,28.266046,0.016758,0.313214
random_n11_00,11,max,reference-proposed,192,random,11,high,5.651088541666667,5.581171875,5.711401041666667,0.02606,0.233923,1.085009,1.337573,0.016528,0.217445
random_n11_00,11,max,reference,1312,random,11,natural,113.66196722560976,113.49949237804877,113.85477286585366,0.025288,0.326604,149.124501,149.476393,0.016438,0.309705
random_n11_00,11,max,reference-proposed,1312,random,11,natural,0.5905792682926829,0.5886669207317073,0.5913498475609756,0.026029,0.22956,0.77484,1.029868,0.016437,0.212942
random_n11_00,11,min,reference,32,random,11,static,26993.26159375,26747.16534375,27168.94678125,0.056029,27.228744,863.784371,891.043676,0.016478,27.212386
random_n11_00,11,min,reference-proposed,32,random,11,static,87.45821875,86.5795,87.51346875,0.028757,0.252359,2.798663,3.083971,0.016547,0.235812
random_n11_00,11,spectrum,reference,32,random,11,high,26850.54934375,26752.74640625,26872.97265625,0.026251,27.05092,859.217579,886.382257,0.016578,27.034191
random_n11_00,11,spectrum,reference-proposed,32,random,11,high,729.58628125,728.64965625,731.86725,0.026371,11.485102,23.346761,34.779743,0.016488,11.468624
random_n11_00,11,spectrum,reference,32,random,11,natural,27003.76303125,26883.81,27050.947,0.031834,27.277207,864.120417,891.449724,0.016549,27.260749
random_n11_00,11,spectrum,reference-proposed,32,random,11,natural,208.3245,188.26459375,214.17659375,0.02644,11.013519,6.666384,17.630281,0.016457,10.997273
random_n11_01,11,max,reference,192,random,11,high,146.25602604166664,146.24209895833334,146.75752083333333,0.05204,0.379774,28.081157,28.538226,0.016738,0.363036
random_n11_01,11,max,reference-proposed,192,random,11,high,5.513895833333333,5.34203125,5.751140625,0.025739,0.22941,1.058668,1.317987,0.016849,0.212561
random_n11_01,11,max,reference,1312,random,11,natural,110.92698018292683,110.7495030487805,111.00223475609756,0.026743,0.334626,145.536198,145.897145,0.016549,0.318278
random_n11_01,11,max,reference-proposed,1312,random,11,natural,0.4310792682926829,0.42879039634146343,0.4342690548780488,0.026272,0.232778,0.565576,0.825586,0.016419,0.2164
random_n11_01,11,min,reference,32,random,11,static,26691.1945,26624.4106875,26905.60834375,0.028646,26.964934,854.118224,881.137864,0.016488,26.948456
random_n11_01,11,min,reference-proposed,32,random,11,static,91.19253125,91.1574375,91.78703125,0.028545,0.25574,2.918161,3.212199,0.016458,0.239273
random_n11_01,11,spectrum,reference,32,random,11,high,26799.4663125,26781.01109375,26895.73475,0.026371,26.950474,857.582922,884.559517,0.016478,26.933886
random_n11_01,11,spectrum,reference-proposed,32,random,11,high,714.89753125,712.15125,715.61346875,0.027073,11.34763,22.876721,34.132238,0.016447,11.331303
random_n11_01,11,spectrum,reference,32,random,11,natural,26861.70640625,26708.41525,26988.096625,0.026843,26.965227,859.574605,886.545722,0.016508,26.948768
random_n11_01,11,spectrum,reference-proposed,32,random,11,natural,148.69525,147.59271875,153.96225,0.026703,11.325055,4.758248,16.11685,0.016428,11.308687
random_n11_02,11,max,reference,192,random,11,high,144.21702083333335,144.192203125,144.37508854166666,0.02569,0.327384,27.689668,28.051373,0.016688,0.310806
random_n11_02,11,max,reference-proposed,192,random,11,high,5.59371875,5.555239583333333,5.607645833333333,0.026051,0.229581,1.073994,1.332138,0.016729,0.212973
random_n11_02,11,max,reference,1312,random,11,natural,114.5425868902439,114.31715167682927,114.55345274390244,0.026571,0.334834,150.279874,150.6418,0.016458,0.318466
random_n11_02,11,max,reference-proposed,1312,random,11,natural,0.580733993902439,0.5769588414634146,0.584125,0.02612,0.232557,0.761923,1.021251,0.016478,0.215848
random_n11_02,11,min,reference,32,random,11,static,26918.8595625,26900.00603125,26970.3470625,0.027824,27.150989,861.403506,888.611926,0.016448,27.134541
random_n11_02,11,min,reference-proposed,32,random,11,static,90.851,90.8123125,90.89078125,0.028606,0.253915,2.907232,3.188758,0.016588,0.237567
random_n11_02,11,spectrum,reference,32,random,11,high,26866.58171875,26847.77103125,27137.23915625,0.052211,27.315464,859.730615,887.243534,0.016659,27.298805
random_n11_02,11,spectrum,reference-proposed,32,random,11,high,717.5446875,716.163125,721.16215625,0.026792,11.310599,22.96143,34.461661,0.016418,11.294011
random_n11_02,11,spectrum,reference,32,random,11,natural,26925.4225,26889.693625,27085.3723125,0.03438,27.143483,861.61352,888.791383,0.016467,27.126985
random_n11_02,11,spectrum,reference-proposed,32,random,11,natural,189.80646875,185.0976875,193.31990625,0.028265,11.152236,6.073807,17.366648,0.016699,11.135537
random_n11_03,11,max,reference,192,random,11,high,145.57515104166666,145.54415104166665,146.12704166666666,0.026762,0.34016,27.950429,28.350814,0.016598,0.323562
random_n11_03,11,max,reference-proposed,192,random,11,high,5.761265625,5.260979166666667,5.828322916666667,0.025639,0.227466,1.106163,1.365261,0.016497,0.210737
random_n11_03,11,max,reference,1312,random,11,natural,111.79184984756098,111.69022332317074,111.86054039634146,0.025659,0.338151,146.670907,147.11293,0.016488,0.321834
random_n11_03,11,max,reference-proposed,1312,random,11,natural,0.4920815548780488,0.48900076219512195,0.4987446646341463,0.02628,0.237806,0.645611,0.909697,0.016468,0.221148
random_n11_03,11,min,reference,32,random,11,static,26660.540875,26640.90728125,26704.0599375,0.046736,26.833693,853.137308,879.959539,0.016548,26.817365
random_n11_03,11,min,reference-proposed,32,random,11,static,92.0396875,91.8725,92.0630625,0.028586,0.25565,2.94527,3.230369,0.016427,0.239223
random_n11_03,11,spectrum,reference,32,random,11,high,26698.916375,26614.82096875,26798.61675,0.027524,26.847716,854.365324,881.304648,0.016468,26.831228
random_n11_03,11,spectrum,reference-proposed,32,random,11,high,715.2870625,710.6051875,715.4190625,0.027112,11.164488,22.889186,34.032065,0.016568,11.14792
random_n11_03,11,spectrum,reference,32,random,11,natural,26994.082375,26804.01975,27092.23134375,0.026993,27.199768,863.810636,890.959103,0.016368,27.18342
random_n11_03,11,spectrum,reference-proposed,32,random,11,natural,174.60725,170.19059375,175.49471875,0.027293,11.252121,5.587432,17.144449,0.016468,11.235322
random_n11_04,11,max,reference,192,random,11,high,147.21790625,146.96877083333334,147.69194791666666,0.025849,0.333339,28.265838,28.622783,0.016528,0.316821
random_n11_04,11,max,reference-proposed,192,random,11,high,6.079333333333333,6.058625,6.210354166666667,0.027794,0.233449,1.167232,1.451435,0.016438,0.217121
random_n11_04,11,max,reference,1312,random,11,natural,118.06443826219513,118.00468216463415,118.09456859756098,0.026271,0.331243,154.900543,155.261013,0.016449,0.314735
random_n11_04,11,max,reference-proposed,1312,random,11,natural,0.6431653963414634,0.6428170731707318,0.6470137195121952,0.028185,0.24324,0.843833,1.129941,0.016588,0.226531
random_n11_04,11,min,reference,32,random,11,static,26760.049125,26738.236625,27095.94503125,0.029176,26.917806,856.321572,883.291671,0.016468,26.901398
random_n11_04,11,min,reference-proposed,32,random,11,static,90.9833125,90.4145625,91.6228125,0.029367,0.25455,2.911466,3.192988,0.016459,0.238083
random_n11_04,11,spectrum,reference,32,random,11,high,26752.0258125,26677.65884375,26791.61928125,0.026751,26.916938,856.064826,882.962214,0.016558,26.90038
random_n11_04,11,spectrum,reference-proposed,32,random,11,high,723.4125,723.2113125,729.05240625,0.0265,11.242497,23.1492,34.898379,0.016568,11.22602
random_n11_04,11,spectrum,reference,32,random,11,natural,26675.7919375,26557.67759375,26776.13246875,0.0262,26.710244,853.625342,880.35856,0.016468,26.693596
random_n11_04,11,spectrum,reference-proposed,32,random,11,natural,193.4443125,190.3045625,193.7981875,0.026592,10.93938,6.190218,17.083556,0.016378,10.922692
random_n11_05,11,max,reference,192,random,11,high,147.73727083333335,147.672421875,147.949125,0.027725,0.331433,28.365556,28.731832,0.016408,0.315025
random_n11_05,11,max,reference-proposed,192,random,11,high,5.773598958333333,5.764932291666667,6.119546875,0.052743,0.364463,1.108531,1.521829,0.016718,0.347745
random_n11_05,11,max,reference,1312,random,11,natural,116.30327896341463,116.29616768292682,116.36237042682926,0.025289,0.329309,152.589902,153.01766,0.016548,0.312611
random_n11_05,11,max,reference-proposed,1312,random,11,natural,0.5959641768292683,0.5853018292682927,0.5964283536585366,0.026411,0.235784,0.781905,1.042687,0.016488,0.218945
random_n11_05,11,min,reference,32,random,11,static,26805.1425,26602.06878125,26811.02453125,0.056006,26.973519,857.76456,884.765402,0.016357,26.940839
random_n11_05,11,min,reference-proposed,32,random,11,static,91.25275,91.239375,91.2653125,0.029015,0.25583,2.920088,3.20314,0.016378,0.239201
random_n11_05,11,spectrum,reference,32,random,11,high,26911.02571875,26881.19721875,26982.9963125,0.026812,26.963741,861.152823,888.065097,0.016387,26.947354
random_n11_05,11,spectrum,reference-proposed,32,random,11,high,722.594875,720.29353125,723.49078125,0.026441,11.34415,23.123036,34.873874,0.016388,11.327662
random_n11_05,11,spectrum,reference,32,random,11,natural,26778.2725625,26683.11721875,26885.724,0.026873,26.89385,856.904722,883.825445,0.016478,26.877372
random_n11_05,11,spectrum,reference-proposed,32,random,11,natural,173.60175,170.12853125,197.4570625,0.026392,11.308267,5.555256,17.224714,0.016579,11.291618
random_n11_06,11,max,reference,192,random,11,high,144.33721354166667,143.49641666666665,144.52916145833333,0.025639,0.333189,27.712745,28.1011,0.016529,0.316701
random_n11_06,11,max,reference-proposed,192,random,11,high,5.426182291666667,5.351239583333333,5.448791666666667,0.026321,0.228217,1.041827,1.298419,0.016478,0.211759
random_n11_06,11,max,reference,1312,random,11,natural,113.23749542682927,113.10234146341463,113.2806493902439,0.025689,0.331405,148.567594,148.972132,0.016458,0.315047
random_n11_06,11,max,reference-proposed,1312,random,11,natural,0.48432317073170733,0.4579146341463415,0.4964359756097561,0.026371,0.230323,0.635432,0.889407,0.016468,0.213876
random_n11_06,11,min,reference,32,random,11,static,26872.867375,26812.31590625,26900.0724375,0.028355,27.075629,859.931756,887.065239,0.016528,27.059261
random_n11_06,11,min,reference-proposed,32,random,11,static,86.4665,86.45446875,87.20703125,0.029067,0.251502,2.766928,3.047423,0.016458,0.234804
random_n11_06,11,spectrum,reference,32,random,11,high,27087.7038125,26999.06859375,27114.13275,0.027142,27.235964,866.806522,894.070812,0.016488,27.219175
random_n11_06,11,spectrum,reference-proposed,32,random,11,high,712.76115625,704.71253125,721.61403125,0.026481,11.053666,22.808357,34.092999,0.016549,11.037328
random_n11_06,11,spectrum,reference,32,random,11,natural,27018.30640625,26988.42940625,27265.23509375,0.03434,27.144497,864.585805,891.764642,0.016528,27.128099
random_n11_06,11,spectrum,reference-proposed,32,random,11,natural,161.7210625,155.9989375,165.93303125,0.028104,11.415781,5.175074,16.709294,0.016609,11.399213
random_n11_07,11,max,reference,192,random,11,high,146.36611458333334,145.73922916666666,146.57220833333335,0.027083,0.326486,28.102294,28.501953,0.016498,0.310028
random_n11_07,11,max,reference-proposed,192,random,11,high,5.6534635416666665,5.645286458333333,5.67496875,0.026131,0.227669,1.085465,1.341467,0.016578,0.211091
random_n11_07,11,max,reference,1312,random,11,natural,114.06174390243902,113.99231859756098,114.14798856707317,0.026271,0.334554,149.649008,150.009883,0.016508,0.318046
random_n11_07,11,max,reference-proposed,1312,random,11,natural,0.5259512195121951,0.5214870426829268,0.5273536585365853,0.026522,0.236196,0.690048,0.948462,0.016548,0.219829
random_n11_07,11,min,reference,32,random,11,static,26732.01725,26688.5168125,26777.6160625,0.028305,26.85373,855.424552,882.306587,0.016668,26.837333
random_n11_07,11,min,reference-proposed,32,random,11,static,91.99103125,91.939875,92.06796875,0.028636,0.259978,2.943713,3.233111,0.016559,0.243379
random_n11_07,11,spectrum,reference,32,random,11,high,26976.46659375,26950.18128125,26994.74771875,0.026481,27.010468,863.246931,890.282617,0.016508,26.99393
random_n11_07,11,spectrum,reference-proposed,32,random,11,high,722.11703125,717.847125,722.2125,0.026692,10.956889,23.107745,34.100613,0.016478,10.940521
random_n11_07,11,spectrum,reference,32,random,11,natural,26814.09571875,26715.29796875,27072.47375,0.026852,27.133906,858.051063,885.061663,0.016568,27.117338
random_n11_07,11,spectrum,reference-proposed,32,random,11,natural,168.8395625,168.74315625,174.2210625,0.0266,10.97511,5.402866,16.49699,0.016468,10.958642
random_n11_08,11,max,reference,192,random,11,high,148.44703125,148.228796875,148.463125,0.026361,0.326234,28.50183,28.854855,0.016478,0.309897
random_n11_08,11,max,reference-proposed,192,random,11,high,5.739526041666667,5.7273958333333335,5.874291666666667,0.0259,0.227957,1.101989,1.378603,0.016538,0.211408
random_n11_08,11,max,reference,1312,random,11,natural,114.87596493902439,114.82974771341463,114.9159169207317,0.027423,0.336497,150.717266,151.068563,0.016548,0.319949
random_n11_08,11,max,reference-proposed,1312,random,11,natural,0.5796189024390244,0.5762560975609756,0.5797873475609756,0.026972,0.229851,0.76046,1.017215,0.016428,0.213543
random_n11_08,11,min,reference,32,random,11,static,26899.9635625,26861.99446875,26924.4825625,0.028025,27.09337,860.798834,887.870269,0.016448,27.076922
random_n11_08,11,min,reference-proposed,32,random,11,static,91.0596875,91.0420625,91.13734375,0.028687,0.261647,2.91391,3.204244,0.016539,0.244446
random_n11_08,11,spectrum,reference,32,random,11,high,26907.877625,26882.0040625,26948.62590625,0.034049,27.101944,861.052084,888.181211,0.016518,27.085426
random_n11_08,11,spectrum,reference-proposed,32,random,11,high,733.6194375,727.38165625,734.32884375,0.026202,11.049771,23.475822,34.967882,0.016749,11.032972
random_n11_08,11,spectrum,reference,32,random,11,natural,26717.16525,26696.4030625,26909.776125,0.027403,27.008924,854.949288,881.985615,0.016538,26.992466
random_n11_08,11,spectrum,reference-proposed,32,random,11,natural,188.6520625,185.9244375,189.302125,0.026672,11.225024,6.036866,17.226328,0.016468,11.208597
random_n11_09,11,max,reference,192,random,11,high,144.87285416666666,144.59558854166664,146.24461979166665,0.02591,0.334245,27.815588,28.174819,0.016448,0.317847
random_n11_09,11,max,reference-proposed,192,random,11,high,5.4445625,5.3839375,5.878859375,0.025809,0.228769,1.045356,1.299934,0.016468,0.212311
random_n11_09,11,max,reference,1312,random,11,natural,114.7131981707317,114.70411356707318,114.84271036585366,0.02583,0.331242,150.503716,150.869452,0.016518,0.314543
random_n11_09,11,max,reference-proposed,1312,random,11,natural,0.609483993902439,0.605984756097561,0.6218932926829268,0.026361,0.233272,0.799643,1.060324,0.016708,0.216323
random_n11_09,11,min,reference,32,random,11,static,26864.68640625,26850.12190625,26931.2345625,0.048141,27.070085,859.669965,886.598545,0.016368,27.036177
random_n11_09,11,min,reference-proposed,32,random,11,static,86.95371875,86.77609375,87.1170625,0.029919,0.249305,2.782519,3.062632,0.016728,0.232626
random_n11_09,11,spectrum,reference,32,random,11,high,26919.09403125,26764.25821875,27011.33615625,0.026651,26.915172,861.411009,888.353052,0.016548,26.898514
random_n11_09,11,spectrum,reference-proposed,32,random,11,high,732.17359375,728.45959375,741.3705625,0.026539,11.140697,23.429555,34.725687,0.016508,11.124189
random_n11_09,11,spectrum,reference,32,random,11,natural,26671.015875,26654.89734375,26883.52959375,0.026702,26.84019,853.472508,880.265521,0.016428,26.823793
random_n11_09,11,spectrum,reference-proposed,32,random,11,natural,185.4350625,184.970125,192.473125,0.026321,10.967606,5.933922,17.169396,0.016507,10.950567
random_n12_00,12,max,reference,96,random,12,high,361.0179375,360.5358541666667,361.87002083333334,0.045935,0.72215,34.657722,35.431784,0.036013,0.685976
random_n12_00,12,max,reference-proposed,96,random,12,high,11.816322916666666,11.572427083333334,12.074395833333334,0.04759,0.514228,1.134367,1.71348,0.036364,0.472058
random_n12_00,12,max,reference,1056,random,12,natural,331.8568607954545,330.9806912878788,332.3934081439394,0.046508,0.744676,350.440845,351.234257,0.036003,0.709174
random_n12_00,12,max,reference-proposed,1056,random,12,natural,0.8513390151515151,0.8511410984848485,0.8517301136363636,0.049174,0.526175,0.899014,1.476829,0.036163,0.490222
random_n12_00,12,min,reference,32,random,12,static,109877.22821875,109699.67984375,109895.91378125,0.048301,110.165709,3516.071303,3626.285313,0.036163,110.129546
random_n12_00,12,min,reference-proposed,32,random,12,static,206.46240625,206.38903125,206.76203125,0.050285,0.571996,6.606797,7.237267,0.036053,0.535813
random_n12_00,12,spectrum,reference,32,random,12,high,109575.0853125,109441.69009375,110039.689625,0.049294,110.147327,3506.40273,3616.30399,0.036004,110.111505
random_n12_00,12,spectrum,reference-proposed,32,random,12,high,3562.7223125,3555.51771875,3569.02428125,0.047871,45.053905,114.007114,159.311043,0.036024,45.017631
random_n12_00,12,spectrum,reference,32,random,12,natural,109391.94725,109348.73075,109500.59190625,0.049645,109.924563,3500.542312,3610.478069,0.036074,109.888419
random_n12_00,12,spectrum,reference-proposed,32,random,12,natural,940.2933125,939.3581875,942.7899375,0.053785,44.094456,30.089386,74.281037,0.036483,44.058603
random_n12_01,12,max,reference,96,random,12,high,360.90288541666666,360.6748333333333,361.98746875,0.045716,0.738057,34.646677,35.431401,0.036033,0.701735
random_n12_01,12,max,reference-proposed,96,random,12,high,11.758510416666667,11.590041666666666,12.114916666666666,0.048221,0.516516,1.128817,1.727228,0.035793,0.480623
random_n12_01,12,max,reference,1056,random,12,natural,330.7006827651515,330.4364649621212,331.1875890151515,0.045796,0.729176,349.219921,349.99439,0.035933,0.691728
random_n12_01,12,max,reference-proposed,1056,random,12,natural,0.6596969696969698,0.6471742424242424,0.6798295454545455,0.047921,0.518533,0.69664,1.2626,0.035933,0.48257
random_n12_01,12,min,reference,32,random,12,static,109741.20353125,109692.02375,110031.41103125,0.049624,110.00936,3511.718513,3621.719393,0.036114,109.973227
random_n12_01,12,min,reference-proposed,32,random,12,static,204.5069375,204.0965625,205.182125,0.051288,0.575648,6.544222,7.200211,0.035933,0.539625
random_n12_01,12,spectrum,reference,32,random,12,high,109657.2890625,109555.88828125,109766.373,0.046266,110.348571,3509.03325,3619.14855,0.036173,110.312398
random_n12_01,12,spectrum,reference-proposed,32,random,12,high,3451.716375,3447.3301875,3462.23221875,0.04793,46.160202,110.454924,156.793295,0.036033,46.123637
random_n12_01,12,spectrum,reference,32,random,12,natural,109467.8855,109302.01275,109534.1721875,0.047859,109.905943,3502.972336,3612.926138,0.035821,109.870122
random_n12_01,12,spectrum,reference-proposed,32,random,12,natural,843.72275,840.9028125,844.2640625,0.047959,45.434837,26.999128,72.499078,0.036134,45.396508
random_n12_02,12,max,reference,96,random,12,high,361.46934375,361.1766770833333,362.054375,0.046517,0.733934,34.701057,35.469297,0.036015,0.697919
random_n12_02,12,max,reference-proposed,96,random,12,high,11.929864583333334,11.80965625,12.137416666666667,0.047249,0.521023,1.145267,1.716075,0.036013,0.4848
random_n12_02,12,max,reference,1056,random,12,natural,331.32204924242427,331.2975104166667,331.7157803030303,0.048081,0.743996,349.876084,350.679044,0.035772,0.708224
random_n12_02,12,max,reference-proposed,1056,random,12,natural,0.7845179924242424,0.780814393939394,0.784873106060606,0.046819,0.522077,0.828451,1.398708,0.036073,0.486004
random_n12_02,12,min,reference,32,random,12,static,109841.43009375,109794.05575,109938.451375,0.048502,110.242493,3514.925763,3625.054934,0.036534,110.205648
random_n12_02,12,min,reference-proposed,32,random,12,static,211.7384375,211.55165625,212.04284375,0.049936,0.584264,6.77563,7.408461,0.035803,0.548332
random_n12_02,12,spectrum,reference,32,random,12,high,109868.92178125,109597.6295625,111174.79403125,0.048031,110.268903,3515.805497,3626.12298,0.036223,110.232981
random_n12_02,12,spectrum,reference-proposed,32,random,12,high,3525.957875,3518.19665625,3529.35575,0.04779,47.136748,112.830652,159.681305,0.035963,47.100444
random_n12_02,12,spectrum,reference,32,random,12,natural,109487.09875,109287.87303125,109512.73984375,0.046948,110.086144,3503.58716,3614.092459,0.035853,110.050572
random_n12_02,12,spectrum,reference-proposed,32,random,12,natural,892.66153125,891.72625,901.94003125,0.049855,43.870917,28.565169,72.827707,0.035863,43.835285
random_n12_03,12,max,reference,96,random,12,high,360.43171875,360.24415625,360.7434166666667,0.049183,0.747933,34.601445,35.398666,0.036194,0.711378
random_n12_03,12,max,reference-proposed,96,random,12,high,11.516333333333334,11.463135416666667,11.89059375,0.046618,0.512749,1.105568,1.673697,0.035843,0.477037
random_n12_03,12,max,reference,1056,random,12,natural,329.5849990530303,329.1656240530303,329.7095464015151,0.046467,0.745786,348.041759,348.814283,0.035843,0.709843
random_n12_03,12,max,reference-proposed,1056,random,12,natural,0.7104412878787879,0.6818011363636364,0.7186818181818181,0.048031,0.52407,0.750226,1.318242,0.036103,0.488428
random_n12_03,12,min,reference,32,random,12,static,110062.3861875,109855.92871875,110492.077125,0.050357,110.31078,3521.996358,3632.355831,0.035953,110.274837
random_n12_03,12,min,reference-proposed,32,random,12,static,207.05078125,206.8793125,207.72634375,0.052172,0.573063,6.625625,7.265837,0.035944,0.536569
random_n12_03,12,spectrum,reference,32,random,12,high,111222.4605625,110461.46528125,111541.58871875,0.047779,111.707257,3559.118738,3670.874527,0.036334,111.670683
random_n12_03,12,spectrum,reference-proposed,32,random,12,high,3524.61203125,3521.7766875,3530.37615625,0.047821,44.145244,112.787585,157.15907,0.035952,44.109481
random_n12_03,12,spectrum,reference,32,random,12,natural,109332.110375,109291.8855,109447.99565625,0.048111,109.856305,3498.627532,3609.16298,0.036134,109.820382
random_n12_03,12,spectrum,reference-proposed,32,random,12,natural,799.7614375,795.109875,803.7938125,0.047569,43.392655,25.592366,69.161106,0.035883,43.356511
random_n12_04,12,max,reference,96,random,12,high,362.14075,361.86353125,362.1768020833333,0.046157,0.740117,34.765512,35.53885,0.036144,0.703983
random_n12_04,12,max,reference-proposed,96,random,12,high,11.932947916666667,11.823552083333334,12.74571875,0.04773,0.519379,1.145563,1.711835,0.035743,0.483348
random_n12_04,12,max,reference,1056,random,12,natural,333.5908125,333.50683428030305,333.6692509469697,0.0477,0.741542,352.271898,353.116168,0.035733,0.70596
random_n12_04,12,max,reference-proposed,1056,random,12,natural,1.0931960227272728,1.0801647727272727,1.1200861742424242,0.047449,0.519254,1.154415,1.733782,0.036093,0.483342
random_n12_04,12,min,reference,32,random,12,static,109839.7550625,109742.8169375,109908.621,0.098053,110.21221,3514.872162,3625.480841,0.036403,110.176277
random_n12_04,12,min,reference-proposed,32,random,12,static,192.59590625,190.92859375,192.807,0.050006,0.562675,6.163069,6.779907,0.036495,0.526592
random_n12_04,12,spectrum,reference,32,random,12,high,109593.71040625,109559.1265,109629.332,0.048673,110.137053,3506.998733,3617.174654,0.036103,110.101351
random_n12_04,12,spectrum,reference-proposed,32,random,12,high,3594.057875,3572.12765625,3604.27803125,0.048704,43.649408,115.009852,158.694151,0.036144,43.613705
random_n12_04,12,spectrum,reference,32,random,12,natural,109276.57971875,109267.77146875,109511.75828125,0.047679,109.881349,3496.850551,3606.773587,0.035963,109.845476
random_n12_04,12,spectrum,reference-proposed,32,random,12,natural,1126.0040625,1122.67884375,1139.00271875,0.047379,45.007147,36.03213,81.548422,0.035712,44.971593
random_n12_05,12,max,reference,96,random,12,high,362.060625,361.2299583333333,362.2579583333333,0.045956,0.739069,34.75782,35.545963,0.036505,0.698856
random_n12_05,12,max,reference-proposed,96,random,12,high,12.047854166666665,11.81071875,12.064885416666666,0.047139,0.519631,1.156594,1.723966,0.036023,0.483698
random_n12_05,12,max,reference,1056,random,12,natural,334.368271780303,334.25992045454547,334.7782471590909,0.048283,0.758054,353.092895,353.952112,0.035833,0.720787
random_n12_05,12,max,reference-proposed,1056,random,12,natural,1.0952329545454544,1.0914204545454544,1.0998522727272728,0.047541,0.516417,1.156566,1.72459,0.035673,0.479811
random_n12_05,12,min,reference,32,random,12,static,109921.22315625,109740.65890625,110834.65359375,0.049032,110.205965,3517.479141,3627.782752,0.035952,110.170142
random_n12_05,12,min,reference-proposed,32,random,12,static,195.86253125,195.60884375,196.868375,0.050146,0.565598,6.267601,6.875227,0.036053,0.530006
random_n12_05,12,spectrum,reference,32,random,12,high,109590.143375,109564.63453125,109842.9250625,0.048682,110.078595,3506.884588,3617.00926,0.035883,110.042742
random_n12_05,12,spectrum,reference-proposed,32,random,12,high,3434.92128125,3433.94375,3446.487125,0.048262,44.705248,109.917481,155.105821,0.035913,44.668813
random_n12_05,12,spectrum,reference,32,random,12,natural,109455.545125,109375.13909375,109509.3156875,0.048422,109.97306,3502.577444,3612.431478,0.036114,109.936946
random_n12_05,12,spectrum,reference-proposed,32,random,12,natural,1092.40478125,1080.8113125,1093.95384375,0.046027,43.496041,34.956953,78.499021,0.036094,43.459947
random_n12_06,12,max,reference,96,random,12,high,362.2256145833333,362.17522916666667,362.40369791666666,0.046979,0.728422,34.773659,35.566156,0.036184,0.692649
random_n12_06,12,max,reference-proposed,96,random,12,high,12.413135416666666,12.306583333333334,12.555375,0.048101,0.520593,1.191661,1.753896,0.035693,0.4849
random_n12_06,12,max,reference,1056,random,12,natural,333.8521505681818,333.50109280303025,333.9091259469697,0.046528,0.742032,352.547871,353.389857,0.036193,0.705839
random_n12_06,12,max,reference-proposed,1056,random,12,natural,0.908938446969697,0.9086155303030302,0.9197897727272728,0.047009,0.51814,0.959839,1.527415,0.036024,0.482116
random_n12_06,12,min,reference,32,random,12,static,109058.6298125,109032.351125,110824.29115625,0.049292,109.693042,3489.876154,3599.066759,0.035943,109.657259
random_n12_06,12,min,reference-proposed,32,random,12,static,194.82278125,194.3095625,195.74646875,0.050006,0.566129,6.234329,6.851308,0.035903,0.530226
random_n12_06,12,spectrum,reference,32,random,12,high,109039.7459375,109016.9155,109125.50878125,0.046367,109.481517,3489.27187,3599.158365,0.036204,109.445134
random_n12_06,12,spectrum,reference-proposed,32,random,12,high,3595.54671875,3581.54209375,3599.54421875,0.047059,44.770902,115.057495,159.188572,0.036014,44.73489
random_n12_06,12,spectrum,reference,32,random,12,natural,110492.17990625,108959.1743125,110589.0798125,0.048201,110.496772,3535.749757,3646.295783,0.036003,110.460769
random_n12_06,12,spectrum,reference-proposed,32,random,12,natural,1001.41584375,1000.6085625,1002.81696875,0.048473,45.279595,32.045307,77.417488,0.035862,45.243733
random_n12_07,12,max,reference,96,random,12,high,359.57116666666667,358.9934895833333,360.9777395833333,0.04742,0.745851,34.518832,35.343125,0.036232,0.710088
random_n12_07,12,max,reference-proposed,96,random,12,high,11.452,11.428760416666666,11.788760416666666,0.047068,0.518634,1.099392,1.680923,0.036014,0.482552
random_n12_07,12,max,reference,1056,random,12,natural,333.8544441287879,333.61118087121207,334.08238257575755,0.04772,0.749889,352.550293,353.349341,0.036145,0.713375
random_n12_07,12,max,reference-proposed,1056,random,12,natural,0.9331467803030302,0.9292452651515152,0.9401657196969697,0.04775,0.530866,0.985403,1.559079,0.036073,0.494781
random_n12_07,12,min,reference,32,random,12,static,109390.28725,109191.4400625,109555.25978125,0.048783,109.729587,3500.489192,3610.317249,0.035762,109.693985
random_n12_07,12,min,reference-proposed,32,random,12,static,214.7656875,213.35715625,215.7530625,0.049925,0.581686,6.872502,7.511143,0.035892,0.545864
random_n12_07,12,spectrum,reference,32,random,12,high,109789.096875,109053.63746875,111009.8741875,0.048201,109.590653,3513.2511,3622.889954,0.035924,109.55438
random_n12_07,12,spectrum,reference-proposed,32,random,12,high,3570.56,3554.7608125,3572.53903125,0.047601,43.497185,114.25792,157.719855,0.036254,43.46063
random_n12_07,12,spectrum,reference,32,random,12,natural,108642.55815625,108619.30346875,108899.7,0.045797,109.102334,3476.561861,3585.929703,0.036074,109.065749
random_n12_07,12,spectrum,reference-proposed,32,random,12,natural,978.24065625,977.941125,981.37721875,0.04777,47.135207,31.303701,78.48379,0.036153,47.099022
random_n12_08,12,max,reference,96,random,12,high,360.2926875,360.02103125,360.7718125,0.067285,0.752309,34.588098,35.442294,0.035913,0.716396
random_n12_08,12,max,reference-proposed,96,random,12,high,11.302270833333335,11.046552083333333,11.408760416666667,0.047731,0.517073,1.085018,1.641083,0.036093,0.48098
random_n12_08,12,max,reference,1056,random,12,natural,332.52557859848486,332.5205047348485,333.03782859848485,0.051028,0.755317,351.147011,352.112057,0.036143,0.719514
random_n12_08,12,max,reference-proposed,1056,random,12,natural,0.9171666666666666,0.9127897727272728,0.9297443181818181,0.047871,0.531556,0.968528,1.542236,0.036004,0.495633
random_n12_08,12,min,reference,32,random,12,static,109305.8285625,109089.68765625,109322.82046875,0.050757,109.226057,3497.786514,3607.185739,0.035863,109.190084
random_n12_08,12,min,reference-proposed,32,random,12,static,207.7395625,206.85965625,208.3333125,0.051217,0.568649,6.647666,7.267532,0.035994,0.532957
random_n12_08,12,spectrum,reference,32,random,12,high,109563.28665625,109263.5004375,109685.387625,0.049053,109.874257,3506.025173,3615.124079,0.035964,109.838274
random_n12_08,12,spectrum,reference-proposed,32,random,12,high,3568.1515,3559.20821875,3575.0660625,0.04784,44.460699,114.180848,158.47075,0.035933,44.424886
random_n12_08,12,spectrum,reference,32,random,12,natural,108747.00803125,108713.77728125,108816.56621875,0.048012,109.093739,3479.904257,3588.887142,0.035913,109.057826
random_n12_08,12,spectrum,reference-proposed,32,random,12,natural,1051.09190625,1040.76565625,1051.25375,0.049635,44.727538,33.634941,78.463443,0.036334,44.691816
random_n12_09,12,max,reference,96,random,12,high,361.7735729166667,361.62386458333333,361.8054895833333,0.047049,0.741012,34.730263,35.503526,0.035903,0.705109
random_n12_09,12,max,reference-proposed,96,random,12,high,11.976697916666666,11.882125,12.036114583333333,0.04747,0.527577,1.149763,1.730804,0.036002,0.491575
random_n12_09,12,max,reference,1056,random,12,natural,334.688334280303,334.5131515151515,334.82996875,0.093086,0.776561,353.430881,354.344907,0.036124,0.740668
random_n12_09,12,max,reference-proposed,1056,random,12,natural,0.9643153409090909,0.9617471590909091,0.9966041666666666,0.047209,0.521153,1.018317,1.585391,0.035963,0.485
random_n12_09,12,min,reference,32,random,12,static,109732.51709375,109663.6275625,109792.1705,0.049284,109.966397,3511.440547,3621.351707,0.036052,109.929941
random_n12_09,12,min,reference-proposed,32,random,12,static,212.72484375,209.8945625,213.1854375,0.050096,0.58451,6.807195,7.44135,0.036012,0.548346
random_n12_09,12,spectrum,reference,32,random,12,high,109541.380875,109527.89340625,109698.59240625,0.048983,110.123387,3505.324188,3615.497981,0.035972,110.080357
random_n12_09,12,spectrum,reference-proposed,32,random,12,high,3594.35703125,3567.66503125,3604.0358125,0.048,44.026252,115.019425,158.540004,0.036124,43.989868
random_n12_09,12,spectrum,reference,32,random,12,natural,109339.45703125,109299.214875,109347.09353125,0.047781,109.830091,3498.862625,3608.695025,0.035743,109.794258
random_n12_09,12,spectrum,reference-proposed,32,random,12,natural,1149.19240625,1146.30821875,1151.96028125,0.04777,46.908691,36.774157,83.624761,0.035843,46.872597
random_n13_00,13,max,reference,48,random,13,high,837.8471666666667,833.3445,838.07875,0.080706,1.614155,40.216664,41.907955,0.07795,1.536394
random_n13_00,13,max,reference-proposed,48,random,13,high,23.5679375,23.56072916666667,23.669854166666667,0.081841,1.11374,1.131261,2.339217,0.07806,1.035759
random_n13_00,13,max,reference,280,random,13,natural,823.49835,822.6981428571428,826.3689285714286,0.080636,1.622535,230.579538,232.236543,0.078381,1.544029
random_n13_00,13,max,reference-proposed,280,random,13,natural,2.523039285714286,2.4657214285714284,2.5437964285714285,0.083107,1.122864,0.706451,1.929581,0.077984,1.044874
random_n13_00,13,min,reference,8,random,13,static,456257.598,455013.161375,457781.230125,0.084926,456.745446,3650.060784,4106.88862,0.078241,456.667205
random_n13_00,13,min,reference-proposed,8,random,13,static,476.630875,472.009125,478.028875,0.088334,1.252233,3.813047,5.156565,0.07779,1.174914
random_n13_00,13,spectrum,reference,8,random,13,high,453905.8755,453596.38925,453995.962125,0.084465,453.932428,3631.247004,4085.259517,0.07788,453.854208
random_n13_00,13,spectrum,reference-proposed,8,random,13,high,12302.17725,12290.688625,12327.078125,0.083062,177.827694,98.417418,276.525275,0.078071,177.750325
random_n13_00,13,spectrum,reference,8,random,13,natural,456350.901875,456113.084875,458339.363375,0.084324,456.621154,3650.807215,4107.512904,0.078311,456.542352
random_n13_00,13,spectrum,reference-proposed,8,random,13,natural,5400.06375,5386.062,5405.590375,0.084174,178.361645,43.20051,221.687695,0.07797,178.283094
random_n13_01,13,max,reference,48,random,13,high,835.6772708333334,831.27675,836.6826041666666,0.079584,1.615614,40.112509,41.820627,0.078482,1.537123
random_n13_01,13,max,reference-proposed,48,random,13,high,21.850166666666667,21.82739583333333,21.999958333333332,0.082381,1.128835,1.048808,2.287033,0.078209,1.050626
random_n13_01,13,max,reference,280,random,13,natural,825.5481392857142,823.4437964285714,826.096125,0.0826,1.594635,231.153479,232.828279,0.078472,1.513233
random_n13_01,13,max,reference-proposed,280,random,13,natural,1.4059964285714286,1.384425,1.4067392857142857,0.08262,1.126995,0.393679,1.611021,0.077961,1.048414
random_n13_01,13,min,reference,8,random,13,static,454797.934875,454330.307875,458547.945625,0.083823,455.889443,3638.383479,4094.3579,0.078093,455.81135
random_n13_01,13,min,reference-proposed,8,random,13,static,484.561625,484.170875,486.557375,0.084236,1.258978,3.876493,5.237936,0.078121,1.181028
random_n13_01,13,spectrum,reference,8,random,13,high,457741.0275,457604.666625,458024.543125,0.085428,457.942542,3661.92822,4119.325039,0.07812,457.864602
random_n13_01,13,spectrum,reference-proposed,8,random,13,high,12765.59175,12748.66025,12782.464,0.083653,181.344977,102.124734,281.900493,0.07771,181.267519
random_n13_01,13,spectrum,reference,8,random,13,natural,456622.278625,454431.175375,459206.79525,0.084465,457.797651,3652.978229,4110.860345,0.078511,457.718528
random_n13_01,13,spectrum,reference-proposed,8,random,13,natural,3524.2465,3507.683875,3534.18325,0.085097,178.860846,28.193972,207.008537,0.07783,178.783778
random_n13_02,13,max,reference,48,random,13,high,834.6480416666666,834.3102291666667,835.1549166666666,0.083283,1.596563,40.063106,41.733814,0.078281,1.518282
random_n13_02,13,max,reference-proposed,48,random,13,high,21.80741666666667,21.743604166666668,22.05560416666667,0.081298,1.115691,1.046756,2.275148,0.07781,1.03535
random_n13_02,13,max,reference,280,random,13,natural,825.9992535714285,825.7538000000001,826.78895,0.080867,1.635467,231.279791,233.012099,0.07776,1.557717
random_n13_02,13,max,reference-proposed,280,random,13,natural,0.9897857142857144,0.9598214285714286,0.9940857142857142,0.083242,1.139825,0.27714,1.501201,0.07772,1.062135
random_n13_02,13,min,reference,8,random,13,static,456423.06375,454841.13,457733.905625,0.08227,455.314415,3651.38451,4106.616498,0.077981,455.22927
random_n13_02,13,min,reference-proposed,8,random,13,static,501.3635,499.76275,504.6695,0.085116,1.278052,4.010908,5.392643,0.077448,1.200684
random_n13_02,13,spectrum,reference,8,random,13,high,457742.872125,457151.5365,458179.36475,0.084514,458.025662,3661.942977,4120.053676,0.078362,457.94725
random_n13_02,13,spectrum,reference-proposed,8,random,13,high,12580.978875,12541.489375,12612.929875,0.083563,177.395876,100.647831,278.383629,0.07788,177.318278
random_n13_02,13,spectrum,reference,8,random,13,natural,457275.227125,453965.051625,458446.451875,0.084727,457.725228,3658.201817,4116.008694,0.077996,457.647338
random_n13_02,13,spectrum,reference-proposed,8,random,13,natural,2146.902,2140.64325,2148.597375,0.083714,180.980266,17.175216,198.24092,0.078092,180.902035
random_n13_03,13,max,reference,48,random,13,high,835.5555,835.3271875,839.4716458333334,0.080056,1.586882,40.106664,41.7778,0.078221,1.508261
random_n13_03,13,max,reference-proposed,48,random,13,high,23.877875,23.6630625,23.885604166666667,0.083178,1.129398,1.146138,2.359632,0.07801,1.051762
random_n13_03,13,max,reference,280,random,13,natural,823.0471464285714,822.6993571428571,827.2158107142857,0.080988,1.585731,230.453201,232.163023,0.0781,1.5079
random_n13_03,13,max,reference-proposed,280,random,13,natural,0.8903785714285714,0.8889464285714286,0.8988285714285714,0.083009,1.125912,0.249306,1.459853,0.07782,1.047992
random_n13_03,13,min,reference,8,random,13,static,457954.082,456760.772125,458682.564375,0.081338,458.642058,3663.632656,4122.356052,0.07792,458.564138
random_n13_03,13,min,reference-proposed,8,random,13,static,476.831375,475.46575,476.97975,0.084807,1.250368,3.814651,5.15462,0.077369,1.173109
random_n13_03,13,spectrum,reference,8,random,13,high,454341.36825,453460.971875,456431.663375,0.083234,454.481409,3634.730946,4089.293092,0.07798,454.403429
random_n13_03,13,spectrum,reference-proposed,8,random,13,high,12861.489,12830.4025,12870.738625,0.084074,179.019791,102.891912,281.748149,0.077751,178.94204
random_n13_03,13,spectrum,reference,8,random,13,natural,457454.720625,455127.114875,458362.91625,0.084354,457.165512,3659.637765,4116.887631,0.07835,457.086991
random_n13_03,13,spectrum,reference-proposed,8,random,13,natural,2204.683625,2198.1085,2205.27825,0.083926,176.80624,17.637469,194.453595,0.078291,176.721665
random_n13_04,13,max,reference,48,random,13,high,835.5239375,834.4247291666667,838.92325,0.081409,1.631548,40.105149,41.834325,0.078782,1.553196
random_n13_04,13,max,reference-proposed,48,random,13,high,22.026479166666668,21.823875,22.1075625,0.081939,1.135817,1.057271,2.277266,0.07781,1.058407
random_n13_04,13,max,reference,280,random,13,natural,821.4699107142857,821.416575,821.8874607142857,0.080817,1.630287,230.011575,231.708595,0.078321,1.551836
random_n13_04,13,max,reference-proposed,280,random,13,natural,0.7158321428571429,0.7051642857142857,0.7282142857142857,0.083514,1.127799,0.200433,1.414319,0.07796,1.04986
random_n13_04,13,min,reference,8,random,13,static,454258.555125,454175.782625,456065.09925,0.084416,454.934704,3634.068441,4088.867181,0.078321,454.856642
random_n13_04,13,min,reference-proposed,8,random,13,static,530.273875,525.199875,530.592375,0.084385,1.304494,4.242191,5.616411,0.077751,1.226424
random_n13_04,13,spectrum,reference,8,random,13,high,457183.53475,453841.155625,457339.03825,0.086491,457.163433,3657.468278,4114.718202,0.078,457.078466
random_n13_04,13,spectrum,reference-proposed,8,random,13,high,12537.92575,12504.99725,12544.349,0.083353,182.886751,100.303406,283.274061,0.077801,182.808931
random_n13_04,13,spectrum,reference,8,random,13,natural,453992.109875,453797.9785,454260.927625,0.084694,454.089752,3631.936879,4087.216615,0.078971,454.010809
random_n13_04,13,spectrum,reference-proposed,8,random,13,natural,1764.99,1760.616,1772.45575,0.083842,180.633042,14.11992,194.781849,0.078184,180.554858
random_n13_05,13,max,reference,48,random,13,high,835.9445833333334,835.5959583333333,840.0994791666666,0.080055,1.611528,40.12534,41.815729,0.07777,1.533809
random_n13_05,13,max,reference-proposed,48,random,13,high,23.355375,22.98829166666667,23.36779166666667,0.082902,1.154639,1.121058,2.359195,0.07776,1.076879
random_n13_05,13,max,reference,280,random,13,natural,822.4446357142857,818.8595321428571,823.4556214285714,0.08226,1.600062,230.284498,232.026836,0.07788,1.522182
random_n13_05,13,max,reference-proposed,280,random,13,natural,0.8180357142857143,0.7940035714285714,0.8278928571428571,0.082851,1.122706,0.22905,1.436403,0.078251,1.044406
random_n13_05,13,min,reference,8,random,13,static,456475.891375,455097.840625,457717.258125,0.081385,455.218998,3651.807131,4107.074135,0.078128,455.140716
random_n13_05,13,min,reference-proposed,8,random,13,static,521.09275,519.7655,521.97275,0.085168,1.302937,4.168742,5.554033,0.077888,1.223733
random_n13_05,13,spectrum,reference,8,random,13,high,453948.386125,453880.619625,454030.966875,0.084769,454.489385,3631.587089,4085.99364,0.07798,454.412017
random_n13_05,13,spectrum,reference-proposed,8,random,13,high,12652.64575,12602.965,12677.1965,0.082584,177.532429,101.221166,278.439381,0.07777,177.45479
random_n13_05,13,spectrum,reference,8,random,13,natural,455925.002875,453492.425875,457914.621125,0.084815,455.653261,3647.400023,4103.132747,0.078914,455.568044
random_n13_05,13,spectrum,reference-proposed,8,random,13,natural,2490.704625,2479.9515,2491.0445,0.083141,180.98967,19.925637,200.828829,0.077778,180.911638
random_n13_06,13,max,reference,48,random,13,high,833.6875208333333,831.4380208333333,837.2468958333334,0.081919,1.603997,40.017001,41.712219,0.078524,1.526237
random_n13_06,13,max,reference-proposed,48,random,13,high,21.3730625,21.13027083333333,21.4091875,0.08177,1.114118,1.025907,2.231884,0.078373,1.036036
random_n13_06,13,max,reference,280,random,13,natural,823.4031321428572,820.5118249999999,823.7554107142856,0.081028,1.621345,230.552877,232.221729,0.078581,1.542764
random_n13_06,13,max,reference-proposed,280,random,13,natural,1.4249321428571429,1.4026357142857144,1.454692857142857,0.08211,1.142909,0.398981,1.629463,0.078151,1.060182
random_n13_06,13,min,reference,8,random,13,static,456222.24475,454654.06725,458889.124625,0.082341,455.309721,3649.777958,4105.169697,0.078003,455.231109
random_n13_06,13,min,reference-proposed,8,random,13,static,459.840875,458.9275,467.1625,0.084815,1.235357,3.678727,5.010754,0.077699,1.157899
random_n13_06,13,spectrum,reference,8,random,13,high,454804.397625,453900.25375,456067.743875,0.084938,455.745917,3638.435181,4094.26007,0.078521,455.667256
random_n13_06,13,spectrum,reference-proposed,8,random,13,high,12754.437,12753.385375,12894.71075,0.083272,180.197302,102.035496,282.314698,0.078009,180.119411
random_n13_06,13,spectrum,reference,8,random,13,natural,456954.086375,456719.0195,458003.118625,0.081248,457.293082,3655.632691,4112.191695,0.078317,457.214479
random_n13_06,13,spectrum,reference-proposed,8,random,13,natural,3943.42375,3935.832875,3960.722,0.085594,178.559205,31.54739,210.465272,0.077748,178.48188
random_n13_07,13,max,reference,48,random,13,high,838.65625,836.0879375,839.621,0.080927,1.617917,40.2555,41.919543,0.07801,1.533002
random_n13_07,13,max,reference-proposed,48,random,13,high,21.57570833333333,20.99925,21.690125,0.082193,1.127313,1.035634,2.244555,0.077973,1.049353
random_n13_07,13,max,reference,280,random,13,natural,823.4750142857142,823.3099357142858,823.5017178571429,0.079704,1.624113,230.573004,232.247702,0.078792,1.539258
random_n13_07,13,max,reference-proposed,280,random,13,natural,1.0664178571428573,1.0385428571428572,1.1173142857142857,0.08247,1.13582,0.298597,1.513047,0.07776,1.05806
random_n13_07,13,min,reference,8,random,13,static,456587.670875,454327.68275,456938.817375,0.085308,455.221767,3652.701367,4106.978882,0.078221,455.136991
random_n13_07,13,min,reference-proposed,8,random,13,static,471.185875,466.652125,472.132875,0.085437,1.253076,3.769487,5.108864,0.077839,1.168937
random_n13_07,13,spectrum,reference,8,random,13,high,454816.618125,453681.466375,457420.415375,0.08187,454.645498,3638.532945,4092.935274,0.078489,454.567227
random_n13_07,13,spectrum,reference-proposed,8,random,13,high,12267.038125,12252.975875,12309.71125,0.082782,177.314771,98.136305,275.63119,0.078391,177.237382
random_n13_07,13,spectrum,reference,8,random,13,natural,453587.71475,453563.116125,454030.74625,0.085057,454.181757,3628.701718,4082.917328,0.078121,454.103636
random_n13_07,13,spectrum,reference-proposed,8,random,13,natural,2421.41975,2415.421625,2439.403375,0.083762,178.189527,19.371358,197.836281,0.07764,178.111678
random_n13_08,13,max,reference,48,random,13,high,836.3859166666666,835.6095625,837.1265416666666,0.083905,1.62195,40.146524,41.871166,0.078591,1.543499
random_n13_08,13,max,reference-proposed,48,random,13,high,22.616229166666667,22.555375,22.9594375,0.081358,1.114297,1.085579,2.315935,0.07767,1.035395
random_n13_08,13,max,reference,280,random,13,natural,826.4972928571428,826.43035,828.8756642857143,0.080444,1.587565,231.419242,233.101447,0.078421,1.509607
random_n13_08,13,max,reference-proposed,280,random,13,natural,1.3479714285714286,1.3318857142857143,1.4008392857142857,0.082444,1.134951,0.377432,1.601489,0.078101,1.05685
random_n13_08,13,min,reference,8,random,13,static,454564.719625,454287.25625,456137.23,0.083634,454.679476,3636.517757,4091.178903,0.07826,454.600894
random_n13_08,13,min,reference-proposed,8,random,13,static,487.384875,482.4365,489.220625,0.086148,1.265451,3.899079,5.236599,0.077931,1.18752
random_n13_08,13,spectrum,reference,8,random,13,high,457457.02225,455164.18,457700.994625,0.084426,457.206713,3659.656178,4117.827798,0.078504,457.128713
random_n13_08,13,spectrum,reference-proposed,8,random,13,high,12733.029625,12722.0565,12808.966375,0.084775,177.03438,101.864237,279.590886,0.078081,176.956791
random_n13_08,13,spectrum,reference,8,random,13,natural,456396.027875,454797.897625,456635.927875,0.082099,456.68283,3651.168223,4107.932421,0.078471,456.599447
random_n13_08,13,spectrum,reference-proposed,8,random,13,natural,3576.594125,3572.8625,3592.048375,0.084535,179.683703,28.612753,208.310957,0.078081,179.599509
random_n13_09,13,max,reference,48,random,13,high,834.5653958333334,833.4616458333334,838.5540416666666,0.082431,1.632063,40.059139,41.835998,0.078261,1.553391
random_n13_09,13,max,reference-proposed,48,random,13,high,21.432375,21.17908333333333,21.750666666666667,0.081768,1.119731,1.028754,2.248204,0.07798,1.041741
random_n13_09,13,max,reference,280,random,13,natural,823.9945071428572,822.3900357142857,825.5971571428571,0.080837,1.588755,230.718462,232.430634,0.078297,1.510414
random_n13_09,13,max,reference-proposed,280,random,13,natural,1.4633714285714285,1.4115321428571428,1.4659892857142856,0.083131,1.119786,0.409744,1.614297,0.07824,1.041439
random_n13_09,13,min,reference,8,random,13,static,456915.427125,456854.98225,457327.589,0.08226,457.683031,3655.323417,4113.086511,0.077527,457.605504
random_n13_09,13,min,reference-proposed,8,random,13,static,487.649125,487.330375,503.171625,0.084396,1.261638,3.901193,5.252445,0.077747,1.180495
random_n13_09,13,spectrum,reference,8,random,13,high,457923.638125,453721.877875,457976.197875,0.080696,457.829648,3663.389105,4121.687923,0.078269,457.751498
random_n13_09,13,spectrum,reference-proposed,8,random,13,high,12414.07025,12410.221625,12433.963625,0.083803,179.604857,99.312562,279.762948,0.07782,179.526687
random_n13_09,13,spectrum,reference,8,random,13,natural,453599.852125,453467.443875,456436.777875,0.083094,454.035875,3628.798817,4082.917786,0.078122,453.958194
random_n13_09,13,spectrum,reference-proposed,8,random,13,natural,3342.293625,3334.573875,3363.117125,0.083653,177.839049,26.738349,204.569245,0.078042,177.761758
random_n14_00,14,max,reference,24,random,14,high,1864.1113333333333,1861.57825,1864.2305,0.142298,3.490621,44.738672,48.362559,0.168415,3.321931
random_n14_00,14,max,reference-proposed,24,random,14,high,48.540375,47.86879166666667,48.62116666666667,0.144684,2.452909,1.164969,3.761769,0.168008,2.284571
random_n14_00,14,max,reference,296,random,14,natural,1854.681402027027,1853.9457567567567,1855.4191824324325,0.14426,3.495859,548.985695,552.624989,0.168991,3.303379
random_n14_00,14,max,reference-proposed,296,random,14,natural,2.002658783783784,1.9708986486486488,2.026212837837838,0.14522,2.484307,0.592787,3.232884,0.168119,2.310141
random_n14_00,14,min,reference,8,random,14,static,1875188.614375,1867578.823875,1875544.555375,0.151982,1872.28068,15001.508915,16879.762484,0.16892,1872.105848
random_n14_00,14,min,reference-proposed,8,random,14,static,1121.629125,1120.68275,1131.4615,0.150027,2.775955,8.973033,11.881629,0.168088,2.607867
random_n14_00,14,spectrum,reference,8,random,14,high,1868770.913375,1868531.01,1869433.443,0.152173,1869.406995,14950.167307,16824.437459,0.168431,1869.238069
random_n14_00,14,spectrum,reference-proposed,8,random,14,high,50033.039375,49647.231625,50157.340125,0.145187,706.608416,400.264315,1104.757552,0.167379,706.436797
random_n14_00,14,spectrum,reference,8,random,14,natural,1869089.404,1868875.8045,1871497.001,0.149235,1873.903442,14952.715232,16832.74435,0.168188,1873.735585
random_n14_00,14,spectrum,reference-proposed,8,random,14,natural,6500.41475,6489.633625,6522.6865,0.145365,695.165149,52.003318,747.317391,0.168659,694.99649
random_n14_01,14,max,reference,24,random,14,high,1864.2685416666668,1863.5443333333333,1865.0525416666667,0.14331,3.459446,44.742445,48.356216,0.168829,3.291237
random_n14_01,14,max,reference-proposed,24,random,14,high,46.538666666666664,46.37175,46.82375,0.146077,2.438359,1.116928,3.695772,0.167688,2.270311
random_n14_01,14,max,reference,296,random,14,natural,1855.0910371621621,1854.5498614864864,1855.3583986486487,0.141642,3.502791,549.106947,552.74924,0.16898,3.334492
random_n14_01,14,max,reference-proposed,296,random,14,natural,2.3367297297297296,2.3218378378378377,2.3644155405405405,0.146467,2.453995,0.691672,3.290982,0.168234,2.285761
random_n14_01,14,min,reference,8,random,14,static,1874808.2485,1874553.380125,1874977.773125,0.143763,1870.319064,14998.465988,16868.573461,0.167867,1870.150843
random_n14_01,14,min,reference-proposed,8,random,14,static,1132.956875,1116.996,1133.392125,0.148662,2.768617,9.063655,11.910575,0.167096,2.600139
random_n14_01,14,spectrum,reference,8,random,14,high,1868538.42475,1865474.969875,1871592.954875,0.149256,1869.646633,14948.307398,16818.103287,0.167978,1869.478494
random_n14_01,14,spectrum,reference-proposed,8,random,14,high,48973.217875,48909.691125,48973.6145,0.147401,705.019502,391.785743,1096.898155,0.172078,704.845328
random_n14_01,14,spectrum,reference,8,random,14,natural,1868850.040625,1863848.30025,1870095.843375,0.146267,1866.779349,14950.800325,16814.623837,0.169059,1866.609868
random_n14_01,14,spectrum,reference-proposed,8,random,14,natural,10771.49725,10731.720875,10838.925625,0.146456,699.53488,86.171978,785.856553,0.167687,699.367906
random_n14_02,14,max,reference,24,random,14,high,1864.7185833333333,1863.059,1865.2086666666667,0.140801,3.502368,44.753246,48.420297,0.168223,3.334229
random_n14_02,14,max,reference-proposed,24,random,14,high,52.129583333333336,52.03520833333334,52.156375,0.143401,2.459098,1.25111,3.855314,0.168068,2.29109
random_n14_02,14,max,reference,296,random,14,natural,1857.3215033783786,1855.5505777027026,1858.1456891891892,0.143901,3.543021,549.767165,553.466104,0.168556,3.374752
random_n14_02,14,max,reference-proposed,296,random,14,natural,3.0572027027027024,2.995591216216216,3.081716216216216,0.144824,2.450416,0.904932,3.52139,0.167867,2.279867
random_n14_02,14,min,reference,8,random,14,static,1869373.157625,1865735.91975,1874229.008875,0.145678,1869.622919,14954.985261,16824.757437,0.16886,1869.449155
random_n14_02,14,min,reference-proposed,8,random,14,static,1150.03575,1148.473125,1151.914375,0.14708,2.764024,9.200286,12.124296,0.172759,2.597037
random_n14_02,14,spectrum,reference,8,random,14,high,1871470.186375,1868697.898375,1877718.974875,0.147831,1870.228802,14971.761491,16842.142774,0.168298,1870.053989
random_n14_02,14,spectrum,reference-proposed,8,random,14,high,48968.527625,48859.027625,49096.2635,0.147307,698.064685,391.748221,1090.855378,0.167839,697.896557
random_n14_02,14,spectrum,reference,8,random,14,natural,1869967.839125,1865865.472625,1875250.873625,0.143111,1872.508817,14959.742713,16827.801591,0.168861,1872.339956
random_n14_02,14,spectrum,reference-proposed,8,random,14,natural,13989.396375,13957.2385,14083.353625,0.145605,708.369578,111.915171,820.174746,0.168078,708.20148
random_n14_03,14,max,reference,24,random,14,high,1867.0541666666668,1866.91675,1869.3204166666667,0.143741,3.505701,44.8093,48.515093,0.168209,3.337384
random_n14_03,14,max,reference-proposed,24,random,14,high,52.388041666666666,52.140875,52.558125,0.149976,2.442149,1.257313,3.845429,0.168228,2.273329
random_n14_03,14,max,reference,296,random,14,natural,1855.8521182432432,1855.6415168918918,1857.5604695945945,0.145114,3.498794,549.332227,552.977891,0.16851,3.330765
random_n14_03,14,max,reference-proposed,296,random,14,natural,1.3870304054054055,1.3415777027027027,1.3917702702702701,0.145437,2.450325,0.410561,3.007726,0.168688,2.281784
random_n14_03,14,min,reference,8,random,14,static,1870537.410125,1870405.70025,1870729.5975,0.144663,1870.635226,14964.299281,16836.628236,0.168221,1870.466497
random_n14_03,14,min,reference-proposed,8,random,14,static,1118.29675,1116.894875,1118.652375,0.14719,2.801959,8.946374,11.884659,0.16737,2.634693
random_n14_03,14,spectrum,reference,8,random,14,high,1878245.8505,1871960.146875,1879244.942875,0.143412,1877.761457,15025.966804,16903.877867,0.16849,1877.592928
random_n14_03,14,spectrum,reference-proposed,8,random,14,high,50092.5705,50021.881625,50138.8105,0.148212,704.664827,400.740564,1105.923795,0.167758,704.497069
random_n14_03,14,spectrum,reference,8,random,14,natural,1874560.04175,1872104.557,1877153.08925,0.149174,1873.838561,14996.480334,16870.474146,0.16896,1873.669328
random_n14_03,14,spectrum,reference-proposed,8,random,14,natural,7218.764125,7214.245125,7226.926375,0.149264,695.511536,57.750113,753.354741,0.167261,695.343696
random_n14_04,14,max,reference,24,random,14,high,1864.00175,1863.339375,1865.5386666666668,0.144333,3.522534,44.736042,48.387012,0.168499,3.349183
random_n14_04,14,max,reference-proposed,24,random,14,high,51.11595833333334,50.943625,51.387875,0.143351,2.474234,1.226783,3.843927,0.167827,2.306636
random_n14_04,14,max,reference,296,random,14,natural,1855.0624425675676,1854.341097972973,1856.3981891891892,0.14827,3.480178,549.098483,552.772707,0.167999,3.311121
random_n14_04,14,max,reference-proposed,296,random,14,natural,3.326614864864865,3.310516891891892,3.371402027027027,0.144233,2.441846,0.984678,3.585789,0.167428,2.274418
random_n14_04,14,min,reference,8,random,14,static,1869437.6315,1864987.98225,1874894.253,0.148734,1868.613503,14955.501052,16824.264112,0.168772,1868.444731
random_n14_04,14,min,reference-proposed,8,random,14,static,1153.908125,1153.221375,1164.9645,0.150551,2.787044,9.231265,12.244025,0.170135,2.618365
random_n14_04,14,spectrum,reference,8,random,14,high,1870911.2715,1861942.2285,1874149.17375,0.149877,1867.248979,14967.290172,16834.691001,0.168719,1867.080671
random_n14_04,14,spectrum,reference-proposed,8,random,14,high,49340.0995,49333.83725,49456.28275,0.144694,695.098277,394.720796,1091.218192,0.167667,694.929999
random_n14_04,14,spectrum,reference,8,random,14,natural,1873752.365375,1863411.8515,1876259.414875,0.143872,1872.779155,14990.018923,16866.758521,0.168399,1872.611295
random_n14_04,14,spectrum,reference-proposed,8,random,14,natural,15145.728375,15107.621125,15268.450875,0.144905,707.345087,121.165827,828.259327,0.167874,707.177508
random_n14_05,14,max,reference,24,random,14,high,1863.508375,1860.414625,1867.6261666666667,0.145607,3.525285,44.724201,48.401442,0.168904,3.350632
random_n14_05,14,max,reference-proposed,24,random,14,high,48.95008333333334,48.60104166666667,49.49854166666666,0.14332,2.443777,1.174802,3.783597,0.167496,2.275829
random_n14_05,14,max,reference,296,random,14,natural,1855.014331081081,1854.894347972973,1859.4945506756758,0.143913,3.494281,549.084242,552.776765,0.16837,3.326533
random_n14_05,14,max,reference-proposed,296,random,14,natural,0.983625,0.9592162162162162,0.9956452702702703,0.144264,2.46843,0.291153,2.908945,0.167568,2.300862
random_n14_05,14,min,reference,8,random,14,static,1873676.622375,1867502.299375,1879387.871625,0.148631,1870.371096,14989.412979,16864.996317,0.168006,1870.202244
random_n14_05,14,min,reference-proposed,8,random,14,static,1236.571375,1230.035,1238.77025,0.152252,2.883481,9.892571,12.925117,0.168269,2.715916
random_n14_05,14,spectrum,reference,8,random,14,high,1865918.501375,1864578.33625,1873532.31075,0.14286,1863.206342,14927.348011,16789.789161,0.168419,1863.038191
random_n14_05,14,spectrum,reference-proposed,8,random,14,high,48767.588125,48666.68525,49002.712375,0.148624,699.764842,390.140705,1089.242632,0.16759,699.597252
random_n14_05,14,spectrum,reference,8,random,14,natural,1872109.2935,1867963.683125,1873656.58125,0.149016,1873.698457,14976.874348,16851.519625,0.168775,1873.530768
random_n14_05,14,spectrum,reference-proposed,8,random,14,natural,6291.555375,6281.938875,6352.274125,0.146569,704.191366,50.332443,754.592214,0.167978,704.023388
random_n14_06,14,max,reference,24,random,14,high,1867.679375,1864.46275,1869.1928333333333,0.145958,3.525932,44.824305,48.437926,0.168426,3.351599
random_n14_06,14,max,reference-proposed,24,random,14,high,47.209375,46.90754166666667,47.5765,0.145295,2.450615,1.133025,3.775745,0.168128,2.283118
random_n14_06,14,max,reference,296,random,14,natural,1855.7185101351351,1855.0000101351352,1856.229027027027,0.144604,3.515992,549.292679,552.907832,0.168068,3.349028
random_n14_06,14,max,reference-proposed,296,random,14,natural,1.8189324324324325,1.812554054054054,1.830429054054054,0.143732,2.437123,0.538404,3.118296,0.168271,2.268852
random_n14_06,14,min,reference,8,random,14,static,1872883.979625,1872200.167625,1875628.38825,0.14649,1871.650682,14983.071837,16855.50606,0.17347,1871.476119
random_n14_06,14,min,reference-proposed,8,random,14,static,1115.67425,1111.217875,1123.98825,0.147972,2.750775,8.925394,11.868231,0.167597,2.583838
random_n14_06,14,spectrum,reference,8,random,14,high,1870047.296125,1866934.286125,1877781.477,0.147691,1868.501507,14960.378369,16829.022248,0.169201,1868.32715
random_n14_06,14,spectrum,reference-proposed,8,random,14,high,49403.017125,49241.044875,49516.97725,0.149035,694.234112,395.224137,1089.602862,0.168282,694.067298
random_n14_06,14,spectrum,reference,8,random,14,natural,1874676.0735,1874494.81725,1881337.156,0.146616,1878.467752,14997.408588,16872.01816,0.168299,1878.299593
random_n14_06,14,spectrum,reference-proposed,8,random,14,natural,10509.441875,10471.661125,10555.668375,0.146928,697.320061,84.075535,780.978314,0.168176,697.151974
random_n14_07,14,max,reference,24,random,14,high,1868.2305833333332,1865.8399166666668,1870.0234583333333,0.149776,3.483829,44.837534,48.437444,0.168539,3.314808
random_n14_07,14,max,reference-proposed,24,random,14,high,46.4765,46.3785,46.74583333333334,0.145878,2.462118,1.115436,3.730176,0.167808,2.295092
random_n14_07,14,max,reference,296,random,14,natural,1855.5304932432432,1854.997793918919,1857.271597972973,0.144004,3.491122,549.237026,552.802021,0.16907,3.321821
random_n14_07,14,max,reference-proposed,296,random,14,natural,2.3900945945945944,2.3780945945945944,2.416435810810811,0.145517,2.438833,0.707468,3.299093,0.167436,2.271767
random_n14_07,14,min,reference,8,random,14,static,1871822.72225,1870680.2915,1879021.438,0.152161,1870.23833,14974.581778,16847.948332,0.168106,1870.070732
random_n14_07,14,min,reference-proposed,8,random,14,static,1145.565,1144.822375,1147.868875,0.14792,2.776923,9.16452,12.081731,0.167748,2.610016
random_n14_07,14,spectrum,reference,8,random,14,high,1872869.0085,1869371.6285,1874026.3435,0.149586,1869.868387,14982.952068,16855.827583,0.168969,1869.694064
random_n14_07,14,spectrum,reference-proposed,8,random,14,high,49516.343125,49378.222625,49548.440625,0.145864,697.629623,396.130745,1094.169521,0.172949,697.461724
random_n14_07,14,spectrum,reference,8,random,14,natural,1872282.106625,1869619.144875,1876016.296375,0.149875,1872.530746,14978.256853,16850.938209,0.168712,1872.362034
random_n14_07,14,spectrum,reference-proposed,8,random,14,natural,12066.63225,12058.254,12150.576375,0.146572,694.168447,96.533058,790.776617,0.168609,693.999638
random_n14_08,14,max,reference,24,random,14,high,1865.2381666666668,1864.5966666666668,1866.015375,0.14225,3.512279,44.765716,48.374232,0.168671,3.343608
random_n14_08,14,max,reference-proposed,24,random,14,high,50.663125,50.013,50.739666666666665,0.144814,2.423169,1.215915,3.78812,0.167555,2.25561
random_n14_08,14,max,reference,296,random,14,natural,1856.894347972973,1855.8563243243243,1857.2833682432433,0.143741,3.499854,549.640727,553.220393,0.167778,3.324831
random_n14_08,14,max,reference-proposed,296,random,14,natural,3.2652533783783784,3.1870405405405404,3.3408277027027027,0.145505,2.446312,0.966515,3.558332,0.172276,2.272973
random_n14_08,14,min,reference,8,random,14,static,1872837.305375,1872053.640125,1872986.875375,0.147513,1871.219101,14982.698443,16853.611245,0.167899,1871.051194
random_n14_08,14,min,reference-proposed,8,random,14,static,1075.03375,1074.432875,1079.047,0.146739,2.722074,8.60027,11.471331,0.167917,2.554157
random_n14_08,14,spectrum,reference,8,random,14,high,1872267.827875,1870534.556375,1872938.676625,0.142658,1868.883651,14978.142623,16845.53163,0.168098,1868.715553
random_n14_08,14,spectrum,reference-proposed,8,random,14,high,49380.034375,49377.841875,49443.103875,0.146729,706.115563,395.040275,1101.412528,0.167768,705.947836
random_n14_08,14,spectrum,reference,8,random,14,natural,1874000.067375,1869369.181625,1875297.665875,0.147069,1873.078073,14992.000539,16865.228577,0.16873,1872.908283
random_n14_08,14,spectrum,reference-proposed,8,random,14,natural,14032.173875,14016.387125,14054.2005,0.144926,699.898098,112.257391,812.69792,0.168012,699.731051
random_n14_09,14,max,reference,24,random,14,high,1861.6920416666667,1859.5,1862.7327916666668,0.146699,3.518213,44.680609,48.315354,0.168319,3.350395
random_n14_09,14,max,reference-proposed,24,random,14,high,46.68966666666667,46.5755,47.377875,0.145224,2.496865,1.120552,3.767365,0.168036,2.322251
random_n14_09,14,max,reference,296,random,14,natural,1857.2436486486488,1854.7218513513512,1857.840054054054,0.145116,3.479265,549.74412,553.379246,0.168549,3.310314
random_n14_09,14,max,reference-proposed,296,random,14,natural,2.6290439189189185,2.625287162162162,2.665689189189189,0.146669,2.462164,0.778197,3.387087,0.167797,2.294246
random_n14_09,14,min,reference,8,random,14,static,1873109.946625,1863978.104375,1878186.026875,0.145253,1873.430916,14984.879573,16861.367081,0.168771,1873.262066
random_n14_09,14,min,reference-proposed,8,random,14,static,1144.277,1144.019625,1145.7505,0.145926,2.790831,9.154216,12.102491,0.167459,2.623676
random_n14_09,14,spectrum,reference,8,random,14,high,1875798.9885,1873198.639125,1881253.1055,0.148112,1876.036305,15006.391908,16882.569007,0.168719,1875.867586
random_n14_09,14,spectrum,reference-proposed,8,random,14,high,49124.127625,49071.95675,49205.796875,0.149539,697.65758,392.993021,1089.529399,0.16776,697.49021
random_n14_09,14,spectrum,reference,8,random,14,natural,1873756.58125,1871451.482375,1876366.39225,0.148673,1874.377306,14990.05265,16864.57199,0.16868,1874.209814
random_n14_09,14,spectrum,reference-proposed,8,random,14,natural,13231.762625,13202.490625,13270.990125,0.148493,701.763152,105.854101,807.53157,0.167627,701.594953
random_n15_00,15,max,reference,8,random,15,high,4109.410125,4105.72575,4116.984375,0.32624,7.547561,32.875281,40.685084,0.363489,7.181659
random_n15_00,15,max,reference-proposed,8,random,15,high,113.251125,113.200625,114.762625,0.326744,5.34689,0.906009,6.594502,0.365695,4.981195
random_n15_00,15,max,reference,388,random,15,natural,4098.375389175258,4096.220917525773,4098.466304123711,0.334129,7.553276,1590.169651,1597.839057,0.3602,7.192172
random_n15_00,15,max,reference-proposed,388,random,15,natural,1.5363762886597938,1.4769716494845362,1.5445644329896906,0.330647,5.298062,0.596114,6.205861,0.36046,4.940495
random_n15_00,15,min,reference,2,random,15,static,7758785.09,7758215.5885,7801385.993,0.32475,7743.594678,15517.57018,23260.346926,0.359079,7743.235599
random_n15_00,15,min,reference-proposed,2,random,15,static,2530.66,2529.137,2531.16,0.333822,6.011905,5.06132,11.398107,0.359609,5.652515
random_n15_00,15,spectrum,reference,2,random,15,high,7760872.669,7758160.649,7810734.275,0.333694,7773.858384,15521.745338,23295.935295,0.365632,7773.492752
random_n15_00,15,spectrum,reference-proposed,2,random,15,high,169536.2545,168489.601,169573.376,0.334872,2754.028689,339.072509,3093.642997,0.35978,2753.670074
random_n15_00,15,spectrum,reference,2,random,15,natural,7755253.5135,7747790.3865,7757530.8325,0.339393,7752.476377,15510.507027,23263.330599,0.359454,7752.118277
random_n15_00,15,spectrum,reference-proposed,2,random,15,natural,19407.886,19400.2735,19603.233,0.326723,2746.793226,38.815772,2786.338785,0.36366,2746.429566
random_n15_01,15,max,reference,8,random,15,high,4110.533375,4105.117625,4110.5565,0.330574,7.536275,32.884267,40.6993,0.364894,7.177706
random_n15_01,15,max,reference-proposed,8,random,15,high,95.985625,95.79375,96.397875,0.323307,5.292302,0.767885,6.380612,0.358307,4.934106
random_n15_01,15,max,reference,388,random,15,natural,4100.700984536083,4098.29206443299,4101.528577319587,0.330756,7.535003,1591.071982,1598.808795,0.360071,7.174932
random_n15_01,15,max,reference-proposed,388,random,15,natural,2.6359690721649485,2.626453608247423,2.7073350515463916,0.326695,5.32369,1.022756,6.761643,0.364252,4.965608
random_n15_01,15,min,reference,2,random,15,static,7764415.1515,7756048.155,7769661.165,0.328324,7766.267464,15528.830303,23290.315705,0.359588,7765.907876
random_n15_01,15,min,reference-proposed,2,random,15,static,2464.8305,2464.2845,2467.7855,0.333105,5.969781,4.929661,11.232547,0.359636,5.610145
random_n15_01,15,spectrum,reference,2,random,15,high,7753857.7425,7750829.766,7762632.721,0.333224,7766.439414,15507.715485,23268.427907,0.361175,7766.078239
random_n15_01,15,spectrum,reference-proposed,2,random,15,high,165182.9645,162080.021,165969.59,0.331219,2750.499986,330.365929,3079.268482,0.358723,2750.141895
random_n15_01,15,spectrum,reference,2,random,15,natural,7743690.0275,7730363.6405,7752116.0515,0.335696,7737.841236,15487.380055,23229.401132,0.359643,7737.475742
random_n15_01,15,spectrum,reference-proposed,2,random,15,natural,25079.8675,25074.5345,25172.149,0.334254,2768.395811,50.159735,2819.072539,0.35942,2768.035697
random_n15_02,15,max,reference,8,random,15,high,4106.45675,4103.855875,4113.6355,0.33897,7.485527,32.851654,40.713752,0.358681,7.121202
random_n15_02,15,max,reference-proposed,8,random,15,high,108.018625,107.8315,108.31975,0.329505,5.317888,0.864149,6.50936,0.360269,4.955976
random_n15_02,15,max,reference,388,random,15,natural,4099.421713917526,4098.91580927835,4099.439092783505,0.332209,7.517823,1590.575625,1598.355126,0.359989,7.16075
random_n15_02,15,max,reference-proposed,388,random,15,natural,5.742301546391753,5.601360824742268,5.760255154639175,0.323948,5.328892,2.228013,7.95708,0.361253,4.969843
random_n15_02,15,min,reference,2,random,15,static,7763536.524,7758038.077,7795225.5725,0.330244,7771.881714,15527.073048,23288.293764,0.35929,7771.52187
random_n15_02,15,min,reference-proposed,2,random,15,static,2505.643,2504.1945,2507.8085,0.326523,6.183573,5.011286,11.589724,0.366508,5.817065
random_n15_02,15,spectrum,reference,2,random,15,high,7775205.752,7737813.0495,7775837.9855,0.335382,7760.409114,15550.411504,23312.407305,0.359143,7760.050158
random_n15_02,15,spectrum,reference-proposed,2,random,15,high,164857.743,164754.0045,164954.4155,0.330082,2744.885212,329.715486,3075.124125,0.359969,2744.525992
random_n15_02,15,spectrum,reference,2,random,15,natural,7805232.096,7773908.198,7805531.0525,0.331319,7784.630367,15610.464192,23395.425878,0.360216,7784.270151
random_n15_02,15,spectrum,reference-proposed,2,random,15,natural,52308.9525,52247.308,52367.334,0.333404,2766.752474,104.617905,2871.412284,0.364225,2766.394187
random_n15_03,15,max,reference,8,random,15,high,4107.934625,4102.327625,4109.823625,0.330062,7.568947,32.863477,40.713198,0.363986,7.202841
random_n15_03,15,max,reference-proposed,8,random,15,high,73.02475,72.78175,74.025125,0.331064,5.281534,0.584198,6.220587,0.36365,4.918707
random_n15_03,15,max,reference,388,random,15,natural,4097.922512886597,4097.6232319587625,4098.659670103093,0.33337,7.528448,1589.993935,1598.14177,0.360062,7.164106
random_n15_03,15,max,reference-proposed,388,random,15,natural,4.1420257731958765,4.0826675257731955,4.143822164948454,0.32446,5.386809,1.607106,7.294878,0.358253,5.028556
random_n15_03,15,min,reference,2,random,15,static,7783649.0555,7744386.303,7791957.5775,0.330063,7743.756369,15567.298111,23311.384543,0.35911,7743.397259
random_n15_03,15,min,reference-proposed,2,random,15,static,2553.8995,2552.5905,2557.168,0.331727,6.089581,5.107799,11.520225,0.359858,5.731943
random_n15_03,15,spectrum,reference,2,random,15,high,7754901.2615,7741424.619,7803816.828,0.32808,7768.939907,15509.802523,23279.07384,0.360218,7768.579689
random_n15_03,15,spectrum,reference-proposed,2,random,15,high,166137.707,166039.9045,166436.2845,0.332379,2763.172735,332.275414,3095.405654,0.359041,2762.810443
random_n15_03,15,spectrum,reference,2,random,15,natural,7784786.7495,7762227.054,7800600.703,0.330323,7783.934703,15569.573499,23379.178259,0.35892,7783.576637
random_n15_03,15,spectrum,reference-proposed,2,random,15,natural,39537.5975,39424.6275,39583.364,0.333421,2746.696062,79.075195,2826.21378,0.35973,2746.336332
random_n15_04,15,max,reference,8,random,15,high,4113.460625,4113.299125,4117.17275,0.333661,7.495228,32.907685,40.771928,0.359741,7.135487
random_n15_04,15,max,reference-proposed,8,random,15,high,106.677625,105.9305,108.194375,0.322766,5.384292,0.853421,6.553123,0.360152,5.025774
random_n15_04,15,max,reference,388,random,15,natural,4104.220273195876,4103.1722706185565,4105.121371134021,0.326701,7.515841,1592.437466,1600.266727,0.362258,7.156898
random_n15_04,15,max,reference-proposed,388,random,15,natural,2.1301494845360827,2.1039613402061854,2.167770618556701,0.331447,5.295494,0.826498,6.463533,0.358589,4.937167
random_n15_04,15,min,reference,2,random,15,static,7775841.812,7764859.388,7783785.0115,0.330195,7776.032413,15551.683624,23330.425703,0.359318,7775.673095
random_n15_04,15,min,reference-proposed,2,random,15,static,2605.1745,2595.824,2612.727,0.334494,6.136967,5.210349,11.709426,0.360545,5.777765
random_n15_04,15,spectrum,reference,2,random,15,high,7785633.123,7764188.9785,7810723.4835,0.331436,7789.40308,15571.266246,23361.002645,0.361736,7789.043309
random_n15_04,15,spectrum,reference-proposed,2,random,15,high,166954.2785,166783.172,166968.212,0.330764,2761.51429,333.908557,3095.778264,0.36367,2761.156831
random_n15_04,15,spectrum,reference,2,random,15,natural,7764255.3955,7758449.376,7773320.8525,0.33325,7755.251075,15528.510791,23284.0967,0.365053,7754.891825
random_n15_04,15,spectrum,reference-proposed,2,random,15,natural,26211.2695,26095.9235,26284.014,0.328799,2755.255052,52.422539,2808.348205,0.365905,2754.895459
random_n15_05,15,max,reference,8,random,15,high,4131.99375,4109.87475,4140.03275,0.327837,7.582015,33.05595,41.036448,0.363932,7.216492
random_n15_05,15,max,reference-proposed,8,random,15,high,88.33375,88.137625,88.643625,0.326405,5.3035,0.70667,6.347636,0.363609,4.940419
random_n15_05,15,max,reference,388,random,15,natural,4099.497270618556,4098.2310412371135,4099.56387886598,0.321613,7.701901,1590.604941,1598.459811,0.358639,7.343262
random_n15_05,15,max,reference-proposed,388,random,15,natural,1.3302371134020619,1.3178634020618556,1.3312242268041237,0.330884,5.384176,0.516132,6.226391,0.361022,5.024435
random_n15_05,15,min,reference,2,random,15,static,7791037.892,7768923.9295,7792708.4335,0.335419,7788.226521,15582.075784,23370.637724,0.360342,7787.860481
random_n15_05,15,min,reference-proposed,2,random,15,static,2546.758,2541.3575,2550.2005,0.334577,6.108106,5.093516,11.511331,0.359805,5.744586
random_n15_05,15,spectrum,reference,2,random,15,high,7765779.5225,7759494.0945,7769566.395,0.332186,7766.282173,15531.559045,23298.173404,0.360694,7765.916569
random_n15_05,15,spectrum,reference-proposed,2,random,15,high,166301.1465,166244.817,166662.4745,0.32897,2746.516824,332.602293,3080.183904,0.35903,2746.158123
random_n15_05,15,spectrum,reference,2,random,15,natural,7765863.82,7756257.9015,7779851.379,0.334075,7762.033265,15531.72764,23293.265948,0.360241,7761.670005
random_n15_05,15,spectrum,reference-proposed,2,random,15,natural,16488.766,16453.8825,16762.228,0.329639,2762.724033,32.977532,2796.579615,0.359023,2762.365815
random_n15_06,15,max,reference,8,random,15,high,4115.86525,4115.60125,4115.94425,0.331516,7.550355,32.926922,40.769735,0.363831,7.183556
random_n15_06,15,max,reference-proposed,8,random,15,high,93.058125,92.709125,93.300875,0.324944,5.298131,0.744465,6.36307,0.358369,4.939871
random_n15_06,15,max,reference,388,random,15,natural,4107.497471649484,4106.428729381443,4107.914471649485,0.329521,7.554313,1593.709019,1601.628531,0.360099,7.193615
random_n15_06,15,max,reference-proposed,388,random,15,natural,4.933737113402063,4.906095360824742,4.998268041237114,0.327353,5.50808,1.91429,7.76403,0.36523,5.142445
random_n15_06,15,min,reference,2,random,15,static,7759842.6125,7758278.2805,7796118.229,0.331141,7784.015096,15519.685225,23306.592964,0.363671,7783.656819
random_n15_06,15,min,reference-proposed,2,random,15,static,2532.0765,2529.7625,2532.08,0.334381,6.164971,5.064153,11.556736,0.363285,5.797633
random_n15_06,15,spectrum,reference,2,random,15,high,7729892.3875,7710783.522,7810711.555,0.328581,7728.794603,15459.784775,23188.898705,0.359898,7728.437649
random_n15_06,15,spectrum,reference-proposed,2,random,15,high,164154.8515,164080.401,164174.969,0.326009,2753.283312,328.309703,3081.766877,0.358705,2752.916418
random_n15_06,15,spectrum,reference,2,random,15,natural,7801441.9915,7791269.411,7801532.901,0.327215,7800.660512,15602.883983,23404.048989,0.359229,7800.301993
random_n15_06,15,spectrum,reference-proposed,2,random,15,natural,51861.3425,51830.4995,51926.875,0.332066,2751.289612,103.722685,2855.344363,0.363841,2750.925771
random_n15_07,15,max,reference,8,random,15,high,4112.054125,4108.3155,4121.92525,0.328533,7.531694,32.896433,40.787039,0.359163,7.17143
random_n15_07,15,max,reference-proposed,8,random,15,high,92.9465,91.224125,93.1425,0.324403,5.339827,0.743572,6.404383,0.359272,4.980555
random_n15_07,15,max,reference,388,random,15,natural,4103.1357680412375,4102.1690515463915,4103.6935,0.329332,7.481519,1592.016678,1599.905266,0.359341,7.122178
random_n15_07,15,max,reference-proposed,388,random,15,natural,5.938278350515464,5.914201030927835,5.972038659793814,0.323609,5.374624,2.304052,8.015384,0.360203,5.010912
random_n15_07,15,min,reference,2,random,15,static,7762211.937,7757019.8285,7790992.121,0.329494,7766.078094,15524.423874,23290.833878,0.359071,7765.712516
random_n15_07,15,min,reference-proposed,2,random,15,static,2521.2455,2517.512,2522.1635,0.32825,6.048843,5.042491,11.42702,0.359574,5.689269
random_n15_07,15,spectrum,reference,2,random,15,high,7748086.8915,7731546.8745,7754313.0195,0.335337,7746.743772,15496.173783,23243.257806,0.360235,7746.383535
random_n15_07,15,spectrum,reference-proposed,2,random,15,high,166272.769,165387.397,166384.4685,0.33266,2748.033506,332.545538,3081.126466,0.359388,2747.667926
random_n15_07,15,spectrum,reference,2,random,15,natural,7742417.589,7736466.914,7803696.391,0.333541,7763.906289,15484.835178,23249.070186,0.360189,7763.546348
random_n15_07,15,spectrum,reference-proposed,2,random,15,natural,64797.2185,64705.204,64988.318,0.336949,2761.563301,129.594437,2891.310815,0.359569,2761.203732
random_n15_08,15,max,reference,8,random,15,high,4113.45175,4108.649125,4114.156,0.325348,7.631901,32.907614,40.819131,0.359748,7.265801
random_n15_08,15,max,reference-proposed,8,random,15,high,91.34475,90.613875,91.704875,0.324824,5.336495,0.730758,6.38669,0.36009,4.977031
random_n15_08,15,max,reference,388,random,15,natural,4102.356345360825,4100.401801546392,4102.440788659794,0.327337,7.557615,1591.714262,1599.570721,0.359521,7.197973
random_n15_08,15,max,reference-proposed,388,random,15,natural,0.946340206185567,0.9268865979381443,1.0058298969072166,0.328386,5.390637,0.36718,6.098527,0.35908,5.031557
random_n15_08,15,min,reference,2,random,15,static,7754683.399,7751778.8865,7763659.763,0.333517,7751.583019,15509.366798,23269.010276,0.359082,7751.223271
random_n15_08,15,min,reference-proposed,2,random,15,static,2505.827,2503.632,2512.6735,0.328627,5.966812,5.011654,11.319088,0.359536,5.600873
random_n15_08,15,spectrum,reference,2,random,15,high,7743067.269,7728635.8645,7763056.5595,0.333861,7753.891876,15486.134538,23240.363296,0.361044,7753.524325
random_n15_08,15,spectrum,reference-proposed,2,random,15,high,164162.823,161063.9165,164608.777,0.333481,2748.767904,328.325646,3073.010979,0.359674,2748.40266
random_n15_08,15,spectrum,reference,2,random,15,natural,7752960.2685,7747779.2965,7758625.7415,0.33261,7754.767484,15505.920537,23261.025019,0.363614,7754.400957
random_n15_08,15,spectrum,reference-proposed,2,random,15,natural,21734.828,21634.094,21806.477,0.32935,2748.967038,43.469656,2792.945466,0.358058,2748.60898
random_n15_09,15,max,reference,8,random,15,high,4107.265375,4106.500625,4113.068125,0.329292,7.570444,32.858123,40.72464,0.360242,7.209811
random_n15_09,15,max,reference-proposed,8,random,15,high,91.499,91.430125,91.676625,0.326855,5.292561,0.731992,6.351408,0.360805,4.927387
random_n15_09,15,max,reference,388,random,15,natural,4101.574412371134,4101.544646907217,4101.743734536082,0.330484,7.682851,1591.410872,1599.226725,0.35938,7.274092
random_n15_09,15,max,reference-proposed,388,random,15,natural,18.528278350515464,18.34176030927835,18.643811855670105,0.327527,5.405791,7.188972,12.845383,0.358608,5.042993
random_n15_09,15,min,reference,2,random,15,static,7757542.6185,7750176.174,7774683.9875,0.327099,7763.079803,15515.085237,23278.491484,0.359896,7762.687356
random_n15_09,15,min,reference-proposed,2,random,15,static,2598.224,2591.994,2603.2605,0.334485,6.213329,5.196448,11.753522,0.361286,5.849337
random_n15_09,15,spectrum,reference,2,random,15,high,7762081.8445,7761495.31,7781603.978,0.328249,7757.684287,15524.163689,23280.993461,0.361094,7757.318706
random_n15_09,15,spectrum,reference-proposed,2,random,15,high,163695.505,163627.911,163713.9715,0.327595,2749.798498,327.39101,3077.514466,0.361576,2749.437217
random_n15_09,15,spectrum,reference,2,random,15,natural,7773406.0735,7771695.4885,7775825.7595,0.331051,7766.037581,15546.812147,23313.180945,0.362112,7765.676875
random_n15_09,15,spectrum,reference-proposed,2,random,15,natural,68930.3795,68748.352,68974.0445,0.328706,2766.286436,137.860759,2904.475901,0.359767,2765.926669
random_n16_00,16,max,reference,6,random,16,high,9017.049833333334,9016.651666666667,9028.629333333334,0.628616,16.495351,54.102299,71.223877,0.776666,15.600357
random_n16_00,16,max,reference-proposed,6,random,16,high,197.839,197.2535,199.5505,0.638641,11.718439,1.187034,13.537411,0.776038,10.942401
random_n16_00,16,max,reference,110,random,16,natural,9006.542363636363,9002.565609090909,9011.915527272728,0.640869,16.512094,990.71966,1008.006049,0.774108,15.737986
random_n16_00,16,max,reference-proposed,110,random,16,natural,5.002827272727273,4.8774727272727265,5.008009090909091,0.639625,11.813236,0.550311,12.98685,0.774409,11.036601
random_n16_00,16,min,reference,2,random,16,static,32184318.6995,31978523.548,32482183.4405,0.64575,32170.449809,64368.637399,96539.743379,0.776544,32169.677601
random_n16_00,16,min,reference-proposed,2,random,16,static,6089.9405,6089.2915,6091.15,0.638576,14.056152,12.179881,26.889687,0.776037,13.281554
random_n16_00,16,spectrum,reference,2,random,16,high,32123108.7505,32026249.659,32140396.8785,0.635262,32150.827614,64246.217501,96397.680377,0.774661,32150.051184
random_n16_00,16,spectrum,reference-proposed,2,random,16,high,662725.371,659952.681,663287.205,0.646602,10894.332309,1325.450742,12223.403863,0.77544,10893.562574
random_n16_00,16,spectrum,reference,2,random,16,natural,32017511.433,31975115.12,32123406.1105,0.647142,31999.95101,64035.022866,96035.599604,0.777101,31999.177778
random_n16_00,16,spectrum,reference-proposed,2,random,16,natural,78351.9175,78281.093,78501.57,0.637149,10893.379,156.703835,11049.890786,0.776268,10892.595357
random_n16_01,16,max,reference,6,random,16,high,9018.216833333334,9009.526333333333,9028.857,0.633378,16.37348,54.109301,71.156226,0.776143,15.604917
random_n16_01,16,max,reference-proposed,6,random,16,high,207.0745,206.14116666666666,207.2345,0.637305,11.622417,1.242447,13.512067,0.77525,10.850501
random_n16_01,16,max,reference,110,random,16,natural,9010.737827272727,9005.0386,9010.957472727272,0.64615,16.353546,991.181161,1008.319167,0.771355,15.583006
random_n16_01,16,max,reference-proposed,110,random,16,natural,2.594936363636364,2.5936272727272724,2.689572727272727,0.637381,11.775423,0.285443,12.725036,0.777389,11.006818
random_n16_01,16,min,reference,2,random,16,static,32050005.8315,31917951.7035,32065706.089,0.653823,32061.813847,64100.011663,96162.466967,0.773114,32061.041707
random_n16_01,16,min,reference-proposed,2,random,16,static,6043.0525,6021.654,6062.2795,0.646876,13.924804,12.086105,26.728812,0.77118,13.154626
random_n16_01,16,spectrum,reference,2,random,16,high,31968095.0105,31945765.6555,32016948.2065,0.645797,31980.244075,63936.190021,95908.805939,0.78118,31979.462876
random_n16_01,16,spectrum,reference-proposed,2,random,16,high,660090.238,659612.2045,660266.4585,0.643763,10826.712671,1320.180476,12146.568118,0.776254,10825.939285
random_n16_01,16,spectrum,reference,2,random,16,natural,31949641.3835,31941047.2435,32419125.4125,0.645505,31966.542822,63899.282767,95849.272757,0.772545,31965.770277
random_n16_01,16,spectrum,reference-proposed,2,random,16,natural,65821.16,65738.1435,65892.301,0.64138,10867.248818,131.64232,10999.659296,0.776417,10866.4706
random_n16_02,16,max,reference,6,random,16,high,9005.135333333334,9002.6095,9012.125,0.639003,16.455419,54.030812,71.125234,0.768034,15.689611
random_n16_02,16,max,reference-proposed,6,random,16,high,161.47483333333335,161.107,161.97416666666666,0.632912,11.653488,0.968849,13.258245,0.771521,10.885464
random_n16_02,16,max,reference,110,random,16,natural,9008.765345454545,9008.008418181818,9011.4184,0.648177,16.557216,990.964188,1008.088815,0.774469,15.782747
random_n16_02,16,max,reference-proposed,110,random,16,natural,7.1803,6.9659818181818185,7.2555272727272735,0.644849,11.696391,0.789833,13.128996,0.774535,10.917661
random_n16_02,16,min,reference,2,random,16,static,31943598.787,31916260.292,32140057.269,0.654391,32022.239021,63887.197574,95896.216432,0.77802,32021.458488
random_n16_02,16,min,reference-proposed,2,random,16,static,6158.4205,6151.8735,6161.607,0.645873,14.208691,12.316841,27.152568,0.775992,13.434394
random_n16_02,16,spectrum,reference,2,random,16,high,32088887.8555,32065012.605,32142529.954,0.640102,32092.308548,64177.775711,96256.991092,0.776375,32091.534623
random_n16_02,16,spectrum,reference-proposed,2,random,16,high,654932.542,654460.73,655075.856,0.638693,10839.863195,1309.865084,12150.654915,0.774798,10839.015036
random_n16_02,16,spectrum,reference,2,random,16,natural,32108188.161,31991760.191,32432698.9095,0.653961,32100.055833,64216.376322,96317.057099,0.778625,32099.283148
random_n16_02,16,spectrum,reference-proposed,2,random,16,natural,68783.5305,68493.2605,68817.5905,0.643544,10895.193978,137.567061,11033.944507,0.776971,10894.417007
random_n16_03,16,max,reference,6,random,16,high,9029.6615,9014.975166666665,9048.019166666667,0.636144,16.433639,54.177969,71.468637,0.772113,15.663748
random_n16_03,16,max,reference-proposed,6,random,16,high,199.87633333333335,198.9995,199.89666666666665,0.640173,11.770973,1.199258,13.611515,0.777098,10.992276
random_n16_03,16,max,reference,110,random,16,natural,9004.898427272728,9004.821927272727,9008.68230909091,0.635062,16.726832,990.538827,1008.020444,0.772849,15.951442
random_n16_03,16,max,reference-proposed,110,random,16,natural,9.569454545454546,9.518609090909091,10.25250909090909,0.645737,11.88447,1.05264,13.591586,0.776146,11.106974
random_n16_03,16,min,reference,2,random,16,static,31926501.8655,31901683.025,31963908.678,0.654975,31958.710693,63853.003731,95812.372805,0.779572,31957.931523
random_n16_03,16,min,reference-proposed,2,random,16,static,5537.2065,5532.817,5544.508,0.646166,13.461146,11.074413,25.186569,0.773209,12.683388
random_n16_03,16,spectrum,reference,2,random,16,high,31988284.7725,31940929.0765,32207833.1585,0.64481,32004.045174,63976.569545,95981.267472,0.777989,32003.265701
random_n16_03,16,spectrum,reference-proposed,2,random,16,high,655486.672,655058.5485,655628.7625,0.640782,10900.887112,1310.973344,12208.983399,0.775233,10900.118093
random_n16_03,16,spectrum,reference,2,random,16,natural,32114199.077,32111014.1985,32213759.4075,0.64536,32067.30622,64228.398154,96312.77057,0.775632,32066.530588
random_n16_03,16,spectrum,reference-proposed,2,random,16,natural,96484.07,96093.3415,96930.7875,0.640688,10878.459874,192.96814,11072.074535,0.77676,10877.678542
random_n16_04,16,max,reference,6,random,16,high,9013.814166666665,9003.868,9031.371,0.641502,16.537437,54.082885,71.397419,0.775911,15.761798
random_n16_04,16,max,reference-proposed,6,random,16,high,189.85066666666665,188.56683333333334,191.05633333333336,0.65259,11.987644,1.139104,13.785335,0.773414,11.208745
random_n16_04,16,max,reference,110,random,16,natural,8998.485590909091,8996.419354545455,8998.59300909091,0.63895,16.48338,989.833415,1007.006915,0.774891,15.671495
random_n16_04,16,max,reference-proposed,110,random,16,natural,9.342681818181818,9.308681818181817,9.382381818181818,0.64317,11.884193,1.027695,13.549507,0.773129,11.108692
random_n16_04,16,min,reference,2,random,16,static,32033371.494,31911576.387,32176620.7005,0.641243,31996.377083,64066.742988,96063.761314,0.780719,31995.600551
random_n16_04,16,min,reference-proposed,2,random,16,static,5921.682,5921.024,5924.775,0.643494,14.014905,11.843364,26.502164,0.77321,13.241695
random_n16_04,16,spectrum,reference,2,random,16,high,31915787.5,31911565.4785,32059704.5985,0.645376,31917.378949,63831.575,95747.85577,0.779439,31916.59772
random_n16_04,16,spectrum,reference-proposed,2,random,16,high,660194.206,660103.7255,661790.571,0.646328,10841.183106,1320.388412,12167.857606,0.777859,10840.405247
random_n16_04,16,spectrum,reference,2,random,16,natural,32114393.6,32050533.2045,32119108.2555,0.638353,32107.602654,64228.7872,96346.469441,0.777178,32106.827618
random_n16_04,16,spectrum,reference-proposed,2,random,16,natural,130576.3945,130471.072,130656.839,0.644112,10893.560733,261.152789,11155.350131,0.776,10892.784733
random_n16_05,16,max,reference,6,random,16,high,9021.009333333333,9019.085166666666,9030.684833333335,0.65702,16.509246,54.126056,71.375126,0.777888,15.729103
random_n16_05,16,max,reference-proposed,6,random,16,high,209.60416666666666,207.03366666666665,212.22733333333335,0.645878,11.846215,1.257625,13.778674,0.77348,11.074372
random_n16_05,16,max,reference,110,random,16,natural,9005.774554545455,9005.152281818182,9005.923236363637,0.644628,16.375106,990.635201,1007.677177,0.779414,15.595692
random_n16_05,16,max,reference-proposed,110,random,16,natural,1.7805272727272727,1.7738181818181817,1.7933363636363635,0.643466,11.678485,0.195858,12.543413,0.768339,10.912075
random_n16_05,16,min,reference,2,random,16,static,32046765.858,31923741.7125,32061128.8005,0.64603,31978.215997,64093.531716,96101.128279,0.773113,31977.44605
random_n16_05,16,min,reference-proposed,2,random,16,static,5844.5175,5839.7505,5855.1755,0.644502,13.790935,11.689035,26.131587,0.773687,13.018269
random_n16_05,16,spectrum,reference,2,random,16,high,32082804.032,31949521.894,32107594.2115,0.649942,32074.91141,64165.608064,96256.147359,0.777865,32074.133505
random_n16_05,16,spectrum,reference-proposed,2,random,16,high,652971.8095,652961.9755,653371.397,0.640605,10860.638465,1305.943619,12167.22379,0.778473,10859.859992
random_n16_05,16,spectrum,reference,2,random,16,natural,31903778.414,31894641.7375,31918021.9965,0.637926,31912.700874,63807.556828,95702.63848,0.776961,31911.922928
random_n16_05,16,spectrum,reference-proposed,2,random,16,natural,40332.7425,40137.5545,40341.181,0.639156,10896.149311,80.665485,10977.014598,0.778902,10895.373222
random_n16_06,16,max,reference,6,random,16,high,9037.219333333334,9030.908,9055.718333333334,0.632754,16.431571,54.223316,71.226148,0.777436,15.654135
random_n16_06,16,max,reference-proposed,6,random,16,high,209.179,209.022,209.4575,0.644009,11.786342,1.255074,13.687096,0.77513,11.017431
random_n16_06,16,max,reference,110,random,16,natural,9005.210372727273,9000.014581818183,9007.045127272728,0.639774,16.422864,990.573141,1007.482128,0.776214,15.64665
random_n16_06,16,max,reference-proposed,110,random,16,natural,2.1716363636363636,2.1549,2.289,0.642078,11.850761,0.23888,12.732162,0.774673,11.079003
random_n16_06,16,min,reference,2,random,16,static,32183146.865,32133713.0585,32458402.3465,0.645978,32174.533013,64366.29373,96541.477881,0.771662,32173.763117
random_n16_06,16,min,reference-proposed,2,random,16,static,5838.6795,5829.3655,5843.2615,0.646594,13.875035,11.677359,26.148192,0.776555,13.097741
random_n16_06,16,spectrum,reference,2,random,16,high,32332915.1875,32269845.5715,32384564.248,0.621981,32357.502749,64665.830375,97023.976417,0.775998,32356.722388
random_n16_06,16,spectrum,reference-proposed,2,random,16,high,654135.503,653693.4845,655268.3515,0.640778,10823.398129,1308.271006,12126.226926,0.77556,10822.624147
random_n16_06,16,spectrum,reference,2,random,16,natural,32017746.0545,31980212.569,32091352.192,0.642136,32047.318493,64035.492109,96083.444492,0.77491,32046.540651
random_n16_06,16,spectrum,reference-proposed,2,random,16,natural,48163.0165,48103.8835,48171.192,0.642609,10850.386058,96.326033,10947.317726,0.775052,10849.616088
random_n16_07,16,max,reference,6,random,16,high,9007.462666666666,8998.0225,9008.152,0.641741,16.558527,54.044776,71.2492,0.774044,15.784483
random_n16_07,16,max,reference-proposed,6,random,16,high,180.19966666666664,179.91683333333333,180.336,0.64183,11.901742,1.081198,13.625588,0.776658,11.125084
random_n16_07,16,max,reference,110,random,16,natural,9011.595972727273,9008.8797,9011.603572727272,0.64282,16.394628,991.275557,1008.279961,0.775145,15.61846
random_n16_07,16,max,reference-proposed,110,random,16,natural,12.493772727272727,12.27000909090909,12.80339090909091,0.63989,11.737055,1.374315,13.783868,0.775407,10.96169
random_n16_07,16,min,reference,2,random,16,static,31973974.2375,31905968.7445,32200268.493,0.646595,32012.105708,63947.948475,95960.673831,0.776527,32011.327345
random_n16_07,16,min,reference-proposed,2,random,16,static,6020.4545,6014.6425,6024.9,0.647315,13.936899,12.040909,26.789907,0.777755,13.157934
random_n16_07,16,spectrum,reference,2,random,16,high,31947751.0215,31936331.584,32011962.578,0.645882,31956.18762,63895.502043,95955.610148,0.777033,31955.40835
random_n16_07,16,spectrum,reference-proposed,2,random,16,high,652854.4855,652400.86,653994.451,0.6421,10842.143213,1305.708971,12152.133259,0.775572,10841.368741
random_n16_07,16,spectrum,reference,2,random,16,natural,32096207.775,32030669.2835,32161715.305,0.644469,32076.467844,64192.41555,96269.533837,0.776763,32075.693976
random_n16_07,16,spectrum,reference-proposed,2,random,16,natural,155220.322,155177.886,155366.89,0.632864,10892.514279,310.440644,11204.670871,0.778449,10891.735933
random_n16_08,16,max,reference,6,random,16,high,9018.958,9010.817166666666,9036.776,0.630858,16.507636,54.113748,71.261871,0.775711,15.730209
random_n16_08,16,max,reference-proposed,6,random,16,high,190.0855,189.78883333333334,190.46683333333334,0.639929,11.751027,1.140513,13.524062,0.774985,10.976042
random_n16_08,16,max,reference,110,random,16,natural,9008.893318181817,9008.682463636364,9010.932663636364,0.64146,16.517075,990.978265,1008.141633,0.776448,15.7488
random_n16_08,16,max,reference-proposed,110,random,16,natural,8.110427272727273,8.10360909090909,8.132109090909092,0.644209,11.913117,0.892147,13.455867,0.772224,11.14704
random_n16_08,16,min,reference,2,random,16,static,31993261.8065,31933752.864,32070673.757,0.641718,32024.470773,63986.523613,96011.632411,0.775053,32023.223188
random_n16_08,16,min,reference-proposed,2,random,16,static,5947.4005,5945.892,5960.0715,0.646449,13.883485,11.894801,26.398047,0.77497,13.109944
random_n16_08,16,spectrum,reference,2,random,16,high,32100203.61,32030515.105,32202395.912,0.649716,32113.849617,64200.40722,96314.919341,0.77693,32113.068781
random_n16_08,16,spectrum,reference-proposed,2,random,16,high,657420.9655,657010.3545,657504.8745,0.641654,10898.201381,1314.841931,12212.868645,0.776484,10897.431692
random_n16_08,16,spectrum,reference,2,random,16,natural,31914068.9935,31903664.524,32299574.4165,0.640238,31940.058293,63828.137987,95768.836219,0.777139,31939.276745
random_n16_08,16,spectrum,reference-proposed,2,random,16,natural,158523.122,158449.716,158562.8775,0.631497,10888.620717,317.046244,11206.31017,0.775481,10887.838877
random_n16_09,16,max,reference,6,random,16,high,9007.679666666667,8999.908666666666,9010.7775,0.633392,16.432632,54.046078,71.065476,0.775641,15.65266
random_n16_09,16,max,reference-proposed,6,random,16,high,189.16533333333334,188.8395,189.43766666666664,0.633794,11.728385,1.134992,13.489358,0.773517,10.956608
random_n16_09,16,max,reference,110,random,16,natural,9008.8761,9005.78900909091,9009.392063636364,0.640631,16.786429,990.976371,1008.240836,0.775783,16.016741
random_n16_09,16,max,reference-proposed,110,random,16,natural,6.476045454545455,6.443654545454546,6.550754545454545,0.642826,11.91625,0.712365,13.289101,0.772733,11.144308
random_n16_09,16,min,reference,2,random,16,static,32064481.918,32005503.8655,32118936.161,0.643239,32058.58061,64128.963836,96188.187685,0.774359,32057.804522
random_n16_09,16,min,reference-proposed,2,random,16,static,6195.784,6189.3675,6209.871,0.645038,14.139777,12.391568,27.15711,0.776688,13.363089
random_n16_09,16,spectrum,reference,2,random,16,high,32054280.561,31973918.4675,32126248.058,0.641138,32063.743086,64108.561122,96172.940063,0.777279,32062.967238
random_n16_09,16,spectrum,reference-proposed,2,random,16,high,655190.8155,653211.0615,656065.0055,0.644689,10816.989404,1310.381631,12124.052644,0.777484,10816.215413
random_n16_09,16,spectrum,reference,2,random,16,natural,31947543.105,31936002.456,32050794.7755,0.639214,31958.874965,63895.08621,95831.519091,0.776416,31958.093284
random_n16_09,16,spectrum,reference-proposed,2,random,16,natural,117395.4485,117251.529,117515.8235,0.643656,10860.106445,234.790897,11096.697092,0.77577,10859.331134
