case,group,n,metric,steps,m,profile,baseline_us,proposed_us,paired_speedup,baseline_total_ms,proposed_total_ms,total_speedup,reference_growth_factor,speedup_over_reference_factor
AES,practical,8,max,1280,8,high,8.87703125,0.8424703124999999,10.53690690139304,11.404678,1.11206,10.255452043954463,8,1.31711336267413
AES,practical,8,max,1664,8,natural,9.184169471153846,0.2637782451923077,34.817766963526964,15.327683,0.486377,31.51399634439951,8,4.3522208704408705
AES,practical,8,min,256,8,static,372.28784375,5.92023046875,62.88401198485859,95.729054,1.553096,61.63756393680752,32.0,1.965125374526831
AES,practical,8,spectrum,128,8,high,392.4195546875,14.5856328125,26.90452719687235,50.659907,2.087512,24.268079417028503,16,1.681532949804522
AES,practical,8,spectrum,256,8,natural,385.77287890625,4.529703125,85.16515724333479,99.181495,1.372089,72.28503034424152,16,5.322822327708424
CLEFIA_S0,practical,8,max,1280,8,high,9.0111671875,0.9542781250000001,9.442914965173282,11.575589,1.290939,8.966797811515494,8,1.1803643706466602
CLEFIA_S0,practical,8,max,1664,8,natural,9.078787860576924,0.23768269230769232,38.19709282333428,15.193194,0.429233,35.39614614906124,8,4.774636602916785
CLEFIA_S0,practical,8,min,256,8,static,328.619484375,6.32594140625,51.94791783090585,84.642619,1.655301,51.13427648506224,32.0,1.6233724322158078
CLEFIA_S0,practical,8,spectrum,128,8,high,389.43071875,14.2469765625,27.334271032285905,50.385698,2.036256,24.74428460861503,16,1.708391939517869
CLEFIA_S0,practical,8,spectrum,256,8,natural,384.49159375,4.2206171875,91.0984286584271,98.825701,1.296891,76.20201003785206,16,5.6936517911516935
CLEFIA_S1,practical,8,max,1280,8,high,8.87254609375,0.80512421875,11.020095889706461,11.401011,1.064337,10.71184314742417,8,1.3775119862133076
CLEFIA_S1,practical,8,max,1664,8,natural,9.037265625,0.26318028846153846,34.33868728478394,15.139215,0.472232,32.05885031086415,8,4.292335910597992
CLEFIA_S1,practical,8,min,256,8,static,341.71080078125,5.23904296875,65.2238973452779,87.904099,1.385107,63.46376056145843,32.0,2.0382467920399345
CLEFIA_S1,practical,8,spectrum,128,8,high,386.617203125,14.54625,26.578479204262266,50.110886,2.072747,24.1760745522729,16,1.6611549502663916
CLEFIA_S1,practical,8,spectrum,256,8,natural,375.94891015625,4.57722265625,82.1347219460491,96.756063,1.381824,70.02054024246213,16,5.133420121628069
MISTY1_FI_key0000,practical,16,max,6,16,high,5117.6425,206.98466666666667,24.72474209039639,44.272607,14.553772,3.0420022383200727,16,1.5452963806497744
MISTY1_FI_key0000,practical,16,max,110,16,natural,5112.5569000000005,100.0151,51.1178502046191,575.576249,24.306235,23.680189424647622,16,3.194865637788694
MISTY1_FI_key0000,practical,16,min,2,16,static,16423872.232,6384.4315,2572.487813832759,49276.92678,28.023219,1758.4320623551491,4096.0,0.6280487826740134
MISTY1_FI_key0000,practical,16,spectrum,2,16,high,16440688.6105,651256.504,25.244567247346833,49329.628562,13838.708507,3.56461215561031,32,0.7888927264795885
MISTY1_FI_key0000,practical,16,spectrum,2,16,natural,16553996.407,74531.252,222.1081219325284,49649.392996,12741.025633,3.8968128960831208,32,6.940878810391513
MISTY1_S9,practical,9,max,640,9,high,17.8543765625,1.6985359375,10.51162720099939,11.545523,1.218076,9.478491489857776,9,1.167958577888821
MISTY1_S9,practical,9,max,2688,9,natural,20.236246279761904,0.32828050595238095,61.64315551133363,54.461413,0.949042,57.38567207773734,9,6.849239501259293
MISTY1_S9,practical,9,min,128,9,static,714.9525,16.009125,44.659061628914756,92.744381,2.122896,43.687670521777804,56.888888888888886,0.7850225676957673
MISTY1_S9,practical,9,spectrum,128,9,high,939.76346875,47.8659375,19.63324062648935,121.117297,6.970532,17.37561738472759,18,1.0907355903605194
MISTY1_S9,practical,9,spectrum,128,9,natural,1448.3159765625,11.830046875,122.42690091306167,186.142224,2.366117,78.66991530849911,18,6.801494495170093
PRESENT,practical,4,max,8960,4,high,0.2901575892857143,0.07430837053571429,3.9047766381347033,2.610554,0.676418,3.8593798509205848,4,0.9761941595336758
PRESENT,practical,4,max,8064,4,natural,0.3252357390873016,0.0928482142857143,3.5028755435885923,2.631982,0.759964,3.4632982614965973,4,0.8757188858971481
PRESENT,practical,4,min,7808,4,static,0.5395411116803278,0.13744249487704918,3.9255771089063884,4.233666,1.082763,3.9100578797022068,4.0,0.9813942772265971
PRESENT,practical,4,spectrum,3712,4,high,1.1058181573275863,0.3346417025862069,3.3044840161327977,4.115501,1.265072,3.2531753133418495,8,0.4130605020165997
PRESENT,practical,4,spectrum,3584,4,natural,1.123693359375,0.24131752232142858,4.656493024481953,4.037381,0.875988,4.608945556331822,8,0.5820616280602441
random_n03_00,random,3,max,15744,3,high,0.0872092225609756,0.028797192581300812,3.028393212802421,1.389621,0.461171,3.013244544865137,3,1.0094644042674736
random_n03_00,random,3,max,11008,3,natural,0.09026862281976744,0.03742550872093023,2.411954463808923,1.004332,0.432307,2.3231916207694994,3,0.803984821269641
random_n03_00,random,3,min,8448,3,static,0.14451089015151516,0.06398011363636363,2.2586844870713265,1.237727,0.548994,2.254536479451506,2.6666666666666665,0.8470066826517475
random_n03_00,random,3,spectrum,9344,3,high,0.22310498715753424,0.05232823202054794,4.263568222024522,2.095729,0.497645,4.211293190929276,6,0.7105947036707536
random_n03_00,random,3,spectrum,6528,3,natural,0.2824522058823529,0.10309895833333332,2.739622305097841,1.865588,0.693818,2.6888722979225097,6,0.45660371751630685
random_n03_01,random,3,max,15744,3,high,0.08173837652439024,0.02982418699186992,2.740674089344737,1.294717,0.47747,2.7116195781933943,3,0.9135580297815791
random_n03_01,random,3,max,11008,3,natural,0.09745939316860465,0.035936864098837215,2.7119615362253624,1.085201,0.406508,2.6695686185757723,3,0.9039871787417875
random_n03_01,random,3,min,8448,3,static,0.13002331912878787,0.056821732954545456,2.288267399954169,1.107398,0.492959,2.2464302305059856,2.6666666666666665,0.8581002749828135
random_n03_01,random,3,spectrum,9344,3,high,0.22876294948630138,0.053023865582191784,4.314339344642803,2.146482,0.503383,4.264113011365103,6,0.7190565574404671
random_n03_01,random,3,spectrum,6528,3,natural,0.2856943933823529,0.09573805147058823,2.9841258412296114,1.875717,0.645575,2.905498199279712,6,0.4973543068716019
random_n03_02,random,3,max,15744,3,high,0.08105024136178862,0.03481561229674796,2.3279855218677086,1.284414,0.563984,2.27739439416721,3,0.7759951739559029
random_n03_02,random,3,max,11008,3,natural,0.09894749273255815,0.036680232558139535,2.697569939768585,1.099067,0.414251,2.6531426598849492,3,0.8991899799228616
random_n03_02,random,3,min,8448,3,static,0.1299285037878788,0.05663577178030303,2.294106705067728,1.10789,0.486779,2.275960959696289,2.6666666666666665,0.860290014400398
random_n03_02,random,3,spectrum,9344,3,high,0.22095580051369862,0.06456731592465753,3.422099824801887,2.072768,0.619675,3.3449275830072214,6,0.5703499708003145
random_n03_02,random,3,spectrum,6528,3,natural,0.2905477941176471,0.07518229166666666,3.864577517879338,1.907,0.511337,3.7294387067628585,6,0.6440962529798896
random_n03_03,random,3,max,15744,3,high,0.08366920731707317,0.051852642276422764,1.61359582933187,1.325687,0.832165,1.5930578671297158,3,0.5378652764439567
random_n03_03,random,3,max,11008,3,natural,0.10808421148255815,0.08099609375,1.3344373349184897,1.199965,0.912062,1.3156616545805,3,0.4448124449728299
random_n03_03,random,3,min,8448,3,static,0.13130587121212123,0.09103172348484849,1.4424188204453368,1.118402,0.785344,1.4240918629288564,2.6666666666666665,0.5409070576670013
random_n03_03,random,3,spectrum,9344,3,high,0.2235224743150685,0.0514296875,4.34617601584821,2.096903,0.488467,4.292824284956814,6,0.724362669308035
random_n03_03,random,3,spectrum,6528,3,natural,0.31549310661764707,0.13623023897058822,2.315881620715363,2.070003,0.910139,2.2743811659537716,6,0.3859802701192272
random_n03_04,random,3,max,15744,3,high,0.08895604674796748,0.04011877540650406,2.217317100201067,1.429641,0.647626,2.207510198787572,3,0.7391057000670224
random_n03_04,random,3,max,11008,3,natural,0.10011746002906977,0.031320585029069765,3.1965386322173464,1.12232,0.35491,3.1622664900960804,3,1.065512877405782
random_n03_04,random,3,min,8448,3,static,0.13041276041666666,0.055278645833333334,2.359188769020587,1.109916,0.474952,2.3369014131954384,2.6666666666666665,0.8846957883827201
random_n03_04,random,3,spectrum,9344,3,high,0.2357712970890411,0.07025224743150685,3.3560676805237977,2.211255,0.673226,3.2845656584861547,6,0.5593446134206329
random_n03_04,random,3,spectrum,6528,3,natural,0.31480882352941175,0.06346124387254902,4.96064691328224,2.076241,0.424469,4.891384294259416,6,0.8267744855470399
random_n03_05,random,3,max,15744,3,high,0.08786248729674798,0.031017594004065042,2.832666108313658,1.391125,0.49627,2.8031615854272873,3,0.9442220361045527
random_n03_05,random,3,max,11008,3,natural,0.10102870639534883,0.03441678779069768,2.9354484506150023,1.132471,0.388562,2.9145181463961993,3,0.9784828168716674
random_n03_05,random,3,min,8448,3,static,0.16640897253787879,0.1254045928030303,1.3269766985269271,1.422742,1.076006,1.3222435562626973,2.6666666666666665,0.49761626194759767
random_n03_05,random,3,spectrum,9344,3,high,0.2264838398972603,0.05254890839041096,4.30996279151231,2.124314,0.498906,4.257944382308491,6,0.7183271319187184
random_n03_05,random,3,spectrum,6528,3,natural,0.2748995098039215,0.061801317401960786,4.448117311415108,1.806542,0.413632,4.36751025065759,6,0.7413528852358513
random_n03_06,random,3,max,15744,3,high,0.08424263211382114,0.0364427718495935,2.3116417286123867,1.335027,0.590003,2.2627461216298896,3,0.7705472428707956
random_n03_06,random,3,max,11008,3,natural,0.09108094113372092,0.0295304324127907,3.084307735848476,1.012462,0.334904,3.0231409597974346,3,1.0281025786161586
random_n03_06,random,3,min,8448,3,static,0.13471969696969696,0.050839607007575754,2.649896505880189,1.146351,0.437461,2.6204644528312238,2.6666666666666665,0.9937111897050709
random_n03_06,random,3,spectrum,9344,3,high,0.22432544948630137,0.05455329623287671,4.112042075857388,2.104276,0.517645,4.065094804354335,6,0.6853403459762313
random_n03_06,random,3,spectrum,6528,3,natural,0.25456357230392157,0.055222120098039215,4.609811645260618,1.672396,0.372468,4.490039412781769,6,0.7683019408767696
random_n03_07,random,3,max,15744,3,high,0.09146684451219513,0.029804052337398374,3.068939870214285,1.45595,0.476943,3.0526708642332525,3,1.022979956738095
random_n03_07,random,3,max,11008,3,natural,0.08441987645348838,0.032813862645348836,2.572689395512368,0.939879,0.381873,2.4612344941904767,3,0.857563131837456
random_n03_07,random,3,min,8448,3,static,0.12955480587121213,0.06039050662878787,2.1452843021762953,1.103149,0.518218,2.1287353970722744,2.6666666666666665,0.8044816133161108
random_n03_07,random,3,spectrum,9344,3,high,0.22507705479452053,0.05399967893835616,4.168118389212265,2.111421,0.512602,4.119026067007152,6,0.6946863982020441
random_n03_07,random,3,spectrum,6528,3,natural,0.24500827205882353,0.07933455882352941,3.088291857824737,1.61441,0.538724,2.9967293085141926,6,0.5147153096374562
random_n03_08,random,3,max,15744,3,high,0.08104039634146341,0.027190485264227644,2.9804689233730524,1.283678,0.437909,2.9313807206520077,3,0.9934896411243508
random_n03_08,random,3,max,11008,3,natural,0.09740098110465116,0.044832576308139534,2.1725492738851955,1.081972,0.513553,2.106836100655628,3,0.7241830912950652
random_n03_08,random,3,min,8448,3,static,0.1496233428030303,0.06730823863636363,2.2229573353030143,1.28153,0.576549,2.2227599041885426,2.6666666666666665,0.8336090007386304
random_n03_08,random,3,spectrum,9344,3,high,0.21947474315068494,0.09094081763698629,2.413379919529368,2.064839,0.866419,2.383187580143095,6,0.402229986588228
random_n03_08,random,3,spectrum,6528,3,natural,0.31733609068627455,0.06970557598039215,4.552520888365368,2.094423,0.475465,4.404999316458625,6,0.758753481394228
random_n03_09,random,3,max,15744,3,high,0.08216260162601625,0.03227794715447155,2.545471718904963,1.309414,0.524572,2.4961568669315173,3,0.8484905729683211
random_n03_09,random,3,max,11008,3,natural,0.09723210392441861,0.031834938226744186,3.0542576596782895,1.080474,0.360442,2.997636235510845,3,1.0180858865594298
random_n03_09,random,3,min,8448,3,static,0.1299183238636364,0.05400213068181818,2.4057999605444866,1.105821,0.464269,2.3818540544382674,2.6666666666666665,0.9021749852041825
random_n03_09,random,3,spectrum,9344,3,high,0.21995965325342465,0.053312928082191784,4.125822031652735,2.072041,0.505945,4.095387838599057,6,0.6876370052754558
random_n03_09,random,3,spectrum,6528,3,natural,0.28792386642156864,0.06775750612745098,4.249327976740874,1.890883,0.452595,4.177869839481214,6,0.7082213294568124
random_n04_00,random,4,max,8960,4,high,0.24909832589285713,0.08194174107142857,3.039944265715788,2.242465,0.756289,2.965090064776825,4,0.759986066428947
random_n04_00,random,4,max,8064,4,natural,0.3298106398809524,0.07102926587301588,4.643306330528301,2.670308,0.586341,4.554189456306142,4,1.1608265826320752
random_n04_00,random,4,min,7808,4,static,0.5410646772540983,0.13242072233606558,4.085951712912052,4.245441,1.042511,4.072322498275797,4.0,1.021487928228013
random_n04_00,random,4,spectrum,3712,4,high,1.137250808189655,0.2230994073275862,5.097507079074316,4.246183,0.839812,5.0561113677823135,8,0.6371883848842895
random_n04_00,random,4,spectrum,3584,4,natural,1.1857240513392857,0.23372293526785715,5.073203663048266,4.296803,0.848999,5.061022451145408,8,0.6341504578810333
random_n04_01,random,4,max,8960,4,high,0.29527767857142856,0.07160424107142857,4.123745663010035,2.667568,0.653702,4.080709558789785,4,1.0309364157525087
random_n04_01,random,4,max,8064,4,natural,0.27354117063492067,0.07790972222222223,3.511001744489578,2.216981,0.654184,3.3889257456617714,4,0.8777504361223945
random_n04_01,random,4,min,7808,4,static,0.5003883196721312,0.11357056864754098,4.405968250674648,3.922556,0.895619,4.379715035076299,4.0,1.101492062668662
random_n04_01,random,4,spectrum,3712,4,high,1.104486260775862,0.2218515625,4.978492142807704,4.112492,0.83494,4.925494047476465,8,0.622311517850963
random_n04_01,random,4,spectrum,3584,4,natural,1.1030262276785714,0.206626953125,5.338249492607531,3.965374,0.751487,5.276703389413257,8,0.6672811865759414
random_n04_02,random,4,max,8960,4,high,0.2809607142857143,0.07156941964285714,3.925708992580256,2.527903,0.660882,3.8250444103485948,4,0.981427248145064
random_n04_02,random,4,max,8064,4,natural,0.329359623015873,0.09201810515873017,3.5792915149440585,2.676213,0.752407,3.5568688223262144,4,0.8948228787360146
random_n04_02,random,4,min,7808,4,static,0.5012517930327869,0.1409546618852459,3.5561207151904366,3.924118,1.109415,3.537105591685708,4.0,0.8890301787976091
random_n04_02,random,4,spectrum,3712,4,high,1.0960296336206898,0.22169962284482758,4.9437595768389055,4.081683,0.834236,4.892719805906243,8,0.6179699471048632
random_n04_02,random,4,spectrum,3584,4,natural,1.1274324776785714,0.2641068638392857,4.268849590992215,4.052746,0.969101,4.181964521757794,8,0.5336061988740268
random_n04_03,random,4,max,8960,4,high,0.28643895089285715,0.07552165178571428,3.792805693731398,2.577138,0.687188,3.750266302671176,4,0.9482014234328495
random_n04_03,random,4,max,8064,4,natural,0.33811383928571426,0.09463454861111112,3.572837238069903,2.765069,0.773437,3.575041018208335,4,0.8932093095174758
random_n04_03,random,4,min,7808,4,static,0.4840259989754098,0.1345375256147541,3.5977025500038553,3.790911,1.060893,3.57332077787298,4.0,0.8994256375009638
random_n04_03,random,4,spectrum,3712,4,high,1.1100110452586207,0.3090474137931034,3.5917176320450777,4.132288,1.170077,3.5316376614530496,8,0.4489647040056347
random_n04_03,random,4,spectrum,3584,4,natural,1.1415239955357142,0.2363777901785714,4.829235414517374,4.111286,0.858795,4.787272864886265,8,0.6036544268146717
random_n04_04,random,4,max,8960,4,high,0.28092500000000004,0.10031127232142857,2.80053271680005,2.527853,0.920549,2.7460276422004695,4,0.7001331792000125
random_n04_04,random,4,max,8064,4,natural,0.35172767857142856,0.09163182043650794,3.8384883864131245,2.858211,0.749312,3.8144471194909464,4,0.9596220966032811
random_n04_04,random,4,min,7808,4,static,0.4922967469262295,0.15061321721311474,3.268615836216016,3.853796,1.184698,3.252977552085004,4.0,0.817153959054004
random_n04_04,random,4,spectrum,3712,4,high,1.154889816810345,0.22610587284482758,5.107739141313349,4.298979,0.85037,5.055421757587874,8,0.6384673926641686
random_n04_04,random,4,spectrum,3584,4,natural,1.16959375,0.23930580357142858,4.8874441511440265,4.205005,0.871654,4.824167616967283,8,0.6109305188930033
random_n04_05,random,4,max,8960,4,high,0.2598584821428572,0.08004308035714286,3.2464827813147497,2.339829,0.739337,3.164766540833206,4,0.8116206953286874
random_n04_05,random,4,max,8064,4,natural,0.3148557787698413,0.061864831349206346,5.089414646466672,2.550002,0.510244,4.997612906766174,4,1.272353661616668
random_n04_05,random,4,min,7808,4,static,0.49530724897540984,0.14649884733606558,3.3809634545395735,3.877473,1.152483,3.3644513628400596,4.0,0.8452408636348934
random_n04_05,random,4,spectrum,3712,4,high,1.1009727909482758,0.2347957974137931,4.689065149696751,4.099109,0.893684,4.586754378505154,8,0.5861331437120939
random_n04_05,random,4,spectrum,3584,4,natural,1.1910262276785712,0.23721651785714287,5.02084019459317,4.293887,0.861179,4.986056325107788,8,0.6276050243241462
random_n04_06,random,4,max,8960,4,high,0.2782006696428571,0.08501941964285714,3.2722014665767007,2.503425,0.798268,3.136070843375909,4,0.8180503666441752
random_n04_06,random,4,max,8064,4,natural,0.3273654513888889,0.0905171130952381,3.61661392188292,2.661757,0.740554,3.594278067500817,4,0.90415348047073
random_n04_06,random,4,min,7808,4,static,0.5042069672131148,0.14127740778688525,3.568914344561751,3.957396,1.111604,3.560077149776359,4.0,0.8922285861404378
random_n04_06,random,4,spectrum,3712,4,high,1.179264547413793,0.22070662715517242,5.343131570692195,4.401957,0.830616,5.299629431650727,8,0.6678914463365244
random_n04_06,random,4,spectrum,3584,4,natural,1.1695890066964287,0.23805357142857142,4.91313362650964,4.217136,0.864229,4.879651110990258,8,0.614141703313705
random_n04_07,random,4,max,8960,4,high,0.2873989955357143,0.07089620535714286,4.0537994112368745,2.587163,0.656779,3.939168274259682,4,1.0134498528092186
random_n04_07,random,4,max,8064,4,natural,0.326772941468254,0.09058122519841269,3.607512933861047,2.657158,0.741793,3.5820747836660627,4,0.9018782334652617
random_n04_07,random,4,min,7808,4,static,0.4966933913934426,0.13181582991803278,3.768086061456368,3.888907,1.038009,3.7465060514889563,4.0,0.942021515364092
random_n04_07,random,4,spectrum,3712,4,high,1.2078494073275863,0.25903556034482755,4.66287101940637,4.508355,0.984052,4.581419477832472,8,0.5828588774257962
random_n04_07,random,4,spectrum,3584,4,natural,1.1711791294642857,0.2359525669642857,4.963621055419829,4.210125,0.856529,4.915332697433478,8,0.6204526319274786
random_n04_08,random,4,max,8960,4,high,0.2838337053571428,0.0705453125,4.02342402774306,2.553614,0.64246,3.974743952930922,4,1.005856006935765
random_n04_08,random,4,max,8064,4,natural,0.3269512648809524,0.0917718253968254,3.562654044062007,2.646919,0.761328,3.4767130592858795,4,0.8906635110155018
random_n04_08,random,4,min,7808,4,static,0.5151470286885247,0.1346516393442623,3.82577613757419,4.047156,1.05996,3.8182157817276123,4.0,0.9564440343935475
random_n04_08,random,4,spectrum,3712,4,high,1.1586031788793103,0.23433997844827587,4.944112338625311,4.313504,0.892823,4.831309229264927,8,0.6180140423281639
random_n04_08,random,4,spectrum,3584,4,natural,1.1709773995535713,0.23972795758928572,4.88460925179094,4.20868,0.870992,4.8320535665080735,8,0.6105761564738675
random_n04_09,random,4,max,8960,4,high,0.2738515625,0.07086071428571428,3.864645809183005,2.464946,0.645346,3.8195727563198654,4,0.9661614522957512
random_n04_09,random,4,max,8064,4,natural,0.31419878472222224,0.06597222222222222,4.762592105263158,2.545466,0.542424,4.692760644809226,4,1.1906480263157895
random_n04_09,random,4,min,7808,4,static,0.4909121413934426,0.11452574282786886,4.286478561691401,3.843383,0.90409,4.251106637613512,4.0,1.0716196404228502
random_n04_09,random,4,spectrum,3712,4,high,1.0930953663793102,0.2267790948275862,4.8200887617545165,4.069498,0.852569,4.773218355347192,8,0.6025110952193146
random_n04_09,random,4,spectrum,3584,4,natural,1.1199969308035713,0.23553487723214286,4.755121381449185,4.028011,0.855092,4.7106171031888975,8,0.5943901726811481
random_n05_00,random,5,max,5760,5,high,0.6807036458333333,0.13693767361111112,4.970901198208329,3.94556,0.800087,4.931413708759172,5,0.9941802396416659
random_n05_00,random,5,max,6400,5,natural,0.7136960937500001,0.11717359375,6.090929456962227,4.592242,0.761108,6.0336272907392905,5,1.2181858913924455
random_n05_00,random,5,min,2816,5,static,2.2893316761363636,0.3659747869318182,6.255435505077213,6.483914,1.055531,6.142798269307107,6.4,0.9774117976683145
random_n05_00,random,5,spectrum,1792,5,high,4.110073660714285,0.6110184151785715,6.726595399768937,7.393517,1.124574,6.574504656874515,10,0.6726595399768937
random_n05_00,random,5,spectrum,2048,5,natural,4.17711279296875,0.44429931640625,9.401573756078799,8.572568,0.924448,9.273174910865727,10,0.9401573756078798
random_n05_01,random,5,max,5760,5,high,0.710426388888889,0.1415947916666667,5.017320061894147,4.115501,0.828155,4.969481558403922,5,1.0034640123788294
random_n05_01,random,5,max,6400,5,natural,0.7174189062499999,0.1128084375,6.3596209835811255,4.605663,0.733343,6.280366758801816,5,1.2719241967162251
random_n05_01,random,5,min,2816,5,static,2.3853345170454543,0.36301242897727276,6.5709444818893346,6.753496,1.047571,6.446814583450668,6.4,1.0267100752952085
random_n05_01,random,5,spectrum,1792,5,high,4.090949776785714,0.5515435267857144,7.4172745723750095,7.350567,1.002819,7.329904000622246,10,0.741727457237501
random_n05_01,random,5,spectrum,2048,5,natural,4.253794921875,0.60279736328125,7.056757678434448,8.730174,1.264267,6.905324587290501,10,0.7056757678434449
random_n05_02,random,5,max,5760,5,high,0.7230362847222223,0.15580798611111113,4.640559850421303,4.176506,0.920648,4.536485171314117,5,0.9281119700842606
random_n05_02,random,5,max,6400,5,natural,0.7182000000000001,0.11348953125,6.328337002449291,4.608287,0.738525,6.239852408516977,5,1.2656674004898583
random_n05_02,random,5,min,2816,5,static,2.2316409801136365,0.3276008522727272,6.812073181835921,6.31495,0.935545,6.750022714032997,6.4,1.0643864346618626
random_n05_02,random,5,spectrum,1792,5,high,4.189090401785714,0.6483097098214285,6.46155739814473,7.526776,1.19135,6.317854534771478,10,0.6461557398144729
random_n05_02,random,5,spectrum,2048,5,natural,4.2142216796875,0.43658984375,9.652587525834997,8.650722,0.911255,9.493195647760507,10,0.9652587525834997
random_n05_03,random,5,max,5760,5,high,0.7215065972222222,0.14576909722222223,4.949654014268189,4.168417,0.851196,4.8971294507962915,5,0.9899308028536378
random_n05_03,random,5,max,6400,5,natural,0.71376296875,0.11491234375,6.211368991853845,4.57992,0.746715,6.133424398867038,5,1.242273798370769
random_n05_03,random,5,min,2816,5,static,2.255905184659091,0.39663991477272725,5.687539505326169,6.371172,1.140682,5.585405923824519,6.4,0.8886780477072138
random_n05_03,random,5,spectrum,1792,5,high,4.315034040178571,0.7312472098214285,5.900923767261017,7.768263,1.340144,5.796588277080672,10,0.5900923767261017
random_n05_03,random,5,spectrum,2048,5,natural,4.18138623046875,0.45203125,9.250214958520566,8.580829,0.940845,9.120342883259196,10,0.9250214958520566
random_n05_04,random,5,max,5760,5,high,0.7006119791666666,0.1435390625,4.8809847783885765,4.073799,0.850028,4.792546833751359,5,0.9761969556777153
random_n05_04,random,5,max,6400,5,natural,0.72577375,0.11797390625,6.151985409909236,4.669259,0.771658,6.050943552713767,5,1.2303970819818473
random_n05_04,random,5,min,2816,5,static,2.2754840198863637,0.38242862215909096,5.950088168190922,6.431626,1.101436,5.83930977378622,6.4,0.9297012762798315
random_n05_04,random,5,spectrum,1792,5,high,4.0991953125,0.5512472098214286,7.436219611574807,7.363419,1.002448,7.345437369319905,10,0.7436219611574807
random_n05_04,random,5,spectrum,2048,5,natural,4.1804697265625,0.457830078125,9.13105085555589,8.579834,0.966703,8.875356753832357,10,0.9131050855555889
random_n05_05,random,5,max,5760,5,high,0.68715625,0.13741059027777777,5.000751751454545,3.976813,0.803263,4.950823080360978,5,1.000150350290909
random_n05_05,random,5,max,6400,5,natural,0.7067659374999999,0.1178840625,5.995432482656423,4.544019,0.766045,5.931791213309923,5,1.1990864965312846
random_n05_05,random,5,min,2816,5,static,2.300297940340909,0.36700639204545454,6.26773263408451,6.496773,1.046525,6.207948209550656,6.4,0.9793332240757047
random_n05_05,random,5,spectrum,1792,5,high,4.4354453125,0.5502896205357143,8.060201659231796,7.98391,1.008081,7.919909213644538,10,0.8060201659231796
random_n05_05,random,5,spectrum,2048,5,natural,4.3765439453125,0.49747802734375,8.797461806867648,8.981084,1.048283,8.567423109980796,10,0.8797461806867648
random_n05_06,random,5,max,5760,5,high,0.6905946180555556,0.1480640625,4.664160947600337,3.989873,0.876172,4.553755427016613,5,0.9328321895200673
random_n05_06,random,5,max,6400,5,natural,0.7147162499999999,0.119068125,6.002582555154874,4.585991,0.773542,5.928561086534409,5,1.2005165110309748
random_n05_06,random,5,min,2816,5,static,2.285454190340909,0.35791086647727277,6.385540100627357,6.471944,1.033156,6.264246638455374,6.4,0.9977406407230245
random_n05_06,random,5,spectrum,1792,5,high,4.099657366071429,0.5491780133928571,7.465079202176143,7.364868,0.99849,7.376005768710754,10,0.7465079202176143
random_n05_06,random,5,spectrum,2048,5,natural,4.23682470703125,0.45507666015625,9.310134045495856,8.712559,0.946501,9.205018272563896,10,0.9310134045495856
random_n05_07,random,5,max,5760,5,high,0.6576480902777778,0.12524461805555556,5.250908985055634,3.800612,0.732855,5.18603543675079,5,1.050181797011127
random_n05_07,random,5,max,6400,5,natural,0.7138759375,0.11979078124999999,5.959356221328592,4.581525,0.777848,5.8900003599675,5,1.1918712442657184
random_n05_07,random,5,min,2816,5,static,2.2395465198863636,0.3209865056818182,6.977073740621176,6.324064,0.915705,6.906224166079687,6.4,1.0901677719720586
random_n05_07,random,5,spectrum,1792,5,high,4.103749441964285,0.5410329241071429,7.585027193560597,7.371179,0.984495,7.487269107511973,10,0.7585027193560597
random_n05_07,random,5,spectrum,2048,5,natural,4.1954208984375,0.59514892578125,7.049363137016814,8.609562,1.248969,6.893335222891841,10,0.7049363137016814
random_n05_08,random,5,max,5760,5,high,0.691907986111111,0.1374892361111111,5.0324520353866085,3.999252,0.809017,4.943347296781155,5,1.0064904070773217
random_n05_08,random,5,max,6400,5,natural,0.714309375,0.15697578125,4.550443191376059,4.583398,1.02813,4.457994611576357,5,0.9100886382752117
random_n05_08,random,5,min,2816,5,static,2.2604030539772726,0.35550958806818184,6.3582056007551575,6.401087,1.012652,6.321112287340567,6.4,0.9934696251179933
random_n05_08,random,5,spectrum,1792,5,high,4.274247767857143,0.5520837053571429,7.742028475722051,7.695344,1.003597,7.667763056286537,10,0.7742028475722051
random_n05_08,random,5,spectrum,2048,5,natural,4.19716162109375,0.44477685546875,9.436555813297355,8.612907,0.925147,9.309771312018523,10,0.9436555813297355
random_n05_09,random,5,max,5760,5,high,0.7296493055555555,0.1457642361111111,5.005681263265213,4.214878,0.851205,4.951660293348841,5,1.0011362526530427
random_n05_09,random,5,max,6400,5,natural,0.70169640625,0.11469703125,6.117825357838108,4.506705,0.745217,6.047506967769119,5,1.2235650715676216
random_n05_09,random,5,min,2816,5,static,2.280834161931818,0.35592933238636365,6.408109572312398,6.44065,1.015888,6.339921329910384,6.4,1.0012671206738122
random_n05_09,random,5,spectrum,1792,5,high,4.300239397321429,0.5751222098214286,7.477088041264522,7.742243,1.060077,7.303472294937067,10,0.7477088041264521
random_n05_09,random,5,spectrum,2048,5,natural,4.18658837890625,0.4506064453125,9.291008645033495,8.614017,0.937089,9.192314710769201,10,0.9291008645033495
random_n06_00,random,6,max,3456,6,high,1.5935101273148147,0.24621383101851851,6.47205772609485,5.521774,0.863976,6.3911196607313165,6,1.0786762876824751
random_n06_00,random,6,max,4992,6,natural,1.6704122596153845,0.1696308092948718,9.847340035451236,8.368747,0.872857,9.587764089650426,6,1.6412233392418727
random_n06_00,random,6,min,1152,6,static,9.466084201388888,0.8908723958333333,10.625634204923584,10.941654,1.039656,10.524302269212125,10.666666666666666,0.996153206711586
random_n06_00,random,6,spectrum,768,6,high,16.441266927083333,1.5003828125,10.958048032880496,12.66413,1.174756,10.780221594952485,12,0.913170669406708
random_n06_00,random,6,spectrum,1152,6,natural,17.72130729166667,0.9127222222222222,19.415882357416766,20.474026,1.073667,19.069251453197314,12,1.6179901964513972
random_n06_01,random,6,max,3456,6,high,1.5703842592592594,0.23659635416666666,6.637398385915222,5.441511,0.830878,6.549109496219661,6,1.1062330643192035
random_n06_01,random,6,max,4992,6,natural,1.7169457131410257,0.1468515625,11.691708851521588,8.600762,0.746163,11.52665302353507,6,1.9486181419202646
random_n06_01,random,6,min,1152,6,static,9.564457465277778,0.9009774305555556,10.61564600944576,11.09462,1.065458,10.413005486842279,10.666666666666666,0.99521681338554
random_n06_01,random,6,spectrum,768,6,high,15.562067708333334,1.5709440104166668,9.906188638897293,11.988745,1.250817,9.584731419544186,12,0.8255157199081077
random_n06_01,random,6,spectrum,1152,6,natural,16.414629340277777,0.8715842013888889,18.833096462878398,18.946338,1.025905,18.467926367451177,12,1.5694247052398664
random_n06_02,random,6,max,3456,6,high,1.6230101273148148,0.27858651620370367,5.825874666985184,5.638662,0.989115,5.700714274882092,6,0.9709791111641973
random_n06_02,random,6,max,4992,6,natural,1.6585164262820513,0.1555761217948718,10.660481873104002,8.293677,0.803027,10.328017613355467,6,1.7767469788506671
random_n06_02,random,6,min,1152,6,static,9.528763020833335,0.8498411458333334,11.212404891845598,11.052116,0.992879,11.131382575318845,10.666666666666666,1.051162958610525
random_n06_02,random,6,spectrum,768,6,high,16.357494791666667,1.459953125,11.204123277359791,12.59888,1.143636,11.016512246903734,12,0.9336769397799826
random_n06_02,random,6,spectrum,1152,6,natural,17.456578125,0.8938307291666666,19.53007158444313,20.147956,1.056625,19.06821814740329,12,1.627505965370261
random_n06_03,random,6,max,3456,6,high,1.592828125,0.2574754050925926,6.186331173756932,5.519138,0.916085,6.024700764667034,6,1.0310551956261553
random_n06_03,random,6,max,4992,6,natural,1.6880366586538462,0.18121053685897437,9.315333908908107,8.441955,0.930663,9.070904290812035,6,1.5525556514846846
random_n06_03,random,6,min,1152,6,static,9.356204861111111,0.9441822916666667,9.909320417983668,10.816125,1.10158,9.818737631402167,10.666666666666666,0.9289987891859689
random_n06_03,random,6,spectrum,768,6,high,15.71800390625,1.4574361979166668,10.78469433428243,12.109174,1.141693,10.606331124041226,12,0.8987245278568691
random_n06_03,random,6,spectrum,1152,6,natural,16.968902777777778,0.8952552083333334,18.95426311941621,19.624652,1.052813,18.64020676036485,12,1.5795219266180176
random_n06_04,random,6,max,3456,6,high,1.576324074074074,0.23834027777777778,6.613754455484009,5.46215,0.836905,6.526606962558475,6,1.1022924092473347
random_n06_04,random,6,max,4992,6,natural,1.6539072516025641,0.14570372596153847,11.351166489998667,8.270528,0.741251,11.157526937569056,6,1.8918610816664445
random_n06_04,random,6,min,1152,6,static,9.362559027777777,0.8712300347222222,10.74636853028475,10.822793,1.017318,10.638554512944824,10.666666666666666,1.0074720497141954
random_n06_04,random,6,spectrum,768,6,high,15.608345052083333,1.4592278645833332,10.696304142012892,12.024435,1.142928,10.52072833984293,12,0.8913586785010743
random_n06_04,random,6,spectrum,1152,6,natural,16.484069444444444,0.8986649305555555,18.342842681369547,19.042129,1.062588,17.92051952403001,12,1.5285702234474623
random_n06_05,random,6,max,3456,6,high,1.5488075810185185,0.2311484375,6.700489078661924,5.367854,0.812641,6.60544324000389,6,1.1167481797769874
random_n06_05,random,6,max,4992,6,natural,1.6666268028846154,0.14534254807692307,11.466888567293777,8.334204,0.73867,11.282716233229994,6,1.911148094548963
random_n06_05,random,6,min,1152,6,static,9.406605902777777,1.1488506944444443,8.187840202617954,10.875282,1.351761,8.045269836901642,10.666666666666666,0.7676100189954332
random_n06_05,random,6,spectrum,768,6,high,15.639928385416667,1.4538203125,10.757813913414191,12.048511,1.138034,10.587127449619256,12,0.8964844927845159
random_n06_05,random,6,spectrum,1152,6,natural,16.48997829861111,0.8698585069444444,18.957081142467093,19.033842,1.026389,18.54447193023308,12,1.5797567618722577
random_n06_06,random,6,max,3456,6,high,1.5781961805555556,0.30405960648148145,5.190417098864708,5.46938,1.077071,5.078012498711785,6,0.8650695164774512
random_n06_06,random,6,max,4992,6,natural,1.6691033653846155,0.14790164262820513,11.285225341143805,8.346848,0.751395,11.108468914485723,6,1.8808708901906341
random_n06_06,random,6,min,1152,6,static,9.384190104166667,0.8668758680555555,10.82529858077127,10.848436,1.012123,10.718495676908832,10.666666666666666,1.0148717419473066
random_n06_06,random,6,spectrum,768,6,high,15.59994921875,1.4457083333333332,10.790523136005996,12.017647,1.132004,10.616258423115113,12,0.899210261333833
random_n06_06,random,6,spectrum,1152,6,natural,16.79976736111111,0.8887404513888889,18.902894917022273,19.445696,1.04606,18.58946523143988,12,1.5752412430851894
random_n06_07,random,6,max,3456,6,high,1.5773240740740742,0.24066840277777776,6.553930868650436,5.465736,0.844851,6.4694673972096854,6,1.0923218114417395
random_n06_07,random,6,max,4992,6,natural,1.6516532451923076,0.14612920673076923,11.302690831924789,8.259506,0.744793,11.089666524792793,6,1.8837818053207982
random_n06_07,random,6,min,1152,6,static,9.402725694444445,1.052099826388889,8.93710412130503,10.886849,1.239864,8.780679977804017,10.666666666666666,0.8378535113723465
random_n06_07,random,6,spectrum,768,6,high,15.75988671875,1.4382174479166667,10.957930416974861,12.178727,1.126151,10.814470705971047,12,0.9131608680812384
random_n06_07,random,6,spectrum,1152,6,natural,16.497283854166668,0.8925789930555555,18.48271579604591,19.044293,1.050192,18.134105953958894,12,1.540226316337159
random_n06_08,random,6,max,3456,6,high,1.598741898148148,0.3506889467592592,4.558860246158975,5.55472,1.238813,4.483905157598443,6,0.7598100410264959
random_n06_08,random,6,max,4992,6,natural,1.6712900641025643,0.1451716746794872,11.512507986096258,8.357513,0.737788,11.3277974160599,6,1.9187513310160431
random_n06_08,random,6,min,1152,6,static,9.440885416666665,0.9725043402777779,9.707808002142233,10.913864,1.134493,9.620036439184728,10.666666666666666,0.9101070002008343
random_n06_08,random,6,spectrum,768,6,high,16.023110677083334,1.4604661458333332,10.971230468297259,12.381072,1.143298,10.829260612718643,12,0.9142692056914382
random_n06_08,random,6,spectrum,1152,6,natural,16.7182109375,0.871953125,19.17329092375235,19.296856,1.028074,18.769909559039522,12,1.5977742436460292
random_n06_09,random,6,max,3456,6,high,1.579919849537037,0.24130642361111113,6.547359269984591,5.475318,0.846715,6.466541870641243,6,1.0912265449974319
random_n06_09,random,6,max,4992,6,natural,1.6560576923076924,0.15264383012820515,10.849162333759406,8.282165,0.788058,10.509588126762244,6,1.8081937222932343
random_n06_09,random,6,min,1152,6,static,9.347263020833333,0.9239036458333334,10.117140529738231,10.804471,1.09177,9.89628859558332,10.666666666666666,0.9484819246629592
random_n06_09,random,6,spectrum,768,6,high,15.658234375,1.4561002604166668,10.753541360207816,12.062107,1.141579,10.566160554810487,12,0.8961284466839846
random_n06_09,random,6,spectrum,1152,6,natural,16.55105295138889,0.92384375,17.915424498340645,19.142638,1.108731,17.265358324065986,12,1.492952041528387
random_n07_00,random,7,max,2176,7,high,3.60796875,0.4573469669117647,7.888909320559855,7.872038,1.012537,7.7745682380001915,7,1.126987045794265
random_n07_00,random,7,max,2176,7,natural,3.8897504595588233,0.1921594669117647,20.24230459249197,8.485166,0.437164,19.40957169391807,7,2.8917577989274243
random_n07_00,random,7,min,384,7,static,45.698559895833334,2.3683828125,19.295259049610813,17.720197,0.930077,19.052397812224147,18.285714285714285,1.0552094792755915
random_n07_00,random,7,spectrum,256,7,high,68.78943359375,4.67313671875,14.7201842646175,17.724699,1.259458,14.073275170748053,14,1.0514417331869643
random_n07_00,random,7,spectrum,640,7,natural,72.895625,1.901046875,38.344990835641546,46.775531,1.279395,36.56066422019783,14,2.738927916831539
random_n07_01,random,7,max,2176,7,high,3.600893382352941,0.4104462316176471,8.773118389127685,7.879238,0.9101,8.657551917371718,7,1.2533026270182408
random_n07_01,random,7,max,2176,7,natural,3.8941773897058822,0.1969342830882353,19.773994292101584,8.497385,0.445678,19.066198017402698,7,2.8248563274430833
random_n07_01,random,7,min,384,7,static,45.92457291666666,2.42453125,18.941629610534683,17.793376,0.951366,18.702976562122252,18.285714285714285,1.0358703693261155
random_n07_01,random,7,spectrum,256,7,high,69.03397265625,4.9216875,14.026484342260657,17.907749,1.321374,13.552369730295888,14,1.001891738732904
random_n07_01,random,7,spectrum,640,7,natural,73.1008421875,2.0412375,35.81202196584181,46.905467,1.367934,34.28927638321732,14,2.5580015689887006
random_n07_02,random,7,max,2176,7,high,3.6372849264705884,0.4271888786764706,8.514465399332805,7.93569,0.948857,8.363420410030173,7,1.2163521999046865
random_n07_02,random,7,max,2176,7,natural,3.8066861213235295,0.19811167279411765,19.214850228837996,8.304567,0.449313,18.482810423913843,7,2.7449786041197135
random_n07_02,random,7,min,384,7,static,45.321484375,2.2291901041666664,20.330919417903317,17.517965,0.876113,19.995097664342385,18.285714285714285,1.1118471556665876
random_n07_02,random,7,spectrum,256,7,high,68.75435546875,4.67056640625,14.720774631690317,17.715013,1.261279,14.04527705606769,14,1.051483902263594
random_n07_02,random,7,spectrum,640,7,natural,71.0564453125,1.9978203125,35.5669851126814,45.61215,1.343275,33.95592860732166,14,2.5404989366201
random_n07_03,random,7,max,2176,7,high,3.6224149816176467,0.4237256433823529,8.548963316692461,7.925465,0.940042,8.430969041808769,7,1.2212804738132088
random_n07_03,random,7,max,2176,7,natural,3.975823988970588,0.19819761029411764,20.059898719619365,8.694974,0.448467,19.388213625528746,7,2.8656998170884806
random_n07_03,random,7,min,384,7,static,46.13522916666666,2.1023645833333333,21.94444747234017,17.839273,0.827485,21.55842462401131,18.285714285714285,1.200086971143603
random_n07_03,random,7,spectrum,256,7,high,68.45548046875,4.89746875,13.977726855071817,17.638577,1.315184,13.411489951215954,14,0.9984090610765584
random_n07_03,random,7,spectrum,640,7,natural,73.3867625,1.9441984374999999,37.74653918268053,47.081963,1.311544,35.89811931585978,14,2.6961813701914665
random_n07_04,random,7,max,2176,7,high,3.636046875,0.4225303308823529,8.605410332098504,7.934319,0.936835,8.469281143424404,7,1.2293443331569291
random_n07_04,random,7,max,2176,7,natural,3.9073115808823533,0.21800459558823532,17.923069788227952,8.523358,0.566802,15.037628660449327,7,2.560438541175422
random_n07_04,random,7,min,384,7,static,46.2062265625,2.1776510416666666,21.2183796569794,17.87642,0.856254,20.877473273117555,18.285714285714285,1.1603801374910612
random_n07_04,random,7,spectrum,256,7,high,73.5758359375,4.712953125,15.611408385798446,19.08363,1.268671,15.042221348166702,14,1.1151005989856033
random_n07_04,random,7,spectrum,640,7,natural,78.09595625,2.014275,38.77124833997344,50.095546,1.358978,36.862661500038996,14,2.7693748814266743
random_n07_05,random,7,max,2176,7,high,3.6454747242647056,0.44161810661764705,8.254812630273236,7.953783,0.978381,8.129535426382974,7,1.1792589471818908
random_n07_05,random,7,max,2176,7,natural,3.8572504595588235,0.19356341911764707,19.927579690119043,8.414847,0.440607,19.098305292471522,7,2.8467970985884348
random_n07_05,random,7,min,384,7,static,46.563015625,2.3592005208333333,19.73677744380655,18.117644,0.943023,19.21230341147565,18.285714285714285,1.0793550164581707
random_n07_05,random,7,spectrum,256,7,high,68.97529296875,4.7356640625,14.56507304116866,17.864871,1.278924,13.968672884393444,14,1.0403623600834757
random_n07_05,random,7,spectrum,640,7,natural,72.62353125,1.8923875000000001,38.376670343679606,46.656501,1.274875,36.59692205118149,14,2.741190738834258
random_n07_06,random,7,max,2176,7,high,3.762922794117647,0.4299627757352941,8.751740863339956,8.23102,0.952979,8.63714730335086,7,1.2502486947628508
random_n07_06,random,7,max,2176,7,natural,3.887313878676471,0.1945330882352941,19.982790146088867,8.479572,0.441204,19.21916392417113,7,2.8546843065841236
random_n07_06,random,7,min,384,7,static,45.66301302083333,2.1187369791666666,21.551997000964853,17.648683,0.833331,21.178478899740917,18.285714285714285,1.1786248359902656
random_n07_06,random,7,spectrum,256,7,high,73.17759375,5.01021484375,14.605679802590801,18.846867,1.344669,14.015989808644358,14,1.0432628430422002
random_n07_06,random,7,spectrum,640,7,natural,77.6116578125,1.8646171875,41.623373597965404,49.787235,1.257183,39.602217815544755,14,2.973098114140386
random_n07_07,random,7,max,2176,7,high,3.624794117647059,0.4470137867647059,8.10890899782256,7.908941,0.989731,7.991000585007441,7,1.1584155711175086
random_n07_07,random,7,max,2176,7,natural,3.818944393382353,0.20756801470588235,18.398520594773153,8.332166,0.486671,17.120736596180993,7,2.628360084967593
random_n07_07,random,7,min,384,7,static,45.911432291666664,2.072390625,22.153850600277956,17.743182,0.820189,21.633040677209767,18.285714285714285,1.2115387047027009
random_n07_07,random,7,spectrum,256,7,high,73.21582421875,4.72757421875,15.486975102023617,18.854689,1.2711,14.833364015419717,14,1.1062125072874012
random_n07_07,random,7,spectrum,640,7,natural,76.408253125,1.9371109375000002,39.44443843965441,49.040142,1.302948,37.63783512465578,14,2.8174598885467437
random_n07_08,random,7,max,2176,7,high,3.6206272977941176,0.42831433823529413,8.453201246335883,7.899704,0.949161,8.322828266226699,7,1.2076001780479833
random_n07_08,random,7,max,2176,7,natural,3.852897058823529,0.1974641544117647,19.51188087934798,8.405283,0.447333,18.789767354521132,7,2.787411554192569
random_n07_08,random,7,min,384,7,static,45.534052083333336,2.6404244791666667,17.244974223880906,17.59947,1.055679,16.67123244849997,18.285714285714285,0.9430845278684871
random_n07_08,random,7,spectrum,256,7,high,73.49318359375,5.18170703125,14.183199310676004,18.928539,1.387909,13.63817008175608,14,1.013085665048286
random_n07_08,random,7,spectrum,640,7,natural,77.36056875,1.9283,40.118533812166156,49.757244,1.300934,38.247323845790795,14,2.8656095580118683
random_n07_09,random,7,max,2176,7,high,3.6725055147058825,0.5224273897058823,7.029695584631273,8.034351,1.172324,6.853353680381874,7,1.004242226375896
random_n07_09,random,7,max,2176,7,natural,3.936260569852941,0.19664476102941178,20.017113851633212,8.608252,0.445033,19.342952095687288,7,2.8595876930904587
random_n07_09,random,7,min,384,7,static,46.301752604166666,2.9290026041666666,15.808027121006955,17.954378,1.167857,15.373781207801983,18.285714285714285,0.8645014831800679
random_n07_09,random,7,spectrum,256,7,high,68.816640625,5.29655859375,12.992708266496745,17.818547,1.482534,12.01898034041715,14,0.9280505904640532
random_n07_09,random,7,spectrum,640,7,natural,71.23760468750001,1.9460796875000002,36.605697672644766,45.706242,1.318991,34.652429015815876,14,2.6146926909031976
random_n08_00,random,8,max,1280,8,high,9.027456249999998,0.8184625,11.029773813705575,11.639059,1.079325,10.783646260394226,8,1.3787217267131968
random_n08_00,random,8,max,1664,8,natural,8.959740985576923,0.34175,26.217237704687413,14.949462,0.633833,23.585805724851816,8,3.2771547130859267
random_n08_00,random,8,min,256,8,static,369.09655859375,5.6161171875,65.7209503062475,94.90916,1.480075,64.12456125534179,32.0,2.0537796970702344
random_n08_00,random,8,spectrum,128,8,high,391.83853125,14.226265625,27.543316115328054,50.578009,2.045123,24.731035248246684,16,1.7214572572080034
random_n08_00,random,8,spectrum,256,8,natural,386.10546875,4.330890625,89.15151690075294,99.261787,1.316072,75.42276334425472,16,5.571969806297059
random_n08_01,random,8,max,1280,8,high,9.110540625,0.87754921875,10.381800166123162,11.745114,1.188775,9.880014300435322,8,1.2977250207653952
random_n08_01,random,8,max,1664,8,natural,8.975125,0.2537764423076923,35.36626535696356,14.977055,0.45495,32.920222002417844,8,4.420783169620445
random_n08_01,random,8,min,256,8,static,366.3219140625,6.39540234375,57.27894733948888,94.200025,1.673698,56.282570093290424,32.0,1.7899671043590275
random_n08_01,random,8,spectrum,128,8,high,392.2530859375,14.204734375,27.61424998047526,50.776511,2.059953,24.649354135749697,16,1.7258906237797038
random_n08_01,random,8,spectrum,256,8,natural,384.74033984375,4.46581640625,86.15229665628398,98.911394,1.360911,72.68028107642601,16,5.384518541017749
random_n08_02,random,8,max,1280,8,high,9.130169531249999,0.874515625,10.440258893315942,11.727502,1.150712,10.191517947149244,8,1.3050323616644928
random_n08_02,random,8,max,1664,8,natural,8.962051682692309,0.25235576923076924,35.513559725662034,14.952766,0.452566,33.03996765112713,8,4.439194965707754
random_n08_02,random,8,min,256,8,static,371.041265625,6.29535546875,58.93889034016273,95.43624,1.649149,57.86999234150462,32.0,1.8418403231300853
random_n08_02,random,8,spectrum,128,8,high,391.6385859375,14.0740546875,27.826990489481144,50.906028,2.014739,25.266810241922155,16,1.7391869055925715
random_n08_02,random,8,spectrum,256,8,natural,387.40355078125,4.28538671875,90.40107141001532,99.601894,1.312492,75.88761988644502,16,5.6500669631259575
random_n08_03,random,8,max,1280,8,high,8.90117890625,0.8185343749999999,10.874532796805266,11.435827,1.07965,10.59216134858519,8,1.3593165996006582
random_n08_03,random,8,max,1664,8,natural,9.063959735576924,0.2868383413461539,31.59954033006564,15.122963,0.54218,27.89288243756686,8,3.949942541258205
random_n08_03,random,8,min,256,8,static,370.05028125,6.1536328125,60.135255470282424,95.298912,1.622063,58.751671174300874,32.0,1.8792267334463257
random_n08_03,random,8,spectrum,128,8,high,392.9442734375,14.0427109375,27.98208089494828,50.716556,2.016623,25.149250008553903,16,1.7488800559342674
random_n08_03,random,8,spectrum,256,8,natural,384.86687109375,4.2644921875,90.24916781929267,98.954452,1.304884,75.83390707526493,16,5.640572988705792
random_n08_04,random,8,max,1280,8,high,8.951040625,0.84927109375,10.53967418751558,11.497835,1.122259,10.245259784060543,8,1.3174592734394475
random_n08_04,random,8,max,1664,8,natural,8.955458533653847,0.252578125,35.45619215303719,14.984815,0.452524,33.113856944604045,8,4.432024019129649
random_n08_04,random,8,min,256,8,static,341.77130859375,6.296,54.28388001806702,87.91569,1.650402,53.26925803531503,32.0,1.6963712505645945
random_n08_04,random,8,spectrum,128,8,high,385.5722890625,14.0174921875,27.506510002290664,49.974293,2.00221,24.959566179371798,16,1.7191568751431665
random_n08_04,random,8,spectrum,256,8,natural,375.7243125,4.050578125,92.75819423924824,96.784337,1.251076,77.36087735677128,16,5.797387139953015
random_n08_05,random,8,max,1280,8,high,8.97973046875,0.8588734375,10.455242969078316,11.536442,1.179512,9.780690658509622,8,1.3069053711347896
random_n08_05,random,8,max,1664,8,natural,9.010472355769231,0.25092668269230767,35.90878522400142,15.035845,0.449052,33.48352752019811,8,4.4885981530001775
random_n08_05,random,8,min,256,8,static,368.23948046875,5.89975,62.4161160165685,94.688209,1.545688,61.25958731645714,32.0,1.9505036255177657
random_n08_05,random,8,spectrum,128,8,high,390.7330234375,14.2526875,27.414690979332843,50.433545,2.040521,24.716013704343155,16,1.7134181862083027
random_n08_05,random,8,spectrum,256,8,natural,385.68536328125,4.41221484375,87.41309680954947,99.15433,1.333819,74.33866963958378,16,5.463318550596842
random_n08_06,random,8,max,1280,8,high,8.9213796875,0.827684375,10.778721885984618,11.50174,1.092281,10.530019289908,8,1.3473402357480773
random_n08_06,random,8,max,1664,8,natural,9.289012620192308,0.2665324519230769,34.85133818854141,15.499375,0.475274,32.61145149955605,8,4.3564172735676765
random_n08_06,random,8,min,256,8,static,361.36521484375,6.10076171875,59.23280264055141,92.930005,1.598891,58.12153861645352,32.0,1.8510250825172316
random_n08_06,random,8,spectrum,128,8,high,391.3881484375,14.0379296875,27.880759994546025,50.599723,2.011399,25.156482130099498,16,1.7425474996591266
random_n08_06,random,8,spectrum,256,8,natural,387.25979296875,4.5918203125,84.33687875689277,99.561867,1.383831,71.9465505542223,16,5.271054922305798
random_n08_07,random,8,max,1280,8,high,9.0380328125,0.83710390625,10.796787286524504,11.610178,1.103247,10.523643390827257,8,1.349598410815563
random_n08_07,random,8,max,1664,8,natural,8.989136418269231,0.24833954326923077,36.19695961397455,14.998556,0.446841,33.565756051928986,8,4.524619951746819
random_n08_07,random,8,min,256,8,static,339.71366015625,6.00849609375,56.53888341703642,87.767372,1.573737,55.77003781445057,32.0,1.7668401067823882
random_n08_07,random,8,spectrum,128,8,high,385.448703125,14.2031953125,27.138168182885785,49.85881,2.027089,24.596260943648748,16,1.6961355114303616
random_n08_07,random,8,spectrum,256,8,natural,376.48404296875,4.2112890625,89.39876540919589,96.818422,1.292702,74.89616477734234,16,5.587422838074743
random_n08_08,random,8,max,1280,8,high,8.90950625,0.8283250000000001,10.756051368726043,11.446575,1.092394,10.478430859195491,8,1.3445064210907554
random_n08_08,random,8,max,1664,8,natural,9.044994591346155,0.2502698317307692,36.14097044295941,15.091133,0.448073,33.680076683933194,8,4.517621305369926
random_n08_08,random,8,min,256,8,static,341.0807109375,6.303015625,54.11389265554931,87.756939,1.650628,53.16578841507596,32.0,1.6910591454859158
random_n08_08,random,8,spectrum,128,8,high,386.3078671875,13.980375,27.632153442772456,49.943373,2.003161,24.93228102983235,16,1.7270095901732785
random_n08_08,random,8,spectrum,256,8,natural,376.36075390625,4.30473828125,87.42941598692575,96.942869,1.31123,73.93277228251337,16,5.464338499182859
random_n08_09,random,8,max,1280,8,high,8.91693671875,0.8444937499999999,10.558913809308832,11.462418,1.116727,10.264297361844031,8,1.319864226163604
random_n08_09,random,8,max,1664,8,natural,9.174573317307692,0.2609284855769231,35.16125614657346,15.350197,0.466269,32.92133296444756,8,4.395157018321682
random_n08_09,random,8,min,256,8,static,340.73508984375,6.5954453125,51.66218105060666,87.82619,1.726694,50.863783623502485,32.0,1.6144431578314582
random_n08_09,random,8,spectrum,128,8,high,386.4234765625,14.1061328125,27.39400526699103,49.965487,2.019211,24.745054875394402,16,1.7121253291869394
random_n08_09,random,8,spectrum,256,8,natural,377.46026171875,4.49222265625,84.02527893259966,97.429198,1.360354,71.62047378844036,16,5.251579933287479
random_n09_00,random,9,max,640,9,high,21.6661671875,1.6564484375,13.079892314788701,13.971211,1.119262,12.482520625197676,9,1.4533213683098556
random_n09_00,random,9,max,2688,9,natural,20.57872879464286,0.31870870535714285,64.56908282935815,55.397181,0.921349,60.12616391834148,9,7.174342536595351
random_n09_00,random,9,min,128,9,static,1580.06025,15.2860859375,103.36591436554588,204.112006,2.03335,100.38213096613963,56.888888888888886,1.8169789634568612
random_n09_00,random,9,spectrum,128,9,high,1584.861609375,48.3963125,32.74756954623351,204.48899,6.967046,29.350888454016236,18,1.8193094192351948
random_n09_00,random,9,spectrum,128,9,natural,1583.994421875,11.6863984375,135.54170947930254,204.372705,2.242559,91.13370261384428,18,7.530094971072363
random_n09_01,random,9,max,640,9,high,21.142571875,1.88475625,11.217669061980828,13.658638,1.329118,10.276467552166173,9,1.2464076735534253
random_n09_01,random,9,max,2688,9,natural,20.531061383928574,0.32789694940476194,62.6143714395606,55.271997,0.945237,58.47422075098626,9,6.9571523821734
random_n09_01,random,9,min,128,9,static,1604.2668203125,14.977421875,107.1123477526068,207.200561,1.98735,104.25972324955343,56.888888888888886,1.8828342378387914
random_n09_01,random,9,spectrum,128,9,high,1589.0056640625,48.296765625,32.90087117635012,205.02878,6.94085,29.539433931002687,18,1.8278261764638957
random_n09_01,random,9,spectrum,128,9,natural,1584.1898515625,11.5471484375,137.193165926382,204.396404,2.233686,91.50632810520368,18,7.621842551465666
random_n09_02,random,9,max,640,9,high,21.42945,1.6828656249999998,12.733904407845992,13.838011,1.19898,11.541486096515372,9,1.4148782675384437
random_n09_02,random,9,max,2688,9,natural,20.664653273809524,0.3472987351190476,59.50108993839572,55.66932,0.996282,55.877070949791324,9,6.611232215377303
random_n09_02,random,9,min,128,9,static,1605.615171875,14.5419453125,110.41268120399556,207.517622,1.93105,107.46361927448797,56.888888888888886,1.9408479117889845
random_n09_02,random,9,spectrum,128,9,high,1599.6954765625,48.4485703125,33.01842482129487,206.608426,6.958675,29.690771016033942,18,1.8343569345163817
random_n09_02,random,9,spectrum,128,9,natural,1592.9351015625,12.4463125,127.98450155919676,205.537326,2.355489,87.2588774560187,18,7.110250086622042
random_n09_03,random,9,max,640,9,high,21.45298125,2.0343187499999997,10.545535821266949,13.811928,1.3693,10.086853136639158,9,1.1717262023629944
random_n09_03,random,9,max,2688,9,natural,20.90716480654762,0.3528590029761905,59.250762004670605,56.279695,1.012164,55.60333602064487,9,6.583418000518956
random_n09_03,random,9,min,128,9,static,1585.6968359375,15.0793984375,105.15650491694225,204.673395,1.996727,102.50444602592142,56.888888888888886,1.8484541879931256
random_n09_03,random,9,spectrum,128,9,high,1582.5966640625,48.857078125,32.39237229892163,204.616058,7.15324,28.604668374051478,18,1.7995762388289793
random_n09_03,random,9,spectrum,128,9,natural,1589.628828125,12.218328125,130.10199201251194,205.672805,2.348902,87.56125415193993,18,7.227888445139552
random_n09_04,random,9,max,640,9,high,21.315495312499998,1.94829375,10.940596258906028,13.736521,1.307077,10.509343366917173,9,1.2156218065451143
random_n09_04,random,9,max,2688,9,natural,20.79425037202381,0.35427901785714283,58.6945580288606,56.008775,1.016419,55.104022061767836,9,6.521617558762289
random_n09_04,random,9,min,128,9,static,1600.263171875,16.1307890625,99.2055110059809,206.585136,2.135503,96.73839652765649,56.888888888888886,1.743846873152008
random_n09_04,random,9,spectrum,128,9,high,1598.247078125,48.686703125,32.82717817268511,206.228945,7.002062,29.452601962107735,18,1.8237321207047283
random_n09_04,random,9,spectrum,128,9,natural,1591.13590625,12.476015625,127.53558139680511,205.31225,2.33555,87.90745220611848,18,7.085310077600284
random_n09_05,random,9,max,640,9,high,21.541592187499997,1.612125,13.362234434364579,13.950309,1.092581,12.768214896652971,9,1.4846927149293976
random_n09_05,random,9,max,2688,9,natural,21.13232068452381,0.3669713541666667,57.58575007172408,56.972757,1.049736,54.273414458492425,9,6.3984166746360085
random_n09_05,random,9,min,128,9,static,1593.189546875,15.7741328125,101.000135209493,205.957686,2.089562,98.56500357491187,56.888888888888886,1.775393001729369
random_n09_05,random,9,spectrum,128,9,high,1594.2092265625,48.9314140625,32.58048550418387,205.704599,7.017625,29.312566430950643,18,1.8100269724546594
random_n09_05,random,9,spectrum,128,9,natural,1609.7503515625,12.1585703125,132.3963517246387,207.713644,2.300348,90.29661772914358,18,7.3553528735910385
random_n09_06,random,9,max,640,9,high,21.4805953125,1.5977375,13.444383268528153,13.83043,1.0826,12.775198595972658,9,1.4938203631697948
random_n09_06,random,9,max,2688,9,natural,20.531257440476192,0.3077425595238095,66.7156907781802,55.271121,0.889831,62.114177860739844,9,7.412854530908912
random_n09_06,random,9,min,128,9,static,1581.0396015625,15.419015625,102.53829686760564,204.026901,2.045074,99.7650456658292,56.888888888888886,1.8024309996258805
random_n09_06,random,9,spectrum,128,9,high,1580.4017421875,48.40184375,32.65168472404525,204.194387,7.261168,28.121424404448433,18,1.8139824846691808
random_n09_06,random,9,spectrum,128,9,natural,1621.9048515625,10.8663046875,149.26001968527999,209.504646,2.149118,97.484012511179,18,8.292223315848888
random_n09_07,random,9,max,640,9,high,21.351864062500002,1.5751546875,13.5554077526116,13.744795,1.067075,12.880814375746784,9,1.5061564169568444
random_n09_07,random,9,max,2688,9,natural,20.473318080357142,0.34142819940476193,59.96375845946484,55.113386,0.980614,56.202936119614854,9,6.662639828829427
random_n09_07,random,9,min,128,9,static,1582.0073671875,15.3968515625,102.74875748237895,204.337869,2.041048,100.11419084705506,56.888888888888886,1.8061305026199426
random_n09_07,random,9,spectrum,128,9,high,1600.898984375,48.630203125,32.919849836119724,206.612225,6.975669,29.618983498213577,18,1.8288805464510958
random_n09_07,random,9,spectrum,128,9,natural,1584.9289921875,12.1199453125,130.7703088852118,204.504508,2.304165,88.7542810519212,18,7.265017160289544
random_n09_08,random,9,max,640,9,high,21.210809375,1.5848031249999999,13.383876546179831,13.654694,1.076037,12.689799700196183,9,1.4870973940199812
random_n09_08,random,9,max,2688,9,natural,20.72568043154762,0.36671763392857143,56.51672707831805,55.852317,1.113702,50.1501451914426,9,6.279636342035339
random_n09_08,random,9,min,128,9,static,1584.3166953125,15.232515625,104.0088672361037,204.591247,2.017779,101.39427905632877,56.888888888888886,1.8282808693846353
random_n09_08,random,9,spectrum,128,9,high,1589.3745,48.2427734375,32.94533847767031,205.076237,6.927313,29.604009086928798,18,1.830296582092795
random_n09_08,random,9,spectrum,128,9,natural,1582.5355625,11.66834375,135.62640906084036,204.470428,2.234378,91.51111763542248,18,7.53480050338002
random_n09_09,random,9,max,640,9,high,21.2203625,1.577184375,13.454585802626912,13.660705,1.129384,12.09571323836711,9,1.494953978069657
random_n09_09,random,9,max,2688,9,natural,20.681969866071427,0.34937462797619045,59.19711452968154,55.674211,1.003709,55.46847841356409,9,6.577457169964616
random_n09_09,random,9,min,128,9,static,1585.1408984375,14.859234375,106.6771583537594,204.533141,1.971562,103.74167335341217,56.888888888888886,1.875184424187177
random_n09_09,random,9,spectrum,128,9,high,1601.704796875,48.639328125,32.9302409926124,206.938528,6.976452,29.662431275955168,18,1.829457832922911
random_n09_09,random,9,spectrum,128,9,natural,1583.769578125,12.1130234375,130.74932004357396,204.339292,2.291221,89.18358028317652,18,7.263851113531887
random_n10_00,random,10,max,256,10,high,53.37987890625,3.8785390625,13.762882891230388,13.929881,1.115391,12.488787340044881,10,1.3762882891230388
random_n10_00,random,10,max,2048,10,natural,48.695689453125,0.434662109375,112.03113499620305,99.935393,1.016466,98.31651329213176,10,11.203113499620304
random_n10_00,random,10,min,128,10,static,6547.065046875,37.49878125,174.59407555745562,844.669017,4.934375,171.1805480937302,102.4,1.7050202691157774
random_n10_00,random,10,spectrum,128,10,high,6477.8529765625,182.98621875,35.40076963616966,835.684095,26.231867,31.8575911886104,20,1.770038481808483
random_n10_00,random,10,spectrum,128,10,natural,6544.8563515625,35.0272734375,186.85029433537395,844.402459,7.383901,114.35722919362001,20,9.342514716768697
random_n10_01,random,10,max,256,10,high,53.598078125,3.18266015625,16.840653885004315,13.888492,1.012738,13.713805544968196,10,1.6840653885004315
random_n10_01,random,10,max,2048,10,natural,48.385419921875,0.4418994140625,109.49419343432669,99.259354,1.032465,96.13822647741087,10,10.94941934343267
random_n10_01,random,10,min,128,10,static,6531.513703125,35.633890625,183.29499217081352,842.651794,4.693503,179.53579533239886,102.4,1.7899901579181006
random_n10_01,random,10,spectrum,128,10,high,6521.7383203125,183.5573828125,35.52969769118096,841.378169,26.336191,31.947602787358278,20,1.7764848845590477
random_n10_01,random,10,spectrum,128,10,natural,6655.2540390625,34.880421875,190.8019938208531,858.650342,7.315171,117.37939441196932,20,9.540099691042656
random_n10_02,random,10,max,256,10,high,53.47348828125,3.5769453125,14.949484437008708,13.863571,1.044314,13.2752898074717,10,1.4949484437008709
random_n10_02,random,10,max,2048,10,natural,48.01371875,0.4730498046875,101.4982318441463,98.506157,1.094722,89.98280568034625,10,10.14982318441463
random_n10_02,random,10,min,128,10,static,6532.5272890625,40.4238515625,161.6008132961415,842.919587,5.313807,158.62819010927572,102.4,1.5781329423451318
random_n10_02,random,10,spectrum,128,10,high,6527.14146875,183.6500078125,35.54119897132798,842.186103,26.338133,31.97592262898817,20,1.777059948566399
random_n10_02,random,10,spectrum,128,10,natural,6525.4754609375,37.6543828125,173.29922770029467,841.914331,7.679469,109.63184186302463,20,8.664961385014733
random_n10_03,random,10,max,256,10,high,53.17240234375,3.03030078125,17.546905796531647,13.783753,0.906209,15.21034661981949,10,1.7546905796531647
random_n10_03,random,10,max,2048,10,natural,48.80501171875,0.46641455078125,104.63869885062766,100.314821,1.080386,92.85090791624474,10,10.463869885062767
random_n10_03,random,10,min,128,10,static,6489.8108203125,39.16809375,165.6912603849275,837.251867,5.189133,161.34715895699725,102.4,1.6180787146965574
random_n10_03,random,10,spectrum,128,10,high,6613.9329921875,184.175140625,35.91110597088759,853.244395,26.370508,32.35600903099781,20,1.7955552985443795
random_n10_03,random,10,spectrum,128,10,natural,6482.3288046875,36.2770234375,178.68965506102242,836.346252,7.496888,111.55912319885265,20,8.934482753051121
random_n10_04,random,10,max,256,10,high,52.8823125,3.6911171875,14.3269123719741,13.732466,1.144908,11.99438382822026,10,1.4326912371974099
random_n10_04,random,10,max,2048,10,natural,47.31317626953125,0.41274560546875,114.63035739847132,97.212018,0.971573,100.05631897963406,10,11.463035739847133
random_n10_04,random,10,min,128,10,static,6560.475796875,37.8154375,173.48670888377265,846.353485,4.982325,169.87119166252702,102.4,1.6942061414430922
random_n10_04,random,10,spectrum,128,10,high,6546.3565078125,183.1543515625,35.74229305482052,844.746431,26.326613,32.08716711868709,20,1.787114652741026
random_n10_04,random,10,spectrum,128,10,natural,6545.3179375,32.5523359375,201.0706067320918,844.400968,7.044021,119.87485102613977,20,10.05353033660459
random_n10_05,random,10,max,256,10,high,52.93167578125,3.55642578125,14.883391088972974,13.720507,1.035525,13.24980758552425,10,1.4883391088972975
random_n10_05,random,10,max,2048,10,natural,47.85334912109375,0.4601796875,103.98839935996469,98.22847,1.082094,90.77628191266194,10,10.398839935996468
random_n10_05,random,10,min,128,10,static,6475.617,35.729125,181.241969961481,835.401258,4.710011,177.36715646736283,102.4,1.769941112905088
random_n10_05,random,10,spectrum,128,10,high,6587.250203125,183.9132578125,35.81715794432132,850.099963,26.433778,32.159608929151176,20,1.7908578972160663
random_n10_05,random,10,spectrum,128,10,natural,6492.817546875,37.27078125,174.2066393329225,837.645831,7.620338,109.92239858651939,20,8.710331966646125
random_n10_06,random,10,max,256,10,high,52.78834765625,3.53050390625,14.952071731969918,13.683146,1.027274,13.319860134686559,10,1.4952071731969918
random_n10_06,random,10,max,2048,10,natural,47.68725732421875,0.4404697265625,108.26455133790498,97.831172,1.030913,94.89760241649877,10,10.826455133790498
random_n10_06,random,10,min,128,10,static,6592.8875234375,35.855640625,183.87309244840748,850.543185,4.719942,180.2020416776308,102.4,1.7956356684414791
random_n10_06,random,10,spectrum,128,10,high,6520.374484375,183.418609375,35.54914360431155,841.471138,26.446051,31.81840411636505,20,1.7774571802155776
random_n10_06,random,10,spectrum,128,10,natural,6581.3301328125,34.79196875,189.1623374377887,849.066305,7.323067,115.94408531288872,20,9.458116871889434
random_n10_07,random,10,max,256,10,high,53.090421875,2.96296875,17.91798238675315,13.84478,0.958838,14.439123188692982,10,1.7917982386753148
random_n10_07,random,10,max,2048,10,natural,49.3548203125,0.5358720703125,92.10187103746267,101.320439,1.222367,82.8887224540584,10,9.210187103746268
random_n10_07,random,10,min,128,10,static,6528.3005234375,37.9461171875,172.0413314273961,842.212624,4.997341,168.53215019747503,102.4,1.680091127220665
random_n10_07,random,10,spectrum,128,10,high,6574.438375,183.6151171875,35.80553973824748,848.266227,26.331064,32.21541776663487,20,1.790276986912374
random_n10_07,random,10,spectrum,128,10,natural,6596.2093515625,41.8204453125,157.7269037255066,851.035001,8.204369,103.72948864196624,20,7.88634518627533
random_n10_08,random,10,max,256,10,high,52.49130078125,3.494640625,15.0205146720201,13.60518,1.029033,13.221325263621283,10,1.50205146720201
random_n10_08,random,10,max,2048,10,natural,47.62738037109375,0.43049462890625,110.63408733367889,97.707355,1.008216,96.91113313020226,10,11.06340873336789
random_n10_08,random,10,min,128,10,static,6486.6336640625,36.868,175.94210871385755,836.842458,4.858561,172.24080504495055,102.4,1.718184655408765
random_n10_08,random,10,spectrum,128,10,high,6512.7595,183.139875,35.561668369600014,840.223476,26.411792,31.81243726287107,20,1.7780834184800007
random_n10_08,random,10,spectrum,128,10,natural,6546.7913671875,34.6873828125,188.73696532758558,844.591952,7.335614,115.13582257736026,20,9.436848266379279
random_n10_09,random,10,max,256,10,high,52.6345703125,3.0470390625,17.274005758664277,13.651047,0.978729,13.94772914667901,10,1.7274005758664277
random_n10_09,random,10,max,2048,10,natural,47.918658203125,0.44198828125,108.4161282910145,98.305962,1.033335,95.13464849250244,10,10.84161282910145
random_n10_09,random,10,min,128,10,static,6570.5240234375,39.776015625,165.1880893597547,847.643265,5.228387,162.1232829551447,102.4,1.6131649351538546
random_n10_09,random,10,spectrum,128,10,high,6497.8462109375,184.0303984375,35.30854829477688,838.318327,26.33106,31.83762169088521,20,1.7654274147388438
random_n10_09,random,10,spectrum,128,10,natural,6524.125625,34.8074765625,187.4346051281637,841.700981,7.350418,114.51062796700812,20,9.371730256408185
random_n11_00,random,11,max,192,11,high,145.36903645833334,5.651088541666667,25.724076943140563,28.266046,1.337573,21.132338945238878,11,2.3385524493764147
random_n11_00,random,11,max,1312,11,natural,113.66196722560976,0.5905792682926829,192.45844432398948,149.476393,1.029868,145.14131228468113,11,17.49622221127177
random_n11_00,random,11,min,32,11,static,26993.26159375,87.45821875,308.64179467124126,891.043676,3.083971,288.92738485543475,186.1818181818182,1.657744014347487
random_n11_00,random,11,spectrum,32,11,high,26850.54934375,729.58628125,36.80243178057976,886.382257,34.779743,25.485589614621357,22,1.672837808208171
random_n11_00,random,11,spectrum,32,11,natural,27003.76303125,208.3245,129.62355858888418,891.449724,17.630281,50.56355732503639,22,5.891979935858372
random_n11_01,random,11,max,192,11,high,146.25602604166664,5.513895833333333,26.524988948376638,28.538226,1.317987,21.65288883729506,11,2.4113626316706034
random_n11_01,random,11,max,1312,11,natural,110.92698018292683,0.4310792682926829,257.3238574479822,145.897145,0.825586,176.71949984616987,11,23.393077949816565
random_n11_01,random,11,min,32,11,static,26691.1945,91.19253125,292.6905760168819,881.137864,3.212199,274.30986187343933,186.1818181818182,1.5720685235281742
random_n11_01,random,11,spectrum,32,11,high,26799.4663125,714.89753125,37.48714345906478,884.559517,34.132238,25.915661229128897,22,1.7039610663211264
random_n11_01,random,11,spectrum,32,11,natural,26861.70640625,148.69525,180.6493913305906,886.545722,16.11685,55.007381839503374,22,8.2113359695723
random_n11_02,random,11,max,192,11,high,144.21702083333335,5.59371875,25.781957813544587,28.051373,1.332138,21.05740771601741,11,2.3438143466858716
random_n11_02,random,11,max,1312,11,natural,114.5425868902439,0.580733993902439,197.23761324963286,150.6418,1.021251,147.50712606401365,11,17.930692113602987
random_n11_02,random,11,min,32,11,static,26918.8595625,90.851,296.29678883556596,888.611926,3.188758,278.67023022756825,186.1818181818182,1.591437830659778
random_n11_02,random,11,spectrum,32,11,high,26866.58171875,717.5446875,37.442381201867654,887.243534,34.461661,25.745814573476302,22,1.7019264182667115
random_n11_02,random,11,spectrum,32,11,natural,26925.4225,189.80646875,141.8572437352718,888.791383,17.366648,51.17806170770548,22,6.448056533421445
random_n11_03,random,11,max,192,11,high,145.57515104166666,5.761265625,25.267911691134127,28.350814,1.365261,20.76585649190887,11,2.2970828810121935
random_n11_03,random,11,max,1312,11,natural,111.79184984756098,0.4920815548780488,227.1815489513035,147.11293,0.909697,161.71640667167202,11,20.652868086482137
random_n11_03,random,11,min,32,11,static,26660.540875,92.0396875,289.6635310175298,879.959539,3.230369,272.40217417886316,186.1818181818182,1.5558099810511854
random_n11_03,random,11,spectrum,32,11,high,26698.916375,715.2870625,37.32615585368566,881.304648,34.032065,25.896302443004853,22,1.696643447894803
random_n11_03,random,11,spectrum,32,11,natural,26994.082375,174.60725,154.59886330607694,890.959103,17.144449,51.967788699421014,22,7.027221059367133
random_n11_04,random,11,max,192,11,high,147.21790625,6.079333333333333,24.216126699747782,28.622783,1.451435,19.720334014268637,11,2.201466063613435
random_n11_04,random,11,max,1312,11,natural,118.06443826219513,0.6431653963414634,183.56777111110847,155.261013,1.129941,137.4063008599564,11,16.687979191918952
random_n11_04,random,11,min,32,11,static,26760.049125,90.9833125,294.12040944321524,883.291671,3.192988,276.6348232439332,186.1818181818182,1.5797482929078943
random_n11_04,random,11,spectrum,32,11,high,26752.0258125,723.4125,36.98032009745477,882.962214,34.898379,25.300952058546905,22,1.6809236407933987
random_n11_04,random,11,spectrum,32,11,natural,26675.7919375,193.4443125,137.89907592915145,880.35856,17.083556,51.532512317693104,22,6.26813981496143
random_n11_05,random,11,max,192,11,high,147.73727083333335,5.773598958333333,25.588419268383117,28.731832,1.521829,18.879803184194806,11,2.3262199334893743
random_n11_05,random,11,max,1312,11,natural,116.30327896341463,0.5959641768292683,195.15145957629122,153.01766,1.042687,146.7532058997571,11,17.741041779662837
random_n11_05,random,11,min,32,11,static,26805.1425,91.25275,293.7461336781631,884.765402,3.20314,276.21814906622876,186.1818181818182,1.5777380226854465
random_n11_05,random,11,spectrum,32,11,high,26911.02571875,722.594875,37.24220396491187,888.065097,34.873874,25.46505435559009,22,1.6928274529505396
random_n11_05,random,11,spectrum,32,11,natural,26778.2725625,173.60175,154.2511671829345,883.825445,17.224714,51.3114728639326,22,7.0114166901333865
random_n11_06,random,11,max,192,11,high,144.33721354166667,5.426182291666667,26.6001409063117,28.1011,1.298419,21.64255144140682,11,2.418194627846518
random_n11_06,random,11,max,1312,11,natural,113.23749542682927,0.48432317073170733,233.80565347668988,148.972132,0.889407,167.49601925777512,11,21.255059406971807
random_n11_06,random,11,min,32,11,static,26872.867375,86.4665,310.78935049990463,887.065239,3.047423,291.08700662822326,186.1818181818182,1.669278738036597
random_n11_06,random,11,spectrum,32,11,high,27087.7038125,712.76115625,38.003900149405766,894.070812,34.092999,26.224469487122562,22,1.727450006791171
random_n11_06,random,11,spectrum,32,11,natural,27018.30640625,161.7210625,167.06733179081112,891.764642,16.709294,53.369378861847785,22,7.593969626855051
random_n11_07,random,11,max,192,11,high,146.36611458333334,5.6534635416666665,25.889636238846947,28.501953,1.341467,21.24685363113666,11,2.3536032944406315
random_n11_07,random,11,max,1312,11,natural,114.06174390243902,0.5259512195121951,216.8675338527175,150.009883,0.948462,158.16119464986474,11,19.715230350247044
random_n11_07,random,11,min,32,11,static,26732.01725,91.99103125,290.59373383206855,882.306587,3.233111,272.8970910680147,186.1818181818182,1.560806187574587
random_n11_07,random,11,spectrum,32,11,high,26976.46659375,722.11703125,37.3574717481087,890.282617,34.100613,26.107525310468755,22,1.6980668976413045
random_n11_07,random,11,spectrum,32,11,natural,26814.09571875,168.8395625,158.81405591032612,885.061663,16.49699,53.64988782802196,22,7.218820723196642
random_n11_08,random,11,max,192,11,high,148.44703125,5.739526041666667,25.863987753053795,28.854855,1.378603,20.930503560488408,11,2.3512716139139815
random_n11_08,random,11,max,1312,11,natural,114.87596493902439,0.5796189024390244,198.19223364805512,151.068563,1.017215,148.5119301229337,11,18.01747578618683
random_n11_08,random,11,min,32,11,static,26899.9635625,91.0596875,295.4102336722823,887.870269,3.204244,277.09196584280096,186.1818181818182,1.586676059763235
random_n11_08,random,11,spectrum,32,11,high,26907.877625,733.6194375,36.67825066998719,888.181211,34.967882,25.399914441486615,22,1.6671932122721451
random_n11_08,random,11,spectrum,32,11,natural,26717.16525,188.6520625,141.62137904005158,881.985615,17.226328,51.199861920660055,22,6.437335410911436
random_n11_09,random,11,max,192,11,high,144.87285416666666,5.4445625,26.608722770041975,28.174819,1.299934,21.674038066547993,11,2.4189747972765434
random_n11_09,random,11,max,1312,11,natural,114.7131981707317,0.609483993902439,188.21363533476813,150.869452,1.060324,142.2861804505038,11,17.11033048497892
random_n11_09,random,11,min,32,11,static,26864.68640625,86.95371875,308.9538526062176,886.598545,3.062632,289.4890881437927,186.1818181818182,1.6594201067716765
random_n11_09,random,11,spectrum,32,11,high,26919.09403125,732.17359375,36.7659995676401,888.353052,34.725687,25.58201518086597,22,1.6711817985290955
random_n11_09,random,11,spectrum,32,11,natural,26671.015875,185.4350625,143.82941130672094,880.265521,17.169396,51.26945181997084,22,6.537700513941861
random_n12_00,random,12,max,96,12,high,361.0179375,11.816322916666666,30.552477284688294,35.431784,1.71348,20.678259448607513,12,2.5460397737240243
random_n12_00,random,12,max,1056,12,natural,331.8568607954545,0.8513390151515151,389.8057705441739,351.234257,1.476829,237.8300107866246,12,32.483814212014494
random_n12_00,random,12,min,32,12,static,109877.22821875,206.46240625,532.1900011457897,3626.285313,7.237267,501.0572793569727,341.3333333333333,1.5591503939818057
random_n12_00,random,12,spectrum,32,12,high,109575.0853125,3562.7223125,30.75599940193206,3616.30399,159.311043,22.69964417971954,24,1.2814999750805025
random_n12_00,random,12,spectrum,32,12,natural,109391.94725,940.2933125,116.33811045529477,3610.478069,74.281037,48.60564977034448,24,4.847421268970615
random_n12_01,random,12,max,96,12,high,360.90288541666666,11.758510416666667,30.69290859368702,35.431401,1.727228,20.513447558747313,12,2.5577423828072514
random_n12_01,random,12,max,1056,12,natural,330.7006827651515,0.6596969696969698,501.29180207854836,349.99439,1.2626,277.2013226675115,12,41.77431683987903
random_n12_01,random,12,min,32,12,static,109741.20353125,204.5069375,536.613597918897,3621.719393,7.200211,503.00184161269715,341.3333333333333,1.5721101501530186
random_n12_01,random,12,spectrum,32,12,high,109657.2890625,3451.716375,31.76891643146665,3619.14855,156.793295,23.08229156100074,24,1.3237048513111105
random_n12_01,random,12,spectrum,32,12,natural,109467.8855,843.72275,129.74390639579175,3612.926138,72.499078,49.83409772466348,24,5.405996099824656
random_n12_02,random,12,max,96,12,high,361.46934375,11.929864583333334,30.29953451902482,35.469297,1.716075,20.668850137668805,12,2.524961209918735
random_n12_02,random,12,max,1056,12,natural,331.32204924242427,0.7845179924242424,422.32562215508227,350.679044,1.398708,250.71640685546944,12,35.193801846256854
random_n12_02,random,12,min,32,12,static,109841.43009375,211.7384375,518.7599917646035,3625.054934,7.408461,489.31281868123483,341.3333333333333,1.5198046633728617
random_n12_02,random,12,spectrum,32,12,high,109868.92178125,3525.957875,31.1600210995856,3626.12298,159.681305,22.70850040961276,24,1.2983342124827333
random_n12_02,random,12,spectrum,32,12,natural,109487.09875,892.66153125,122.65242190585325,3614.092459,72.827707,49.62524028114739,24,5.110517579410552
random_n12_03,random,12,max,96,12,high,360.43171875,11.516333333333334,31.297437154476253,35.398666,1.673697,21.14998473439338,12,2.608119762873021
random_n12_03,random,12,max,1056,12,natural,329.5849990530303,0.7104412878787879,463.91588534654886,348.814283,1.318242,264.60565131440205,12,38.65965711221241
random_n12_03,random,12,min,32,12,static,110062.3861875,207.05078125,531.5719434770305,3632.355831,7.265837,499.9225596445392,341.3333333333333,1.5573396781553628
random_n12_03,random,12,spectrum,32,12,high,111222.4605625,3524.61203125,31.555944193680535,3670.874527,157.15907,23.357700748674574,24,1.3148310080700223
random_n12_03,random,12,spectrum,32,12,natural,109332.110375,799.7614375,136.70590409655753,3609.16298,69.161106,52.18486500201428,24,5.696079337356564
random_n12_04,random,12,max,96,12,high,362.14075,11.932947916666667,30.347970386613397,35.53885,1.711835,20.76067494822807,12,2.528997532217783
random_n12_04,random,12,max,1056,12,natural,333.5908125,1.0931960227272728,305.1518717272385,353.116168,1.733782,203.66814743722108,12,25.42932264393654
random_n12_04,random,12,min,32,12,static,109839.7550625,192.59590625,570.3119926127713,3625.480841,6.779907,534.7390223789206,341.3333333333333,1.6708359158577284
random_n12_04,random,12,spectrum,32,12,high,109593.71040625,3594.057875,30.493028831999542,3617.174654,158.694151,22.79337096677243,24,1.2705428679999808
random_n12_04,random,12,spectrum,32,12,natural,109276.57971875,1126.0040625,97.04812207882243,3606.773587,81.548422,44.228612872484526,24,4.043671753284268
random_n12_05,random,12,max,96,12,high,362.060625,12.047854166666665,30.051876457944626,35.545963,1.723966,20.61871463822372,12,2.504323038162052
random_n12_05,random,12,max,1056,12,natural,334.368271780303,1.0952329545454544,305.29420283840267,353.952112,1.72459,205.23841144851818,12,25.44118356986689
random_n12_05,random,12,min,32,12,static,109921.22315625,195.86253125,561.2161879800581,3627.782752,6.875227,527.6600688239095,341.3333333333333,1.6441880507228264
random_n12_05,random,12,spectrum,32,12,high,109590.143375,3434.92128125,31.904703019895443,3617.00926,155.105821,23.319622930205824,24,1.3293626258289768
random_n12_05,random,12,spectrum,32,12,natural,109455.545125,1092.40478125,100.1968748248739,3612.431478,78.499021,46.01880930464088,24,4.174869784369746
random_n12_06,random,12,max,96,12,high,362.2256145833333,12.413135416666666,29.180831629129425,35.566156,1.753896,20.278372263805835,12,2.431735969094119
random_n12_06,random,12,max,1056,12,natural,333.8521505681818,0.908938446969697,367.2989647222086,353.389857,1.527415,231.3646631727461,12,30.608247060184052
random_n12_06,random,12,min,32,12,static,109058.6298125,194.82278125,559.7837640586501,3599.066759,6.851308,525.3108981525863,341.3333333333333,1.6399914962655766
random_n12_06,random,12,spectrum,32,12,high,109039.7459375,3595.54671875,30.326332673938367,3599.158365,159.188572,22.609401666094474,24,1.263597194747432
random_n12_06,random,12,spectrum,32,12,natural,110492.17990625,1001.41584375,110.33596142486637,3646.295783,77.417488,47.09912291393386,24,4.597331726036098
random_n12_07,random,12,max,96,12,high,359.57116666666667,11.452,31.398110955873793,35.343125,1.680923,21.026022607817254,12,2.616509246322816
random_n12_07,random,12,max,1056,12,natural,333.8544441287879,0.9331467803030302,357.77270111822276,353.349341,1.559079,226.6397924672194,12,29.814391759851897
random_n12_07,random,12,min,32,12,static,109390.28725,214.7656875,509.34713325656355,3610.317249,7.511143,480.66149838979237,341.3333333333333,1.4922279294625886
random_n12_07,random,12,spectrum,32,12,high,109789.096875,3570.56,30.748425141994534,3622.889954,157.719855,22.97041139176802,24,1.281184380916439
random_n12_07,random,12,spectrum,32,12,natural,108642.55815625,978.24065625,111.05913198570354,3585.929703,78.48379,45.69006801277053,24,4.627463832737647
random_n12_08,random,12,max,96,12,high,360.2926875,11.302270833333335,31.87790248641036,35.442294,1.641083,21.5968930273484,12,2.65649187386753
random_n12_08,random,12,max,1056,12,natural,332.52557859848486,0.9171666666666666,362.55741806122285,352.112057,1.542236,228.31269468486016,12,30.21311817176857
random_n12_08,random,12,min,32,12,static,109305.8285625,207.7395625,526.1676073978446,3607.185739,7.267532,496.3426014498457,341.3333333333333,1.5415066622983729
random_n12_08,random,12,spectrum,32,12,high,109563.28665625,3568.1515,30.705895379232075,3615.124079,158.47075,22.81256370024121,24,1.279412307468003
random_n12_08,random,12,spectrum,32,12,natural,108747.00803125,1051.09190625,103.46098888652726,3588.887142,78.463443,45.73960821474531,24,4.310874536938636
random_n12_09,random,12,max,96,12,high,361.7735729166667,11.976697916666666,30.20645385179381,35.503526,1.730804,20.51273627747567,12,2.5172044876494843
random_n12_09,random,12,max,1056,12,natural,334.688334280303,0.9643153409090909,347.07353505833646,354.344907,1.585391,223.50631926130524,12,28.922794588194705
random_n12_09,random,12,min,32,12,static,109732.51709375,212.72484375,515.8425088454202,3621.351707,7.44135,486.6525169492095,341.3333333333333,1.511257350133067
random_n12_09,random,12,spectrum,32,12,high,109541.380875,3594.35703125,30.475932113206095,3615.497981,158.540004,22.804957044153976,24,1.2698305047169207
random_n12_09,random,12,spectrum,32,12,natural,109339.45703125,1149.19240625,95.14460453845346,3608.695025,83.624761,43.15342706928633,24,3.964358522435561
random_n13_00,random,13,max,48,13,high,837.8471666666667,23.5679375,35.55029652750338,41.907955,2.339217,17.915377239477998,13,2.734638194423337
random_n13_00,random,13,max,280,13,natural,823.49835,2.523039285714286,326.3914100199447,232.236543,1.929581,120.35594411429217,13,25.10703153999575
random_n13_00,random,13,min,8,13,static,456257.598,476.630875,957.2556498779061,4106.88862,5.156565,796.4388347669427,630.1538461538462,1.5190824521988255
random_n13_00,random,13,spectrum,8,13,high,453905.8755,12302.17725,36.89638559711046,4085.259517,276.525275,14.773548338393297,26,1.4190917537350176
random_n13_00,random,13,spectrum,8,13,natural,456350.901875,5400.06375,84.50842860419934,4107.512904,221.687695,18.528375713410707,26,3.25032417708459
random_n13_01,random,13,max,48,13,high,835.6772708333334,21.850166666666667,38.24580762160472,41.820627,2.287033,18.28597444811684,13,2.9419852016619013
random_n13_01,random,13,max,280,13,natural,825.5481392857142,1.4059964285714286,587.1623302233545,232.828279,1.611021,144.52218748234816,13,45.16633309410419
random_n13_01,random,13,min,8,13,static,454797.934875,484.561625,938.5760477318029,4094.3579,5.237936,781.6739074322404,630.1538461538462,1.4894395288712692
random_n13_01,random,13,spectrum,8,13,high,457741.0275,12765.59175,35.857407667764406,4119.325039,281.900493,14.61269185861268,26,1.379131064144785
random_n13_01,random,13,spectrum,8,13,natural,456622.278625,3524.2465,129.56593093729396,4110.860345,207.008537,19.858409728290578,26,4.983305036049767
random_n13_02,random,13,max,48,13,high,834.6480416666666,21.80741666666667,38.27358620347052,41.733814,2.275148,18.343340301378195,13,2.944122015651579
random_n13_02,random,13,max,280,13,natural,825.9992535714285,0.9897857142857144,834.5233131269393,233.012099,1.501201,155.21712215752586,13,64.19410100976457
random_n13_02,random,13,min,8,13,static,456423.06375,501.3635,910.363566055367,4106.616498,5.392643,761.5220399347779,630.1538461538462,1.4446687449609095
random_n13_02,random,13,spectrum,8,13,high,457742.872125,12580.978875,36.38372472229431,4120.053676,278.383629,14.799913668773966,26,1.3993740277805504
random_n13_02,random,13,spectrum,8,13,natural,457275.227125,2146.902,212.99306029106125,4116.008694,198.24092,20.762659364171636,26,8.192040780425433
random_n13_03,random,13,max,48,13,high,835.5555,23.877875,34.99287520350953,41.7778,2.359632,17.705218440841623,13,2.6917596310391945
random_n13_03,random,13,max,280,13,natural,823.0471464285714,0.8903785714285714,924.3788797702423,232.163023,1.459853,159.031781282088,13,71.10606767463402
random_n13_03,random,13,min,8,13,static,457954.082,476.831375,960.410967084538,4122.356052,5.15462,799.7400491209827,630.1538461538462,1.5240896694456778
random_n13_03,random,13,spectrum,8,13,high,454341.36825,12861.489,35.32572070387807,4089.293092,281.748149,14.514001623485376,26,1.3586815655337718
random_n13_03,random,13,spectrum,8,13,natural,457454.720625,2204.683625,207.4922294689788,4116.887631,194.453595,21.17156862540906,26,7.980470364191492
random_n13_04,random,13,max,48,13,high,835.5239375,22.026479166666668,37.9327050491312,41.834325,2.277266,18.370416543346277,13,2.917900388394708
random_n13_04,random,13,max,280,13,natural,821.4699107142857,0.7158321428571429,1147.5733786352546,231.708595,1.414319,163.8305042921717,13,88.27487527963497
random_n13_04,random,13,min,8,13,static,454258.555125,530.273875,856.6489441423076,4088.867181,5.616411,728.0213611503859,630.1538461538462,1.359428256085205
random_n13_04,random,13,spectrum,8,13,high,457183.53475,12537.92575,36.46404866849686,4114.718202,283.274061,14.525573529303834,26,1.4024634103268023
random_n13_04,random,13,spectrum,8,13,natural,453992.109875,1764.99,257.22078304976236,4087.216615,194.781849,20.983559997933895,26,9.893107040375476
random_n13_05,random,13,max,48,13,high,835.9445833333334,23.355375,35.79238540735627,41.815729,2.359195,17.724575119903186,13,2.7532604159504825
random_n13_05,random,13,max,280,13,natural,822.4446357142857,0.8180357142857143,1005.3896441824928,232.026836,1.436403,161.5332438041413,13,77.33766493711484
random_n13_05,random,13,min,8,13,static,456475.891375,521.09275,875.9973946576689,4107.074135,5.554033,739.476005093956,630.1538461538462,1.3901325842956171
random_n13_05,random,13,spectrum,8,13,high,453948.386125,12652.64575,35.87774407775544,4085.99364,278.439381,14.674625497748826,26,1.3799132337598246
random_n13_05,random,13,spectrum,8,13,natural,455925.002875,2490.704625,183.05061077846597,4103.132747,200.828829,20.43099473034322,26,7.040408106864076
random_n13_06,random,13,max,48,13,high,833.6875208333333,21.3730625,39.006460624598525,41.712219,2.231884,18.68924146595432,13,3.0004969711229634
random_n13_06,random,13,max,280,13,natural,823.4031321428572,1.4249321428571429,577.8542762687948,232.221729,1.629463,142.5142694249578,13,44.45032894375345
random_n13_06,random,13,min,8,13,static,456222.24475,459.840875,992.1306903176018,4105.169697,5.010754,819.2718495060823,630.1538461538462,1.5744261443028347
random_n13_06,random,13,spectrum,8,13,high,454804.397625,12754.437,35.65852398071353,4094.26007,282.314698,14.502468695413086,26,1.3714816915659052
random_n13_06,random,13,spectrum,8,13,natural,456954.086375,3943.42375,115.87750019890711,4112.191695,210.465272,19.538575917645932,26,4.456826930727197
random_n13_07,random,13,max,48,13,high,838.65625,21.57570833333333,38.870392435937795,41.919543,2.244555,18.676104172096473,13,2.9900301873798303
random_n13_07,random,13,max,280,13,natural,823.4750142857142,1.0664178571428573,772.1879456257094,232.247702,1.513047,153.49668714851555,13,59.39907274043919
random_n13_07,random,13,min,8,13,static,456587.670875,471.185875,969.0181626836755,4106.978882,5.108864,803.8927796864432,630.1538461538462,1.5377485491806373
random_n13_07,random,13,spectrum,8,13,high,454816.618125,12267.038125,37.07631895250183,4092.935274,275.63119,14.849318301023915,26,1.4260122674039164
random_n13_07,random,13,spectrum,8,13,natural,453587.71475,2421.41975,187.3230425042994,4082.917328,197.836281,20.637859281230625,26,7.204732404011515
random_n13_08,random,13,max,48,13,high,836.3859166666666,22.616229166666667,36.98166968963106,41.871166,2.315935,18.07959463456444,13,2.8447438222793124
random_n13_08,random,13,max,280,13,natural,826.4972928571428,1.3479714285714286,613.1415513258017,233.101447,1.601489,145.55294916168643,13,47.16473471736936
random_n13_08,random,13,min,8,13,static,454564.719625,487.384875,932.6607019247366,4091.178903,5.236599,781.2664103170779,630.1538461538462,1.4800523834254853
random_n13_08,random,13,spectrum,8,13,high,457457.02225,12733.029625,35.926801061691556,4117.827798,279.590886,14.72804731553374,26,1.3818000408342905
random_n13_08,random,13,spectrum,8,13,natural,456396.027875,3576.594125,127.60632376059725,4107.932421,208.310957,19.72019369581217,26,4.9079355292537405
random_n13_09,random,13,max,48,13,high,834.5653958333334,21.432375,38.939473382363516,41.835998,2.248204,18.608630711447894,13,2.995344106335655
random_n13_09,random,13,max,280,13,natural,823.9945071428572,1.4633714285714285,563.0795374672966,232.430634,1.614297,143.982571980249,13,43.313810574407434
random_n13_09,random,13,min,8,13,static,456915.427125,487.649125,936.9757961218529,4113.086511,5.252445,783.0803580047008,630.1538461538462,1.4869000670879013
random_n13_09,random,13,spectrum,8,13,high,457923.638125,12414.07025,36.88746953280693,4121.687923,279.762948,14.732786998655735,26,1.418748828184882
random_n13_09,random,13,spectrum,8,13,natural,453599.852125,3342.293625,135.71514146217478,4082.917786,204.569245,19.958610034465348,26,5.219813133160569
random_n14_00,random,14,max,24,14,high,1864.1113333333333,48.540375,38.40331545302922,48.362559,3.761769,12.856334081119812,14,2.7430939609306586
random_n14_00,random,14,max,296,14,natural,1854.681402027027,2.002658783783784,926.1095385020251,552.624989,3.232884,170.9387002441164,14,66.15068132157322
random_n14_00,random,14,min,8,14,static,1875188.614375,1121.629125,1671.843724970141,16879.762484,11.881629,1420.660625239182,1170.2857142857142,1.4285774017078843
random_n14_00,random,14,spectrum,8,14,high,1868770.913375,50033.039375,37.35073736713202,16824.437459,1104.757552,15.22907666803621,28,1.3339549059690008
random_n14_00,random,14,spectrum,8,14,natural,1869089.404,6500.41475,287.5338691273507,16832.74435,747.317391,22.52422404819962,28,10.26906675454824
random_n14_01,random,14,max,24,14,high,1864.2685416666668,46.538666666666664,40.05848631245703,48.356216,3.695772,13.084198917032761,14,2.861320450889788
random_n14_01,random,14,max,296,14,natural,1855.0910371621621,2.3367297297297296,793.883440416845,552.74924,3.290982,167.95875516791037,14,56.705960029774644
random_n14_01,random,14,min,8,14,static,1874808.2485,1132.956875,1654.792243085157,16868.573461,11.910575,1416.2686067633174,1170.2857142857142,1.4140070436518677
random_n14_01,random,14,spectrum,8,14,high,1868538.42475,48973.217875,38.15429138267545,16818.103287,1096.898155,15.33242007048503,28,1.3626532636669804
random_n14_01,random,14,spectrum,8,14,natural,1868850.040625,10771.49725,173.4995606692468,16814.623837,785.856553,21.396556118047666,28,6.1964128810445285
random_n14_02,random,14,max,24,14,high,1864.7185833333333,52.129583333333336,35.77083230091678,48.420297,3.855314,12.55936533314796,14,2.5550594500654844
random_n14_02,random,14,max,296,14,natural,1857.3215033783786,3.0572027027027024,607.5231785371719,553.466104,3.52139,157.1726233106813,14,43.39451275265514
random_n14_02,random,14,min,8,14,static,1869373.157625,1150.03575,1625.4913446168955,16824.757437,12.124296,1387.6894326070562,1170.2857142857142,1.3889696548240074
random_n14_02,random,14,spectrum,8,14,high,1871470.186375,48968.527625,38.21781615952763,16842.142774,1090.855378,15.439391062891199,28,1.3649220056974154
random_n14_02,random,14,spectrum,8,14,natural,1869967.839125,13989.396375,133.67037354569203,16827.801591,820.174746,20.517336912736397,28,4.773941912346144
random_n14_03,random,14,max,24,14,high,1867.0541666666668,52.388041666666666,35.63893795737418,48.515093,3.845429,12.61630184824632,14,2.5456384255267275
random_n14_03,random,14,max,296,14,natural,1855.8521182432432,1.3870304054054055,1338.0039190278667,552.977891,3.007726,183.85248224073604,14,95.57170850199047
random_n14_03,random,14,min,8,14,static,1870537.410125,1118.29675,1672.6664099891195,16836.628236,11.884659,1416.6690214670864,1170.2857142857142,1.4292803796293747
random_n14_03,random,14,spectrum,8,14,high,1878245.8505,50092.5705,37.495497471027164,16903.877867,1105.923795,15.2848486879695,28,1.3391249096795417
random_n14_03,random,14,spectrum,8,14,natural,1874560.04175,7218.764125,259.6788050267538,16870.474146,753.354741,22.39379833676523,28,9.274243036669779
random_n14_04,random,14,max,24,14,high,1864.00175,51.11595833333334,36.466141118681946,48.387012,3.843927,12.58791126886645,14,2.604724365620139
random_n14_04,random,14,max,296,14,natural,1855.0624425675676,3.326614864864865,557.6426842074262,552.772707,3.585789,154.15650697796215,14,39.831620300530446
random_n14_04,random,14,min,8,14,static,1869437.6315,1153.908125,1620.0922681777633,16824.264112,12.244025,1374.079529566462,1170.2857142857142,1.3843561861870537
random_n14_04,random,14,spectrum,8,14,high,1870911.2715,49340.0995,37.91867650165562,16834.691001,1091.218192,15.42742883542396,28,1.3542384464877006
random_n14_04,random,14,spectrum,8,14,natural,1873752.365375,15145.728375,123.71490620866228,16866.758521,828.259327,20.36410333233712,28,4.418389507452225
random_n14_05,random,14,max,24,14,high,1863.508375,48.95008333333334,38.069564913917404,48.401442,3.783597,12.792441161149036,14,2.719254636708386
random_n14_05,random,14,max,296,14,natural,1855.014331081081,0.983625,1885.895876051423,552.776765,2.908945,190.02654398759685,14,134.70684828938735
random_n14_05,random,14,min,8,14,static,1873676.622375,1236.571375,1515.2191456599098,16864.996317,12.925117,1304.8234934353013,1170.2857142857142,1.2947429223168176
random_n14_05,random,14,spectrum,8,14,high,1865918.501375,48767.588125,38.261447266826465,16789.789161,1089.242632,15.414186580423893,28,1.3664802595295167
random_n14_05,random,14,spectrum,8,14,natural,1872109.2935,6291.555375,297.5590584387092,16851.519625,754.592214,22.331955342703814,28,10.6271092299539
random_n14_06,random,14,max,24,14,high,1867.679375,47.209375,39.56162044085523,48.437926,3.775745,12.828706917442782,14,2.825830031489659
random_n14_06,random,14,max,296,14,natural,1855.7185101351351,1.8189324324324325,1020.2239935067347,552.907832,3.118296,177.31088774125357,14,72.8731423933382
random_n14_06,random,14,min,8,14,static,1872883.979625,1115.67425,1678.701448585911,16855.50606,11.868231,1420.220592268553,1170.2857142857142,1.434437272961594
random_n14_06,random,14,spectrum,8,14,high,1870047.296125,49403.017125,37.8528965426016,16829.022248,1089.602862,15.445097323909197,28,1.3518891622357714
random_n14_06,random,14,spectrum,8,14,natural,1874676.0735,10509.441875,178.38017430397556,16872.01816,780.978314,21.603696104678267,28,6.370720510856271
random_n14_07,random,14,max,24,14,high,1868.2305833333332,46.4765,40.19731656500238,48.437444,3.730176,12.985297208496327,14,2.8712368975001703
random_n14_07,random,14,max,296,14,natural,1855.5304932432432,2.3900945945945944,776.3418642256611,552.802021,3.299093,167.56181805120374,14,55.45299030183293
random_n14_07,random,14,min,8,14,static,1871822.72225,1145.565,1633.973386276641,16847.948332,12.081731,1394.4978854437331,1170.2857142857142,1.3962174931563094
random_n14_07,random,14,spectrum,8,14,high,1872869.0085,49516.343125,37.8232496647035,16855.827583,1094.169521,15.405133536890029,28,1.3508303451679822
random_n14_07,random,14,spectrum,8,14,natural,1872282.106625,12066.63225,155.16194310347032,16850.938209,790.776617,21.309353168443522,28,5.5414979679810825
random_n14_08,random,14,max,24,14,high,1865.2381666666668,50.663125,36.81648470493415,48.374232,3.78812,12.76998405541535,14,2.6297489074952964
random_n14_08,random,14,max,296,14,natural,1856.894347972973,3.2652533783783784,568.6830799315065,553.220393,3.558332,155.47183146485486,14,40.62021999510761
random_n14_08,random,14,min,8,14,static,1872837.305375,1075.03375,1742.1195431073675,16853.611245,11.471331,1469.1940494960872,1170.2857142857142,1.488627539276315
random_n14_08,random,14,spectrum,8,14,high,1872267.827875,49380.034375,37.9154824732744,16845.53163,1101.412528,15.294479771887977,28,1.3541243740455144
random_n14_08,random,14,spectrum,8,14,natural,1874000.067375,14032.173875,133.5502313518047,16865.228577,812.69792,20.75214930659599,28,4.769651119707311
random_n14_09,random,14,max,24,14,high,1861.6920416666667,46.68966666666667,39.87374883093332,48.315354,3.767365,12.824707454679864,14,2.8481249164952374
random_n14_09,random,14,max,296,14,natural,1857.2436486486488,2.6290439189189185,706.4331011299197,553.379246,3.387087,163.3791059987535,14,50.459507223565694
random_n14_09,random,14,min,8,14,static,1873109.946625,1144.277,1636.9375130540946,16861.367081,12.102491,1393.2145936733189,1170.2857142857142,1.3987503163304031
random_n14_09,random,14,spectrum,8,14,high,1875798.9885,49124.127625,38.18488142566786,16882.569007,1089.529399,15.495285416341481,28,1.3637457652024236
random_n14_09,random,14,spectrum,8,14,natural,1873756.58125,13231.762625,141.6105045377505,16864.57199,807.53157,20.88410238871528,28,5.057518019205375
random_n15_00,random,15,max,8,15,high,4109.410125,113.251125,36.28582166402321,40.685084,6.594502,6.16954608551184,15,2.419054777601547
random_n15_00,random,15,max,388,15,natural,4098.375389175258,1.5363762886597938,2667.559646309263,1597.839057,6.205861,257.47258228954854,15,177.83730975395085
random_n15_00,random,15,min,2,15,static,7758785.09,2530.66,3065.91367074202,23260.346926,11.398107,2040.7201762538286,2184.5333333333333,1.4034638995706268
random_n15_00,random,15,spectrum,2,15,high,7760872.669,169536.2545,45.77706810787187,23295.935295,3093.642997,7.530259735073109,30,1.5259022702623957
random_n15_00,random,15,spectrum,2,15,natural,7755253.5135,19407.886,399.5929032919918,23263.330599,2786.338785,8.34906750185441,30,13.319763443066392
random_n15_01,random,15,max,8,15,high,4110.533375,95.985625,42.82446850765414,40.6993,6.380612,6.378588762331889,15,2.8549645671769426
random_n15_01,random,15,max,388,15,natural,4100.700984536083,2.6359690721649485,1555.6711297709328,1598.808795,6.761643,236.4527075741798,15,103.71140865139552
random_n15_01,random,15,min,2,15,static,7764415.1515,2464.8305,3150.0807668113484,23290.315705,11.232547,2073.4670155397525,2184.5333333333333,1.4419925385183785
random_n15_01,random,15,spectrum,2,15,high,7753857.7425,165182.9645,46.941025462102054,23268.427907,3079.268482,7.556479093335519,30,1.564700848736735
random_n15_01,random,15,spectrum,2,15,natural,7743690.0275,25079.8675,308.76120168896426,23229.401132,2819.072539,8.24008634422727,30,10.29204005629881
random_n15_02,random,15,max,8,15,high,4106.45675,108.018625,38.01619165213407,40.713752,6.50936,6.254647461501591,15,2.5344127768089377
random_n15_02,random,15,max,388,15,natural,4099.421713917526,5.742301546391753,713.8987182749833,1598.355126,7.95708,200.87206940234356,15,47.59324788499888
random_n15_02,random,15,min,2,15,static,7763536.524,2505.643,3098.4208540482423,23288.293764,11.589724,2009.391575157441,2184.5333333333333,1.4183445071631968
random_n15_02,random,15,spectrum,2,15,high,7775205.752,164857.743,47.16312143130578,23312.407305,3075.124125,7.580964656182782,30,1.5721040477101929
random_n15_02,random,15,spectrum,2,15,natural,7805232.096,52308.9525,149.21407757113852,23395.425878,2871.412284,8.147706969271988,30,4.973802585704617
random_n15_03,random,15,max,8,15,high,4107.934625,73.02475,56.2540046354147,40.713198,6.220587,6.544912562110295,15,3.7502669756943137
random_n15_03,random,15,max,388,15,natural,4097.922512886597,4.1420257731958765,989.3522487004589,1598.14177,7.294878,219.0772443349978,15,65.95681658003059
random_n15_03,random,15,min,2,15,static,7783649.0555,2553.8995,3047.750726095526,23311.384543,11.520225,2023.5181641851614,2184.5333333333333,1.3951495633371853
random_n15_03,random,15,spectrum,2,15,high,7754901.2615,166137.707,46.67755081933327,23279.07384,3095.405654,7.520524429461418,30,1.5559183606444422
random_n15_03,random,15,spectrum,2,15,natural,7784786.7495,39537.5975,196.89579645045453,23379.178259,2826.21378,8.272261081042496,30,6.563193215015151
random_n15_04,random,15,max,8,15,high,4113.460625,106.677625,38.559731949413006,40.771928,6.553123,6.221755337111786,15,2.5706487966275335
random_n15_04,random,15,max,388,15,natural,4104.220273195876,2.1301494845360827,1926.7287591742506,1600.266727,6.463533,247.58390295214707,15,128.44858394495003
random_n15_04,random,15,min,2,15,static,7775841.812,2605.1745,2984.7681266648356,23330.425703,11.709426,1992.4482808123985,2184.5333333333333,1.3663184173575602
random_n15_04,random,15,spectrum,2,15,high,7785633.123,166954.2785,46.6333249614804,23361.002645,3095.778264,7.546083941688919,30,1.55444416538268
random_n15_04,random,15,spectrum,2,15,natural,7764255.3955,26211.2695,296.2182123799841,23284.0967,2808.348205,8.29102910335152,30,9.873940412666137
random_n15_05,random,15,max,8,15,high,4131.99375,88.33375,46.77706708930618,41.036448,6.347636,6.464839508755701,15,3.1184711392870788
random_n15_05,random,15,max,388,15,natural,4099.497270618556,1.3302371134020619,3081.77935295622,1598.459811,6.226391,256.72332672329765,15,205.451956863748
random_n15_05,random,15,min,2,15,static,7791037.892,2546.758,3059.1983580693573,23370.637724,11.511331,2030.2289738693119,2184.5333333333333,1.4003898733838
random_n15_05,random,15,spectrum,2,15,high,7765779.5225,166301.1465,46.69708950262709,23298.173404,3080.183904,7.5638903812673135,30,1.5565696500875696
random_n15_05,random,15,spectrum,2,15,natural,7765863.82,16488.766,470.9790787254789,23293.265948,2796.579615,8.329198218803436,30,15.69930262418263
random_n15_06,random,15,max,8,15,high,4115.86525,93.058125,44.2289724835956,40.769735,6.36307,6.407242887474128,15,2.9485981655730398
random_n15_06,random,15,max,388,15,natural,4107.497471649484,4.933737113402063,832.5326982850037,1601.628531,7.76403,206.28829757226595,15,55.50217988566691
random_n15_06,random,15,min,2,15,static,7759842.6125,2532.0765,3064.6161806327727,23306.592964,11.556736,2016.7106840547365,2184.5333333333333,1.4028699557339963
random_n15_06,random,15,spectrum,2,15,high,7729892.3875,164154.8515,47.08902793226309,23188.898705,3081.766877,7.524546674203222,30,1.5696342644087697
random_n15_06,random,15,spectrum,2,15,natural,7801441.9915,51861.3425,150.4288476816812,23404.048989,2855.344363,8.196576669446017,30,5.014294922722707
random_n15_07,random,15,max,8,15,high,4112.054125,92.9465,44.24108627005858,40.787039,6.404383,6.368613338708818,15,2.9494057513372387
random_n15_07,random,15,max,388,15,natural,4103.1357680412375,5.938278350515464,690.9638662669072,1599.905266,8.015384,199.60431914428557,15,46.064257751127144
random_n15_07,random,15,min,2,15,static,7762211.937,2521.2455,3078.7211864136198,23290.833878,11.42702,2038.2246533216885,2184.5333333333333,1.409326714972055
random_n15_07,random,15,spectrum,2,15,high,7748086.8915,166272.769,46.59865195063901,23243.257806,3081.126466,7.543753254690325,30,1.5532883983546337
random_n15_07,random,15,spectrum,2,15,natural,7742417.589,64797.2185,119.48688181731133,23249.070186,2891.310815,8.04101380778047,30,3.9828960605770445
random_n15_08,random,15,max,8,15,high,4113.45175,91.34475,45.03216386272884,40.819131,6.38669,6.391281086133819,15,3.0021442575152557
random_n15_08,random,15,max,388,15,natural,4102.356345360825,0.946340206185567,4334.969938449807,1599.570721,6.098527,262.28804447369015,15,288.99799589665383
random_n15_08,random,15,min,2,15,static,7754683.399,2505.827,3094.6603253137587,23269.010276,11.319088,2055.7318996018053,2184.5333333333333,1.4166230737215082
random_n15_08,random,15,spectrum,2,15,high,7743067.269,164162.823,47.1669963241312,23240.363296,3073.010979,7.562733571346605,30,1.5722332108043733
random_n15_08,random,15,spectrum,2,15,natural,7752960.2685,21734.828,356.70676890104676,23261.025019,2792.945466,8.328492375582961,30,11.890225630034893
random_n15_09,random,15,max,8,15,high,4107.265375,91.499,44.8886367610575,40.72464,6.351408,6.411907406987553,15,2.9925757840705
random_n15_09,random,15,max,388,15,natural,4101.574412371134,18.528278350515464,221.36835030098877,1599.226725,12.845383,124.4981737796374,15,14.757890020065918
random_n15_09,random,15,min,2,15,static,7757542.6185,2598.224,2985.709707284668,23278.491484,11.753522,1980.5545507125437,2184.5333333333333,1.3667494387594612
random_n15_09,random,15,spectrum,2,15,high,7762081.8445,163695.505,47.41780688785559,23280.993461,3077.514466,7.564868896054118,30,1.5805935629285197
random_n15_09,random,15,spectrum,2,15,natural,7773406.0735,68930.3795,112.77184501066037,23313.180945,2904.475901,8.026639483210504,30,3.7590615003553456
random_n16_00,random,16,max,6,16,high,9017.049833333334,197.839,45.57771639228532,71.223877,13.537411,5.261262807194079,16,2.8486072745178324
random_n16_00,random,16,max,110,16,natural,9006.542363636363,5.002827272727273,1800.2904902864016,1008.006049,12.98685,77.61743987187039,16,112.5181556429001
random_n16_00,random,16,min,2,16,static,32184318.6995,6089.9405,5284.833029074751,96539.743379,26.889687,3590.214470663047,4096.0,1.2902424387389528
random_n16_00,random,16,spectrum,2,16,high,32123108.7505,662725.371,48.47122225308619,96397.680377,12223.403863,7.8863204928370125,32,1.5147256954089434
random_n16_00,random,16,spectrum,2,16,natural,32017511.433,78351.9175,408.6372414944408,96035.599604,11049.890786,8.691090388483772,32,12.769913796701275
random_n16_01,random,16,max,6,16,high,9018.216833333334,207.0745,43.55059089039613,71.156226,13.512067,5.266124420490218,16,2.721911930649758
random_n16_01,random,16,max,110,16,natural,9010.737827272727,2.594936363636364,3472.4311368644526,1008.319167,12.725036,79.2390030959441,16,217.0269460540283
random_n16_01,random,16,min,2,16,static,32050005.8315,6043.0525,5303.612012554913,96162.466967,26.728812,3597.708232112972,4096.0,1.2948271515026644
random_n16_01,random,16,spectrum,2,16,high,31968095.0105,660090.238,48.42988605218549,95908.805939,12146.568118,7.895959171946909,32,1.5134339391307965
random_n16_01,random,16,spectrum,2,16,natural,31949641.3835,65821.16,485.400764488198,95849.272757,10999.659296,8.713840145199349,32,15.168773890256187
random_n16_02,random,16,max,6,16,high,9005.135333333334,161.47483333333335,55.768042285227104,71.125234,13.258245,5.364603987933546,16,3.485502642826694
random_n16_02,random,16,max,110,16,natural,9008.765345454545,7.1803,1254.650271639701,1008.088815,13.128996,76.78338960572461,16,78.41564197748131
random_n16_02,random,16,min,2,16,static,31943598.787,6158.4205,5186.979159185379,95896.216432,27.152568,3531.754949734405,4096.0,1.266352333785493
random_n16_02,random,16,spectrum,2,16,high,32088887.8555,654932.542,48.995714516656285,96256.991092,12150.654915,7.921959084951925,32,1.531116078645509
random_n16_02,random,16,spectrum,2,16,natural,32108188.161,68783.5305,466.8005251780439,96317.057099,11033.944507,8.729159099712335,32,14.587516411813873
random_n16_03,random,16,max,6,16,high,9029.6615,199.87633333333335,45.17624147597931,71.468637,13.611515,5.250601200527641,16,2.823515092248707
random_n16_03,random,16,max,110,16,natural,9004.898427272728,9.569454545454546,941.0043576151392,1008.020444,13.591586,74.16503445587587,16,58.8127723509462
random_n16_03,random,16,min,2,16,static,31926501.8655,5537.2065,5765.813838710909,95812.372805,25.186569,3804.1057837214753,4096.0,1.4076693942165306
random_n16_03,random,16,spectrum,2,16,high,31988284.7725,655486.672,48.80081646038411,95981.267472,12208.983399,7.861528215351782,32,1.5250255143870035
random_n16_03,random,16,spectrum,2,16,natural,32114199.077,96484.07,332.8445729642209,96312.77057,11072.074535,8.69871045986415,32,10.401392905131903
random_n16_04,random,16,max,6,16,high,9013.814166666665,189.85066666666665,47.47844358372896,71.397419,13.785335,5.17922988451133,16,2.96740272398306
random_n16_04,random,16,max,110,16,natural,8998.485590909091,9.342681818181818,963.1587338655925,1007.006915,13.549507,74.32055756714986,16,60.19742086659953
random_n16_04,random,16,min,2,16,static,32033371.494,5921.682,5409.50552461277,96063.761314,26.502164,3624.7515981713796,4096.0,1.3206800597199146
random_n16_04,random,16,spectrum,2,16,high,31915787.5,660194.206,48.343028778413725,95747.85577,12167.857606,7.868916523380952,32,1.510719649325429
random_n16_04,random,16,spectrum,2,16,natural,32114393.6,130576.3945,245.94333242981375,96346.469441,11155.350131,8.63679474956679,32,7.68572913843168
random_n16_05,random,16,max,6,16,high,9021.009333333333,209.60416666666666,43.03831110227612,71.375126,13.778674,5.180115735374826,16,2.6898944438922574
random_n16_05,random,16,max,110,16,natural,9005.774554545455,1.7805272727272727,5057.925645110233,1007.677177,12.543413,80.33516691190827,16,316.12035281938955
random_n16_05,random,16,min,2,16,static,32046765.858,5844.5175,5483.218393648406,96101.128279,26.131587,3677.5848431631803,4096.0,1.338676365636818
random_n16_05,random,16,spectrum,2,16,high,32082804.032,652971.8095,49.133520873690955,96256.147359,12167.22379,7.911101909550724,32,1.5354225273028423
random_n16_05,random,16,spectrum,2,16,natural,31903778.414,40332.7425,791.0143579747894,95702.63848,10977.014598,8.718457794292895,32,24.71919868671217
random_n16_06,random,16,max,6,16,high,9037.219333333334,209.179,43.203282037553166,71.226148,13.687096,5.203890438117771,16,2.700205127347073
random_n16_06,random,16,max,110,16,natural,9005.210372727273,2.1716363636363636,4146.739538680509,1007.482128,12.732162,79.1289121203453,16,259.1712211675318
random_n16_06,random,16,min,2,16,static,32183146.865,5838.6795,5512.0591676593995,96541.477881,26.148192,3692.0899877513516,4096.0,1.3457175702293456
random_n16_06,random,16,spectrum,2,16,high,32332915.1875,654135.503,49.42846709774137,97023.976417,12126.226926,8.001167800098614,32,1.5446395968044178
random_n16_06,random,16,spectrum,2,16,natural,32017746.0545,48163.0165,664.7786700507016,96083.444492,10947.317726,8.776893746657299,32,20.774333439084426
random_n16_07,random,16,max,6,16,high,9007.462666666666,180.19966666666664,49.98601181282245,71.2492,13.625588,5.229073416868322,16,3.124125738301403
random_n16_07,random,16,max,110,16,natural,9011.595972727273,12.493772727272727,721.2870098922009,1008.279961,13.783868,73.14927573305258,16,45.080438118262556
random_n16_07,random,16,min,2,16,static,31973974.2375,6020.4545,5310.890438172069,95960.673831,26.789907,3581.9711442447333,4096.0,1.2966041108818527
random_n16_07,random,16,spectrum,2,16,high,31947751.0215,652854.4855,48.935485213113395,95955.610148,12152.133259,7.896194692971644,32,1.5292339129097936
random_n16_07,random,16,spectrum,2,16,natural,32096207.775,155220.322,206.7783867566001,96269.533837,11204.670871,8.591910904421603,32,6.461824586143753
random_n16_08,random,16,max,6,16,high,9018.958,190.0855,47.44684891798691,71.261871,13.524062,5.269265328715588,16,2.965428057374182
random_n16_08,random,16,max,110,16,natural,9008.893318181817,8.110427272727273,1110.7791260857234,1008.141633,13.455867,74.92208662585621,16,69.42369538035771
random_n16_08,random,16,min,2,16,static,31993261.8065,5947.4005,5379.3689875938235,96011.632411,26.398047,3637.073318757255,4096.0,1.3133225067367733
random_n16_08,random,16,spectrum,2,16,high,32100203.61,657420.9655,48.82747173355851,96314.919341,12212.868645,7.886346946049545,32,1.5258584916737035
random_n16_08,random,16,spectrum,2,16,natural,31914068.9935,158523.122,201.32122425333006,95768.836219,11206.31017,8.545974077656641,32,6.291288257916564
random_n16_09,random,16,max,6,16,high,9007.679666666667,189.16533333333334,47.618025501501336,71.065476,13.489358,5.268262284980501,16,2.9761265938438335
random_n16_09,random,16,max,110,16,natural,9008.8761,6.476045454545455,1391.107607757259,1008.240836,13.289101,75.86975492172118,16,86.94422548482869
random_n16_09,random,16,min,2,16,static,32064481.918,6195.784,5175.2097745822,96188.187685,27.15711,3541.9154573148617,4096.0,1.2634789488726075
random_n16_09,random,16,spectrum,2,16,high,32054280.561,655190.8155,48.923580432882304,96172.940063,12124.052644,7.932408649726085,32,1.528861888527572
random_n16_09,random,16,spectrum,2,16,natural,31947543.105,117395.4485,272.1361306013495,95831.519091,11096.697092,8.636039922193453,32,8.504254081292173
