input,n,method,repetition,steps,variant,context_ns,init_ns,kernel_ns,total_ns,peak_rss_bytes,context_allocated_bytes,state_allocated_bytes
random_n19_00,19,bitwise,0,8,extended,5911842,1877633519,14927272210,16810817571,16592896,3932768,6030104
random_n19_00,19,rank-static,0,8,extended,5503510,4626998,27227975,37358483,14995456,3932768,4194560
random_n19_00,19,rank-shared,0,8,extended,5370854,4505408,15024,9891286,14991360,3932768,4194560
random_n19_00,19,rank-static,1,8,extended,5291651,4532540,27242999,37067190,15003648,3932768,4194560
random_n19_00,19,rank-shared,1,8,extended,5360370,4585292,14523,9960185,14946304,3932768,4194560
random_n19_00,19,bitwise,1,8,extended,5344383,1872993193,14886998996,16765336572,16576512,3932768,6030104
random_n19_00,19,rank-shared,2,8,extended,5590421,4545300,14593,10150314,14979072,3932768,4194560
random_n19_00,19,bitwise,2,8,extended,5314354,2047372518,16290236445,18342923317,16596992,3932768,6030104
random_n19_00,19,rank-static,2,8,extended,5549277,4631949,27239865,37421091,15007744,3932768,4194560
random_n19_00,19,bitwise,3,8,extended,5323697,1879767076,14951722147,16836812920,16650240,3932768,6030104
random_n19_00,19,rank-static,3,8,extended,5549758,4635899,27281311,37466968,14970880,3932768,4194560
random_n19_00,19,rank-shared,3,8,extended,5344605,4522036,14534,9881175,14946304,3932768,4194560
random_n19_00,19,rank-static,4,8,extended,5328989,4475398,27242973,37047360,15003648,3932768,4194560
random_n19_00,19,rank-shared,4,8,extended,5320619,4493460,19455,9833534,15007744,3932768,4194560
random_n19_00,19,bitwise,4,8,extended,5325070,1982064348,15760939845,17748329263,16621568,3932768,6030104
random_n19_01,19,rank-static,0,8,extended,5554850,4594514,27232941,37382305,14950400,3932768,4194560
random_n19_01,19,rank-shared,0,8,extended,5343653,4516884,33698,9894235,14946304,3932768,4194560
random_n19_01,19,bitwise,0,8,extended,5328649,1879117435,14939056686,16823502770,16633856,3932768,6030104
random_n19_01,19,rank-shared,1,8,extended,5550370,4632331,34229,10216930,15003648,3932768,4194560
random_n19_01,19,bitwise,1,8,extended,5321562,1878381393,14924169627,16807872582,16646144,3932768,6030104
random_n19_01,19,rank-static,1,8,extended,5601889,4524151,27272455,37398495,15003648,3932768,4194560
random_n19_01,19,bitwise,2,8,extended,5470296,1938535893,15405760813,17349767002,16646144,3932768,6030104
random_n19_01,19,rank-static,2,8,extended,5554981,4631129,27228414,37414524,14962688,3932768,4194560
random_n19_01,19,rank-shared,2,8,extended,5356443,4518769,34360,9909572,14929920,3932768,4194560
random_n19_01,19,rank-static,3,8,extended,5355281,4488550,27274459,37118290,14999552,3932768,4194560
random_n19_01,19,rank-shared,3,8,extended,5340535,4532031,34329,9906895,14958592,3932768,4194560
random_n19_01,19,bitwise,3,8,extended,5371387,1895352824,15069273486,16969997697,16601088,3932768,6030104
random_n19_01,19,rank-shared,4,8,extended,5620161,4524604,34469,10179234,15003648,3932768,4194560
random_n19_01,19,bitwise,4,8,extended,5335064,1879729484,14938768280,16823832828,16646144,3932768,6030104
random_n19_01,19,rank-static,4,8,extended,5610399,4529976,27247400,37387775,14974976,3932768,4194560
random_n19_02,19,rank-shared,0,8,extended,5373443,4518218,25369,9917030,14942208,3932768,4194560
random_n19_02,19,bitwise,0,8,extended,5322495,1894081128,15012747271,16912150894,16650240,3932768,6030104
random_n19_02,19,rank-static,0,8,extended,5585302,4549381,27286450,37421133,15007744,3932768,4194560
random_n19_02,19,bitwise,1,8,extended,5341279,1983078160,15774922996,17763342435,16547840,3932768,6030104
random_n19_02,19,rank-static,1,8,extended,5541952,4645503,27312231,37499686,14962688,3932768,4194560
random_n19_02,19,rank-shared,1,8,extended,5326264,4538185,26100,9890549,14970880,3932768,4194560
random_n19_02,19,rank-static,2,8,extended,5353206,4589724,27358488,37301418,14999552,3932768,4194560
random_n19_02,19,rank-shared,2,8,extended,5426927,4523020,26410,9976357,14942208,3932768,4194560
random_n19_02,19,bitwise,2,8,extended,5316131,1933655706,15378568896,17317540733,16596992,3932768,6030104
random_n19_02,19,rank-shared,3,8,extended,5619220,4497190,26091,10142501,15007744,3932768,4194560
random_n19_02,19,bitwise,3,8,extended,5350980,2004798974,15942212850,17952362804,16633856,3932768,6030104
random_n19_02,19,rank-static,3,8,extended,5567260,4639178,27306260,37512698,14913536,3932768,4194560
random_n19_02,19,bitwise,4,8,extended,5353747,1875380532,14909248500,16789982779,16613376,3932768,6030104
random_n19_02,19,rank-static,4,8,extended,5561417,4637184,27251814,37450415,14966784,3932768,4194560
random_n19_02,19,rank-shared,4,8,extended,5358769,4637645,25709,10022123,14962688,3932768,4194560
random_n19_03,19,bitwise,0,8,extended,5359591,2017827474,16036354240,18059541305,16601088,3932768,6030104
random_n19_03,19,rank-static,0,8,extended,5547836,4644621,27373256,37565713,15007744,3932768,4194560
random_n19_03,19,rank-shared,0,8,extended,5350470,4470109,16237,9836816,15007744,3932768,4194560
random_n19_03,19,rank-static,1,8,extended,5336187,4520254,27272744,37129185,15003648,3932768,4194560
random_n19_03,19,rank-shared,1,8,extended,5353898,4527581,17150,9898629,14987264,3932768,4194560
random_n19_03,19,bitwise,1,8,extended,5340057,1964589017,15624945503,17594874577,16642048,3932768,6030104
random_n19_03,19,rank-shared,2,8,extended,5556355,4611204,16519,10184078,14966784,3932768,4194560
random_n19_03,19,bitwise,2,8,extended,5337570,1884950854,14982217327,16872505751,16613376,3932768,6030104
random_n19_03,19,rank-static,2,8,extended,5635258,4616216,27264386,37515860,14979072,3932768,4194560
random_n19_03,19,bitwise,3,8,extended,5451845,1890325682,15018157821,16913935348,16637952,3932768,6030104
random_n19_03,19,rank-static,3,8,extended,5515823,4603517,27339299,37458639,14950400,3932768,4194560
random_n19_03,19,rank-shared,3,8,extended,5348005,4518741,17280,9884026,14995456,3932768,4194560
random_n19_03,19,rank-static,4,8,extended,5352215,4489504,27364437,37206156,14995456,3932768,4194560
random_n19_03,19,rank-shared,4,8,extended,5339836,4533034,17169,9890039,15007744,3932768,4194560
random_n19_03,19,bitwise,4,8,extended,5353027,1891098306,15028200901,16924652234,16617472,3932768,6030104
random_n19_04,19,rank-static,0,8,extended,5528803,4618942,27365090,37512835,14987264,3932768,4194560
random_n19_04,19,rank-shared,0,8,extended,5347565,4533164,53835,9934564,14954496,3932768,4194560
random_n19_04,19,bitwise,0,8,extended,5361696,1878690002,14938712211,16822763909,16637952,3932768,6030104
random_n19_04,19,rank-shared,1,8,extended,5674268,4518290,54215,10246773,14950400,3932768,4194560
random_n19_04,19,bitwise,1,8,extended,5359332,1898613830,15096193599,17000166761,16637952,3932768,6030104
random_n19_04,19,rank-static,1,8,extended,5607475,4639390,27390620,37637485,14991360,3932768,4194560
random_n19_04,19,bitwise,2,8,extended,5419361,1876602363,14915248467,16797270191,16617472,3932768,6030104
random_n19_04,19,rank-static,2,8,extended,5512666,4647418,27312921,37473005,14995456,3932768,4194560
random_n19_04,19,rank-shared,2,8,extended,5371390,4540181,53804,9965375,15003648,3932768,4194560
random_n19_04,19,rank-static,3,8,extended,5319059,4526649,27368149,37213857,15003648,3932768,4194560
random_n19_04,19,rank-shared,3,8,extended,5308094,4519724,60910,9888728,15003648,3932768,4194560
random_n19_04,19,bitwise,3,8,extended,5361106,1871796252,14887107415,16764264773,16625664,3932768,6030104
random_n19_04,19,rank-shared,4,8,extended,5530076,4636554,53483,10220113,14991360,3932768,4194560
random_n19_04,19,bitwise,4,8,extended,5303914,1883094876,14972663546,16861062336,16650240,3932768,6030104
random_n19_04,19,rank-static,4,8,extended,5618861,4643910,27389520,37652291,14979072,3932768,4194560
random_n19_05,19,rank-shared,0,8,extended,5426066,4527823,37366,9991255,14966784,3932768,4194560
random_n19_05,19,bitwise,0,8,extended,5446884,1895307750,15065490128,16966244762,16605184,3932768,6030104
random_n19_05,19,rank-static,0,8,extended,5644170,4641134,27362007,37647311,14950400,3932768,4194560
random_n19_05,19,bitwise,1,8,extended,5436030,1891127459,15034675029,16931238518,16637952,3932768,6030104
random_n19_05,19,rank-static,1,8,extended,5520424,4635211,27351202,37506837,15003648,3932768,4194560
random_n19_05,19,rank-shared,1,8,extended,5430557,4530168,37276,9998001,14983168,3932768,4194560
random_n19_05,19,rank-static,2,8,extended,5377995,4516507,27355722,37250224,14974976,3932768,4194560
random_n19_05,19,rank-shared,2,8,extended,5425977,4529116,37496,9992589,14966784,3932768,4194560
random_n19_05,19,bitwise,2,8,extended,5409708,1871581917,14875144964,16752136589,16629760,3932768,6030104
random_n19_05,19,rank-shared,3,8,extended,5568145,4539049,37787,10144981,15003648,3932768,4194560
random_n19_05,19,bitwise,3,8,extended,5330656,1877198980,14921378581,16803908217,16633856,3932768,6030104
random_n19_05,19,rank-static,3,8,extended,5615514,4649293,27321094,37585901,15007744,3932768,4194560
random_n19_05,19,bitwise,4,8,extended,5406210,1890701367,15026421840,16922529417,16654336,3932768,6030104
random_n19_05,19,rank-static,4,8,extended,5616958,4536202,27370889,37524049,14995456,3932768,4194560
random_n19_05,19,rank-shared,4,8,extended,5316133,4508759,38508,9863400,15003648,3932768,4194560
random_n19_06,19,bitwise,0,8,extended,5338595,1888055393,15013353901,16906747889,16650240,3932768,6030104
random_n19_06,19,rank-static,0,8,extended,5811006,4528735,27266539,37606280,15007744,3932768,4194560
random_n19_06,19,rank-shared,0,8,extended,5335037,4539991,18933,9893961,14974976,3932768,4194560
random_n19_06,19,rank-static,1,8,extended,5317966,4513335,27239248,37070549,14970880,3932768,4194560
random_n19_06,19,rank-shared,1,8,extended,5340708,4506550,19074,9866332,14921728,3932768,4194560
random_n19_06,19,bitwise,1,8,extended,5352385,1977353818,15724459006,17707165209,16650240,3932768,6030104
random_n19_06,19,rank-shared,2,8,extended,5611155,4539297,18864,10169316,14909440,3932768,4194560
random_n19_06,19,bitwise,2,8,extended,5325659,1871159548,14875671743,16752156950,16629760,3932768,6030104
random_n19_06,19,rank-static,2,8,extended,5508583,4624483,27214087,37347153,15003648,3932768,4194560
random_n19_06,19,bitwise,3,8,extended,5334216,1878758669,14937780878,16821873763,16654336,3932768,6030104
random_n19_06,19,rank-static,3,8,extended,5535592,4690444,27228035,37454071,15003648,3932768,4194560
random_n19_06,19,rank-shared,3,8,extended,5318637,4496502,18904,9834043,15003648,3932768,4194560
random_n19_06,19,rank-static,4,8,extended,5336469,4517451,27286020,37139940,15003648,3932768,4194560
random_n19_06,19,rank-shared,4,8,extended,5329713,4513341,18754,9861808,15003648,3932768,4194560
random_n19_06,19,bitwise,4,8,extended,5336048,1882460913,14966567991,16854364952,16642048,3932768,6030104
random_n19_07,19,rank-static,0,8,extended,5589655,4519965,27238284,37347904,14999552,3932768,4194560
random_n19_07,19,rank-shared,0,8,extended,5312651,4495717,22082,9830450,14999552,3932768,4194560
random_n19_07,19,bitwise,0,8,extended,5339603,1878890912,14936853357,16821083872,16629760,3932768,6030104
random_n19_07,19,rank-shared,1,8,extended,5547474,4611576,21620,10180670,15003648,3932768,4194560
random_n19_07,19,bitwise,1,8,extended,5354234,1885306462,14983416186,16874076882,16633856,3932768,6030104
random_n19_07,19,rank-static,1,8,extended,5576900,4524481,27437057,37538438,14987264,3932768,4194560
random_n19_07,19,bitwise,2,8,extended,5310069,1989366898,15825038449,17819715416,16592896,3932768,6030104
random_n19_07,19,rank-static,2,8,extended,5523924,4605857,27559288,37689069,14942208,3932768,4194560
random_n19_07,19,rank-shared,2,8,extended,5306788,4622436,29769,9958993,15007744,3932768,4194560
random_n19_07,19,rank-static,3,8,extended,5364262,4467496,27232327,37064085,14917632,3932768,4194560
random_n19_07,19,rank-shared,3,8,extended,5353858,4443931,22011,9819800,14995456,3932768,4194560
random_n19_07,19,bitwise,3,8,extended,5314205,1879764807,14947707406,16832786418,16633856,3932768,6030104
random_n19_07,19,rank-shared,4,8,extended,5518087,4604422,21811,10144320,15003648,3932768,4194560
random_n19_07,19,bitwise,4,8,extended,5364310,1899111683,15101542240,17006018233,16621568,3932768,6030104
random_n19_07,19,rank-static,4,8,extended,5516201,4649865,27303959,37470025,14942208,3932768,4194560
random_n19_08,19,rank-shared,0,8,extended,5440715,4514941,22884,9978540,14970880,3932768,4194560
random_n19_08,19,bitwise,0,8,extended,5378430,1908796563,15170482515,17084657508,16629760,3932768,6030104
random_n19_08,19,rank-static,0,8,extended,5681092,4505838,27388212,37575142,14970880,3932768,4194560
random_n19_08,19,bitwise,1,8,extended,5433556,1870706496,14871478871,16747618923,16601088,3932768,6030104
random_n19_08,19,rank-static,1,8,extended,5567044,4491082,27350884,37409010,14979072,3932768,4194560
random_n19_08,19,rank-shared,1,8,extended,5347654,4584990,23465,9956109,14966784,3932768,4194560
random_n19_08,19,rank-static,2,8,extended,5337380,4535485,27342274,37215139,14999552,3932768,4194560
random_n19_08,19,rank-shared,2,8,extended,5315138,4561567,23454,9900159,14938112,3932768,4194560
random_n19_08,19,bitwise,2,8,extended,5333280,1872043679,14890941413,16768318372,16650240,3932768,6030104
random_n19_08,19,rank-shared,3,8,extended,5557640,4526963,23485,10108088,15003648,3932768,4194560
random_n19_08,19,bitwise,3,8,extended,5313632,1871107397,14876445550,16752866579,16650240,3932768,6030104
random_n19_08,19,rank-static,3,8,extended,5530495,4644926,27377483,37552904,14946304,3932768,4194560
random_n19_08,19,bitwise,4,8,extended,5431825,1897090880,15092279707,16994802412,16613376,3932768,6030104
random_n19_08,19,rank-static,4,8,extended,5586412,4659509,27423088,37669009,14950400,3932768,4194560
random_n19_08,19,rank-shared,4,8,extended,5370461,4524775,23524,9918760,14999552,3932768,4194560
random_n19_09,19,bitwise,0,8,extended,5413069,1875191388,14903379268,16783983725,16592896,3932768,6030104
random_n19_09,19,rank-static,0,8,extended,5638120,4602254,27412353,37652727,14979072,3932768,4194560
random_n19_09,19,rank-shared,0,8,extended,5443588,4541042,29909,10014539,14913536,3932768,4194560
random_n19_09,19,rank-static,1,8,extended,5452870,4543156,27421445,37417471,14970880,3932768,4194560
random_n19_09,19,rank-shared,1,8,extended,5420405,4526848,30090,9977343,14999552,3932768,4194560
random_n19_09,19,bitwise,1,8,extended,5455826,1873949787,14900321400,16779727013,16642048,3932768,6030104
random_n19_09,19,rank-shared,2,8,extended,5598366,4647788,29889,10276043,14962688,3932768,4194560
random_n19_09,19,bitwise,2,8,extended,5351462,1878513259,14929742572,16813607293,16650240,3932768,6030104
random_n19_09,19,rank-static,2,8,extended,5781058,4556324,27473245,37810627,14946304,3932768,4194560
random_n19_09,19,bitwise,3,8,extended,5434594,1873154951,14888647397,16767236942,16592896,3932768,6030104
random_n19_09,19,rank-static,3,8,extended,5620674,4652465,27496530,37769669,14938112,3932768,4194560
random_n19_09,19,rank-shared,3,8,extended,5442170,4554036,30300,10026506,14962688,3932768,4194560
random_n19_09,19,rank-static,4,8,extended,5402076,4652365,27425545,37479986,14991360,3932768,4194560
random_n19_09,19,rank-shared,4,8,extended,5419647,4494208,30100,9943955,14991360,3932768,4194560
random_n19_09,19,bitwise,4,8,extended,5407348,1881590643,14959216912,16846214903,16609280,3932768,6030104
random_n18_00,18,rank-static,0,16,extended,2761052,2189314,25663905,30614271,9220096,1933920,2097408
random_n18_00,18,rank-shared,0,16,extended,2625918,2175562,49344,4850824,9248768,1933920,2097408
random_n18_00,18,bitwise,0,16,extended,2651206,474291538,7502254268,7979197012,9977856,1933920,2917144
random_n18_00,18,rank-shared,1,16,extended,2720247,2194776,49986,4965009,9240576,1933920,2097408
random_n18_00,18,bitwise,1,16,extended,2613328,475362983,7510088011,7988064322,9973760,1933920,2917144
random_n18_00,18,rank-static,1,16,extended,2722732,2171361,25666414,30560507,9244672,1933920,2097408
random_n18_00,18,bitwise,2,16,extended,2610200,478701682,7562915308,8044227190,9932800,1933920,2917144
random_n18_00,18,rank-static,2,16,extended,2717710,2189243,25644438,30551391,9228288,1933920,2097408
random_n18_00,18,rank-shared,2,16,extended,2617207,2178948,49375,4845530,9203712,1933920,2097408
random_n18_00,18,rank-static,3,16,extended,2594593,2238127,26016863,30849583,9179136,1933920,2097408
random_n18_00,18,rank-shared,3,16,extended,2639809,2183038,49595,4872442,9244672,1933920,2097408
random_n18_00,18,bitwise,3,16,extended,2647957,475990757,7531004687,8009643401,9977856,1933920,2917144
random_n18_00,18,rank-shared,4,16,extended,2713199,2192921,49695,4955815,9207808,1933920,2097408
random_n18_00,18,bitwise,4,16,extended,2601570,480807822,7603065178,8086474570,9953280,1933920,2917144
random_n18_00,18,rank-static,4,16,extended,2721237,2217638,25852143,30791018,9179136,1933920,2097408
random_n18_01,18,rank-shared,0,16,extended,2655053,2138836,82922,4876811,9191424,1933920,2097408
random_n18_01,18,bitwise,0,16,extended,2666992,474641444,7507971214,7985279650,9977856,1933920,2917144
random_n18_01,18,rank-static,0,16,extended,2713148,2235810,25897375,30846333,9211904,1933920,2097408
random_n18_01,18,bitwise,1,16,extended,2653490,474963164,7506094386,7983711040,9916416,1933920,2917144
random_n18_01,18,rank-static,1,16,extended,3039625,2221175,25828843,31089643,9224192,1933920,2097408
random_n18_01,18,rank-shared,1,16,extended,2648938,2186847,82962,4918747,9187328,1933920,2097408
random_n18_01,18,rank-static,2,16,extended,2645100,2197070,25876552,30718722,9216000,1933920,2097408
random_n18_01,18,rank-shared,2,16,extended,2637351,2194965,84978,4917294,9252864,1933920,2097408
random_n18_01,18,bitwise,2,16,extended,2634234,477941474,7563718356,8044294064,9977856,1933920,2917144
random_n18_01,18,rank-shared,3,16,extended,2709027,2210882,83614,5003523,9187328,1933920,2097408
random_n18_01,18,bitwise,3,16,extended,2643266,478735770,7570686639,8052065675,9953280,1933920,2917144
random_n18_01,18,rank-static,3,16,extended,2729384,2189522,25906375,30825281,9252864,1933920,2097408
random_n18_01,18,bitwise,4,16,extended,2641299,474931625,7505867243,7983440167,9936896,1933920,2917144
random_n18_01,18,rank-static,4,16,extended,2738575,2195816,25693568,30627959,9232384,1933920,2097408
random_n18_01,18,rank-shared,4,16,extended,2624821,2180060,83513,4888394,9244672,1933920,2097408
random_n18_02,18,bitwise,0,16,extended,2613505,474275190,7498401380,7975290075,9928704,1933920,2917144
random_n18_02,18,rank-static,0,16,extended,2709016,2193471,25689535,30592022,9187328,1933920,2097408
random_n18_02,18,rank-shared,0,16,extended,2622074,2199104,28235,4849413,9240576,1933920,2097408
random_n18_02,18,rank-static,1,16,extended,2618918,2176020,25672786,30467724,9252864,1933920,2097408
random_n18_02,18,rank-shared,1,16,extended,2617624,2174165,28116,4819905,9220096,1933920,2097408
random_n18_02,18,bitwise,1,16,extended,2619268,480886129,7608691601,8092196998,9969664,1933920,2917144
random_n18_02,18,rank-shared,2,16,extended,2731438,2180109,27644,4939191,9195520,1933920,2097408
random_n18_02,18,bitwise,2,16,extended,2618336,478325143,7562314634,8043258113,9953280,1933920,2917144
random_n18_02,18,rank-static,2,16,extended,2737602,2182093,25668219,30587914,9203712,1933920,2097408
random_n18_02,18,bitwise,3,16,extended,2611440,478420453,7563225322,8044257215,9981952,1933920,2917144
random_n18_02,18,rank-static,3,16,extended,2745069,2190572,25682770,30618411,9224192,1933920,2097408
random_n18_02,18,rank-shared,3,16,extended,2611890,2176350,27734,4815974,9248768,1933920,2097408
random_n18_02,18,rank-static,4,16,extended,2624349,2197418,25690378,30512145,9207808,1933920,2097408
random_n18_02,18,rank-shared,4,16,extended,2613885,2155672,28245,4797802,9211904,1933920,2097408
random_n18_02,18,bitwise,4,16,extended,2621493,514533334,8141612773,8658767600,9940992,1933920,2917144
random_n18_03,18,rank-static,0,16,extended,2742693,2176269,25666769,30585731,9248768,1933920,2097408
random_n18_03,18,rank-shared,0,16,extended,2624359,2188186,155832,4968377,9183232,1933920,2097408
random_n18_03,18,bitwise,0,16,extended,2604572,474245546,7501527022,7978377140,9969664,1933920,2917144
random_n18_03,18,rank-shared,1,16,extended,2742192,2193388,157205,5092785,9211904,1933920,2097408
random_n18_03,18,bitwise,1,16,extended,2600393,477429445,7553679265,8033709103,9977856,1933920,2917144
random_n18_03,18,rank-static,1,16,extended,2718185,2207562,25622119,30547866,9203712,1933920,2097408
random_n18_03,18,bitwise,2,16,extended,2618675,478382519,7566595044,8047596238,9908224,1933920,2917144
random_n18_03,18,rank-static,2,16,extended,2762138,2193608,25697051,30652797,9195520,1933920,2097408
random_n18_03,18,rank-shared,2,16,extended,2618635,2181360,162046,4962041,9211904,1933920,2097408
random_n18_03,18,rank-static,3,16,extended,2638841,2199954,25911988,30750783,9248768,1933920,2097408
random_n18_03,18,rank-shared,3,16,extended,2657475,2201607,157154,5016236,9203712,1933920,2097408
random_n18_03,18,bitwise,3,16,extended,2633229,475133676,7510475258,7988242163,9924608,1933920,2917144
random_n18_03,18,rank-shared,4,16,extended,2737349,2181019,156133,5074501,9248768,1933920,2097408
random_n18_03,18,bitwise,4,16,extended,2630301,478936354,7575840490,8057407145,9981952,1933920,2917144
random_n18_03,18,rank-static,4,16,extended,2708372,2189058,25653533,30550963,9244672,1933920,2097408
random_n18_04,18,rank-shared,0,16,extended,2617672,2197136,44654,4859462,9248768,1933920,2097408
random_n18_04,18,bitwise,0,16,extended,2621009,475256523,7509166595,7987044127,9969664,1933920,2917144
random_n18_04,18,rank-static,0,16,extended,2720479,2198038,25724295,30642812,9248768,1933920,2097408
random_n18_04,18,bitwise,1,16,extended,2619936,476382291,7506259877,7985262104,9973760,1933920,2917144
random_n18_04,18,rank-static,1,16,extended,2706667,2207430,25679117,30593214,9187328,1933920,2097408
random_n18_04,18,rank-shared,1,16,extended,2610885,2186992,44654,4842531,9248768,1933920,2097408
random_n18_04,18,rank-static,2,16,extended,2623474,2184497,25686915,30494886,9211904,1933920,2097408
random_n18_04,18,rank-shared,2,16,extended,2619736,2180608,49825,4850169,9224192,1933920,2097408
random_n18_04,18,bitwise,2,16,extended,2617541,478718648,7575024662,8056360851,9977856,1933920,2917144
random_n18_04,18,rank-shared,3,16,extended,2717302,2197918,44673,4959893,9220096,1933920,2097408
random_n18_04,18,bitwise,3,16,extended,2631071,497306346,7867847933,8367785350,9965568,1933920,2917144
random_n18_04,18,rank-static,3,16,extended,2727775,2188025,25706033,30621833,9248768,1933920,2097408
random_n18_04,18,bitwise,4,16,extended,2635212,478706113,7570028894,8051370219,9981952,1933920,2917144
random_n18_04,18,rank-static,4,16,extended,2749135,2215478,25756367,30720980,9216000,1933920,2097408
random_n18_04,18,rank-shared,4,16,extended,2614303,2183433,44143,4841879,9175040,1933920,2097408
random_n18_05,18,bitwise,0,16,extended,2602846,478955955,7580807520,8062366321,9945088,1933920,2917144
random_n18_05,18,rank-static,0,16,extended,2724909,2199942,25848037,30772888,9232384,1933920,2097408
random_n18_05,18,rank-shared,0,16,extended,2641967,2192874,38510,4873351,9187328,1933920,2097408
random_n18_05,18,rank-static,1,16,extended,2634228,2203741,25857169,30695138,9211904,1933920,2097408
random_n18_05,18,rank-shared,1,16,extended,2657553,2196142,39111,4892806,9252864,1933920,2097408
random_n18_05,18,bitwise,1,16,extended,2661151,479372227,7569494939,8051528317,9969664,1933920,2917144
random_n18_05,18,rank-shared,2,16,extended,2743171,2189186,38650,4971007,9195520,1933920,2097408
random_n18_05,18,bitwise,2,16,extended,2621789,491713657,7773035304,8267370750,9969664,1933920,2917144
random_n18_05,18,rank-static,2,16,extended,2706656,2188044,25887945,30782645,9220096,1933920,2097408
random_n18_05,18,bitwise,3,16,extended,2647499,482089324,7629828030,8114564853,9981952,1933920,2917144
random_n18_05,18,rank-static,3,16,extended,2726682,2212940,25927073,30866695,9232384,1933920,2097408
random_n18_05,18,rank-shared,3,16,extended,2629657,2184274,37968,4851899,9187328,1933920,2097408
random_n18_05,18,rank-static,4,16,extended,2617258,2179383,25924286,30720927,9199616,1933920,2097408
random_n18_05,18,rank-shared,4,16,extended,2658354,2197434,38580,4894368,9232384,1933920,2097408
random_n18_05,18,bitwise,4,16,extended,2642517,478640357,7570258910,8051541784,9977856,1933920,2917144
random_n18_06,18,rank-static,0,16,extended,2715987,2209472,25867442,30792901,9248768,1933920,2097408
random_n18_06,18,rank-shared,0,16,extended,2636112,2189186,45635,4870933,9248768,1933920,2097408
random_n18_06,18,bitwise,0,16,extended,2666723,475027526,7505091905,7982786154,9957376,1933920,2917144
random_n18_06,18,rank-shared,1,16,extended,2731963,2209102,46267,4987332,9244672,1933920,2097408
random_n18_06,18,bitwise,1,16,extended,2614661,482794488,7630010428,8115419577,9973760,1933920,2917144
random_n18_06,18,rank-static,1,16,extended,2734379,2211928,25892325,30838632,9183232,1933920,2097408
random_n18_06,18,bitwise,2,16,extended,2634177,480207765,7579114700,8061956642,9977856,1933920,2917144
random_n18_06,18,rank-static,2,16,extended,2722511,2213862,25934160,30870533,9191424,1933920,2097408
random_n18_06,18,rank-shared,2,16,extended,2622379,2184404,46037,4852820,9191424,1933920,2097408
random_n18_06,18,rank-static,3,16,extended,2611754,2154555,25946408,30712717,9248768,1933920,2097408
random_n18_06,18,rank-shared,3,16,extended,2632062,2198647,46087,4876796,9252864,1933920,2097408
random_n18_06,18,bitwise,3,16,extended,2645533,494444976,7818746806,8315837315,9981952,1933920,2917144
random_n18_06,18,rank-shared,4,16,extended,2715685,2222492,46037,4984214,9195520,1933920,2097408
random_n18_06,18,bitwise,4,16,extended,2613628,487571656,7703570487,8193755771,9945088,1933920,2917144
random_n18_06,18,rank-static,4,16,extended,2754003,2205232,25970830,30930065,9187328,1933920,2097408
random_n18_07,18,rank-shared,0,16,extended,2668185,2208970,31363,4908518,9166848,1933920,2097408
random_n18_07,18,bitwise,0,16,extended,2647377,479547001,7574853724,8057048102,9969664,1933920,2917144
random_n18_07,18,rank-static,0,16,extended,2717338,2205472,25890061,30812871,9158656,1933920,2097408
random_n18_07,18,bitwise,1,16,extended,2650954,474686575,7502849581,7980187110,9965568,1933920,2917144
random_n18_07,18,rank-static,1,16,extended,2742076,2194506,25904883,30841465,9191424,1933920,2097408
random_n18_07,18,rank-shared,1,16,extended,2639387,2197073,32555,4869015,9166848,1933920,2097408
random_n18_07,18,rank-static,2,16,extended,2624533,2198055,25957755,30780343,9179136,1933920,2097408
random_n18_07,18,rank-shared,2,16,extended,2677146,2191309,32295,4900750,9220096,1933920,2097408
random_n18_07,18,bitwise,2,16,extended,2637443,478942105,7563760118,8045339666,9945088,1933920,2917144
random_n18_07,18,rank-shared,3,16,extended,2753592,2220567,32335,5006494,9207808,1933920,2097408
random_n18_07,18,bitwise,3,16,extended,2611232,475069861,7502049047,7979730140,9977856,1933920,2917144
random_n18_07,18,rank-static,3,16,extended,2739740,2188572,25885293,30813605,9248768,1933920,2097408
random_n18_07,18,bitwise,4,16,extended,2623560,474635506,7498775943,7976035009,9977856,1933920,2917144
random_n18_07,18,rank-static,4,16,extended,2735891,2198305,25850901,30785097,9248768,1933920,2097408
random_n18_07,18,rank-shared,4,16,extended,2629645,2197523,32555,4859723,9220096,1933920,2097408
random_n18_08,18,bitwise,0,16,extended,2639116,479687827,7578615646,8060942589,9969664,1933920,2917144
random_n18_08,18,rank-static,0,16,extended,2716787,2208187,25864300,30789274,9240576,1933920,2097408
random_n18_08,18,rank-shared,0,16,extended,2642264,2198715,28005,4868984,9232384,1933920,2097408
random_n18_08,18,rank-static,1,16,extended,2622909,2192049,25888848,30703806,9211904,1933920,2097408
random_n18_08,18,rank-shared,1,16,extended,2676593,2193012,28185,4897790,9191424,1933920,2097408
random_n18_08,18,bitwise,1,16,extended,2645681,477868019,7555893209,8036406909,9945088,1933920,2917144
random_n18_08,18,rank-shared,2,16,extended,2753421,2207335,28256,4989012,9220096,1933920,2097408
random_n18_08,18,bitwise,2,16,extended,2619590,475038787,7509174740,7986833117,9900032,1933920,2917144
random_n18_08,18,rank-static,2,16,extended,2750815,2215484,25902254,30868553,9248768,1933920,2097408
random_n18_08,18,bitwise,3,16,extended,2645921,475243685,7507161274,7985050880,9916416,1933920,2917144
random_n18_08,18,rank-static,3,16,extended,2804198,2205040,25892279,30901517,9232384,1933920,2097408
random_n18_08,18,rank-shared,3,16,extended,2633863,2190055,27744,4851662,9216000,1933920,2097408
random_n18_08,18,rank-static,4,16,extended,2626737,2179611,25985896,30792244,9240576,1933920,2097408
random_n18_08,18,rank-shared,4,16,extended,2652176,2195096,27795,4875067,9199616,1933920,2097408
random_n18_08,18,bitwise,4,16,extended,2644828,474956220,7502278862,7979879910,9977856,1933920,2917144
random_n18_09,18,rank-static,0,16,extended,2729845,2212647,25875538,30818030,9252864,1933920,2097408
random_n18_09,18,rank-shared,0,16,extended,2646543,2195637,49686,4891866,9216000,1933920,2097408
random_n18_09,18,bitwise,0,16,extended,2625834,474707890,7503286228,7980619952,9969664,1933920,2917144
random_n18_09,18,rank-shared,1,16,extended,2739097,2188862,49995,4977954,9191424,1933920,2097408
random_n18_09,18,bitwise,1,16,extended,2630565,480709482,7597406334,8080746381,9981952,1933920,2917144
random_n18_09,18,rank-static,1,16,extended,2740480,2193001,25897846,30831327,9203712,1933920,2097408
random_n18_09,18,bitwise,2,16,extended,2654190,478738400,7574926111,8056318701,9900032,1933920,2917144
random_n18_09,18,rank-static,2,16,extended,2729474,2202072,25690334,30621880,9252864,1933920,2097408
random_n18_09,18,rank-shared,2,16,extended,2618487,2187499,50346,4856332,9252864,1933920,2097408
random_n18_09,18,rank-static,3,16,extended,2632509,2169837,25680060,30482406,9244672,1933920,2097408
random_n18_09,18,rank-shared,3,16,extended,2616202,2176783,50146,4843131,9244672,1933920,2097408
random_n18_09,18,bitwise,3,16,extended,2616182,507316077,8026598148,8536530407,9977856,1933920,2917144
random_n18_09,18,rank-shared,4,16,extended,2721024,2205580,50718,4977322,9224192,1933920,2097408
random_n18_09,18,bitwise,4,16,extended,2637761,476110471,7531813649,8010561881,9900032,1933920,2917144
random_n18_09,18,rank-static,4,16,extended,2726115,2200629,25853187,30779931,9187328,1933920,2097408
random_n17_00,17,rank-shared,0,32,extended,1335814,1112257,47520,2495591,6541312,950880,1048832
random_n17_00,17,bitwise,0,32,extended,1327295,122185961,3815588678,3939101934,6885376,950880,1409816
random_n17_00,17,rank-static,0,32,extended,1338481,1113950,24360939,26813370,6578176,950880,1048832
random_n17_00,17,bitwise,1,32,extended,1326633,120059050,3757076963,3878462646,6877184,950880,1409816
random_n17_00,17,rank-static,1,32,extended,1436849,1085315,24258320,26780484,6574080,950880,1048832
random_n17_00,17,rank-shared,1,32,extended,1322163,1091188,48403,2461754,6561792,950880,1048832
random_n17_00,17,rank-static,2,32,extended,1316911,1120977,24268975,26706863,6578176,950880,1048832
random_n17_00,17,rank-shared,2,32,extended,1320339,1088742,46849,2455930,6578176,950880,1048832
random_n17_00,17,bitwise,2,32,extended,1308692,120301167,3757157738,3878767597,6836224,950880,1409816
random_n17_00,17,rank-shared,3,32,extended,1378113,1094997,47920,2521030,6582272,950880,1048832
random_n17_00,17,bitwise,3,32,extended,1317712,132423407,4140761402,4274502521,6881280,950880,1409816
random_n17_00,17,rank-static,3,32,extended,1363749,1105271,24435349,26904369,6508544,950880,1048832
random_n17_00,17,bitwise,4,32,extended,1333610,120002787,3758213247,3879549644,6852608,950880,1409816
random_n17_00,17,rank-static,4,32,extended,1379396,1099186,24363532,26842114,6553600,950880,1048832
random_n17_00,17,rank-shared,4,32,extended,1329880,1096340,47530,2473750,6500352,950880,1048832
random_n17_01,17,bitwise,0,32,extended,1307208,120306016,3765285899,3886899123,6897664,950880,1409816
random_n17_01,17,rank-static,0,32,extended,1355380,1096070,24349257,26800707,6524928,950880,1048832
random_n17_01,17,rank-shared,0,32,extended,1332568,1099437,53163,2485168,6565888,950880,1048832
random_n17_01,17,rank-static,1,32,extended,1323125,1089594,24265704,26678423,6545408,950880,1048832
random_n17_01,17,rank-shared,1,32,extended,1324528,1096540,53144,2474212,6578176,950880,1048832
random_n17_01,17,bitwise,1,32,extended,1304422,120043283,3755648106,3876995811,6840320,950880,1409816
random_n17_01,17,rank-shared,2,32,extended,1378974,1096190,53473,2528637,6541312,950880,1048832
random_n17_01,17,bitwise,2,32,extended,1321161,121954246,3818451213,3941726620,6840320,950880,1409816
random_n17_01,17,rank-static,2,32,extended,1366225,1093463,24276287,26735975,6578176,950880,1048832
random_n17_01,17,bitwise,3,32,extended,1330933,120325219,3758447973,3880104125,6889472,950880,1409816
random_n17_01,17,rank-static,3,32,extended,1352082,1119845,24304491,26776418,6578176,950880,1048832
random_n17_01,17,rank-shared,3,32,extended,1325580,1096851,52772,2475203,6475776,950880,1048832
random_n17_01,17,rank-static,4,32,extended,1336937,1094425,24372158,26803520,6520832,950880,1048832
random_n17_01,17,rank-shared,4,32,extended,1338009,1093023,52682,2483714,6553600,950880,1048832
random_n17_01,17,bitwise,4,32,extended,1321752,120237120,3759170323,3880729195,6840320,950880,1409816
random_n17_02,17,rank-static,0,32,extended,1369963,1094015,24353003,26816981,6537216,950880,1048832
random_n17_02,17,rank-shared,0,32,extended,1316600,1097813,79885,2494298,6545408,950880,1048832
random_n17_02,17,bitwise,0,32,extended,1326161,119986256,3754851600,3876164017,6893568,950880,1409816
random_n17_02,17,rank-shared,1,32,extended,1340916,1114021,79925,2534862,6561792,950880,1048832
random_n17_02,17,bitwise,1,32,extended,1312590,120449496,3769546595,3891308681,6856704,950880,1409816
random_n17_02,17,rank-static,1,32,extended,1369953,1089063,24253270,26712286,6574080,950880,1048832
random_n17_02,17,bitwise,2,32,extended,1311739,120010906,3754901927,3876224572,6877184,950880,1409816
random_n17_02,17,rank-static,2,32,extended,1370434,1098805,24343750,26812989,6569984,950880,1048832
random_n17_02,17,rank-shared,2,32,extended,1319106,1088682,79995,2487783,6561792,950880,1048832
random_n17_02,17,rank-static,3,32,extended,1308691,1099206,24304328,26712225,6516736,950880,1048832
random_n17_02,17,rank-shared,3,32,extended,1340856,1100389,80126,2521371,6582272,950880,1048832
random_n17_02,17,bitwise,3,32,extended,1313553,120151326,3759821474,3881286353,6877184,950880,1409816
random_n17_02,17,rank-shared,4,32,extended,1519460,1110261,79785,2709506,6565888,950880,1048832
random_n17_02,17,bitwise,4,32,extended,1315216,135579330,4224049424,4360943970,6893568,950880,1409816
random_n17_02,17,rank-static,4,32,extended,1374734,1090306,24362200,26827240,6569984,950880,1048832
random_n17_03,17,rank-shared,0,32,extended,1312821,1100619,59719,2473159,6578176,950880,1048832
random_n17_03,17,bitwise,0,32,extended,1313703,120153213,3756500322,3877967238,6881280,950880,1409816
random_n17_03,17,rank-static,0,32,extended,1376929,1098765,24356707,26832401,6553600,950880,1048832
random_n17_03,17,bitwise,1,32,extended,1320198,121918288,3814846978,3938085464,6877184,950880,1409816
random_n17_03,17,rank-static,1,32,extended,1384136,1101692,24530620,27016448,6557696,950880,1048832
random_n17_03,17,rank-shared,1,32,extended,1323525,1084753,60891,2469169,6569984,950880,1048832
random_n17_03,17,rank-static,2,32,extended,1337478,1095828,24322929,26756235,6508544,950880,1048832
random_n17_03,17,rank-shared,2,32,extended,1332326,1093733,60921,2486980,6582272,950880,1048832
random_n17_03,17,bitwise,2,32,extended,1319095,120241301,3761402047,3882962443,6897664,950880,1409816
random_n17_03,17,rank-shared,3,32,extended,1387755,1098775,60049,2546579,6508544,950880,1048832
random_n17_03,17,bitwise,3,32,extended,1318043,120543938,3772163234,3894025215,6877184,950880,1409816
random_n17_03,17,rank-static,3,32,extended,1364811,1097352,24263950,26726113,6561792,950880,1048832
random_n17_03,17,bitwise,4,32,extended,1328186,120314493,3759590144,3881232823,6873088,950880,1409816
random_n17_03,17,rank-static,4,32,extended,1401777,1099757,24253927,26755461,6569984,950880,1048832
random_n17_03,17,rank-shared,4,32,extended,1413604,1088972,59769,2562345,6578176,950880,1048832
random_n17_04,17,bitwise,0,32,extended,1325650,120100333,3753275009,3874700992,6856704,950880,1409816
random_n17_04,17,rank-static,0,32,extended,1362576,1091337,24408825,26862738,6578176,950880,1048832
random_n17_04,17,rank-shared,0,32,extended,1322343,1132824,47330,2502497,6541312,950880,1048832
random_n17_04,17,rank-static,1,32,extended,1305925,1095707,24407642,26809274,6533120,950880,1048832
random_n17_04,17,rank-shared,1,32,extended,1306275,1093523,46227,2446025,6569984,950880,1048832
random_n17_04,17,bitwise,1,32,extended,1314384,122060971,3817319581,3940694936,6873088,950880,1409816
random_n17_04,17,rank-shared,2,32,extended,1389058,1101280,45877,2536215,6574080,950880,1048832
random_n17_04,17,bitwise,2,32,extended,1324417,123721042,3873847978,3998893437,6860800,950880,1409816
random_n17_04,17,rank-static,2,32,extended,1405545,1105080,24255618,26766243,6541312,950880,1048832
random_n17_04,17,bitwise,3,32,extended,1315828,120106487,3756768864,3878191179,6897664,950880,1409816
random_n17_04,17,rank-static,3,32,extended,1381239,1096740,24367978,26845957,6569984,950880,1048832
random_n17_04,17,rank-shared,3,32,extended,1335934,1096049,45876,2477859,6553600,950880,1048832
random_n17_04,17,rank-static,4,32,extended,1323044,1099306,24332766,26755116,6578176,950880,1048832
random_n17_04,17,rank-shared,4,32,extended,1317342,1100398,46287,2464027,6582272,950880,1048832
random_n17_04,17,bitwise,4,32,extended,1325179,121903987,3815847713,3939076879,6856704,950880,1409816
random_n17_05,17,rank-static,0,32,extended,1373872,1113258,24426703,26913833,6582272,950880,1048832
random_n17_05,17,rank-shared,0,32,extended,1335242,1097121,42769,2475132,6569984,950880,1048832
random_n17_05,17,bitwise,0,32,extended,1319005,122390249,3818929764,3942639018,6873088,950880,1409816
random_n17_05,17,rank-shared,1,32,extended,1369552,1098674,41987,2510213,6578176,950880,1048832
random_n17_05,17,bitwise,1,32,extended,1331254,132054378,4143689503,4277075135,6881280,950880,1409816
random_n17_05,17,rank-static,1,32,extended,1383043,1117659,24462504,26963206,6582272,950880,1048832
random_n17_05,17,bitwise,2,32,extended,1325650,122659937,3834386122,3958371709,6897664,950880,1409816
random_n17_05,17,rank-static,2,32,extended,1367727,1088230,24260005,26715962,6578176,950880,1048832
random_n17_05,17,rank-shared,2,32,extended,1321981,1104629,42198,2468808,6512640,950880,1048832
random_n17_05,17,rank-static,3,32,extended,1311728,1100859,24344741,26757328,6512640,950880,1048832
random_n17_05,17,rank-shared,3,32,extended,1318534,1095126,42699,2456359,6541312,950880,1048832
random_n17_05,17,bitwise,3,32,extended,1306886,122147988,3822190427,3945645301,6877184,950880,1409816
random_n17_05,17,rank-shared,4,32,extended,1363738,1099166,42187,2505091,6578176,950880,1048832
random_n17_05,17,bitwise,4,32,extended,1308410,121803416,3805042763,3928154589,6893568,950880,1409816
random_n17_05,17,rank-static,4,32,extended,1378763,1110752,24533958,27023473,6582272,950880,1048832
random_n17_06,17,rank-shared,0,32,extended,1341377,1094966,47570,2483913,6578176,950880,1048832
random_n17_06,17,bitwise,0,32,extended,1318163,120780173,3775278962,3897377298,6901760,950880,1409816
random_n17_06,17,rank-static,0,32,extended,1371456,1095737,24484253,26951446,6512640,950880,1048832
random_n17_06,17,bitwise,1,32,extended,1310956,120055743,3755565489,3876932188,6885376,950880,1409816
random_n17_06,17,rank-static,1,32,extended,1389358,1089904,24480743,26960005,6578176,950880,1048832
random_n17_06,17,rank-shared,1,32,extended,1315065,1117338,47620,2480023,6516736,950880,1048832
random_n17_06,17,rank-static,2,32,extended,1310204,1102283,24413367,26825854,6508544,950880,1048832
random_n17_06,17,rank-shared,2,32,extended,1331443,1093553,47279,2472275,6524928,950880,1048832
random_n17_06,17,bitwise,2,32,extended,1327184,120117191,3755779884,3877224259,6889472,950880,1409816
random_n17_06,17,rank-shared,3,32,extended,1393518,1102623,47751,2543892,6578176,950880,1048832
random_n17_06,17,bitwise,3,32,extended,1317070,120065098,3756685695,3878067863,6881280,950880,1409816
random_n17_06,17,rank-static,3,32,extended,1362245,1108477,24343303,26814025,6565888,950880,1048832
random_n17_06,17,bitwise,4,32,extended,1343832,121843513,3816695418,3939882763,6893568,950880,1409816
random_n17_06,17,rank-static,4,32,extended,1361152,1097080,24259760,26717992,6545408,950880,1048832
random_n17_06,17,rank-shared,4,32,extended,1326662,1088291,47430,2462383,6553600,950880,1048832
random_n17_07,17,bitwise,0,32,extended,1311657,120242473,3760560074,3882114204,6885376,950880,1409816
random_n17_07,17,rank-static,0,32,extended,1375495,1098534,24262566,26736595,6569984,950880,1048832
random_n17_07,17,rank-shared,0,32,extended,1311928,1100208,48111,2460247,6574080,950880,1048832
random_n17_07,17,rank-static,1,32,extended,1320227,1087759,24230512,26638498,6578176,950880,1048832
random_n17_07,17,rank-shared,1,32,extended,1319946,1093012,47881,2460839,6578176,950880,1048832
random_n17_07,17,bitwise,1,32,extended,1312219,119942154,3756041240,3877295613,6897664,950880,1409816
random_n17_07,17,rank-shared,2,32,extended,1372147,1105280,48001,2525428,6578176,950880,1048832
random_n17_07,17,bitwise,2,32,extended,1316228,120136581,3755273259,3876726068,6881280,950880,1409816
random_n17_07,17,rank-static,2,32,extended,1381950,1098263,24288364,26768577,6533120,950880,1048832
random_n17_07,17,bitwise,3,32,extended,1326692,124303176,3891312087,4016941955,6901760,950880,1409816
random_n17_07,17,rank-static,3,32,extended,1374082,1098594,24281227,26753903,6504448,950880,1048832
random_n17_07,17,rank-shared,3,32,extended,1312980,1093823,48332,2455135,6512640,950880,1048832
random_n17_07,17,rank-static,4,32,extended,1316318,1117337,24251378,26685033,6541312,950880,1048832
random_n17_07,17,rank-shared,4,32,extended,1321310,1093361,48062,2462733,6541312,950880,1048832
random_n17_07,17,bitwise,4,32,extended,1310524,120406701,3758221705,3879938930,6885376,950880,1409816
random_n17_08,17,rank-static,0,32,extended,1347640,1120565,24219524,26687729,6537216,950880,1048832
random_n17_08,17,rank-shared,0,32,extended,1311497,1098213,51399,2461109,6541312,950880,1048832
random_n17_08,17,bitwise,0,32,extended,1329629,120231672,3755779216,3877340517,6897664,950880,1409816
random_n17_08,17,rank-shared,1,32,extended,1378582,1098665,51639,2528886,6524928,950880,1048832
random_n17_08,17,bitwise,1,32,extended,1318273,120263553,3758065531,3879647357,6897664,950880,1409816
random_n17_08,17,rank-static,1,32,extended,1361773,1104407,24262793,26728973,6541312,950880,1048832
random_n17_08,17,bitwise,2,32,extended,1320959,121496516,3796523602,3919341077,6864896,950880,1409816
random_n17_08,17,rank-static,2,32,extended,1371495,1089954,24255626,26717075,6578176,950880,1048832
random_n17_08,17,rank-shared,2,32,extended,1319997,1087828,52011,2459836,6574080,950880,1048832
random_n17_08,17,rank-static,3,32,extended,1321610,1108246,24219552,26649408,6578176,950880,1048832
random_n17_08,17,rank-shared,3,32,extended,1313832,1085784,51208,2450824,6582272,950880,1048832
random_n17_08,17,bitwise,3,32,extended,1316519,120153031,3757974154,3879443704,6873088,950880,1409816
random_n17_08,17,rank-shared,4,32,extended,1381690,1098673,52562,2532925,6574080,950880,1048832
random_n17_08,17,bitwise,4,32,extended,1331974,120017986,3754031838,3875381798,6897664,950880,1409816
random_n17_08,17,rank-static,4,32,extended,1374122,1099956,24351978,26826056,6574080,950880,1048832
random_n17_09,17,rank-shared,0,32,extended,1322652,1089393,64700,2476745,6488064,950880,1048832
random_n17_09,17,bitwise,0,32,extended,1325309,120096484,3756395312,3877817105,6864896,950880,1409816
random_n17_09,17,rank-static,0,32,extended,1351340,1101219,24230115,26682674,6541312,950880,1048832
random_n17_09,17,bitwise,1,32,extended,1308590,120319778,3757006581,3878634949,6901760,950880,1409816
random_n17_09,17,rank-static,1,32,extended,1369802,1089292,24320814,26779908,6578176,950880,1048832
random_n17_09,17,rank-shared,1,32,extended,1336104,1094604,64800,2495508,6557696,950880,1048832
random_n17_09,17,rank-static,2,32,extended,1315306,1094143,24225574,26635023,6549504,950880,1048832
random_n17_09,17,rank-shared,2,32,extended,1314564,1094885,64790,2474239,6524928,950880,1048832
random_n17_09,17,bitwise,2,32,extended,1315255,120040449,3758300617,3879656321,6868992,950880,1409816
random_n17_09,17,rank-shared,3,32,extended,1344533,1100157,64509,2509199,6504448,950880,1048832
random_n17_09,17,bitwise,3,32,extended,1314424,120260846,3762061389,3883636659,6836224,950880,1409816
random_n17_09,17,rank-static,3,32,extended,1377620,1096088,24228298,26702006,6520832,950880,1048832
random_n17_09,17,bitwise,4,32,extended,1319314,122318659,3828655195,3952293168,6868992,950880,1409816
random_n17_09,17,rank-static,4,32,extended,1369471,1095998,24239725,26705194,6569984,950880,1048832
random_n17_09,17,rank-shared,4,32,extended,1325499,1089694,64689,2479882,6578176,950880,1048832
random_n16_00,16,bitwise,0,128,optimized,681308,31385119,3860917999,3892984426,5328896,467552,680632
random_n16_00,16,rank-static,0,128,optimized,672918,555185,32483402,33711505,5238784,467552,524512
random_n16_00,16,rank-shared,0,128,optimized,673901,544350,153866,1372117,5292032,467552,524512
random_n16_00,16,rank-static,1,128,optimized,674111,534958,32687825,33896894,5300224,467552,524512
random_n16_00,16,rank-shared,1,128,optimized,671044,543599,154868,1369511,5271552,467552,524512
random_n16_00,16,bitwise,1,128,optimized,659938,32881062,4056234515,4089775515,5312512,467552,680632
random_n16_00,16,rank-shared,2,128,optimized,696984,548179,154388,1399551,5271552,467552,524512
random_n16_00,16,bitwise,2,128,optimized,666573,37089114,4587533852,4625289539,5296128,467552,680632
random_n16_00,16,rank-static,2,128,optimized,671294,544561,32420975,33636830,5292032,467552,524512
random_n16_00,16,bitwise,3,128,optimized,674402,32656851,4023521837,4056853090,5320704,467552,680632
random_n16_00,16,rank-static,3,128,optimized,674251,544601,32197307,33416159,5296128,467552,524512
random_n16_00,16,rank-shared,3,128,optimized,673058,543869,153736,1370663,5189632,467552,524512
random_n16_00,16,rank-static,4,128,optimized,675875,539650,32184546,33400071,5300224,467552,524512
random_n16_00,16,rank-shared,4,128,optimized,678551,537795,153104,1369450,5267456,467552,524512
random_n16_00,16,bitwise,4,128,optimized,678130,31702420,3904485390,3936865940,5275648,467552,680632
random_n16_01,16,rank-static,0,128,optimized,686500,554192,32190942,33431634,5251072,467552,524512
random_n16_01,16,rank-shared,0,128,optimized,675815,544621,213735,1434171,5271552,467552,524512
random_n16_01,16,bitwise,0,128,optimized,677268,31442368,3868061242,3900180878,5283840,467552,680632
random_n16_01,16,rank-shared,1,128,optimized,678030,540552,213394,1431976,5279744,467552,524512
random_n16_01,16,bitwise,1,128,optimized,666252,31537398,3882922227,3915125877,5283840,467552,680632
random_n16_01,16,rank-static,1,128,optimized,679333,545513,32388547,33613393,5296128,467552,524512
random_n16_01,16,bitwise,2,128,optimized,671986,33572167,4127086526,4161330679,5328896,467552,680632
random_n16_01,16,rank-static,2,128,optimized,692363,561449,32188113,33441925,5304320,467552,524512
random_n16_01,16,rank-shared,2,128,optimized,696954,534197,213364,1444515,5246976,467552,524512
random_n16_01,16,rank-static,3,128,optimized,674251,534918,32168136,33377305,5287936,467552,524512
random_n16_01,16,rank-shared,3,128,optimized,678621,538226,213044,1429891,5304320,467552,524512
random_n16_01,16,bitwise,3,128,optimized,661441,33894954,4179479740,4214036135,5316608,467552,680632
random_n16_01,16,rank-shared,4,128,optimized,687451,555045,213895,1456391,5300224,467552,524512
random_n16_01,16,bitwise,4,128,optimized,669690,31697015,3906716705,3939083410,5279744,467552,680632
random_n16_01,16,rank-static,4,128,optimized,690880,553241,32202053,33446174,5304320,467552,524512
random_n16_02,16,rank-shared,0,128,optimized,675624,553782,191554,1420960,5279744,467552,524512
random_n16_02,16,bitwise,0,128,optimized,678049,31345080,3854058821,3886081950,5296128,467552,680632
random_n16_02,16,rank-static,0,128,optimized,691771,549563,32198284,33439618,5242880,467552,524512
random_n16_02,16,bitwise,1,128,optimized,689306,31398672,3854931343,3887019321,5316608,467552,680632
random_n16_02,16,rank-static,1,128,optimized,703058,547307,32436795,33687160,5267456,467552,524512
random_n16_02,16,rank-shared,1,128,optimized,667164,554043,191373,1412580,5304320,467552,524512
random_n16_02,16,rank-static,2,128,optimized,671504,537294,32364318,33573116,5300224,467552,524512
random_n16_02,16,rank-shared,2,128,optimized,666663,547488,192235,1406386,5296128,467552,524512
random_n16_02,16,bitwise,2,128,optimized,669811,31342151,3858083187,3890095149,5259264,467552,680632
random_n16_02,16,rank-shared,3,128,optimized,709032,546595,198570,1454197,5292032,467552,524512
random_n16_02,16,bitwise,3,128,optimized,678199,31784665,3906278998,3938741862,5271552,467552,680632
random_n16_02,16,rank-static,3,128,optimized,696843,553522,32413309,33663674,5242880,467552,524512
random_n16_02,16,bitwise,4,128,optimized,676887,34546859,4253753414,4288977160,5292032,467552,680632
random_n16_02,16,rank-static,4,128,optimized,733006,541264,32175949,33450219,5296128,467552,524512
random_n16_02,16,rank-shared,4,128,optimized,672707,537224,191604,1401535,5246976,467552,524512
random_n16_03,16,bitwise,0,128,optimized,674952,33123323,4088036189,4121834464,5292032,467552,680632
random_n16_03,16,rank-static,0,128,optimized,744383,537324,32521950,33803657,5226496,467552,524512
random_n16_03,16,rank-shared,0,128,optimized,683883,541344,168730,1393957,5246976,467552,524512
random_n16_03,16,rank-static,1,128,optimized,669069,548260,32500990,33718319,5287936,467552,524512
random_n16_03,16,rank-shared,1,128,optimized,677168,549221,169423,1395812,5308416,467552,524512
random_n16_03,16,bitwise,1,128,optimized,667956,31377761,3863923133,3895968850,5304320,467552,680632
random_n16_03,16,rank-shared,2,128,optimized,686238,545643,169463,1401344,5300224,467552,524512
random_n16_03,16,bitwise,2,128,optimized,666011,31386661,3866899559,3898952231,5283840,467552,680632
random_n16_03,16,rank-static,2,128,optimized,686579,548229,32250270,33485078,5230592,467552,524512
random_n16_03,16,bitwise,3,128,optimized,678049,32993460,4061258362,4094929871,5312512,467552,680632
random_n16_03,16,rank-static,3,128,optimized,699630,547508,32146458,33393596,5263360,467552,524512
random_n16_03,16,rank-shared,3,128,optimized,672918,554203,169261,1396382,5263360,467552,524512
random_n16_03,16,rank-static,4,128,optimized,681127,552519,32486015,33719661,5304320,467552,524512
random_n16_03,16,rank-shared,4,128,optimized,679192,551316,167969,1398477,5275648,467552,524512
random_n16_03,16,bitwise,4,128,optimized,682159,31891999,3926907529,3959481687,5332992,467552,680632
random_n16_04,16,rank-static,0,128,optimized,706816,537775,32194038,33438629,5275648,467552,524512
random_n16_04,16,rank-shared,0,128,optimized,681708,551066,176558,1409332,5246976,467552,524512
random_n16_04,16,bitwise,0,128,optimized,673369,31987510,3934570330,3967231209,5255168,467552,680632
random_n16_04,16,rank-shared,1,128,optimized,701354,550244,177380,1428978,5279744,467552,524512
random_n16_04,16,bitwise,1,128,optimized,683553,31652343,3896493801,3928829697,5283840,467552,680632
random_n16_04,16,rank-static,1,128,optimized,661671,560077,32499393,33721141,5218304,467552,524512
random_n16_04,16,bitwise,2,128,optimized,673960,31464198,3865816332,3897954490,5328896,467552,680632
random_n16_04,16,rank-static,2,128,optimized,687973,550955,32586435,33825363,5259264,467552,524512
random_n16_04,16,rank-shared,2,128,optimized,676676,554815,176408,1407899,5300224,467552,524512
random_n16_04,16,rank-static,3,128,optimized,668347,546595,32538163,33753105,5300224,467552,524512
random_n16_04,16,rank-shared,3,128,optimized,679032,545392,176068,1400492,5304320,467552,524512
random_n16_04,16,bitwise,3,128,optimized,659968,31390686,3858171480,3890222134,5312512,467552,680632
random_n16_04,16,rank-shared,4,128,optimized,673008,538326,176409,1387743,5304320,467552,524512
random_n16_04,16,bitwise,4,128,optimized,668026,32659784,4021061198,4054389008,5316608,467552,680632
random_n16_04,16,rank-static,4,128,optimized,675143,546926,32524941,33747010,5275648,467552,524512
random_n16_05,16,rank-shared,0,128,optimized,673930,533705,185981,1393616,5259264,467552,524512
random_n16_05,16,bitwise,0,128,optimized,668126,31611637,3884542521,3916822284,5287936,467552,680632
random_n16_05,16,rank-static,0,128,optimized,684936,535499,32274611,33495046,5296128,467552,524512
random_n16_05,16,bitwise,1,128,optimized,669560,31718484,3898053896,3930441940,5332992,467552,680632
random_n16_05,16,rank-static,1,128,optimized,679633,556418,32391040,33627091,5304320,467552,524512
random_n16_05,16,rank-shared,1,128,optimized,683211,542827,186421,1412459,5251072,467552,524512
random_n16_05,16,rank-static,2,128,optimized,666573,555987,32192600,33415160,5255168,467552,524512
random_n16_05,16,rank-shared,2,128,optimized,675865,563404,185549,1424818,5267456,467552,524512
random_n16_05,16,bitwise,2,128,optimized,682591,33838330,4172347078,4206867999,5324800,467552,680632
random_n16_05,16,rank-shared,3,128,optimized,677980,541413,186672,1406065,5283840,467552,524512
random_n16_05,16,bitwise,3,128,optimized,678551,31426656,3866524454,3898629661,5255168,467552,680632
random_n16_05,16,rank-static,3,128,optimized,700402,549231,32447339,33696972,5304320,467552,524512
random_n16_05,16,bitwise,4,128,optimized,668908,32708373,4030249512,4063626793,5328896,467552,680632
random_n16_05,16,rank-static,4,128,optimized,679924,550134,32589387,33819445,5234688,467552,524512
random_n16_05,16,rank-shared,4,128,optimized,672216,560497,186221,1418934,5238784,467552,524512
random_n16_06,16,bitwise,0,128,optimized,672216,31338261,3857879312,3889889789,5263360,467552,680632
random_n16_06,16,rank-static,0,128,optimized,687100,557621,32220142,33464863,5304320,467552,524512
random_n16_06,16,rank-shared,0,128,optimized,673709,542646,181590,1397945,5296128,467552,524512
random_n16_06,16,rank-static,1,128,optimized,682109,538486,32209227,33429822,5296128,467552,524512
random_n16_06,16,rank-shared,1,128,optimized,681418,549051,182021,1412490,5292032,467552,524512
random_n16_06,16,bitwise,1,128,optimized,682881,34694088,4272517009,4307893978,5304320,467552,680632
random_n16_06,16,rank-shared,2,128,optimized,737297,557530,182122,1476949,5263360,467552,524512
random_n16_06,16,bitwise,2,128,optimized,682640,31602240,3887873739,3920158619,5287936,467552,680632
random_n16_06,16,rank-static,2,128,optimized,711446,538837,32246332,33496615,5242880,467552,524512
random_n16_06,16,bitwise,3,128,optimized,675734,34670222,4246288654,4281634610,5259264,467552,680632
random_n16_06,16,rank-static,3,128,optimized,697685,559305,32279557,33536547,5275648,467552,524512
random_n16_06,16,rank-shared,3,128,optimized,685546,542666,182543,1410755,5304320,467552,524512
random_n16_06,16,rank-static,4,128,optimized,684765,548941,32218877,33452583,5267456,467552,524512
random_n16_06,16,rank-shared,4,128,optimized,679644,549652,181961,1411257,5242880,467552,524512
random_n16_06,16,bitwise,4,128,optimized,667044,33408691,4119191823,4153267558,5328896,467552,680632
random_n16_07,16,rank-static,0,128,optimized,688594,545793,32322727,33557114,5255168,467552,524512
random_n16_07,16,rank-shared,0,128,optimized,673419,544310,186792,1404521,5304320,467552,524512
random_n16_07,16,bitwise,0,128,optimized,664549,32523330,4015869803,4049057682,5296128,467552,680632
random_n16_07,16,rank-shared,1,128,optimized,690007,552920,195803,1438730,5296128,467552,524512
random_n16_07,16,bitwise,1,128,optimized,681939,31637851,3886640965,3918960755,5320704,467552,680632
random_n16_07,16,rank-static,1,128,optimized,685767,552499,32327978,33566244,5242880,467552,524512
random_n16_07,16,bitwise,2,128,optimized,670833,35725431,4421144539,4457540803,5300224,467552,680632
random_n16_07,16,rank-static,2,128,optimized,697855,547167,32399522,33644544,5275648,467552,524512
random_n16_07,16,rank-shared,2,128,optimized,665671,543037,186993,1395701,5296128,467552,524512
random_n16_07,16,rank-static,3,128,optimized,679242,543999,32214143,33437384,5210112,467552,524512
random_n16_07,16,rank-shared,3,128,optimized,677999,542406,186913,1407318,5275648,467552,524512
random_n16_07,16,bitwise,3,128,optimized,680896,32157212,3955275938,3988114046,5259264,467552,680632
random_n16_07,16,rank-shared,4,128,optimized,686599,548059,187835,1422493,5300224,467552,524512
random_n16_07,16,bitwise,4,128,optimized,674140,34508785,4259769401,4294952326,5316608,467552,680632
random_n16_07,16,rank-static,4,128,optimized,674853,563885,32294197,33532935,5304320,467552,524512
random_n16_08,16,rank-shared,0,128,optimized,682540,538306,168931,1389777,5263360,467552,524512
random_n16_08,16,bitwise,0,128,optimized,670662,31380423,3853968187,3886019272,5292032,467552,680632
random_n16_08,16,rank-static,0,128,optimized,679763,545974,32247549,33473286,5267456,467552,524512
random_n16_08,16,bitwise,1,128,optimized,674271,31637898,3883409540,3915721709,5300224,467552,680632
random_n16_08,16,rank-static,1,128,optimized,688614,546084,32582524,33817222,5304320,467552,524512
random_n16_08,16,rank-shared,1,128,optimized,681286,553191,170043,1404520,5255168,467552,524512
random_n16_08,16,rank-static,2,128,optimized,682530,543157,32159455,33385142,5255168,467552,524512
random_n16_08,16,rank-shared,2,128,optimized,690297,548089,168991,1407377,5275648,467552,524512
random_n16_08,16,bitwise,2,128,optimized,681888,31347475,3852947409,3884976772,5332992,467552,680632
random_n16_08,16,rank-shared,3,128,optimized,671655,552028,168880,1392563,5308416,467552,524512
random_n16_08,16,bitwise,3,128,optimized,668227,31882102,3923765279,3956315608,5332992,467552,680632
random_n16_08,16,rank-static,3,128,optimized,689236,543477,32150143,33382856,5300224,467552,524512
random_n16_08,16,bitwise,4,128,optimized,690639,31752712,3897894118,3930337469,5296128,467552,680632
random_n16_08,16,rank-static,4,128,optimized,677408,553331,32523285,33754024,5267456,467552,524512
random_n16_08,16,rank-shared,4,128,optimized,677157,552829,169092,1399078,5255168,467552,524512
random_n16_09,16,bitwise,0,128,optimized,663065,31357737,3857897625,3889918427,5324800,467552,680632
random_n16_09,16,rank-static,0,128,optimized,670742,572355,32205259,33448356,5300224,467552,524512
random_n16_09,16,rank-shared,0,128,optimized,689015,538967,189890,1417872,5300224,467552,524512
random_n16_09,16,rank-static,1,128,optimized,677528,544821,32343379,33565728,5304320,467552,524512
random_n16_09,16,rank-shared,1,128,optimized,669961,549291,189098,1408350,5292032,467552,524512
random_n16_09,16,bitwise,1,128,optimized,675292,32874739,4053046601,4086596632,5242880,467552,680632
random_n16_09,16,rank-shared,2,128,optimized,709222,546625,190311,1446158,5255168,467552,524512
random_n16_09,16,bitwise,2,128,optimized,664427,34719849,4280903263,4316287539,5332992,467552,680632
random_n16_09,16,rank-static,2,128,optimized,696924,556517,32174036,33427477,5226496,467552,524512
random_n16_09,16,bitwise,3,128,optimized,694678,31756078,3898512949,3930963705,5320704,467552,680632
random_n16_09,16,rank-static,3,128,optimized,690187,548169,32171339,33409695,5255168,467552,524512
random_n16_09,16,rank-shared,3,128,optimized,685366,545262,190331,1420959,5238784,467552,524512
random_n16_09,16,rank-static,4,128,optimized,677608,534998,32527714,33740320,5234688,467552,524512
random_n16_09,16,rank-shared,4,128,optimized,685838,564827,197246,1447911,5308416,467552,524512
random_n16_09,16,bitwise,4,128,optimized,671163,31887743,3925286904,3957845810,5308416,467552,680632
random_n15_00,15,rank-static,0,128,optimized,365295,199923,15282130,15847348,4497408,229984,262368
random_n15_00,15,rank-shared,0,128,optimized,362158,200214,140274,702646,4493312,229984,262368
random_n15_00,15,bitwise,0,128,optimized,380280,9189940,1102349140,1111919360,4579328,229984,328376
random_n15_00,15,rank-shared,1,128,optimized,373966,199692,139743,713401,4526080,229984,262368
random_n15_00,15,bitwise,1,128,optimized,366107,8121277,965507536,973994920,4575232,229984,328376
random_n15_00,15,rank-static,1,128,optimized,371319,199141,15400333,15970793,4452352,229984,262368
random_n15_00,15,bitwise,2,128,optimized,371520,8253572,983257764,991882856,4591616,229984,328376
random_n15_00,15,rank-static,2,128,optimized,368744,202599,15339442,15910785,4472832,229984,262368
random_n15_00,15,rank-shared,2,128,optimized,374566,208332,139964,722862,4501504,229984,262368
random_n15_00,15,rank-static,3,128,optimized,376300,200344,15302576,15879220,4542464,229984,262368
random_n15_00,15,rank-shared,3,128,optimized,451645,201166,140024,792835,4505600,229984,262368
random_n15_00,15,bitwise,3,128,optimized,364013,8192450,975456865,984013328,4599808,229984,328376
random_n15_00,15,rank-shared,4,128,optimized,367120,199902,149236,716258,4546560,229984,262368
random_n15_00,15,bitwise,4,128,optimized,361367,8302485,986619766,995283618,4550656,229984,328376
random_n15_00,15,rank-static,4,128,optimized,371410,200945,15269880,15842235,4530176,229984,262368
random_n15_01,15,rank-shared,0,128,optimized,377665,199942,136556,714163,4538368,229984,262368
random_n15_01,15,bitwise,0,128,optimized,372341,7928711,958994034,967295086,4595712,229984,328376
random_n15_01,15,rank-static,0,128,optimized,374206,200384,15282600,15857190,4542464,229984,262368
random_n15_01,15,bitwise,1,128,optimized,368864,8136080,974110326,982615270,4603904,229984,328376
random_n15_01,15,rank-static,1,128,optimized,391446,199010,15271063,15861519,4521984,229984,262368
random_n15_01,15,rank-shared,1,128,optimized,372572,199873,144795,717240,4481024,229984,262368
random_n15_01,15,rank-static,2,128,optimized,365837,201026,15286519,15853382,4546560,229984,262368
random_n15_01,15,rank-shared,2,128,optimized,365396,211228,136948,713572,4526080,229984,262368
random_n15_01,15,bitwise,2,128,optimized,364343,7960934,964188258,972513535,4575232,229984,328376
random_n15_01,15,rank-shared,3,128,optimized,381011,199522,146539,727072,4509696,229984,262368
random_n15_01,15,bitwise,3,128,optimized,363382,8418694,1021365104,1030147180,4579328,229984,328376
random_n15_01,15,rank-static,3,128,optimized,368162,205927,15263105,15837194,4542464,229984,262368
random_n15_01,15,bitwise,4,128,optimized,375810,7986123,963370698,971732631,4538368,229984,328376
random_n15_01,15,rank-static,4,128,optimized,376461,200394,15346708,15923563,4546560,229984,262368
random_n15_01,15,rank-shared,4,128,optimized,374708,200032,135955,710695,4542464,229984,262368
random_n15_02,15,bitwise,0,128,optimized,371861,7959160,956103044,964434065,4587520,229984,328376
random_n15_02,15,rank-static,0,128,optimized,372973,207430,15275914,15856317,4472832,229984,262368
random_n15_02,15,rank-shared,0,128,optimized,373665,209936,142720,726321,4489216,229984,262368
random_n15_02,15,rank-static,1,128,optimized,365145,201477,15314102,15880724,4452352,229984,262368
random_n15_02,15,rank-shared,1,128,optimized,364704,213063,142811,720578,4526080,229984,262368
random_n15_02,15,bitwise,1,128,optimized,362780,8947077,1083459882,1092769739,4587520,229984,328376
random_n15_02,15,rank-shared,2,128,optimized,376301,218376,143772,738449,4542464,229984,262368
random_n15_02,15,bitwise,2,128,optimized,370207,7998892,960504703,968873802,4567040,229984,328376
random_n15_02,15,rank-static,2,128,optimized,377985,201927,15630285,16210197,4481024,229984,262368
random_n15_02,15,bitwise,3,128,optimized,376050,7956665,955522128,963854843,4603904,229984,328376
random_n15_02,15,rank-static,3,128,optimized,372402,199662,15442118,16014182,4546560,229984,262368
random_n15_02,15,rank-shared,3,128,optimized,367320,209686,143953,720959,4481024,229984,262368
random_n15_02,15,rank-static,4,128,optimized,357096,207019,15317050,15881165,4542464,229984,262368
random_n15_02,15,rank-shared,4,128,optimized,359893,200734,150559,711186,4485120,229984,262368
random_n15_02,15,bitwise,4,128,optimized,368002,8190496,986279657,994838155,4562944,229984,328376
random_n15_03,15,rank-static,0,128,optimized,373304,200273,15274120,15847697,4542464,229984,262368
random_n15_03,15,rank-shared,0,128,optimized,363130,200996,116138,680264,4538368,229984,262368
random_n15_03,15,bitwise,0,128,optimized,363161,7937099,956632278,964932538,4571136,229984,328376
random_n15_03,15,rank-shared,1,128,optimized,358430,208472,115848,682750,4542464,229984,262368
random_n15_03,15,bitwise,1,128,optimized,374968,8384064,1015398370,1024157402,4550656,229984,328376
random_n15_03,15,rank-static,1,128,optimized,375469,207049,15267845,15850363,4534272,229984,262368
random_n15_03,15,bitwise,2,128,optimized,371028,7965586,960572309,968908923,4567040,229984,328376
random_n15_03,15,rank-static,2,128,optimized,366257,206839,15263395,15836491,4546560,229984,262368
random_n15_03,15,rank-shared,2,128,optimized,375750,211940,116008,703698,4481024,229984,262368
random_n15_03,15,rank-static,3,128,optimized,361647,199562,15369851,15931060,4542464,229984,262368
random_n15_03,15,rank-shared,3,128,optimized,363090,210698,115918,689706,4538368,229984,262368
random_n15_03,15,bitwise,3,128,optimized,360675,8480627,1027817464,1036658766,4595712,229984,328376
random_n15_03,15,rank-shared,4,128,optimized,372923,200273,116129,689325,4485120,229984,262368
random_n15_03,15,bitwise,4,128,optimized,369555,8082877,976526284,984978716,4595712,229984,328376
random_n15_03,15,rank-static,4,128,optimized,359623,200043,15287290,15846956,4485120,229984,262368
random_n15_04,15,rank-shared,0,128,optimized,362329,199993,132016,694338,4526080,229984,262368
random_n15_04,15,bitwise,0,128,optimized,375530,8151665,971065903,979593098,4538368,229984,328376
random_n15_04,15,rank-static,0,128,optimized,359693,206347,15268437,15834477,4509696,229984,262368
random_n15_04,15,bitwise,1,128,optimized,368322,8023239,955479146,963870707,4599808,229984,328376
random_n15_04,15,rank-static,1,128,optimized,360133,200474,15467146,16027753,4497408,229984,262368
random_n15_04,15,rank-shared,1,128,optimized,364393,207210,125110,696713,4521984,229984,262368
random_n15_04,15,rank-static,2,128,optimized,372302,206308,15402797,15981407,4497408,229984,262368
random_n15_04,15,rank-shared,2,128,optimized,380931,199863,138570,719364,4521984,229984,262368
random_n15_04,15,bitwise,2,128,optimized,358460,8041069,956841044,965240573,4603904,229984,328376
random_n15_04,15,rank-shared,3,128,optimized,371039,221592,125160,717791,4538368,229984,262368
random_n15_04,15,bitwise,3,128,optimized,366398,8045109,957027642,965439149,4603904,229984,328376
random_n15_04,15,rank-static,3,128,optimized,363912,207210,15270872,15841994,4530176,229984,262368
random_n15_04,15,bitwise,4,128,optimized,358720,8389305,960024104,968772129,4534272,229984,328376
random_n15_04,15,rank-static,4,128,optimized,378566,200174,15297192,15875932,4538368,229984,262368
random_n15_04,15,rank-shared,4,128,optimized,364303,198890,125330,688523,4538368,229984,262368
random_n15_05,15,bitwise,0,128,optimized,358048,8083298,962790651,971231997,4571136,229984,328376
random_n15_05,15,rank-static,0,128,optimized,359101,199773,15279421,15838295,4526080,229984,262368
random_n15_05,15,rank-shared,0,128,optimized,360795,199933,134230,694958,4505600,229984,262368
random_n15_05,15,rank-static,1,128,optimized,361527,199251,15386860,15947638,4542464,229984,262368
random_n15_05,15,rank-shared,1,128,optimized,372432,206578,126573,705583,4546560,229984,262368
random_n15_05,15,bitwise,1,128,optimized,365616,8004776,955024615,963395007,4542464,229984,328376
random_n15_05,15,rank-shared,2,128,optimized,367511,211489,126413,705413,4538368,229984,262368
random_n15_05,15,bitwise,2,128,optimized,366428,8113648,967624631,976104707,4599808,229984,328376
random_n15_05,15,rank-static,2,128,optimized,376792,199021,15278829,15854642,4468736,229984,262368
random_n15_05,15,bitwise,3,128,optimized,374808,8061326,961769307,970205441,4534272,229984,328376
random_n15_05,15,rank-static,3,128,optimized,370167,208092,15272435,15850694,4538368,229984,262368
random_n15_05,15,rank-shared,3,128,optimized,378476,200745,127755,706976,4534272,229984,262368
random_n15_05,15,rank-static,4,128,optimized,361767,217464,15276654,15855885,4538368,229984,262368
random_n15_05,15,rank-shared,4,128,optimized,360323,200194,126653,687170,4538368,229984,262368
random_n15_05,15,bitwise,4,128,optimized,365035,8494258,1012605533,1021464826,4550656,229984,328376
random_n15_06,15,rank-static,0,128,optimized,373485,199651,15280133,15853269,4538368,229984,262368
random_n15_06,15,rank-shared,0,128,optimized,377955,198760,127365,704080,4542464,229984,262368
random_n15_06,15,bitwise,0,128,optimized,362238,8139057,969588805,978090100,4595712,229984,328376
random_n15_06,15,rank-shared,1,128,optimized,371430,200393,127235,699058,4521984,229984,262368
random_n15_06,15,bitwise,1,128,optimized,369074,8176233,968425429,976970736,4513792,229984,328376
random_n15_06,15,rank-static,1,128,optimized,382174,199181,15323072,15904427,4464640,229984,262368
random_n15_06,15,bitwise,2,128,optimized,375599,8005397,956197045,964578041,4599808,229984,328376
random_n15_06,15,rank-static,2,128,optimized,375259,209635,15261941,15846835,4521984,229984,262368
random_n15_06,15,rank-shared,2,128,optimized,371389,207501,126622,705512,4509696,229984,262368
random_n15_06,15,rank-static,3,128,optimized,360665,200073,15290517,15851255,4542464,229984,262368
random_n15_06,15,rank-shared,3,128,optimized,360945,207841,127305,696091,4501504,229984,262368
random_n15_06,15,bitwise,3,128,optimized,366328,8012944,958642280,967021552,4591616,229984,328376
random_n15_06,15,rank-shared,4,128,optimized,358178,199262,128166,685606,4542464,229984,262368
random_n15_06,15,bitwise,4,128,optimized,369816,9081958,1091800964,1101252738,4571136,229984,328376
random_n15_06,15,rank-static,4,128,optimized,369745,203812,15293443,15867000,4538368,229984,262368
random_n15_07,15,rank-shared,0,128,optimized,369506,207169,130001,706676,4534272,229984,262368
random_n15_07,15,bitwise,0,128,optimized,358149,7934493,958403469,966696111,4595712,229984,328376
random_n15_07,15,rank-static,0,128,optimized,371279,199551,15280825,15851655,4542464,229984,262368
random_n15_07,15,bitwise,1,128,optimized,367149,7933471,958428694,966729314,4546560,229984,328376
random_n15_07,15,rank-static,1,128,optimized,369806,198339,15359446,15927591,4497408,229984,262368
random_n15_07,15,rank-shared,1,128,optimized,366418,208282,129740,704440,4542464,229984,262368
random_n15_07,15,rank-static,2,128,optimized,362779,207099,15406636,15976514,4485120,229984,262368
random_n15_07,15,rank-shared,2,128,optimized,364724,200764,135805,701293,4493312,229984,262368
random_n15_07,15,bitwise,2,128,optimized,381934,7906849,956450632,964739415,4595712,229984,328376
random_n15_07,15,rank-shared,3,128,optimized,369164,209745,130081,708990,4542464,229984,262368
random_n15_07,15,bitwise,3,128,optimized,368172,7994361,965447430,973809963,4550656,229984,328376
random_n15_07,15,rank-static,3,128,optimized,378877,198509,15270881,15848267,4534272,229984,262368
random_n15_07,15,bitwise,4,128,optimized,370137,8008213,967074281,975452631,4567040,229984,328376
random_n15_07,15,rank-static,4,128,optimized,371970,213775,15338488,15924233,4517888,229984,262368
random_n15_07,15,rank-shared,4,128,optimized,372091,200183,128578,700852,4542464,229984,262368
random_n15_08,15,bitwise,0,128,optimized,377754,8040538,961737888,970156180,4591616,229984,328376
random_n15_08,15,rank-static,0,128,optimized,375480,199381,15362994,15937855,4509696,229984,262368
random_n15_08,15,rank-shared,0,128,optimized,368703,198880,151200,718783,4526080,229984,262368
random_n15_08,15,rank-static,1,128,optimized,368934,199201,15400672,15968807,4542464,229984,262368
random_n15_08,15,rank-shared,1,128,optimized,361337,215548,141107,717992,4534272,229984,262368
random_n15_08,15,bitwise,1,128,optimized,364794,8145972,978524824,987035590,4591616,229984,328376
random_n15_08,15,rank-shared,2,128,optimized,377945,200564,141127,719636,4517888,229984,262368
random_n15_08,15,bitwise,2,128,optimized,372502,8501615,1022280662,1031154779,4567040,229984,328376
random_n15_08,15,rank-static,2,128,optimized,355854,199742,15289524,15845120,4489216,229984,262368
random_n15_08,15,bitwise,3,128,optimized,370026,8123280,974278849,982772155,4546560,229984,328376
random_n15_08,15,rank-static,3,128,optimized,365576,200895,15404430,15970901,4521984,229984,262368
random_n15_08,15,rank-shared,3,128,optimized,364794,204112,151952,720858,4468736,229984,262368
random_n15_08,15,rank-static,4,128,optimized,357638,207670,15277947,15843255,4505600,229984,262368
random_n15_08,15,rank-shared,4,128,optimized,377954,198751,140535,717240,4530176,229984,262368
random_n15_08,15,bitwise,4,128,optimized,374657,7999673,956548032,964922362,4603904,229984,328376
random_n15_09,15,rank-static,0,128,optimized,376411,198970,15268215,15843596,4542464,229984,262368
random_n15_09,15,rank-shared,0,128,optimized,376130,199291,154749,730170,4534272,229984,262368
random_n15_09,15,bitwise,0,128,optimized,366318,8202693,988032992,996602003,4579328,229984,328376
random_n15_09,15,rank-shared,1,128,optimized,372141,198971,152933,724045,4493312,229984,262368
random_n15_09,15,bitwise,1,128,optimized,366900,7980168,960558395,968905463,4595712,229984,328376
random_n15_09,15,rank-static,1,128,optimized,369024,199773,15267402,15836199,4530176,229984,262368
random_n15_09,15,bitwise,2,128,optimized,373644,8439932,1019454171,1028267747,4599808,229984,328376
random_n15_09,15,rank-static,2,128,optimized,374908,215108,15399638,15989654,4456448,229984,262368
random_n15_09,15,rank-shared,2,128,optimized,370127,205265,152513,727905,4534272,229984,262368
random_n15_09,15,rank-static,3,128,optimized,363461,198569,15308859,15870889,4538368,229984,262368
random_n15_09,15,rank-shared,3,128,optimized,365436,204663,153215,723314,4497408,229984,262368
random_n15_09,15,bitwise,3,128,optimized,370317,7965093,956801764,965137174,4591616,229984,328376
random_n15_09,15,rank-shared,4,128,optimized,361798,199622,153004,714424,4505600,229984,262368
random_n15_09,15,bitwise,4,128,optimized,371379,8451289,1020167443,1028990111,4599808,229984,328376
random_n15_09,15,rank-static,4,128,optimized,378766,210297,15272915,15861978,4546560,229984,262368
random_n14_00,14,rank-shared,0,128,optimized,171387,102176,104041,377604,4222976,113248,131296
random_n14_00,14,bitwise,0,128,optimized,164310,2110574,234260132,236535016,4239360,113248,158392
random_n14_00,14,rank-static,0,128,optimized,170986,98067,7443595,7712648,4235264,113248,131296
random_n14_00,14,bitwise,1,128,optimized,167267,2128125,234716257,237011649,4247552,113248,158392
random_n14_00,14,rank-static,1,128,optimized,168299,97246,7246870,7512415,4182016,113248,131296
random_n14_00,14,rank-shared,1,128,optimized,167688,98277,108632,374597,4206592,113248,131296
random_n14_00,14,rank-static,2,128,optimized,167007,96804,7314938,7578749,4214784,113248,131296
random_n14_00,14,rank-shared,2,128,optimized,163238,96573,103770,363581,4222976,113248,131296
random_n14_00,14,bitwise,2,128,optimized,168500,2112469,235014577,237295546,4251648,113248,158392
random_n14_00,14,rank-shared,3,128,optimized,170134,96544,103459,370137,4116480,113248,131296
random_n14_00,14,bitwise,3,128,optimized,162366,2116659,234877800,237156825,4182016,113248,158392
random_n14_00,14,rank-static,3,128,optimized,167969,104562,7263059,7535590,4227072,113248,131296
random_n14_00,14,bitwise,4,128,optimized,166375,2119786,234832575,237118736,4243456,113248,158392
random_n14_00,14,rank-static,4,128,optimized,170514,97305,7249978,7517797,4231168,113248,131296
random_n14_00,14,rank-shared,4,128,optimized,167719,97766,103840,369325,4194304,113248,131296
random_n14_01,14,bitwise,0,128,optimized,163608,2126933,234886500,237177041,4194304,113248,158392
random_n14_01,14,rank-static,0,128,optimized,171638,97255,7256723,7525616,4202496,113248,131296
random_n14_01,14,rank-shared,0,128,optimized,173481,96243,108551,378275,4231168,113248,131296
random_n14_01,14,rank-static,1,128,optimized,162947,96193,7334343,7593483,4210688,113248,131296
random_n14_01,14,rank-shared,1,128,optimized,168239,104031,108361,380631,4194304,113248,131296
random_n14_01,14,bitwise,1,128,optimized,171206,2136184,235789799,238097189,4186112,113248,158392
random_n14_01,14,rank-shared,2,128,optimized,163609,97034,109123,369766,4157440,113248,131296
random_n14_01,14,bitwise,2,128,optimized,168018,2126361,235156775,237451154,4251648,113248,158392
random_n14_01,14,rank-static,2,128,optimized,166526,97395,7259380,7523301,4235264,113248,131296
random_n14_01,14,bitwise,3,128,optimized,162807,2130951,235672328,237966086,4243456,113248,158392
random_n14_01,14,rank-static,3,128,optimized,171818,97305,7252163,7521286,4222976,113248,131296
random_n14_01,14,rank-shared,3,128,optimized,174073,96072,109063,379208,4210688,113248,131296
random_n14_01,14,rank-static,4,128,optimized,162306,97014,7308684,7568004,4169728,113248,131296
random_n14_01,14,rank-shared,4,128,optimized,166245,96533,107920,370698,4202496,113248,131296
random_n14_01,14,bitwise,4,128,optimized,169191,2139051,235796684,238104926,4165632,113248,158392
random_n14_02,14,rank-static,0,128,optimized,162055,103369,7255040,7520464,4222976,113248,131296
random_n14_02,14,rank-shared,0,128,optimized,166836,96935,98026,361797,4173824,113248,131296
random_n14_02,14,bitwise,0,128,optimized,168991,2164780,235432912,237766683,4251648,113248,158392
random_n14_02,14,rank-shared,1,128,optimized,164200,99631,99550,363381,4173824,113248,131296
random_n14_02,14,bitwise,1,128,optimized,171487,2157754,234482753,236811994,4235264,113248,158392
random_n14_02,14,rank-static,1,128,optimized,163158,97445,7262357,7522960,4177920,113248,131296
random_n14_02,14,bitwise,2,128,optimized,162556,2164790,234888682,237216028,4227072,113248,158392
random_n14_02,14,rank-static,2,128,optimized,167558,97224,7259100,7523882,4227072,113248,131296
random_n14_02,14,rank-shared,2,128,optimized,167558,97085,102758,367401,4173824,113248,131296
random_n14_02,14,rank-static,3,128,optimized,166746,100172,7365615,7632533,4227072,113248,131296
random_n14_02,14,rank-shared,3,128,optimized,170454,97105,97957,365516,4235264,113248,131296
random_n14_02,14,bitwise,3,128,optimized,166816,2398310,264802098,267367224,4247552,113248,158392
random_n14_02,14,rank-shared,4,128,optimized,169753,98147,99020,366920,4222976,113248,131296
random_n14_02,14,bitwise,4,128,optimized,162206,2161983,234524629,236848818,4206592,113248,158392
random_n14_02,14,rank-static,4,128,optimized,172289,97506,7275126,7544921,4222976,113248,131296
random_n14_03,14,rank-shared,0,128,optimized,170735,96354,102687,369776,4227072,113248,131296
random_n14_03,14,bitwise,0,128,optimized,167968,2123595,235455683,237747246,4251648,113248,158392
random_n14_03,14,rank-static,0,128,optimized,168951,103509,7269704,7542164,4227072,113248,131296
random_n14_03,14,bitwise,1,128,optimized,165814,2128255,235671483,237965552,4251648,113248,158392
random_n14_03,14,rank-static,1,128,optimized,170575,110205,7260993,7541773,4161536,113248,131296
random_n14_03,14,rank-shared,1,128,optimized,168991,97525,102768,369284,4194304,113248,131296
random_n14_03,14,rank-static,2,128,optimized,163528,96824,7362369,7622721,4227072,113248,131296
random_n14_03,14,rank-shared,2,128,optimized,164070,111358,108080,383508,4186112,113248,131296
random_n14_03,14,bitwise,2,128,optimized,170825,2121560,235305214,237597599,4194304,113248,158392
random_n14_03,14,rank-shared,3,128,optimized,169893,112400,102778,385071,4182016,113248,131296
random_n14_03,14,bitwise,3,128,optimized,168189,2120979,235463781,237752949,4186112,113248,158392
random_n14_03,14,rank-static,3,128,optimized,169923,97506,7265624,7533053,4231168,113248,131296
random_n14_03,14,bitwise,4,128,optimized,161663,2125089,235320159,237606911,4239360,113248,158392
random_n14_03,14,rank-static,4,128,optimized,171306,97917,7274474,7543697,4222976,113248,131296
random_n14_03,14,rank-shared,4,128,optimized,178844,103730,103309,385883,4231168,113248,131296
random_n14_04,14,bitwise,0,128,optimized,164330,2171275,235984546,238320151,4182016,113248,158392
random_n14_04,14,rank-static,0,128,optimized,176980,97144,7266116,7540240,4206592,113248,131296
random_n14_04,14,rank-shared,0,128,optimized,167167,99811,108080,375058,4206592,113248,131296
random_n14_04,14,rank-static,1,128,optimized,170514,109604,7266586,7546704,4194304,113248,131296
random_n14_04,14,rank-shared,1,128,optimized,170525,97987,107028,375540,4218880,113248,131296
random_n14_04,14,bitwise,1,128,optimized,171336,2168890,235222802,237563028,4243456,113248,158392
random_n14_04,14,rank-shared,2,128,optimized,164561,98107,108080,370748,4214784,113248,131296
random_n14_04,14,bitwise,2,128,optimized,167317,2170643,235155828,237493788,4247552,113248,158392
random_n14_04,14,rank-static,2,128,optimized,167597,97717,7258467,7523781,4177920,113248,131296
random_n14_04,14,bitwise,3,128,optimized,164170,2176677,236589896,238930743,4218880,113248,158392
random_n14_04,14,rank-static,3,128,optimized,172118,104743,7255961,7532822,4227072,113248,131296
random_n14_04,14,rank-shared,3,128,optimized,169914,96493,107529,373936,4165632,113248,131296
random_n14_04,14,rank-static,4,128,optimized,163528,97205,7258387,7519120,4235264,113248,131296
random_n14_04,14,rank-shared,4,128,optimized,167838,98127,107248,373213,4190208,113248,131296
random_n14_04,14,bitwise,4,128,optimized,168320,2168508,235152299,237489127,4198400,113248,158392
random_n14_05,14,rank-static,0,128,optimized,165362,97536,7249186,7512084,4161536,113248,131296
random_n14_05,14,rank-shared,0,128,optimized,164651,100202,107008,371861,4194304,113248,131296
random_n14_05,14,bitwise,0,128,optimized,170875,2152131,235182047,237505053,4214784,113248,158392
random_n14_05,14,rank-shared,1,128,optimized,171527,101936,102226,375689,4222976,113248,131296
random_n14_05,14,bitwise,1,128,optimized,168780,2165051,234359774,236693605,4206592,113248,158392
random_n14_05,14,rank-static,1,128,optimized,163318,104341,7261274,7528933,4227072,113248,131296
random_n14_05,14,bitwise,2,128,optimized,171056,2151589,234285362,236608007,4198400,113248,158392
random_n14_05,14,rank-static,2,128,optimized,171758,101415,7262266,7535439,4222976,113248,131296
random_n14_05,14,rank-shared,2,128,optimized,162576,96223,102537,361336,4227072,113248,131296
random_n14_05,14,rank-static,3,128,optimized,174183,104632,7252213,7531028,4227072,113248,131296
random_n14_05,14,rank-shared,3,128,optimized,175877,96533,102237,374647,4190208,113248,131296
random_n14_05,14,bitwise,3,128,optimized,167377,2160530,235331272,237659179,4222976,113248,158392
random_n14_05,14,rank-shared,4,128,optimized,170154,102928,102688,375770,4227072,113248,131296
random_n14_05,14,bitwise,4,128,optimized,169793,2161662,234967850,237299305,4243456,113248,158392
random_n14_05,14,rank-static,4,128,optimized,161944,102498,7269042,7533484,4227072,113248,131296
random_n14_06,14,rank-shared,0,128,optimized,169302,97706,97836,364844,4227072,113248,131296
random_n14_06,14,bitwise,0,128,optimized,165694,2165250,235109087,237440031,4251648,113248,158392
random_n14_06,14,rank-static,0,128,optimized,171567,97756,7289790,7559113,4182016,113248,131296
random_n14_06,14,bitwise,1,128,optimized,174925,2152310,234099450,236426685,4239360,113248,158392
random_n14_06,14,rank-static,1,128,optimized,163498,97837,7269573,7530908,4214784,113248,131296
random_n14_06,14,rank-shared,1,128,optimized,160852,98639,97455,356946,4190208,113248,131296
random_n14_06,14,rank-static,2,128,optimized,170474,97736,7259901,7528111,4157440,113248,131296
random_n14_06,14,rank-shared,2,128,optimized,170074,103910,98739,372723,4235264,113248,131296
random_n14_06,14,bitwise,2,128,optimized,160983,2162915,235563909,237887807,4214784,113248,158392
random_n14_06,14,rank-shared,3,128,optimized,172189,96683,98177,367049,4214784,113248,131296
random_n14_06,14,bitwise,3,128,optimized,177551,2163096,235875610,238216257,4243456,113248,158392
random_n14_06,14,rank-static,3,128,optimized,166535,103880,7257114,7527529,4169728,113248,131296
random_n14_06,14,bitwise,4,128,optimized,171316,2151649,234295924,236618889,4231168,113248,158392
random_n14_06,14,rank-static,4,128,optimized,166274,96804,7369956,7633034,4235264,113248,131296
random_n14_06,14,rank-shared,4,128,optimized,163789,98899,97245,359933,4235264,113248,131296
random_n14_07,14,bitwise,0,128,optimized,169262,2124386,233878167,236171815,4206592,113248,158392
random_n14_07,14,rank-static,0,128,optimized,161784,106527,7257284,7525595,4227072,113248,131296
random_n14_07,14,rank-shared,0,128,optimized,169251,97856,100684,367791,4210688,113248,131296
random_n14_07,14,rank-static,1,128,optimized,167257,97265,7279776,7544298,4194304,113248,131296
random_n14_07,14,rank-shared,1,128,optimized,166625,104552,101114,372291,4173824,113248,131296
random_n14_07,14,bitwise,1,128,optimized,163489,2136043,234794116,237093648,4177920,113248,158392
random_n14_07,14,rank-shared,2,128,optimized,168520,99811,101735,370066,4169728,113248,131296
random_n14_07,14,bitwise,2,128,optimized,162225,2130811,234047107,236340143,4247552,113248,158392
random_n14_07,14,rank-static,2,128,optimized,170665,104392,7259961,7535018,4231168,113248,131296
random_n14_07,14,bitwise,3,128,optimized,169993,2126060,234154696,236450749,4227072,113248,158392
random_n14_07,14,rank-static,3,128,optimized,166385,97706,7266185,7530276,4173824,113248,131296
random_n14_07,14,rank-shared,3,128,optimized,169482,104682,102207,376371,4182016,113248,131296
random_n14_07,14,rank-static,4,128,optimized,164170,101504,7255601,7521275,4177920,113248,131296
random_n14_07,14,rank-shared,4,128,optimized,162827,103199,102126,368152,4169728,113248,131296
random_n14_07,14,bitwise,4,128,optimized,176559,2145565,233952888,236275012,4190208,113248,158392
random_n14_08,14,rank-static,0,128,optimized,166465,97546,7275958,7539969,4214784,113248,131296
random_n14_08,14,rank-shared,0,128,optimized,162506,96483,102237,361226,4149248,113248,131296
random_n14_08,14,bitwise,0,128,optimized,170214,2155097,235209136,237534447,4202496,113248,158392
random_n14_08,14,rank-shared,1,128,optimized,167628,99280,101875,368783,4214784,113248,131296
random_n14_08,14,bitwise,1,128,optimized,163759,2153553,234889165,237206477,4255744,113248,158392
random_n14_08,14,rank-static,1,128,optimized,167287,104202,7265313,7536802,4182016,113248,131296
random_n14_08,14,bitwise,2,128,optimized,160702,2155769,234764275,237080746,4239360,113248,158392
random_n14_08,14,rank-static,2,128,optimized,171046,97816,7323959,7592821,4227072,113248,131296
random_n14_08,14,rank-shared,2,128,optimized,176538,98568,102036,377142,4157440,113248,131296
random_n14_08,14,rank-static,3,128,optimized,159689,97867,7311991,7569547,4194304,113248,131296
random_n14_08,14,rank-shared,3,128,optimized,166565,98408,101876,366849,4186112,113248,131296
random_n14_08,14,bitwise,3,128,optimized,172379,2165100,234891430,237228909,4255744,113248,158392
random_n14_08,14,rank-shared,4,128,optimized,162847,99119,106416,368382,4202496,113248,131296
random_n14_08,14,bitwise,4,128,optimized,172088,2165752,236068101,238405941,4255744,113248,158392
random_n14_08,14,rank-static,4,128,optimized,168099,98238,7259700,7526037,4235264,113248,131296
random_n14_09,14,rank-shared,0,128,optimized,161975,98698,106266,366939,4227072,113248,131296
random_n14_09,14,bitwise,0,128,optimized,169272,2116207,235397560,237683039,4243456,113248,158392
random_n14_09,14,rank-static,0,128,optimized,165282,97406,7256332,7519020,4222976,113248,131296
random_n14_09,14,bitwise,1,128,optimized,161534,2133928,237512303,239807765,4210688,113248,158392
random_n14_09,14,rank-static,1,128,optimized,173822,97285,7261364,7532471,4206592,113248,131296
random_n14_09,14,rank-shared,1,128,optimized,172018,96924,106237,375179,4235264,113248,131296
random_n14_09,14,rank-static,2,128,optimized,162496,98898,7268962,7530356,4231168,113248,131296
random_n14_09,14,rank-shared,2,128,optimized,168991,101234,105674,375899,4235264,113248,131296
random_n14_09,14,bitwise,2,128,optimized,168219,2122352,236531944,238822515,4214784,113248,158392
random_n14_09,14,rank-shared,3,128,optimized,161514,99530,106296,367340,4190208,113248,131296
random_n14_09,14,bitwise,3,128,optimized,168048,2117711,236118116,238403875,4255744,113248,158392
random_n14_09,14,rank-static,3,128,optimized,163277,97275,7266747,7527299,4161536,113248,131296
random_n14_09,14,bitwise,4,128,optimized,174644,2118943,236047403,238340990,4247552,113248,158392
random_n14_09,14,rank-static,4,128,optimized,169593,103570,7283204,7556367,4194304,113248,131296
random_n14_09,14,rank-shared,4,128,optimized,167959,97987,112179,378125,4231168,113248,131296
random_n13_00,13,bitwise,0,128,optimized,101444,618973,63044415,63764832,4030464,55904,76472
random_n13_00,13,rank-static,0,128,optimized,105665,54436,3365408,3525509,4071424,55904,65760
random_n13_00,13,rank-shared,0,128,optimized,99470,48683,88866,237019,4063232,55904,65760
random_n13_00,13,rank-static,1,128,optimized,107018,48492,3364856,3520366,4075520,55904,65760
random_n13_00,13,rank-shared,1,128,optimized,106917,48082,89026,244025,4075520,55904,65760
random_n13_00,13,bitwise,1,128,optimized,98458,604479,62939141,63642078,3981312,55904,76472
random_n13_00,13,rank-shared,2,128,optimized,112511,48542,88696,249749,4022272,55904,65760
random_n13_00,13,bitwise,2,128,optimized,104702,606815,62909933,63621450,4022272,55904,76472
random_n13_00,13,rank-static,2,128,optimized,110055,49163,3367965,3527183,4071424,55904,65760
random_n13_00,13,bitwise,3,128,optimized,103289,605030,63177162,63885481,4030464,55904,76472
random_n13_00,13,rank-static,3,128,optimized,105424,49124,3438988,3593536,4009984,55904,65760
random_n13_00,13,rank-shared,3,128,optimized,106387,55127,89838,251352,4005888,55904,65760
random_n13_00,13,rank-static,4,128,optimized,104973,48723,3369397,3523093,4067328,55904,65760
random_n13_00,13,rank-shared,4,128,optimized,100543,59939,88093,248575,4079616,55904,65760
random_n13_00,13,bitwise,4,128,optimized,113002,599748,63097598,63810348,4001792,55904,76472
random_n13_01,13,rank-static,0,128,optimized,96824,48793,3360166,3505783,4075520,55904,65760
random_n13_01,13,rank-shared,0,128,optimized,105695,54947,77068,237710,4009984,55904,65760
random_n13_01,13,bitwise,0,128,optimized,105254,620806,62792332,63518392,4034560,55904,76472
random_n13_01,13,rank-shared,1,128,optimized,104231,54767,76216,235214,4038656,55904,65760
random_n13_01,13,bitwise,1,128,optimized,111879,618200,62491546,63221625,4026368,55904,76472
random_n13_01,13,rank-static,1,128,optimized,103228,48282,3370229,3521739,4079616,55904,65760
random_n13_01,13,bitwise,2,128,optimized,109363,637395,64271144,65017902,4055040,55904,76472
random_n13_01,13,rank-static,2,128,optimized,98949,50707,3364396,3514052,4042752,55904,65760
random_n13_01,13,rank-shared,2,128,optimized,104842,54316,81098,240256,4071424,55904,65760
random_n13_01,13,rank-static,3,128,optimized,106496,48042,3367613,3522151,4075520,55904,65760
random_n13_01,13,rank-shared,3,128,optimized,98498,47931,76307,222736,4026368,55904,65760
random_n13_01,13,bitwise,3,128,optimized,98989,622220,62562519,63283728,4075520,55904,76472
random_n13_01,13,rank-shared,4,128,optimized,116128,48874,82280,247282,4067328,55904,65760
random_n13_01,13,bitwise,4,128,optimized,98117,626820,62768296,63493233,4055040,55904,76472
random_n13_01,13,rank-static,4,128,optimized,105814,48503,3365949,3520266,4042752,55904,65760
random_n13_02,13,rank-shared,0,128,optimized,100152,48743,76998,225893,4038656,55904,65760
random_n13_02,13,bitwise,0,128,optimized,104412,613018,63098560,63815990,4075520,55904,76472
random_n13_02,13,rank-static,0,128,optimized,99670,47971,3367683,3515324,4075520,55904,65760
random_n13_02,13,bitwise,1,128,optimized,100813,609801,63159661,63870275,4063232,55904,76472
random_n13_02,13,rank-static,1,128,optimized,114796,53463,3359575,3527834,4075520,55904,65760
random_n13_02,13,rank-shared,1,128,optimized,98237,47139,76477,221853,4075520,55904,65760
random_n13_02,13,rank-static,2,128,optimized,108060,48372,3363915,3520347,4038656,55904,65760
random_n13_02,13,rank-shared,2,128,optimized,105714,48753,76557,231024,4075520,55904,65760
random_n13_02,13,bitwise,2,128,optimized,110235,611255,63399837,64121327,4014080,55904,76472
random_n13_02,13,rank-shared,3,128,optimized,107489,48552,76717,232758,4034560,55904,65760
random_n13_02,13,bitwise,3,128,optimized,102677,613710,63244718,63961105,4059136,55904,76472
random_n13_02,13,rank-static,3,128,optimized,106997,48793,3362802,3518592,4042752,55904,65760
random_n13_02,13,bitwise,4,128,optimized,102868,613039,63145137,63861044,4022272,55904,76472
random_n13_02,13,rank-static,4,128,optimized,107018,49164,3369006,3525188,4059136,55904,65760
random_n13_02,13,rank-shared,4,128,optimized,108732,48632,80246,237610,4009984,55904,65760
random_n13_03,13,bitwise,0,128,optimized,97816,612317,62877408,63587541,4071424,55904,76472
random_n13_03,13,rank-static,0,128,optimized,111778,48593,3365197,3525568,4063232,55904,65760
random_n13_03,13,rank-shared,0,128,optimized,105214,49675,81418,236307,4063232,55904,65760
random_n13_03,13,rank-static,1,128,optimized,97615,53564,3361359,3512538,4075520,55904,65760
random_n13_03,13,rank-shared,1,128,optimized,107920,48211,81458,237589,4079616,55904,65760
random_n13_03,13,bitwise,1,128,optimized,105805,612117,62959217,63677139,3956736,55904,76472
random_n13_03,13,rank-shared,2,128,optimized,107629,53845,81408,242882,4034560,55904,65760
random_n13_03,13,bitwise,2,128,optimized,106617,611014,62873519,63591150,4038656,55904,76472
random_n13_03,13,rank-static,2,128,optimized,103149,48111,3364496,3515756,4018176,55904,65760
random_n13_03,13,bitwise,3,128,optimized,105324,615474,62886850,63607648,4026368,55904,76472
random_n13_03,13,rank-static,3,128,optimized,106767,48793,3354853,3510413,4046848,55904,65760
random_n13_03,13,rank-shared,3,128,optimized,105434,49866,80757,236057,4075520,55904,65760
random_n13_03,13,rank-static,4,128,optimized,104461,49274,3377196,3530931,4063232,55904,65760
random_n13_03,13,rank-shared,4,128,optimized,106015,49685,81859,237559,4014080,55904,65760
random_n13_03,13,bitwise,4,128,optimized,101294,618502,63640193,64359989,4071424,55904,76472
random_n13_04,13,rank-static,0,128,optimized,102688,54716,3363153,3520557,4022272,55904,65760
random_n13_04,13,rank-shared,0,128,optimized,226494,48011,75134,349639,4042752,55904,65760
random_n13_04,13,bitwise,0,128,optimized,106156,620606,62776554,63503316,4050944,55904,76472
random_n13_04,13,rank-shared,1,128,optimized,104482,53032,74784,232298,4071424,55904,65760
random_n13_04,13,bitwise,1,128,optimized,102066,617229,62833365,63552660,4030464,55904,76472
random_n13_04,13,rank-static,1,128,optimized,107539,55168,3364847,3527554,4067328,55904,65760
random_n13_04,13,bitwise,2,128,optimized,104993,614402,62823974,63543369,4034560,55904,76472
random_n13_04,13,rank-static,2,128,optimized,103450,48442,3364225,3516117,4071424,55904,65760
random_n13_04,13,rank-shared,2,128,optimized,98227,53244,75895,227366,4026368,55904,65760
random_n13_04,13,rank-static,3,128,optimized,105353,53865,3416326,3575544,4079616,55904,65760
random_n13_04,13,rank-shared,3,128,optimized,105143,49225,75304,229672,4075520,55904,65760
random_n13_04,13,bitwise,3,128,optimized,98237,616317,62752438,63466992,4038656,55904,76472
random_n13_04,13,rank-shared,4,128,optimized,107599,48652,75034,231285,4075520,55904,65760
random_n13_04,13,bitwise,4,128,optimized,102286,624686,62970432,63697404,4067328,55904,76472
random_n13_04,13,rank-static,4,128,optimized,106527,48562,3360006,3515095,4050944,55904,65760
random_n13_05,13,rank-shared,0,128,optimized,103870,48773,80927,233570,4038656,55904,65760
random_n13_05,13,bitwise,0,128,optimized,100542,630559,62625074,63356175,4063232,55904,76472
random_n13_05,13,rank-static,0,128,optimized,108110,48603,3364596,3521309,4042752,55904,65760
random_n13_05,13,bitwise,1,128,optimized,99520,627452,62645361,63372333,4055040,55904,76472
random_n13_05,13,rank-static,1,128,optimized,107940,55268,3361188,3524396,4034560,55904,65760
random_n13_05,13,rank-shared,1,128,optimized,108781,54687,81057,244525,4014080,55904,65760
random_n13_05,13,rank-static,2,128,optimized,97716,48141,3368075,3513932,4030464,55904,65760
random_n13_05,13,rank-shared,2,128,optimized,108461,49545,80937,238943,3997696,55904,65760
random_n13_05,13,bitwise,2,128,optimized,104943,628685,62633933,63367561,4063232,55904,76472
random_n13_05,13,rank-shared,3,128,optimized,106967,48542,81018,236527,4079616,55904,65760
random_n13_05,13,bitwise,3,128,optimized,114576,622069,62706512,63443157,4071424,55904,76472
random_n13_05,13,rank-static,3,128,optimized,103690,48883,3360056,3512629,4022272,55904,65760
random_n13_05,13,bitwise,4,128,optimized,105664,631642,62974802,63712108,4022272,55904,76472
random_n13_05,13,rank-static,4,128,optimized,98859,48242,3367553,3514654,4067328,55904,65760
random_n13_05,13,rank-shared,4,128,optimized,105213,48703,80276,234192,4075520,55904,65760
random_n13_06,13,bitwise,0,128,optimized,103660,605732,62913290,63622682,4071424,55904,76472
random_n13_06,13,rank-static,0,128,optimized,100742,48894,3497674,3647310,4075520,55904,65760
random_n13_06,13,rank-shared,0,128,optimized,108260,48312,83253,239825,4063232,55904,65760
random_n13_06,13,rank-static,1,128,optimized,118183,49374,3370801,3538358,4079616,55904,65760
random_n13_06,13,rank-shared,1,128,optimized,97426,53764,83162,234352,4046848,55904,65760
random_n13_06,13,bitwise,1,128,optimized,107479,607175,63451505,64166159,4022272,55904,76472
random_n13_06,13,rank-shared,2,128,optimized,99200,65441,83283,247924,4071424,55904,65760
random_n13_06,13,bitwise,2,128,optimized,104622,610202,63082352,63797176,4063232,55904,76472
random_n13_06,13,rank-static,2,128,optimized,101665,49205,3365618,3516488,4075520,55904,65760
random_n13_06,13,bitwise,3,128,optimized,100533,607255,62900851,63608639,4050944,55904,76472
random_n13_06,13,rank-static,3,128,optimized,110526,48823,3356949,3516298,4034560,55904,65760
random_n13_06,13,rank-shared,3,128,optimized,103529,48021,82902,234452,4075520,55904,65760
random_n13_06,13,rank-static,4,128,optimized,106827,48141,3360938,3515906,4001792,55904,65760
random_n13_06,13,rank-shared,4,128,optimized,105574,48432,82902,236908,4075520,55904,65760
random_n13_06,13,bitwise,4,128,optimized,95942,608778,63224190,63928910,4030464,55904,76472
random_n13_07,13,rank-static,0,128,optimized,108892,48513,3365769,3523174,4079616,55904,65760
random_n13_07,13,rank-shared,0,128,optimized,107549,48242,83403,239194,4075520,55904,65760
random_n13_07,13,bitwise,0,128,optimized,98258,622270,63050888,63771416,4059136,55904,76472
random_n13_07,13,rank-shared,1,128,optimized,110025,54075,83282,247382,4075520,55904,65760
random_n13_07,13,bitwise,1,128,optimized,103930,625959,63166305,63896194,4067328,55904,76472
random_n13_07,13,rank-static,1,128,optimized,112150,49855,3361158,3523163,4075520,55904,65760
random_n13_07,13,bitwise,2,128,optimized,99360,618752,63173863,63891975,4050944,55904,76472
random_n13_07,13,rank-static,2,128,optimized,107849,54667,3359895,3522411,4063232,55904,65760
random_n13_07,13,rank-shared,2,128,optimized,105464,47841,86751,240056,4018176,55904,65760
random_n13_07,13,rank-static,3,128,optimized,99691,48743,3367352,3515786,4046848,55904,65760
random_n13_07,13,rank-shared,3,128,optimized,106377,59106,82501,247984,4079616,55904,65760
random_n13_07,13,bitwise,3,128,optimized,103499,623784,62861029,63588312,4030464,55904,76472
random_n13_07,13,rank-shared,4,128,optimized,106146,48903,82992,238041,4079616,55904,65760
random_n13_07,13,bitwise,4,128,optimized,107419,622862,62848269,63578550,4014080,55904,76472
random_n13_07,13,rank-static,4,128,optimized,99590,48653,3364225,3512468,4063232,55904,65760
random_n13_08,13,rank-shared,0,128,optimized,105544,51660,77489,234693,4075520,55904,65760
random_n13_08,13,bitwise,0,128,optimized,105614,613780,62949955,63669349,4075520,55904,76472
random_n13_08,13,rank-static,0,128,optimized,104752,50207,3359905,3514864,4063232,55904,65760
random_n13_08,13,bitwise,1,128,optimized,104372,615524,62925598,63645494,4030464,55904,76472
random_n13_08,13,rank-static,1,128,optimized,103730,48583,3362190,3514503,4038656,55904,65760
random_n13_08,13,rank-shared,1,128,optimized,110506,54716,77690,242912,4038656,55904,65760
random_n13_08,13,rank-static,2,128,optimized,103831,53132,3369668,3526631,4075520,55904,65760
random_n13_08,13,rank-shared,2,128,optimized,103129,48221,77640,228990,4055040,55904,65760
random_n13_08,13,bitwise,2,128,optimized,107128,613981,63033538,63754647,4055040,55904,76472
random_n13_08,13,rank-shared,3,128,optimized,97837,48121,82811,228769,4001792,55904,65760
random_n13_08,13,bitwise,3,128,optimized,110325,611625,62924826,63646776,4063232,55904,76472
random_n13_08,13,rank-static,3,128,optimized,102677,48412,3371503,3522592,4042752,55904,65760
random_n13_08,13,bitwise,4,128,optimized,102406,603627,62954625,63660658,4050944,55904,76472
random_n13_08,13,rank-static,4,128,optimized,106837,49004,3361569,3517410,4067328,55904,65760
random_n13_08,13,rank-shared,4,128,optimized,102437,48011,77850,228298,4009984,55904,65760
random_n13_09,13,bitwise,0,128,optimized,105925,616046,63072227,63794198,4071424,55904,76472
random_n13_09,13,rank-static,0,128,optimized,101305,48792,3367954,3518051,4026368,55904,65760
random_n13_09,13,rank-shared,0,128,optimized,101756,54065,77188,233009,4075520,55904,65760
random_n13_09,13,rank-static,1,128,optimized,107599,55268,3367322,3530189,4075520,55904,65760
random_n13_09,13,rank-shared,1,128,optimized,103570,48863,77289,229722,4050944,55904,65760
random_n13_09,13,bitwise,1,128,optimized,97055,614261,63416745,64128061,4063232,55904,76472
random_n13_09,13,rank-shared,2,128,optimized,102928,48432,77229,228589,4075520,55904,65760
random_n13_09,13,bitwise,2,128,optimized,101836,630730,64902703,65635269,4034560,55904,76472
random_n13_09,13,rank-static,2,128,optimized,106136,49565,3362180,3517881,4042752,55904,65760
random_n13_09,13,bitwise,3,128,optimized,107639,618722,62895939,63622300,4067328,55904,76472
random_n13_09,13,rank-static,3,128,optimized,106677,48382,3365238,3520297,4042752,55904,65760
random_n13_09,13,rank-shared,3,128,optimized,102687,48482,77389,228558,4067328,55904,65760
random_n13_09,13,rank-static,4,128,optimized,100082,48883,3365168,3514133,4038656,55904,65760
random_n13_09,13,rank-shared,4,128,optimized,103349,50116,76857,230322,4075520,55904,65760
random_n13_09,13,bitwise,4,128,optimized,101274,617760,63028726,63747760,4071424,55904,76472
random_n12_00,12,rank-static,0,128,optimized,65853,23484,1577000,1666337,3964928,27744,32992
random_n12_00,12,rank-shared,0,128,optimized,68930,24196,64790,157916,3981312,27744,32992
random_n12_00,12,bitwise,0,128,optimized,65171,207429,17476634,17749234,3989504,27744,37048
random_n12_00,12,rank-shared,1,128,optimized,62996,23534,64900,151430,3981312,27744,32992
random_n12_00,12,bitwise,1,128,optimized,68217,208994,17497141,17774352,3981312,27744,37048
random_n12_00,12,rank-static,1,128,optimized,68879,23795,1575246,1667920,3960832,27744,32992
random_n12_00,12,bitwise,2,128,optimized,68669,208312,17498814,17775795,3952640,27744,37048
random_n12_00,12,rank-static,2,128,optimized,65261,23966,1579755,1668982,3985408,27744,32992
random_n12_00,12,rank-shared,2,128,optimized,63156,23544,64329,151029,3977216,27744,32992
random_n12_00,12,rank-static,3,128,optimized,69731,24276,1584176,1678183,3977216,27744,32992
random_n12_00,12,rank-shared,3,128,optimized,64820,23544,65001,153365,3932160,27744,32992
random_n12_00,12,bitwise,3,128,optimized,62244,208152,17597001,17867397,3940352,27744,37048
random_n12_00,12,rank-shared,4,128,optimized,63948,23324,70613,157885,3952640,27744,32992
random_n12_00,12,bitwise,4,128,optimized,67697,209395,17517036,17794128,3973120,27744,37048
random_n12_00,12,rank-static,4,128,optimized,69160,24989,1642701,1736850,3969024,27744,32992
random_n12_01,12,rank-shared,0,128,optimized,63747,23435,64178,151360,3923968,27744,32992
random_n12_01,12,bitwise,0,128,optimized,66504,209505,17531029,17807038,3977216,27744,37048
random_n12_01,12,rank-static,0,128,optimized,75595,23985,1575075,1674655,3973120,27744,32992
random_n12_01,12,bitwise,1,128,optimized,64358,209816,17556608,17830782,3940352,27744,37048
random_n12_01,12,rank-static,1,128,optimized,61983,23294,1582091,1667368,3989504,27744,32992
random_n12_01,12,rank-shared,1,128,optimized,61773,23705,63517,148995,3981312,27744,32992
random_n12_01,12,rank-static,2,128,optimized,70172,23835,1575146,1669153,3944448,27744,32992
random_n12_01,12,rank-shared,2,128,optimized,66363,23555,64048,153966,3960832,27744,32992
random_n12_01,12,bitwise,2,128,optimized,64218,208453,17468123,17740794,3989504,27744,37048
random_n12_01,12,rank-shared,3,128,optimized,67837,23223,64259,155319,3969024,27744,32992
random_n12_01,12,bitwise,3,128,optimized,67797,268271,25129252,25465320,3952640,27744,37048
random_n12_01,12,rank-static,3,128,optimized,66143,24276,1577190,1667609,3989504,27744,32992
random_n12_01,12,bitwise,4,128,optimized,62715,208984,17556528,17828227,3964928,27744,37048
random_n12_01,12,rank-static,4,128,optimized,63056,23264,1584116,1670436,3952640,27744,32992
random_n12_01,12,rank-shared,4,128,optimized,70644,23153,63537,157334,3952640,27744,32992
random_n12_02,12,bitwise,0,128,optimized,74573,209474,17545954,17830001,3989504,27744,37048
random_n12_02,12,rank-static,0,128,optimized,68569,23945,1578262,1670776,3948544,27744,32992
random_n12_02,12,rank-shared,0,128,optimized,64399,23745,62935,151079,3936256,27744,32992
random_n12_02,12,rank-static,1,128,optimized,71365,23735,1575637,1670737,3985408,27744,32992
random_n12_02,12,rank-shared,1,128,optimized,74672,23364,64449,162485,3977216,27744,32992
random_n12_02,12,bitwise,1,128,optimized,62114,208883,17451144,17722141,3989504,27744,37048
random_n12_02,12,rank-shared,2,128,optimized,65411,25539,64158,155108,3989504,27744,32992
random_n12_02,12,bitwise,2,128,optimized,72047,206157,17532332,17810536,3989504,27744,37048
random_n12_02,12,rank-static,2,128,optimized,68258,23464,1570595,1662317,3923968,27744,32992
random_n12_02,12,bitwise,3,128,optimized,63617,206418,17547377,17817412,3928064,27744,37048
random_n12_02,12,rank-static,3,128,optimized,62625,23615,1573281,1659521,3862528,27744,32992
random_n12_02,12,rank-shared,3,128,optimized,70844,23494,63737,158075,3977216,27744,32992
random_n12_02,12,rank-static,4,128,optimized,66033,28857,1577099,1671989,3985408,27744,32992
random_n12_02,12,rank-shared,4,128,optimized,62966,23584,63928,150478,3944448,27744,32992
random_n12_02,12,bitwise,4,128,optimized,68589,207139,17523893,17799621,3915776,27744,37048
random_n12_03,12,rank-static,0,128,optimized,71035,23684,1574243,1668962,3985408,27744,32992
random_n12_03,12,rank-shared,0,128,optimized,64759,24668,62494,151921,3915776,27744,32992
random_n12_03,12,bitwise,0,128,optimized,65692,217594,17642667,17925953,3973120,27744,37048
random_n12_03,12,rank-shared,1,128,optimized,69190,23786,62805,155781,3960832,27744,32992
random_n12_03,12,bitwise,1,128,optimized,68910,216421,17528002,17813333,3993600,27744,37048
random_n12_03,12,rank-static,1,128,optimized,67516,24036,1576749,1668301,3891200,27744,32992
random_n12_03,12,bitwise,2,128,optimized,63327,216290,17470880,17750497,3989504,27744,37048
random_n12_03,12,rank-static,2,128,optimized,66304,24546,1575516,1666366,3969024,27744,32992
random_n12_03,12,rank-shared,2,128,optimized,69922,23734,62976,156632,3948544,27744,32992
random_n12_03,12,rank-static,3,128,optimized,67266,23384,1575315,1665965,3985408,27744,32992
random_n12_03,12,rank-shared,3,128,optimized,61983,24627,62134,148744,3985408,27744,32992
random_n12_03,12,bitwise,3,128,optimized,70082,216311,17437933,17724326,3993600,27744,37048
random_n12_03,12,rank-shared,4,128,optimized,70002,23425,63487,156914,3936256,27744,32992
random_n12_03,12,bitwise,4,128,optimized,62725,221202,17544720,17828647,3989504,27744,37048
random_n12_03,12,rank-static,4,128,optimized,64269,24497,1582552,1671318,3903488,27744,32992
random_n12_04,12,rank-shared,0,128,optimized,70674,23334,66503,160511,3915776,27744,32992
random_n12_04,12,bitwise,0,128,optimized,73260,203340,17639701,17916301,3973120,27744,37048
random_n12_04,12,rank-static,0,128,optimized,65592,23846,1572599,1662037,3985408,27744,32992
random_n12_04,12,bitwise,1,128,optimized,62164,205425,17803790,18071379,3985408,27744,37048
random_n12_04,12,rank-static,1,128,optimized,64870,23234,1574202,1662306,3940352,27744,32992
random_n12_04,12,rank-shared,1,128,optimized,71516,23584,67807,162907,3985408,27744,32992
random_n12_04,12,rank-static,2,128,optimized,68108,23625,1576177,1667910,3960832,27744,32992
random_n12_04,12,rank-shared,2,128,optimized,65160,23234,66624,155018,3981312,27744,32992
random_n12_04,12,bitwise,2,128,optimized,70062,204874,17636002,17910938,3956736,27744,37048
random_n12_04,12,rank-shared,3,128,optimized,69762,23835,67226,160823,3948544,27744,32992
random_n12_04,12,bitwise,3,128,optimized,61643,208071,17653543,17923257,3989504,27744,37048
random_n12_04,12,rank-static,3,128,optimized,65551,24678,1574944,1665173,3915776,27744,32992
random_n12_04,12,bitwise,4,128,optimized,71706,208222,18015881,18295809,3903488,27744,37048
random_n12_04,12,rank-static,4,128,optimized,71416,23655,1574052,1669123,3956736,27744,32992
random_n12_04,12,rank-shared,4,128,optimized,68799,23164,67316,159279,3956736,27744,32992
random_n12_05,12,bitwise,0,128,optimized,62776,204934,17529475,17797185,3952640,27744,37048
random_n12_05,12,rank-static,0,128,optimized,64660,29017,1576789,1670466,3985408,27744,32992
random_n12_05,12,rank-shared,0,128,optimized,72518,23505,63838,159861,3964928,27744,32992
random_n12_05,12,rank-static,1,128,optimized,63267,23284,1575386,1661937,3964928,27744,32992
random_n12_05,12,rank-shared,1,128,optimized,64900,23354,63698,151952,3952640,27744,32992
random_n12_05,12,bitwise,1,128,optimized,71335,202378,17554142,17827855,3989504,27744,37048
random_n12_05,12,rank-shared,2,128,optimized,70163,23765,63938,157866,3981312,27744,32992
random_n12_05,12,bitwise,2,128,optimized,60911,201857,17539528,17802296,3989504,27744,37048
random_n12_05,12,rank-static,2,128,optimized,62595,29157,1574504,1666256,3989504,27744,32992
random_n12_05,12,bitwise,3,128,optimized,69080,202027,17634398,17905505,3973120,27744,37048
random_n12_05,12,rank-static,3,128,optimized,74112,23685,1577540,1675337,3977216,27744,32992
random_n12_05,12,rank-shared,3,128,optimized,66073,28536,69711,164320,3981312,27744,32992
random_n12_05,12,rank-static,4,128,optimized,64820,22853,1569542,1657215,3960832,27744,32992
random_n12_05,12,rank-shared,4,128,optimized,70653,23725,68549,162927,3899392,27744,32992
random_n12_05,12,bitwise,4,128,optimized,68658,202248,17485755,17756661,3985408,27744,37048
random_n12_06,12,rank-static,0,128,optimized,63938,23444,1577190,1664572,3944448,27744,32992
random_n12_06,12,rank-shared,0,128,optimized,67667,23464,63246,154377,3985408,27744,32992
random_n12_06,12,bitwise,0,128,optimized,70574,206948,17544470,17821992,3919872,27744,37048
random_n12_06,12,rank-shared,1,128,optimized,76566,24748,63837,165151,3985408,27744,32992
random_n12_06,12,bitwise,1,128,optimized,62134,208803,17619003,17889940,3989504,27744,37048
random_n12_06,12,rank-static,1,128,optimized,65451,23866,1574363,1663680,3960832,27744,32992
random_n12_06,12,bitwise,2,128,optimized,71566,205766,17483879,17761211,3989504,27744,37048
random_n12_06,12,rank-static,2,128,optimized,71095,29699,1579404,1680198,3985408,27744,32992
random_n12_06,12,rank-shared,2,128,optimized,61272,23374,63757,148403,3923968,27744,32992
random_n12_06,12,rank-static,3,128,optimized,65722,23515,1577159,1666396,3973120,27744,32992
random_n12_06,12,rank-shared,3,128,optimized,71155,29839,63607,164601,3948544,27744,32992
random_n12_06,12,bitwise,3,128,optimized,62745,208412,17513288,17784445,3948544,27744,37048
random_n12_06,12,rank-shared,4,128,optimized,62776,33447,64459,160682,3928064,27744,32992
random_n12_06,12,bitwise,4,128,optimized,68989,206669,17574900,17850558,3969024,27744,37048
random_n12_06,12,rank-static,4,128,optimized,71927,23955,1586471,1682353,3977216,27744,32992
random_n12_07,12,rank-shared,0,128,optimized,69651,24206,67496,161353,3969024,27744,32992
random_n12_07,12,bitwise,0,128,optimized,62384,202609,17390443,17655436,3989504,27744,37048
random_n12_07,12,rank-static,0,128,optimized,64449,23906,1580828,1669183,3989504,27744,32992
random_n12_07,12,bitwise,1,128,optimized,70082,200735,17468003,17738820,3960832,27744,37048
random_n12_07,12,rank-static,1,128,optimized,73420,23735,1581389,1678544,3985408,27744,32992
random_n12_07,12,rank-shared,1,128,optimized,62415,23163,67857,153435,3989504,27744,32992
random_n12_07,12,rank-static,2,128,optimized,67045,29578,1575566,1672189,3981312,27744,32992
random_n12_07,12,rank-shared,2,128,optimized,69100,23875,67607,160582,3944448,27744,32992
random_n12_07,12,bitwise,2,128,optimized,61984,199472,17615373,17876829,3969024,27744,37048
random_n12_07,12,rank-shared,3,128,optimized,63898,28015,67416,159329,3973120,27744,32992
random_n12_07,12,bitwise,3,128,optimized,70503,198749,17683181,17952433,3936256,27744,37048
random_n12_07,12,rank-static,3,128,optimized,70654,29638,1577621,1677913,3985408,27744,32992
random_n12_07,12,bitwise,4,128,optimized,66513,203151,17417526,17687190,3956736,27744,37048
random_n12_07,12,rank-static,4,128,optimized,61372,23454,1583274,1668100,3973120,27744,32992
random_n12_07,12,rank-shared,4,128,optimized,65471,23354,67316,156141,3969024,27744,32992
random_n12_08,12,bitwise,0,128,optimized,70884,212081,17360915,17643880,3911680,27744,37048
random_n12_08,12,rank-static,0,128,optimized,71956,23865,1576799,1672620,3928064,27744,32992
random_n12_08,12,rank-shared,0,128,optimized,69049,23144,62775,154968,3989504,27744,32992
random_n12_08,12,rank-static,1,128,optimized,70733,23505,1575515,1669753,3944448,27744,32992
random_n12_08,12,rank-shared,1,128,optimized,67185,23765,63146,154096,3895296,27744,32992
random_n12_08,12,bitwise,1,128,optimized,60871,212281,17458651,17731803,3923968,27744,37048
random_n12_08,12,rank-shared,2,128,optimized,60810,23916,62865,147591,3952640,27744,32992
random_n12_08,12,bitwise,2,128,optimized,70875,211819,17356936,17639630,3981312,27744,37048
random_n12_08,12,rank-static,2,128,optimized,71767,23765,1579324,1674856,3923968,27744,32992
random_n12_08,12,bitwise,3,128,optimized,67787,212682,17374927,17655396,3899392,27744,37048
random_n12_08,12,rank-static,3,128,optimized,61041,27745,1580737,1669523,3952640,27744,32992
random_n12_08,12,rank-shared,3,128,optimized,67246,23655,66002,156903,3985408,27744,32992
random_n12_08,12,rank-static,4,128,optimized,67857,23725,1579866,1671448,3973120,27744,32992
random_n12_08,12,rank-shared,4,128,optimized,61883,23063,63387,148333,3981312,27744,32992
random_n12_08,12,bitwise,4,128,optimized,65031,217303,17343144,17625478,3960832,27744,37048
random_n12_09,12,rank-static,0,128,optimized,70423,23875,1573972,1668270,3989504,27744,32992
random_n12_09,12,rank-shared,0,128,optimized,69250,23525,65221,157996,3985408,27744,32992
random_n12_09,12,bitwise,0,128,optimized,64559,194290,17565388,17824237,3948544,27744,37048
random_n12_09,12,rank-shared,1,128,optimized,62895,23124,65421,151440,3981312,27744,32992
random_n12_09,12,bitwise,1,128,optimized,71956,194470,17505841,17772267,3903488,27744,37048
random_n12_09,12,rank-static,1,128,optimized,71897,24035,1580447,1676379,3919872,27744,32992
random_n12_09,12,bitwise,2,128,optimized,62504,205245,17494695,17762444,3993600,27744,37048
random_n12_09,12,rank-static,2,128,optimized,65131,23675,1577410,1666216,3985408,27744,32992
random_n12_09,12,rank-shared,2,128,optimized,67918,29137,64790,161845,3940352,27744,32992
random_n12_09,12,rank-static,3,128,optimized,67988,24436,1575747,1668171,3919872,27744,32992
random_n12_09,12,rank-shared,3,128,optimized,63287,23063,65231,151581,3923968,27744,32992
random_n12_09,12,bitwise,3,128,optimized,67977,193708,17526208,17787893,3907584,27744,37048
random_n12_09,12,rank-shared,4,128,optimized,74843,23896,65040,163779,3940352,27744,32992
random_n12_09,12,bitwise,4,128,optimized,65572,193017,17537533,17796122,3956736,27744,37048
random_n12_09,12,rank-static,4,128,optimized,68969,24026,1578874,1671869,3948544,27744,32992
random_n11_00,11,rank-shared,0,256,optimized,40023,12659,100413,153095,3932160,13920,16608
random_n11_00,11,bitwise,0,256,optimized,42579,74703,10958138,11075420,3948544,13920,18104
random_n11_00,11,rank-static,0,256,optimized,41055,12679,1495581,1549315,3870720,13920,16608
random_n11_00,11,bitwise,1,256,optimized,36545,74632,10912052,11023229,3923968,13920,18104
random_n11_00,11,rank-static,1,256,optimized,46748,12298,1495381,1554427,3940352,13920,16608
random_n11_00,11,rank-shared,1,256,optimized,42258,12289,106245,160792,3907584,13920,16608
random_n11_00,11,rank-static,2,256,optimized,36064,12338,1497396,1545798,3887104,13920,16608
random_n11_00,11,rank-shared,2,256,optimized,39381,12248,100673,152302,3915776,13920,16608
random_n11_00,11,bitwise,2,256,optimized,43351,73390,10857314,10974055,3944448,13920,18104
random_n11_00,11,rank-shared,3,256,optimized,40724,12580,100813,154117,3833856,13920,16608
random_n11_00,11,bitwise,3,256,optimized,37908,74282,10953106,11065296,3895296,13920,18104
random_n11_00,11,rank-static,3,256,optimized,44042,12329,1497806,1554177,3899392,13920,16608
random_n11_00,11,bitwise,4,256,optimized,41586,74292,10903732,11019610,3948544,13920,18104
random_n11_00,11,rank-static,4,256,optimized,40333,12309,1501044,1553686,3928064,13920,16608
random_n11_00,11,rank-shared,4,256,optimized,37206,12519,101365,151090,3923968,13920,16608
random_n11_01,11,bitwise,0,256,optimized,43721,72448,11065597,11181766,3952640,13920,18104
random_n11_01,11,rank-static,0,256,optimized,43170,12409,1501013,1556592,3944448,13920,16608
random_n11_01,11,rank-shared,0,256,optimized,37096,12189,99279,148564,3948544,13920,16608
random_n11_01,11,rank-static,1,256,optimized,42689,17610,1499009,1559308,3944448,13920,16608
random_n11_01,11,rank-shared,1,256,optimized,41275,12469,99240,152984,3936256,13920,16608
random_n11_01,11,bitwise,1,256,optimized,34940,72839,11377508,11485287,3915776,13920,18104
random_n11_01,11,rank-shared,2,256,optimized,37778,12198,99160,149136,3919872,13920,16608
random_n11_01,11,bitwise,2,256,optimized,58927,72508,11089832,11221267,3948544,13920,18104
random_n11_01,11,rank-static,2,256,optimized,39382,12779,1502808,1554969,3928064,13920,16608
random_n11_01,11,bitwise,3,256,optimized,35001,72547,11138786,11246334,3887104,13920,18104
random_n11_01,11,rank-static,3,256,optimized,38188,12349,1500211,1550748,3928064,13920,16608
random_n11_01,11,rank-shared,3,256,optimized,44644,12328,100543,157515,3932160,13920,16608
random_n11_01,11,rank-static,4,256,optimized,39311,11947,1496243,1547501,3944448,13920,16608
random_n11_01,11,rank-shared,4,256,optimized,36966,12068,101334,150368,3928064,13920,16608
random_n11_01,11,bitwise,4,256,optimized,42489,71706,11080401,11194596,3944448,13920,18104
random_n11_02,11,rank-static,0,256,optimized,40674,13120,1494529,1548323,3944448,13920,16608
random_n11_02,11,rank-shared,0,256,optimized,36183,13021,102928,152132,3870720,13920,16608
random_n11_02,11,bitwise,0,256,optimized,43481,72217,11024211,11139909,3948544,13920,18104
random_n11_02,11,rank-shared,1,256,optimized,42378,18643,102286,163307,3911680,13920,16608
random_n11_02,11,bitwise,1,256,optimized,38850,73600,11120273,11232723,3923968,13920,18104
random_n11_02,11,rank-static,1,256,optimized,40214,12578,1500082,1552874,3923968,13920,16608
random_n11_02,11,bitwise,2,256,optimized,47320,72567,11006210,11126097,3915776,13920,18104
random_n11_02,11,rank-static,2,256,optimized,42418,12549,1494278,1549245,3919872,13920,16608
random_n11_02,11,rank-shared,2,256,optimized,39422,12328,103159,154909,3911680,13920,16608
random_n11_02,11,rank-static,3,256,optimized,38610,12498,1497526,1548634,3911680,13920,16608
random_n11_02,11,rank-shared,3,256,optimized,42859,12850,102426,158135,3940352,13920,16608
random_n11_02,11,bitwise,3,256,optimized,39772,73740,10932720,11046232,3874816,13920,18104
random_n11_02,11,rank-shared,4,256,optimized,36514,12860,102607,151981,3928064,13920,16608
random_n11_02,11,bitwise,4,256,optimized,41146,71695,10903713,11016554,3891200,13920,18104
random_n11_02,11,rank-static,4,256,optimized,41737,12428,1499119,1553284,3932160,13920,16608
random_n11_03,11,rank-shared,0,256,optimized,36354,12539,104081,152974,3936256,13920,16608
random_n11_03,11,bitwise,0,256,optimized,39321,69661,11095045,11204027,3944448,13920,18104
random_n11_03,11,rank-static,0,256,optimized,41346,18643,1499750,1559739,3940352,13920,16608
random_n11_03,11,bitwise,1,256,optimized,39752,70062,11090945,11200759,3915776,13920,18104
random_n11_03,11,rank-static,1,256,optimized,37918,12389,1500853,1551160,3915776,13920,16608
random_n11_03,11,rank-shared,1,256,optimized,40734,12519,102818,156071,3940352,13920,16608
random_n11_03,11,rank-static,2,256,optimized,41857,16207,1498318,1556382,3932160,13920,16608
random_n11_03,11,rank-shared,2,256,optimized,36304,12558,103480,152342,3928064,13920,16608
random_n11_03,11,bitwise,2,256,optimized,40203,69521,11064664,11174388,3948544,13920,18104
random_n11_03,11,rank-shared,3,256,optimized,41325,12169,104892,158386,3948544,13920,16608
random_n11_03,11,bitwise,3,256,optimized,44854,69812,10987466,11102132,3948544,13920,18104
random_n11_03,11,rank-static,3,256,optimized,36053,12630,1502827,1551510,3940352,13920,16608
random_n11_03,11,bitwise,4,256,optimized,40092,71115,11428717,11539924,3903488,13920,18104
random_n11_03,11,rank-static,4,256,optimized,40744,13050,1498007,1551801,3948544,13920,16608
random_n11_03,11,rank-shared,4,256,optimized,37948,12459,108120,158527,3919872,13920,16608
random_n11_04,11,bitwise,0,256,optimized,38499,71235,10900324,11010058,3952640,13920,18104
random_n11_04,11,rank-static,0,256,optimized,41867,12599,1502015,1556481,3887104,13920,16608
random_n11_04,11,rank-shared,0,256,optimized,40003,12469,103228,155700,3928064,13920,16608
random_n11_04,11,rank-static,1,256,optimized,35512,12399,1497976,1545887,3944448,13920,16608
random_n11_04,11,rank-shared,1,256,optimized,40985,12829,102768,156582,3915776,13920,16608
random_n11_04,11,bitwise,1,256,optimized,41446,70473,10936599,11048518,3915776,13920,18104
random_n11_04,11,rank-shared,2,256,optimized,39892,12429,103028,155349,3948544,13920,16608
random_n11_04,11,bitwise,2,256,optimized,40624,72498,11353353,11466475,3911680,13920,18104
random_n11_04,11,rank-static,2,256,optimized,42208,12479,1502567,1557254,3911680,13920,16608
random_n11_04,11,bitwise,3,256,optimized,39823,72758,10928620,11041201,3948544,13920,18104
random_n11_04,11,rank-static,3,256,optimized,38650,12448,1501265,1552363,3895296,13920,16608
random_n11_04,11,rank-shared,3,256,optimized,40423,12399,103129,155951,3944448,13920,16608
random_n11_04,11,rank-static,4,256,optimized,42929,12629,1565082,1620640,3883008,13920,16608
random_n11_04,11,rank-shared,4,256,optimized,40473,12269,109683,162425,3891200,13920,16608
random_n11_04,11,bitwise,4,256,optimized,36975,74162,10917805,11028942,3948544,13920,18104
random_n11_05,11,rank-static,0,256,optimized,41767,12358,1500212,1554337,3940352,13920,16608
random_n11_05,11,rank-shared,0,256,optimized,38980,14092,99842,152914,3948544,13920,16608
random_n11_05,11,bitwise,0,256,optimized,35171,70132,10983397,11088700,3944448,13920,18104
random_n11_05,11,rank-shared,1,256,optimized,38951,12408,99972,151331,3940352,13920,16608
random_n11_05,11,bitwise,1,256,optimized,42498,70273,10951442,11064213,3940352,13920,18104
random_n11_05,11,rank-static,1,256,optimized,40354,12739,1500553,1553646,3899392,13920,16608
random_n11_05,11,bitwise,2,256,optimized,37056,78602,13163952,13279610,3944448,13920,18104
random_n11_05,11,rank-static,2,256,optimized,38609,12249,1503359,1554217,3891200,13920,16608
random_n11_05,11,rank-shared,2,256,optimized,42679,12488,100232,155399,3923968,13920,16608
random_n11_05,11,rank-static,3,256,optimized,45586,11897,1503319,1560802,3944448,13920,16608
random_n11_05,11,rank-shared,3,256,optimized,36645,12248,99691,148584,3936256,13920,16608
random_n11_05,11,bitwise,3,256,optimized,41767,70473,10979247,11091487,3948544,13920,18104
random_n11_05,11,rank-shared,4,256,optimized,40022,12629,100523,153174,3874816,13920,16608
random_n11_05,11,bitwise,4,256,optimized,37387,73089,11027468,11137944,3866624,13920,18104
random_n11_05,11,rank-static,4,256,optimized,40634,12369,1504010,1557013,3878912,13920,16608
random_n11_06,11,rank-shared,0,256,optimized,42388,12358,99280,154026,3944448,13920,16608
random_n11_06,11,bitwise,0,256,optimized,37406,74643,11268637,11380686,3887104,13920,18104
random_n11_06,11,rank-static,0,256,optimized,36003,12088,1502748,1550839,3948544,13920,16608
random_n11_06,11,bitwise,1,256,optimized,41496,74934,11255496,11371926,3911680,13920,18104
random_n11_06,11,rank-static,1,256,optimized,43420,19205,1503138,1565763,3887104,13920,16608
random_n11_06,11,rank-shared,1,256,optimized,35833,17390,99129,152352,3907584,13920,16608
random_n11_06,11,rank-static,2,256,optimized,40213,12789,1573000,1626002,3940352,13920,16608
random_n11_06,11,rank-shared,2,256,optimized,43189,13311,99150,155650,3858432,13920,16608
random_n11_06,11,bitwise,2,256,optimized,39541,74833,11100017,11214391,3944448,13920,18104
random_n11_06,11,rank-shared,3,256,optimized,35622,12439,99129,147190,3932160,13920,16608
random_n11_06,11,bitwise,3,256,optimized,41566,75064,11028401,11145031,3944448,13920,18104
random_n11_06,11,rank-static,3,256,optimized,43571,18473,1499139,1561183,3907584,13920,16608
random_n11_06,11,bitwise,4,256,optimized,41135,74863,11042864,11158862,3948544,13920,18104
random_n11_06,11,rank-static,4,256,optimized,36264,12549,1503679,1552492,3907584,13920,16608
random_n11_06,11,rank-shared,4,256,optimized,42208,12128,98959,153295,3944448,13920,16608
random_n11_07,11,bitwise,0,256,optimized,38770,74171,11010058,11122999,3948544,13920,18104
random_n11_07,11,rank-static,0,256,optimized,38990,12269,1496793,1548052,3878912,13920,16608
random_n11_07,11,rank-shared,0,256,optimized,37387,11977,99691,149055,3911680,13920,16608
random_n11_07,11,rank-static,1,256,optimized,43891,19516,1565432,1628839,3944448,13920,16608
random_n11_07,11,rank-shared,1,256,optimized,40173,18813,101024,160010,3899392,13920,16608
random_n11_07,11,bitwise,1,256,optimized,38169,74572,11114961,11227702,3948544,13920,18104
random_n11_07,11,rank-shared,2,256,optimized,43320,12660,100472,156452,3907584,13920,16608
random_n11_07,11,bitwise,2,256,optimized,38950,74182,11074166,11187298,3907584,13920,18104
random_n11_07,11,rank-static,2,256,optimized,37296,13201,1499660,1550157,3907584,13920,16608
random_n11_07,11,bitwise,3,256,optimized,38008,74031,10961526,11073565,3948544,13920,18104
random_n11_07,11,rank-static,3,256,optimized,43420,12379,1496463,1552262,3923968,13920,16608
random_n11_07,11,rank-shared,3,256,optimized,40213,12459,100031,152703,3858432,13920,16608
random_n11_07,11,rank-static,4,256,optimized,38710,18052,1497605,1554367,3944448,13920,16608
random_n11_07,11,rank-shared,4,256,optimized,41707,12458,100313,154478,3911680,13920,16608
random_n11_07,11,bitwise,4,256,optimized,40073,75354,11191859,11307286,3944448,13920,18104
random_n11_08,11,rank-static,0,256,optimized,36775,20287,1501064,1558126,3907584,13920,16608
random_n11_08,11,rank-shared,0,256,optimized,39391,12589,102718,154698,3907584,13920,16608
random_n11_08,11,bitwise,0,256,optimized,41716,72949,11026356,11141021,3948544,13920,18104
random_n11_08,11,rank-shared,1,256,optimized,40022,12268,103871,156161,3944448,13920,16608
random_n11_08,11,bitwise,1,256,optimized,37596,72839,10990423,11100858,3944448,13920,18104
random_n11_08,11,rank-static,1,256,optimized,41436,12549,1501204,1555189,3948544,13920,16608
random_n11_08,11,bitwise,2,256,optimized,42358,77118,11111092,11230568,3936256,13920,18104
random_n11_08,11,rank-static,2,256,optimized,40454,12458,1504452,1557364,3928064,13920,16608
random_n11_08,11,rank-shared,2,256,optimized,36454,12159,103118,151731,3903488,13920,16608
random_n11_08,11,rank-static,3,256,optimized,41947,12389,1559939,1614275,3932160,13920,16608
random_n11_08,11,rank-shared,3,256,optimized,40644,14233,104622,159499,3944448,13920,16608
random_n11_08,11,bitwise,3,256,optimized,37427,73319,11227612,11338358,3944448,13920,18104
random_n11_08,11,rank-shared,4,256,optimized,40544,12408,106838,159790,3936256,13920,16608
random_n11_08,11,bitwise,4,256,optimized,41447,73109,11125455,11240011,3887104,13920,18104
random_n11_08,11,rank-static,4,256,optimized,39892,12419,1503279,1555590,3887104,13920,16608
random_n11_09,11,rank-shared,0,256,optimized,39512,12148,104732,156392,3915776,13920,16608
random_n11_09,11,bitwise,0,256,optimized,41857,70062,11111092,11223011,3952640,13920,18104
random_n11_09,11,rank-static,0,256,optimized,39291,12689,1555911,1607891,3919872,13920,16608
random_n11_09,11,bitwise,1,256,optimized,35352,70202,10958840,11064394,3874816,13920,18104
random_n11_09,11,rank-static,1,256,optimized,37336,11857,1498247,1547440,3944448,13920,16608
random_n11_09,11,rank-shared,1,256,optimized,42077,12469,104151,158697,3899392,13920,16608
random_n11_09,11,rank-static,2,256,optimized,39441,16859,1496362,1552662,3944448,13920,16608
random_n11_09,11,rank-shared,2,256,optimized,36826,12629,104742,154197,3948544,13920,16608
random_n11_09,11,bitwise,2,256,optimized,42729,70813,11055584,11169126,3932160,13920,18104
random_n11_09,11,rank-shared,3,256,optimized,40935,12719,104512,158166,3940352,13920,16608
random_n11_09,11,bitwise,3,256,optimized,35092,69971,11023871,11128934,3952640,13920,18104
random_n11_09,11,rank-static,3,256,optimized,38258,12319,1496392,1546969,3915776,13920,16608
random_n11_09,11,bitwise,4,256,optimized,42729,70733,11022718,11136180,3883008,13920,18104
random_n11_09,11,rank-static,4,256,optimized,41336,18994,1497144,1557474,3948544,13920,16608
random_n11_09,11,rank-shared,4,256,optimized,38739,12499,104311,155549,3940352,13920,16608
random_n10_00,10,bitwise,0,512,optimized,29578,35643,8046791,8112012,3923968,7136,9016
random_n10_00,10,rank-static,0,512,optimized,29889,14483,1472608,1516980,3887104,7136,8416
random_n10_00,10,rank-shared,0,512,optimized,23073,8480,160782,192335,3919872,7136,8416
random_n10_00,10,rank-static,1,512,optimized,27103,9161,1473180,1509444,3878912,7136,8416
random_n10_00,10,rank-shared,1,512,optimized,28677,19394,159850,207921,3932160,7136,8416
random_n10_00,10,bitwise,1,512,optimized,25991,30420,8125924,8182335,3915776,7136,9016
random_n10_00,10,rank-shared,2,512,optimized,25238,8150,163067,196455,3923968,7136,8416
random_n10_00,10,bitwise,2,512,optimized,29488,30601,8020340,8080429,3891200,7136,9016
random_n10_00,10,rank-static,2,512,optimized,27403,8419,1473771,1509593,3932160,7136,8416
random_n10_00,10,bitwise,3,512,optimized,23906,30701,8069142,8123749,3923968,7136,9016
random_n10_00,10,rank-static,3,512,optimized,27093,8560,1482149,1517802,3866624,7136,8416
random_n10_00,10,rank-shared,3,512,optimized,28566,8470,168389,205425,3895296,7136,8416
random_n10_00,10,rank-static,4,512,optimized,22653,9051,1483222,1514926,3878912,7136,8416
random_n10_00,10,rank-shared,4,512,optimized,25168,8770,162677,196615,3915776,7136,8416
random_n10_00,10,bitwise,4,512,optimized,29097,30320,8087565,8146982,3887104,7136,9016
random_n10_01,10,rank-static,0,512,optimized,25619,9112,1475524,1510255,3862528,7136,8416
random_n10_01,10,rank-shared,0,512,optimized,26531,8389,158638,193558,3878912,7136,8416
random_n10_01,10,bitwise,0,512,optimized,29930,31092,8078855,8139877,3915776,7136,9016
random_n10_01,10,rank-shared,1,512,optimized,27082,8620,158337,194039,3928064,7136,8416
random_n10_01,10,bitwise,1,512,optimized,23885,31423,8107722,8163030,3883008,7136,9016
random_n10_01,10,rank-static,1,512,optimized,29188,8850,1475425,1513463,3928064,7136,8416
random_n10_01,10,bitwise,2,512,optimized,28065,34470,8027797,8090332,3891200,7136,9016
random_n10_01,10,rank-static,2,512,optimized,27774,13120,1469140,1510034,3883008,7136,8416
random_n10_01,10,rank-shared,2,512,optimized,24658,8619,157946,191223,3928064,7136,8416
random_n10_01,10,rank-static,3,512,optimized,28937,8780,1471104,1508821,3928064,7136,8416
random_n10_01,10,rank-shared,3,512,optimized,26972,8700,157996,193668,3874816,7136,8416
random_n10_01,10,bitwise,3,512,optimized,25018,31011,8053948,8109977,3870720,7136,9016
random_n10_01,10,rank-shared,4,512,optimized,29709,14063,158837,202609,3928064,7136,8416
random_n10_01,10,bitwise,4,512,optimized,26851,31133,8064261,8122245,3903488,7136,9016
random_n10_01,10,rank-static,4,512,optimized,24316,9192,1509232,1542740,3891200,7136,8416
random_n10_02,10,rank-shared,0,512,optimized,26191,8449,163559,198199,3911680,7136,8416
random_n10_02,10,bitwise,0,512,optimized,29458,30902,8105867,8166227,3932160,7136,9016
random_n10_02,10,rank-static,0,512,optimized,26492,8660,1472708,1507860,3858432,7136,8416
random_n10_02,10,bitwise,1,512,optimized,24186,30620,8163872,8218678,3911680,7136,9016
random_n10_02,10,rank-static,1,512,optimized,27965,8369,1470563,1506897,3887104,7136,8416
random_n10_02,10,rank-shared,1,512,optimized,26622,8480,161383,196485,3923968,7136,8416
random_n10_02,10,rank-static,2,512,optimized,23725,12138,1470413,1506276,3932160,7136,8416
random_n10_02,10,rank-shared,2,512,optimized,27654,8299,161765,197718,3932160,7136,8416
random_n10_02,10,bitwise,2,512,optimized,27143,31382,8220934,8279459,3928064,7136,9016
random_n10_02,10,rank-shared,3,512,optimized,33197,8890,161133,203220,3862528,7136,8416
random_n10_02,10,bitwise,3,512,optimized,26812,30290,8089951,8147053,3928064,7136,9016
random_n10_02,10,rank-static,3,512,optimized,28446,15586,1481007,1525039,3928064,7136,8416
random_n10_02,10,bitwise,4,512,optimized,35001,31352,8213647,8280000,3911680,7136,9016
random_n10_02,10,rank-static,4,512,optimized,24657,10795,1473510,1508962,3878912,7136,8416
random_n10_02,10,rank-shared,4,512,optimized,29217,8640,161885,199742,3858432,7136,8416
random_n10_03,10,bitwise,0,512,optimized,27023,31603,8087455,8146081,3928064,7136,9016
random_n10_03,10,rank-static,0,512,optimized,23554,9502,1476948,1510004,3919872,7136,8416
random_n10_03,10,rank-shared,0,512,optimized,26041,8619,158247,192907,3928064,7136,8416
random_n10_03,10,rank-static,1,512,optimized,30450,8811,1473660,1512921,3919872,7136,8416
random_n10_03,10,rank-shared,1,512,optimized,31933,8901,158387,199221,3923968,7136,8416
random_n10_03,10,bitwise,1,512,optimized,26211,30892,8148436,8205539,3932160,7136,9016
random_n10_03,10,rank-shared,2,512,optimized,29258,8820,163769,201847,3862528,7136,8416
random_n10_03,10,bitwise,2,512,optimized,27213,31653,8202611,8261477,3866624,7136,9016
random_n10_03,10,rank-static,2,512,optimized,25449,8609,1479424,1513482,3928064,7136,8416
random_n10_03,10,bitwise,3,512,optimized,34981,31713,8154400,8221094,3928064,7136,9016
random_n10_03,10,rank-static,3,512,optimized,29408,14754,1476506,1520668,3928064,7136,8416
random_n10_03,10,rank-shared,3,512,optimized,26130,8951,160160,195241,3870720,7136,8416
random_n10_03,10,rank-static,4,512,optimized,26410,9372,1478201,1513983,3887104,7136,8416
random_n10_03,10,rank-shared,4,512,optimized,29579,8780,164701,203060,3850240,7136,8416
random_n10_03,10,bitwise,4,512,optimized,26732,31553,8074364,8132649,3911680,7136,9016
random_n10_04,10,rank-static,0,512,optimized,25299,8680,1479594,1513573,3919872,7136,8416
random_n10_04,10,rank-shared,0,512,optimized,28636,8881,159870,197387,3891200,7136,8416
random_n10_04,10,bitwise,0,512,optimized,26442,31783,8148777,8207002,3928064,7136,9016
random_n10_04,10,rank-shared,1,512,optimized,23034,8349,158126,189509,3932160,7136,8416
random_n10_04,10,bitwise,1,512,optimized,29138,31843,8088769,8149750,3878912,7136,9016
random_n10_04,10,rank-static,1,512,optimized,29959,10886,1478531,1519376,3891200,7136,8416
random_n10_04,10,bitwise,2,512,optimized,26762,33949,8264163,8324874,3919872,7136,9016
random_n10_04,10,rank-static,2,512,optimized,24427,12008,1483833,1520268,3850240,7136,8416
random_n10_04,10,rank-shared,2,512,optimized,29859,13952,157535,201346,3891200,7136,8416
random_n10_04,10,rank-static,3,512,optimized,27654,8931,1476356,1512941,3887104,7136,8416
random_n10_04,10,rank-shared,3,512,optimized,25669,8570,158076,192315,3866624,7136,8416
random_n10_04,10,bitwise,3,512,optimized,29648,35953,8323601,8389202,3932160,7136,9016
random_n10_04,10,rank-shared,4,512,optimized,29939,9903,157174,197016,3870720,7136,8416
random_n10_04,10,bitwise,4,512,optimized,28496,32054,8113926,8174476,3928064,7136,9016
random_n10_04,10,rank-static,4,512,optimized,26171,14463,1474402,1515036,3932160,7136,8416
random_n10_05,10,rank-shared,0,512,optimized,30120,8690,171747,210557,3923968,7136,8416
random_n10_05,10,bitwise,0,512,optimized,26240,31343,8089099,8146682,3858432,7136,9016
random_n10_05,10,rank-static,0,512,optimized,24377,8670,1476737,1509784,3915776,7136,8416
random_n10_05,10,bitwise,1,512,optimized,35823,31483,8145329,8212635,3919872,7136,9016
random_n10_05,10,rank-static,1,512,optimized,27494,8780,1483312,1519586,3874816,7136,8416
random_n10_05,10,rank-shared,1,512,optimized,23505,14052,163769,201326,3919872,7136,8416
random_n10_05,10,rank-static,2,512,optimized,26120,8851,1473129,1508100,3911680,7136,8416
random_n10_05,10,rank-shared,2,512,optimized,28526,8470,167598,204594,3928064,7136,8416
random_n10_05,10,bitwise,2,512,optimized,23334,31653,8035444,8090431,3923968,7136,9016
random_n10_05,10,rank-shared,3,512,optimized,25559,8670,168540,202769,3911680,7136,8416
random_n10_05,10,bitwise,3,512,optimized,30341,31783,8093980,8156104,3862528,7136,9016
random_n10_05,10,rank-static,3,512,optimized,27714,9091,1475645,1512450,3866624,7136,8416
random_n10_05,10,bitwise,4,512,optimized,25479,31903,8119379,8176761,3891200,7136,9016
random_n10_05,10,rank-static,4,512,optimized,27604,8519,1475254,1511377,3923968,7136,8416
random_n10_05,10,rank-shared,4,512,optimized,28476,9070,165203,202749,3928064,7136,8416
random_n10_06,10,bitwise,0,512,optimized,22653,32164,8169615,8224432,3928064,7136,9016
random_n10_06,10,rank-static,0,512,optimized,24607,9362,1473770,1507739,3883008,7136,8416
random_n10_06,10,rank-shared,0,512,optimized,30831,9031,158938,198800,3915776,7136,8416
random_n10_06,10,rank-static,1,512,optimized,26962,12479,1473149,1512590,3932160,7136,8416
random_n10_06,10,rank-shared,1,512,optimized,25078,8891,159318,193287,3899392,7136,8416
random_n10_06,10,bitwise,1,512,optimized,30851,32285,8039734,8102870,3891200,7136,9016
random_n10_06,10,rank-shared,2,512,optimized,26391,9181,157434,193006,3928064,7136,8416
random_n10_06,10,bitwise,2,512,optimized,25589,32997,8050459,8109045,3923968,7136,9016
random_n10_06,10,rank-static,2,512,optimized,29097,8540,1471625,1509262,3887104,7136,8416
random_n10_06,10,bitwise,3,512,optimized,28115,37166,8043323,8108604,3932160,7136,9016
random_n10_06,10,rank-static,3,512,optimized,26021,8499,1474142,1508662,3928064,7136,8416
random_n10_06,10,rank-shared,3,512,optimized,26281,8951,158326,193558,3915776,7136,8416
random_n10_06,10,rank-static,4,512,optimized,29619,9050,1475365,1514034,3923968,7136,8416
random_n10_06,10,rank-shared,4,512,optimized,27464,8439,158166,194069,3932160,7136,8416
random_n10_06,10,bitwise,4,512,optimized,24747,32305,8051652,8108704,3899392,7136,9016
random_n10_07,10,rank-static,0,512,optimized,30761,8780,1472829,1512370,3923968,7136,8416
random_n10_07,10,rank-shared,0,512,optimized,27774,8660,167889,204323,3895296,7136,8416
random_n10_07,10,bitwise,0,512,optimized,25389,32615,8305470,8363474,3883008,7136,9016
random_n10_07,10,rank-shared,1,512,optimized,26561,8650,167287,202498,3907584,7136,8416
random_n10_07,10,bitwise,1,512,optimized,29217,33077,8175378,8237672,3919872,7136,9016
random_n10_07,10,rank-static,1,512,optimized,28055,13160,1472919,1514134,3932160,7136,8416
random_n10_07,10,bitwise,2,512,optimized,24246,32245,8051551,8108042,3895296,7136,9016
random_n10_07,10,rank-static,2,512,optimized,28466,8600,1474222,1511288,3870720,7136,8416
random_n10_07,10,rank-shared,2,512,optimized,27373,8650,170355,206378,3899392,7136,8416
random_n10_07,10,rank-static,3,512,optimized,25690,8640,1472908,1507238,3858432,7136,8416
random_n10_07,10,rank-shared,3,512,optimized,29218,8429,168580,206227,3895296,7136,8416
random_n10_07,10,bitwise,3,512,optimized,26792,32385,8029000,8088177,3928064,7136,9016
random_n10_07,10,rank-shared,4,512,optimized,23043,8479,167859,199381,3928064,7136,8416
random_n10_07,10,bitwise,4,512,optimized,26070,32105,8052824,8110999,3878912,7136,9016
random_n10_07,10,rank-static,4,512,optimized,28897,8911,1483332,1521140,3915776,7136,8416
random_n10_08,10,rank-shared,0,512,optimized,27945,8640,158698,195283,3887104,7136,8416
random_n10_08,10,bitwise,0,512,optimized,25228,31744,8023847,8080819,3883008,7136,9016
random_n10_08,10,rank-static,0,512,optimized,29157,8761,1478531,1516449,3842048,7136,8416
random_n10_08,10,bitwise,1,512,optimized,31654,32585,8200206,8264445,3923968,7136,9016
random_n10_08,10,rank-static,1,512,optimized,22382,8549,1484516,1515447,3862528,7136,8416
random_n10_08,10,rank-shared,1,512,optimized,28286,8820,163468,200574,3862528,7136,8416
random_n10_08,10,rank-static,2,512,optimized,29047,8881,1475073,1513001,3923968,7136,8416
random_n10_08,10,rank-shared,2,512,optimized,23013,12640,162285,197938,3928064,7136,8416
random_n10_08,10,bitwise,2,512,optimized,26651,31694,8194582,8252927,3923968,7136,9016
random_n10_08,10,rank-shared,3,512,optimized,27202,8550,165714,201466,3866624,7136,8416
random_n10_08,10,bitwise,3,512,optimized,26892,32174,8129833,8188899,3919872,7136,9016
random_n10_08,10,rank-static,3,512,optimized,24917,14474,1475494,1514885,3891200,7136,8416
random_n10_08,10,bitwise,4,512,optimized,29939,31723,8011649,8073311,3928064,7136,9016
random_n10_08,10,rank-static,4,512,optimized,27303,8720,1478451,1514474,3891200,7136,8416
random_n10_08,10,rank-shared,4,512,optimized,21941,8570,159760,190271,3928064,7136,8416
random_n10_09,10,bitwise,0,512,optimized,27223,31443,8138953,8197619,3928064,7136,9016
random_n10_09,10,rank-static,0,512,optimized,28486,14623,1722136,1765245,3932160,7136,8416
random_n10_09,10,rank-shared,0,512,optimized,25629,8400,161403,195432,3923968,7136,8416
random_n10_09,10,rank-static,1,512,optimized,24207,8379,1472628,1505214,3887104,7136,8416
random_n10_09,10,rank-shared,1,512,optimized,29207,8540,160892,198639,3928064,7136,8416
random_n10_09,10,bitwise,1,512,optimized,25619,32004,8139355,8196978,3928064,7136,9016
random_n10_09,10,rank-shared,2,512,optimized,23765,13200,163298,200263,3928064,7136,8416
random_n10_09,10,bitwise,2,512,optimized,29137,31614,8058547,8119298,3928064,7136,9016
random_n10_09,10,rank-static,2,512,optimized,29197,8159,1482631,1519987,3932160,7136,8416
random_n10_09,10,bitwise,3,512,optimized,21961,31794,8155331,8209086,3899392,7136,9016
random_n10_09,10,rank-static,3,512,optimized,25228,8380,1475805,1509413,3911680,7136,8416
random_n10_09,10,rank-shared,3,512,optimized,29920,8439,161043,199402,3866624,7136,8416
random_n10_09,10,rank-static,4,512,optimized,25840,8780,1478441,1513061,3915776,7136,8416
random_n10_09,10,rank-shared,4,512,optimized,24366,8169,162436,194971,3928064,7136,8416
random_n10_09,10,bitwise,4,512,optimized,29147,31634,8064751,8125532,3887104,7136,9016
random_n09_00,9,rank-static,0,1024,optimized,23023,11586,1422021,1456630,3915776,3808,4320
random_n09_00,9,rank-shared,0,1024,optimized,19926,5222,261495,286643,3862528,3808,4320
random_n09_00,9,bitwise,0,1024,optimized,24947,13883,6230086,6268916,3883008,3808,4664
random_n09_00,9,rank-shared,1,1024,optimized,23394,5473,257405,286272,3874816,3808,4320
random_n09_00,9,bitwise,1,1024,optimized,17781,13872,6256758,6288411,3899392,3808,4664
random_n09_00,9,rank-static,1,1024,optimized,22553,5432,1413491,1441476,3915776,3808,4320
random_n09_00,9,bitwise,2,1024,optimized,25439,14072,6251777,6291288,3887104,3808,4664
random_n09_00,9,rank-static,2,1024,optimized,21950,5624,1415114,1442688,3915776,3808,4320
random_n09_00,9,rank-shared,2,1024,optimized,20428,5102,258407,283937,3915776,3808,4320
random_n09_00,9,rank-static,3,1024,optimized,24757,11086,1414182,1450025,3915776,3808,4320
random_n09_00,9,rank-shared,3,1024,optimized,22673,5633,257215,285521,3919872,3808,4320
random_n09_00,9,bitwise,3,1024,optimized,19906,13722,6250153,6283781,3891200,3808,4664
random_n09_00,9,rank-shared,4,1024,optimized,24838,5342,255441,285621,3899392,3808,4320
random_n09_00,9,bitwise,4,1024,optimized,22903,13712,6236952,6273567,3874816,3808,4664
random_n09_00,9,rank-static,4,1024,optimized,17922,10163,1433778,1461863,3919872,3808,4320
random_n09_01,9,rank-shared,0,1024,optimized,22171,5072,267589,294832,3911680,3808,4320
random_n09_01,9,bitwise,0,1024,optimized,24838,12248,6306403,6343489,3911680,3808,4664
random_n09_01,9,rank-static,0,1024,optimized,21530,5533,1417550,1444613,3911680,3808,4320
random_n09_01,9,bitwise,1,1024,optimized,20497,11918,6185213,6217628,3891200,3808,4664
random_n09_01,9,rank-static,1,1024,optimized,24096,5483,1421178,1450757,3911680,3808,4320
random_n09_01,9,rank-shared,1,1024,optimized,22092,5773,265063,292928,3915776,3808,4320
random_n09_01,9,rank-static,2,1024,optimized,19755,5112,1422823,1447690,3825664,3808,4320
random_n09_01,9,rank-shared,2,1024,optimized,24366,5222,266146,295734,3858432,3808,4320
random_n09_01,9,bitwise,2,1024,optimized,21610,12209,6196449,6230268,3911680,3808,4664
random_n09_01,9,rank-shared,3,1024,optimized,18463,5653,261826,285942,3915776,3808,4320
random_n09_01,9,bitwise,3,1024,optimized,24326,12068,6196489,6232883,3919872,3808,4664
random_n09_01,9,rank-static,3,1024,optimized,24496,5984,1418582,1449062,3907584,3808,4320
random_n09_01,9,bitwise,4,1024,optimized,18353,11997,6197873,6228223,3850240,3808,4664
random_n09_01,9,rank-static,4,1024,optimized,20839,9923,1414222,1444984,3854336,3808,4320
random_n09_01,9,rank-shared,4,1024,optimized,25790,5422,261646,292858,3899392,3808,4320
random_n09_02,9,bitwise,0,1024,optimized,22171,12379,6191618,6226168,3862528,3808,4664
random_n09_02,9,rank-static,0,1024,optimized,20597,5443,1425057,1451097,3817472,3808,4320
random_n09_02,9,rank-shared,0,1024,optimized,27624,10565,269002,307191,3878912,3808,4320
random_n09_02,9,rank-static,1,1024,optimized,22883,10715,1415045,1448643,3874816,3808,4320
random_n09_02,9,rank-shared,1,1024,optimized,20988,4982,271889,297859,3919872,3808,4320
random_n09_02,9,bitwise,1,1024,optimized,24597,12429,6201801,6238827,3842048,3808,4664
random_n09_02,9,rank-shared,2,1024,optimized,23685,5663,275468,304816,3862528,3808,4320
random_n09_02,9,bitwise,2,1024,optimized,17921,12339,6225115,6255375,3903488,3808,4664
random_n09_02,9,rank-static,2,1024,optimized,22321,10184,1421439,1453944,3866624,3808,4320
random_n09_02,9,bitwise,3,1024,optimized,25138,12469,6198233,6235840,3919872,3808,4664
random_n09_02,9,rank-static,3,1024,optimized,21640,5302,1424316,1451258,3895296,3808,4320
random_n09_02,9,rank-shared,3,1024,optimized,20127,4791,269524,294442,3911680,3808,4320
random_n09_02,9,rank-static,4,1024,optimized,24767,5603,1416739,1447109,3862528,3808,4320
random_n09_02,9,rank-shared,4,1024,optimized,21911,10234,274655,306800,3915776,3808,4320
random_n09_02,9,bitwise,4,1024,optimized,21008,12519,6189413,6222940,3903488,3808,4664
random_n09_03,9,rank-static,0,1024,optimized,24466,10736,1415916,1451118,3915776,3808,4320
random_n09_03,9,rank-shared,0,1024,optimized,22883,10584,265846,299313,3858432,3808,4320
random_n09_03,9,bitwise,0,1024,optimized,20828,12329,6206802,6239959,3919872,3808,4664
random_n09_03,9,rank-shared,1,1024,optimized,22613,5422,264953,292988,3878912,3808,4320
random_n09_03,9,bitwise,1,1024,optimized,23194,12418,6161508,6197120,3870720,3808,4664
random_n09_03,9,rank-static,1,1024,optimized,21329,5643,1422672,1449644,3915776,3808,4320
random_n09_03,9,bitwise,2,1024,optimized,21740,12218,6189022,6222980,3891200,3808,4664
random_n09_03,9,rank-static,2,1024,optimized,24587,5633,1418592,1448812,3866624,3808,4320
random_n09_03,9,rank-shared,2,1024,optimized,25870,5643,264692,296205,3903488,3808,4320
random_n09_03,9,rank-static,3,1024,optimized,20568,10214,1414443,1445225,3878912,3808,4320
random_n09_03,9,rank-shared,3,1024,optimized,24617,5462,266677,296756,3870720,3808,4320
random_n09_03,9,bitwise,3,1024,optimized,22131,12539,6155143,6189813,3858432,3808,4664
random_n09_03,9,rank-shared,4,1024,optimized,19465,5783,268100,293348,3919872,3808,4320
random_n09_03,9,bitwise,4,1024,optimized,24908,12068,6212596,6249572,3837952,3808,4664
random_n09_03,9,rank-static,4,1024,optimized,24718,5452,1427183,1457353,3883008,3808,4320
random_n09_04,9,rank-shared,0,1024,optimized,19324,5423,265204,289951,3919872,3808,4320
random_n09_04,9,bitwise,0,1024,optimized,21600,13291,6244760,6279651,3903488,3808,4664
random_n09_04,9,rank-static,0,1024,optimized,24718,6364,1428706,1459788,3915776,3808,4320
random_n09_04,9,bitwise,1,1024,optimized,20748,13602,6215142,6249492,3907584,3808,4664
random_n09_04,9,rank-static,1,1024,optimized,20337,5533,1429908,1455778,3911680,3808,4320
random_n09_04,9,rank-shared,1,1024,optimized,25579,5493,265334,296406,3911680,3808,4320
random_n09_04,9,rank-static,2,1024,optimized,25689,6144,1415877,1447710,3919872,3808,4320
random_n09_04,9,rank-shared,2,1024,optimized,20728,5223,272089,298040,3911680,3808,4320
random_n09_04,9,bitwise,2,1024,optimized,25198,13462,6215663,6254323,3887104,3808,4664
random_n09_04,9,rank-shared,3,1024,optimized,22321,5503,263289,291113,3915776,3808,4320
random_n09_04,9,bitwise,3,1024,optimized,18914,13841,6264908,6297663,3878912,3808,4664
random_n09_04,9,rank-static,3,1024,optimized,22452,5483,1417210,1445145,3919872,3808,4320
random_n09_04,9,bitwise,4,1024,optimized,25068,13421,6205199,6243688,3887104,3808,4664
random_n09_04,9,rank-static,4,1024,optimized,22642,5643,1418803,1447088,3878912,3808,4320
random_n09_04,9,rank-shared,4,1024,optimized,19485,5212,268352,293049,3915776,3808,4320
random_n09_05,9,bitwise,0,1024,optimized,24507,12940,6261148,6298595,3899392,3808,4664
random_n09_05,9,rank-static,0,1024,optimized,23014,5352,1409863,1438229,3858432,3808,4320
random_n09_05,9,rank-shared,0,1024,optimized,21320,4991,274936,301247,3854336,3808,4320
random_n09_05,9,rank-static,1,1024,optimized,24186,10855,1405372,1440413,3883008,3808,4320
random_n09_05,9,rank-shared,1,1024,optimized,21941,5432,261896,289269,3915776,3808,4320
random_n09_05,9,bitwise,1,1024,optimized,20368,13120,6306503,6339991,3895296,3808,4664
random_n09_05,9,rank-shared,2,1024,optimized,22492,5433,260643,288568,3862528,3808,4320
random_n09_05,9,bitwise,2,1024,optimized,25078,13672,6263644,6302394,3870720,3808,4664
random_n09_05,9,rank-static,2,1024,optimized,21320,5943,1413541,1440804,3903488,3808,4320
random_n09_05,9,bitwise,3,1024,optimized,21500,12919,6244169,6278588,3878912,3808,4664
random_n09_05,9,rank-static,3,1024,optimized,23213,5704,1415515,1444432,3911680,3808,4320
random_n09_05,9,rank-shared,3,1024,optimized,22131,5613,261605,289349,3907584,3808,4320
random_n09_05,9,rank-static,4,1024,optimized,20066,5182,1415114,1440362,3915776,3808,4320
random_n09_05,9,rank-shared,4,1024,optimized,23624,5263,261254,290141,3911680,3808,4320
random_n09_05,9,bitwise,4,1024,optimized,22422,13000,6239258,6274680,3870720,3808,4664
random_n09_06,9,rank-static,0,1024,optimized,20276,10545,1419705,1450526,3915776,3808,4320
random_n09_06,9,rank-shared,0,1024,optimized,23895,5563,254338,283796,3899392,3808,4320
random_n09_06,9,bitwise,0,1024,optimized,22412,12489,6173105,6208006,3874816,3808,4664
random_n09_06,9,rank-shared,1,1024,optimized,19325,6154,257987,283466,3887104,3808,4320
random_n09_06,9,bitwise,1,1024,optimized,22863,12499,6171601,6206963,3883008,3808,4664
random_n09_06,9,rank-static,1,1024,optimized,24337,5773,1412940,1443050,3911680,3808,4320
random_n09_06,9,bitwise,2,1024,optimized,21320,12549,6133021,6166890,3919872,3808,4664
random_n09_06,9,rank-static,2,1024,optimized,21169,10114,1416808,1448091,3883008,3808,4320
random_n09_06,9,rank-shared,2,1024,optimized,24156,5563,264161,293880,3915776,3808,4320
random_n09_06,9,rank-static,3,1024,optimized,22402,5833,1409452,1437687,3915776,3808,4320
random_n09_06,9,rank-shared,3,1024,optimized,26772,5663,261325,293760,3919872,3808,4320
random_n09_06,9,bitwise,3,1024,optimized,23304,12569,6252649,6288522,3915776,3808,4664
random_n09_06,9,rank-shared,4,1024,optimized,23043,5724,262116,290883,3878912,3808,4320
random_n09_06,9,bitwise,4,1024,optimized,20608,12669,6165898,6199175,3866624,3808,4664
random_n09_06,9,rank-static,4,1024,optimized,21570,5332,1411115,1438017,3842048,3808,4320
random_n09_07,9,rank-shared,0,1024,optimized,23154,5863,261445,290462,3919872,3808,4320
random_n09_07,9,bitwise,0,1024,optimized,22592,13542,6220254,6256388,3915776,3808,4664
random_n09_07,9,rank-static,0,1024,optimized,20397,10906,1419965,1451268,3915776,3808,4320
random_n09_07,9,bitwise,1,1024,optimized,24116,13731,6242336,6280183,3915776,3808,4664
random_n09_07,9,rank-static,1,1024,optimized,23144,5492,1415847,1444483,3887104,3808,4320
random_n09_07,9,rank-shared,1,1024,optimized,20237,5563,262868,288668,3895296,3808,4320
random_n09_07,9,rank-static,2,1024,optimized,25259,5062,1417079,1447400,3899392,3808,4320
random_n09_07,9,rank-shared,2,1024,optimized,21881,5582,262578,290041,3911680,3808,4320
random_n09_07,9,bitwise,2,1024,optimized,19475,13672,6214661,6247808,3915776,3808,4664
random_n09_07,9,rank-shared,3,1024,optimized,21771,5673,261655,289099,3878912,3808,4320
random_n09_07,9,bitwise,3,1024,optimized,23785,13461,6255926,6293172,3915776,3808,4664
random_n09_07,9,rank-static,3,1024,optimized,20989,5783,1412238,1439010,3895296,3808,4320
random_n09_07,9,bitwise,4,1024,optimized,21831,13180,6212807,6247818,3899392,3808,4664
random_n09_07,9,rank-static,4,1024,optimized,24207,5853,1419014,1449074,3858432,3808,4320
random_n09_07,9,rank-shared,4,1024,optimized,22302,5903,265876,294081,3919872,3808,4320
random_n09_08,9,bitwise,0,1024,optimized,20838,12449,6254012,6287299,3907584,3808,4664
random_n09_08,9,rank-static,0,1024,optimized,24908,5753,1415415,1446076,3837952,3808,4320
random_n09_08,9,rank-shared,0,1024,optimized,22272,5352,259872,287496,3878912,3808,4320
random_n09_08,9,rank-static,1,1024,optimized,18412,5433,1418703,1442548,3915776,3808,4320
random_n09_08,9,rank-shared,1,1024,optimized,24717,10344,270085,305146,3883008,3808,4320
random_n09_08,9,bitwise,1,1024,optimized,23084,12539,6259625,6295248,3919872,3808,4664
random_n09_08,9,rank-shared,2,1024,optimized,19897,5332,261575,286804,3915776,3808,4320
random_n09_08,9,bitwise,2,1024,optimized,22282,12248,6324014,6358544,3915776,3808,4664
random_n09_08,9,rank-static,2,1024,optimized,24687,5342,1412850,1442879,3842048,3808,4320
random_n09_08,9,bitwise,3,1024,optimized,21910,12659,6254945,6289514,3911680,3808,4664
random_n09_08,9,rank-static,3,1024,optimized,23815,6124,1416538,1446477,3915776,3808,4320
random_n09_08,9,rank-shared,3,1024,optimized,24958,10845,260723,296526,3919872,3808,4320
random_n09_08,9,rank-static,4,1024,optimized,21921,5292,1429929,1457142,3895296,3808,4320
random_n09_08,9,rank-shared,4,1024,optimized,20197,5222,259400,284819,3907584,3808,4320
random_n09_08,9,bitwise,4,1024,optimized,24396,12499,6266661,6303556,3874816,3808,4664
random_n09_09,9,rank-static,0,1024,optimized,23474,5704,1419053,1448231,3903488,3808,4320
random_n09_09,9,rank-shared,0,1024,optimized,18523,5423,277542,301488,3915776,3808,4320
random_n09_09,9,bitwise,0,1024,optimized,22963,12298,6193542,6228803,3919872,3808,4664
random_n09_09,9,rank-shared,1,1024,optimized,23985,5884,271629,301498,3907584,3808,4320
random_n09_09,9,bitwise,1,1024,optimized,20778,12469,6190274,6223521,3907584,3808,4664
random_n09_09,9,rank-static,1,1024,optimized,20948,5613,1414914,1441475,3866624,3808,4320
random_n09_09,9,bitwise,2,1024,optimized,29217,12098,6539433,6580748,3915776,3808,4664
random_n09_09,9,rank-static,2,1024,optimized,22041,10845,1418362,1451248,3915776,3808,4320
random_n09_09,9,rank-shared,2,1024,optimized,19986,5072,267559,292617,3862528,3808,4320
random_n09_09,9,rank-static,3,1024,optimized,25038,5272,1418393,1448703,3915776,3808,4320
random_n09_09,9,rank-shared,3,1024,optimized,21760,5252,268431,295443,3915776,3808,4320
random_n09_09,9,bitwise,3,1024,optimized,20277,12439,6193341,6226057,3915776,3808,4664
random_n09_09,9,rank-shared,4,1024,optimized,23274,5583,267439,296296,3903488,3808,4320
random_n09_09,9,bitwise,4,1024,optimized,24948,12448,6227250,6264646,3883008,3808,4664
random_n09_09,9,rank-static,4,1024,optimized,22142,5452,1419154,1446748,3878912,3808,4320
random_n08_00,8,rank-shared,0,4096,optimized,13331,9101,821140,843572,3891200,2176,2272
random_n08_00,8,bitwise,0,4096,optimized,13853,17129,11246024,11277006,3842048,2176,2584
random_n08_00,8,peigen,0,4096,optimized,12508,24878,15291695,15329081,3915776,2176,2584
random_n08_00,8,rank-static,0,4096,optimized,12779,9582,2934782,2957143,3895296,2176,2272
random_n08_00,8,bitwise,1,4096,optimized,13992,13361,11270922,11298275,3899392,2176,2584
random_n08_00,8,peigen,1,4096,optimized,13772,27344,15357127,15398243,3862528,2176,2584
random_n08_00,8,rank-static,1,4096,optimized,13681,12660,2946768,2973109,3911680,2176,2272
random_n08_00,8,rank-shared,1,4096,optimized,14334,10043,826823,851200,3911680,2176,2272
random_n08_00,8,peigen,2,4096,optimized,12569,19655,15256865,15289089,3883008,2176,2584
random_n08_00,8,rank-static,2,4096,optimized,14694,10023,2944834,2969551,3903488,2176,2272
random_n08_00,8,rank-shared,2,4096,optimized,13330,13141,831464,857935,3915776,2176,2272
random_n08_00,8,bitwise,2,4096,optimized,13110,12298,11520028,11545436,3899392,2176,2584
random_n08_00,8,rank-static,3,4096,optimized,12910,8790,3016160,3037860,3899392,2176,2272
random_n08_00,8,rank-shared,3,4096,optimized,14093,14363,825641,854097,3907584,2176,2272
random_n08_00,8,bitwise,3,4096,optimized,13071,15235,11389465,11417771,3862528,2176,2584
random_n08_00,8,peigen,3,4096,optimized,12098,18372,15430607,15461077,3883008,2176,2584
random_n08_00,8,rank-shared,4,4096,optimized,12228,8811,815577,836616,3907584,2176,2272
random_n08_00,8,bitwise,4,4096,optimized,13772,15986,11343028,11372786,3846144,2176,2584
random_n08_00,8,peigen,4,4096,optimized,13330,23354,15249909,15286593,3878912,2176,2584
random_n08_00,8,rank-static,4,4096,optimized,13140,10434,2937849,2961423,3854336,2176,2272
random_n08_01,8,bitwise,0,4096,optimized,12780,13341,11492183,11518304,3903488,2176,2584
random_n08_01,8,peigen,0,4096,optimized,14203,21590,15142019,15177812,3915776,2176,2584
random_n08_01,8,rank-static,0,4096,optimized,14935,11968,2941566,2968469,3883008,2176,2272
random_n08_01,8,rank-shared,0,4096,optimized,12189,8429,835233,855851,3796992,2176,2272
random_n08_01,8,peigen,1,4096,optimized,13301,17751,15162837,15193889,3878912,2176,2584
random_n08_01,8,rank-static,1,4096,optimized,13011,9251,2950127,2972389,3911680,2176,2272
random_n08_01,8,rank-shared,1,4096,optimized,13681,11878,834551,860110,3903488,2176,2272
random_n08_01,8,bitwise,1,4096,optimized,13431,14152,11176383,11203966,3903488,2176,2584
random_n08_01,8,rank-static,2,4096,optimized,13190,6967,2959077,2979234,3903488,2176,2272
random_n08_01,8,rank-shared,2,4096,optimized,13772,11186,838129,863087,3878912,2176,2272
random_n08_01,8,bitwise,2,4096,optimized,12970,15977,11492664,11521611,3911680,2176,2584
random_n08_01,8,peigen,2,4096,optimized,14012,20598,15159600,15194210,3915776,2176,2584
random_n08_01,8,rank-shared,3,4096,optimized,13230,6846,840034,860110,3899392,2176,2272
random_n08_01,8,bitwise,3,4096,optimized,13732,14854,11249662,11278248,3866624,2176,2584
random_n08_01,8,peigen,3,4096,optimized,13602,28505,15407494,15449601,3911680,2176,2584
random_n08_01,8,rank-static,3,4096,optimized,12790,10845,2960821,2984456,3911680,2176,2272
random_n08_01,8,bitwise,4,4096,optimized,13331,10765,11751844,11775940,3850240,2176,2584
random_n08_01,8,peigen,4,4096,optimized,12128,18844,15152062,15183034,3883008,2176,2584
random_n08_01,8,rank-static,4,4096,optimized,13290,9913,2943842,2967045,3911680,2176,2272
random_n08_01,8,rank-shared,4,4096,optimized,13461,12428,835313,861202,3870720,2176,2272
random_n08_02,8,peigen,0,4096,optimized,13131,19094,15272952,15305177,3874816,2176,2584
random_n08_02,8,rank-static,0,4096,optimized,12790,9311,2943020,2965121,3911680,2176,2272
random_n08_02,8,rank-shared,0,4096,optimized,13702,17691,821711,853104,3870720,2176,2272
random_n08_02,8,bitwise,0,4096,optimized,12870,15816,11618195,11646881,3891200,2176,2584
random_n08_02,8,rank-static,1,4096,optimized,12860,13682,2959328,2985870,3878912,2176,2272
random_n08_02,8,rank-shared,1,4096,optimized,12279,9171,816730,838180,3883008,2176,2272
random_n08_02,8,bitwise,1,4096,optimized,12780,16518,11303096,11332394,3895296,2176,2584
random_n08_02,8,peigen,1,4096,optimized,14093,22993,15313235,15350321,3915776,2176,2584
random_n08_02,8,rank-shared,2,4096,optimized,13131,9672,826843,849646,3907584,2176,2272
random_n08_02,8,bitwise,2,4096,optimized,13051,15375,11203004,11231430,3850240,2176,2584
random_n08_02,8,peigen,2,4096,optimized,14033,22883,15513157,15550073,3887104,2176,2584
random_n08_02,8,rank-static,2,4096,optimized,13551,13371,2955369,2982291,3846144,2176,2272
random_n08_02,8,bitwise,3,4096,optimized,13842,15155,11294385,11323382,3911680,2176,2584
random_n08_02,8,peigen,3,4096,optimized,12228,23365,15264402,15299995,3870720,2176,2584
random_n08_02,8,rank-static,3,4096,optimized,13431,9883,2952502,2975816,3870720,2176,2272
random_n08_02,8,rank-shared,3,4096,optimized,14543,12208,818615,845366,3854336,2176,2272
random_n08_02,8,peigen,4,4096,optimized,13060,25299,15276340,15314699,3878912,2176,2584
random_n08_02,8,rank-static,4,4096,optimized,13481,7317,3027696,3048494,3911680,2176,2272
random_n08_02,8,rank-shared,4,4096,optimized,13982,10194,813793,837969,3911680,2176,2272
random_n08_02,8,bitwise,4,4096,optimized,13230,16829,11315935,11345994,3907584,2176,2584
random_n08_03,8,rank-static,0,4096,optimized,14484,15576,2939762,2969822,3911680,2176,2272
random_n08_03,8,rank-shared,0,4096,optimized,11958,13541,810776,836275,3854336,2176,2272
random_n08_03,8,bitwise,0,4096,optimized,14072,16158,11276022,11306252,3874816,2176,2584
random_n08_03,8,peigen,0,4096,optimized,14063,27674,15289480,15331217,3919872,2176,2584
random_n08_03,8,rank-shared,1,4096,optimized,13411,10996,802948,827355,3883008,2176,2272
random_n08_03,8,bitwise,1,4096,optimized,12980,13852,11180923,11207755,3915776,2176,2584
random_n08_03,8,peigen,1,4096,optimized,14293,21359,15311190,15346842,3866624,2176,2584
random_n08_03,8,rank-static,1,4096,optimized,13481,12860,2945886,2972227,3899392,2176,2272
random_n08_03,8,bitwise,2,4096,optimized,12098,15335,11173896,11201329,3891200,2176,2584
random_n08_03,8,peigen,2,4096,optimized,12448,19015,15305506,15336969,3915776,2176,2584
random_n08_03,8,rank-static,2,4096,optimized,13160,9061,2975175,2997396,3870720,2176,2272
random_n08_03,8,rank-shared,2,4096,optimized,14182,12079,801895,828156,3911680,2176,2272
random_n08_03,8,peigen,3,4096,optimized,13240,21069,15295645,15329954,3919872,2176,2584
random_n08_03,8,rank-static,3,4096,optimized,13331,9592,2940364,2963287,3899392,2176,2272
random_n08_03,8,rank-shared,3,4096,optimized,13391,8771,802356,824518,3862528,2176,2272
random_n08_03,8,bitwise,3,4096,optimized,13601,16989,11179410,11210000,3895296,2176,2584
random_n08_03,8,rank-static,4,4096,optimized,13711,10966,2935974,2960651,3915776,2176,2272
random_n08_03,8,rank-shared,4,4096,optimized,13111,7247,803669,824027,3915776,2176,2272
random_n08_03,8,bitwise,4,4096,optimized,14183,15756,11348400,11378339,3858432,2176,2584
random_n08_03,8,peigen,4,4096,optimized,13361,23875,15387847,15425083,3919872,2176,2584
random_n08_04,8,rank-shared,0,4096,optimized,12849,10976,799239,823064,3915776,2176,2272
random_n08_04,8,bitwise,0,4096,optimized,13310,12048,11435452,11460810,3911680,2176,2584
random_n08_04,8,peigen,0,4096,optimized,12469,20507,15462480,15495456,3919872,2176,2584
random_n08_04,8,rank-static,0,4096,optimized,14794,17260,2927414,2959468,3874816,2176,2272
random_n08_04,8,bitwise,1,4096,optimized,12559,14403,11166479,11193441,3842048,2176,2584
random_n08_04,8,peigen,1,4096,optimized,13150,23895,15343556,15380601,3878912,2176,2584
random_n08_04,8,rank-static,1,4096,optimized,12449,7127,2922823,2942399,3907584,2176,2272
random_n08_04,8,rank-shared,1,4096,optimized,13872,10063,793767,817702,3842048,2176,2272
random_n08_04,8,peigen,2,4096,optimized,13260,23024,15302349,15338633,3919872,2176,2584
random_n08_04,8,rank-static,2,4096,optimized,13551,10585,2936344,2960480,3911680,2176,2272
random_n08_04,8,rank-shared,2,4096,optimized,13141,9351,796183,818675,3907584,2176,2272
random_n08_04,8,bitwise,2,4096,optimized,14123,16227,11249050,11279400,3911680,2176,2584
random_n08_04,8,rank-static,3,4096,optimized,13191,12579,2950407,2976177,3858432,2176,2272
random_n08_04,8,rank-shared,3,4096,optimized,13441,9452,796934,819827,3833856,2176,2272
random_n08_04,8,bitwise,3,4096,optimized,13201,13952,11192740,11219893,3891200,2176,2584
random_n08_04,8,peigen,3,4096,optimized,14243,21941,15305928,15342112,3883008,2176,2584
random_n08_04,8,rank-shared,4,4096,optimized,13712,12228,805814,831754,3891200,2176,2272
random_n08_04,8,bitwise,4,4096,optimized,13270,13902,11169858,11197030,3878912,2176,2584
random_n08_04,8,peigen,4,4096,optimized,12659,18002,15318116,15348777,3907584,2176,2584
random_n08_04,8,rank-static,4,4096,optimized,13261,10534,2928556,2952351,3891200,2176,2272
random_n08_05,8,bitwise,0,4096,optimized,13832,16929,11503770,11534531,3874816,2176,2584
random_n08_05,8,peigen,0,4096,optimized,13471,21670,15546915,15582056,3903488,2176,2584
random_n08_05,8,rank-static,0,4096,optimized,12790,10575,2926632,2949997,3891200,2176,2272
random_n08_05,8,rank-shared,0,4096,optimized,12850,8680,825851,847381,3858432,2176,2272
random_n08_05,8,peigen,1,4096,optimized,14253,22442,15520645,15557340,3878912,2176,2584
random_n08_05,8,rank-static,1,4096,optimized,13591,11166,2949515,2974272,3821568,2176,2272
random_n08_05,8,rank-shared,1,4096,optimized,13401,6776,826372,846549,3878912,2176,2272
random_n08_05,8,bitwise,1,4096,optimized,13822,14954,11217588,11246364,3895296,2176,2584
random_n08_05,8,rank-static,2,4096,optimized,13742,12660,2944483,2970885,3907584,2176,2272
random_n08_05,8,rank-shared,2,4096,optimized,13301,10795,828928,853024,3874816,2176,2272
random_n08_05,8,bitwise,2,4096,optimized,12789,13391,11260457,11286637,3911680,2176,2584
random_n08_05,8,peigen,2,4096,optimized,14122,20688,15375128,15409938,3866624,2176,2584
random_n08_05,8,rank-shared,3,4096,optimized,14202,12990,823686,850878,3903488,2176,2272
random_n08_05,8,bitwise,3,4096,optimized,13472,14954,11360749,11389175,3887104,2176,2584
random_n08_05,8,peigen,3,4096,optimized,13130,17952,15415922,15447004,3887104,2176,2584
random_n08_05,8,rank-static,3,4096,optimized,13181,8469,2942219,2963869,3846144,2176,2272
random_n08_05,8,bitwise,4,4096,optimized,14112,16809,11244009,11274930,3874816,2176,2584
random_n08_05,8,peigen,4,4096,optimized,13361,28135,15425735,15467231,3919872,2176,2584
random_n08_05,8,rank-static,4,4096,optimized,13300,10715,2957364,2981379,3891200,2176,2272
random_n08_05,8,rank-shared,4,4096,optimized,13070,8710,836686,858466,3895296,2176,2272
random_n08_06,8,peigen,0,4096,optimized,13912,22783,15298150,15334845,3919872,2176,2584
random_n08_06,8,rank-static,0,4096,optimized,13331,12469,2936675,2962475,3907584,2176,2272
random_n08_06,8,rank-shared,0,4096,optimized,13561,10214,830903,854678,3911680,2176,2272
random_n08_06,8,bitwise,0,4096,optimized,12790,13551,11360819,11387160,3870720,2176,2584
random_n08_06,8,rank-static,1,4096,optimized,14092,11717,2977360,3003169,3887104,2176,2272
random_n08_06,8,rank-shared,1,4096,optimized,13471,16408,842239,872118,3915776,2176,2272
random_n08_06,8,bitwise,1,4096,optimized,12680,10785,11486019,11509484,3911680,2176,2584
random_n08_06,8,peigen,1,4096,optimized,13551,20859,15406480,15440890,3878912,2176,2584
random_n08_06,8,rank-shared,2,4096,optimized,14915,12659,834281,861855,3911680,2176,2272
random_n08_06,8,bitwise,2,4096,optimized,12629,15265,11445114,11473008,3878912,2176,2584
random_n08_06,8,peigen,2,4096,optimized,13812,18753,15298050,15330615,3919872,2176,2584
random_n08_06,8,rank-static,2,4096,optimized,12680,7066,2939121,2958867,3887104,2176,2272
random_n08_06,8,bitwise,3,4096,optimized,14293,15777,11298384,11328454,3874816,2176,2584
random_n08_06,8,peigen,3,4096,optimized,14453,23384,15366779,15404616,3883008,2176,2584
random_n08_06,8,rank-static,3,4096,optimized,12499,10293,2952633,2975425,3883008,2176,2272
random_n08_06,8,rank-shared,3,4096,optimized,13201,6555,834351,854107,3883008,2176,2272
random_n08_06,8,peigen,4,4096,optimized,13772,20527,15544150,15578449,3919872,2176,2584
random_n08_06,8,rank-static,4,4096,optimized,13952,12138,2941717,2967807,3891200,2176,2272
random_n08_06,8,rank-shared,4,4096,optimized,13992,10825,833950,858767,3866624,2176,2272
random_n08_06,8,bitwise,4,4096,optimized,12669,13201,11309280,11335150,3895296,2176,2584
random_n08_07,8,rank-static,0,4096,optimized,13822,10374,2953314,2977510,3911680,2176,2272
random_n08_07,8,rank-shared,0,4096,optimized,14573,12259,824297,851129,3903488,2176,2272
random_n08_07,8,bitwise,0,4096,optimized,13480,13803,11260176,11287459,3907584,2176,2584
random_n08_07,8,peigen,0,4096,optimized,12740,19916,15390493,15423149,3862528,2176,2584
random_n08_07,8,rank-shared,1,4096,optimized,13461,9462,819286,842209,3883008,2176,2272
random_n08_07,8,bitwise,1,4096,optimized,13592,17601,11356779,11387972,3903488,2176,2584
random_n08_07,8,peigen,1,4096,optimized,13552,26421,15314748,15354721,3923968,2176,2584
random_n08_07,8,rank-static,1,4096,optimized,12228,11527,2959087,2982842,3903488,2176,2272
random_n08_07,8,bitwise,2,4096,optimized,12710,14373,11282157,11309240,3907584,2176,2584
random_n08_07,8,peigen,2,4096,optimized,14322,23164,15450212,15487698,3923968,2176,2584
random_n08_07,8,rank-static,2,4096,optimized,13652,18031,2938039,2969722,3825664,2176,2272
random_n08_07,8,rank-shared,2,4096,optimized,12860,9071,819135,841066,3911680,2176,2272
random_n08_07,8,peigen,3,4096,optimized,13150,23033,15477756,15513939,3919872,2176,2584
random_n08_07,8,rank-static,3,4096,optimized,14493,12058,2966575,2993126,3846144,2176,2272
random_n08_07,8,rank-shared,3,4096,optimized,13251,11466,831685,856402,3887104,2176,2272
random_n08_07,8,bitwise,3,4096,optimized,12308,11206,11274479,11297993,3878912,2176,2584
random_n08_07,8,rank-static,4,4096,optimized,13221,13361,2944263,2970845,3907584,2176,2272
random_n08_07,8,rank-shared,4,4096,optimized,13642,12529,830551,856722,3850240,2176,2272
random_n08_07,8,bitwise,4,4096,optimized,13631,14844,11558657,11587132,3858432,2176,2584
random_n08_07,8,peigen,4,4096,optimized,12950,22743,15386043,15421736,3833856,2176,2584
random_n08_08,8,rank-shared,0,4096,optimized,12248,9061,832266,853575,3895296,2176,2272
random_n08_08,8,bitwise,0,4096,optimized,13641,15616,11264135,11293392,3903488,2176,2584
random_n08_08,8,peigen,0,4096,optimized,13031,21038,15315791,15349860,3919872,2176,2584
random_n08_08,8,rank-static,0,4096,optimized,14493,9883,2948062,2972438,3915776,2176,2272
random_n08_08,8,bitwise,1,4096,optimized,11988,12910,11365760,11390658,3850240,2176,2584
random_n08_08,8,peigen,1,4096,optimized,13842,24186,15293148,15331176,3854336,2176,2584
random_n08_08,8,rank-static,1,4096,optimized,14063,12519,2974823,3001405,3891200,2176,2272
random_n08_08,8,rank-shared,1,4096,optimized,12519,10645,830852,854016,3911680,2176,2272
random_n08_08,8,peigen,2,4096,optimized,12108,22863,15272781,15307752,3883008,2176,2584
random_n08_08,8,rank-static,2,4096,optimized,13381,10224,2945195,2968800,3915776,2176,2272
random_n08_08,8,rank-shared,2,4096,optimized,12980,12328,829079,854387,3858432,2176,2272
random_n08_08,8,bitwise,2,4096,optimized,13311,18332,11207915,11239558,3911680,2176,2584
random_n08_08,8,rank-static,3,4096,optimized,12760,8970,2954577,2976307,3915776,2176,2272
random_n08_08,8,rank-shared,3,4096,optimized,14744,16348,832476,863568,3903488,2176,2272
random_n08_08,8,bitwise,3,4096,optimized,13271,14854,11435412,11463537,3874816,2176,2584
random_n08_08,8,peigen,3,4096,optimized,13662,24546,15291044,15329252,3919872,2176,2584
random_n08_08,8,rank-shared,4,4096,optimized,12889,8410,832556,853855,3911680,2176,2272
random_n08_08,8,bitwise,4,4096,optimized,14383,15746,11324204,11354333,3911680,2176,2584
random_n08_08,8,peigen,4,4096,optimized,13551,28035,15252644,15294230,3866624,2176,2584
random_n08_08,8,rank-static,4,4096,optimized,12990,16137,2947070,2976197,3911680,2176,2272
random_n08_09,8,bitwise,0,4096,optimized,12730,11857,11421991,11446578,3887104,2176,2584
random_n08_09,8,peigen,0,4096,optimized,12549,20728,15402391,15435668,3919872,2176,2584
random_n08_09,8,rank-static,0,4096,optimized,14273,11877,2952382,2978532,3911680,2176,2272
random_n08_09,8,rank-shared,0,4096,optimized,13781,16398,827666,857845,3911680,2176,2272
random_n08_09,8,peigen,1,4096,optimized,12699,17380,15413397,15443476,3915776,2176,2584
random_n08_09,8,rank-static,1,4096,optimized,12659,12649,2951620,2976928,3915776,2176,2272
random_n08_09,8,rank-shared,1,4096,optimized,14244,12278,826051,852573,3870720,2176,2272
random_n08_09,8,bitwise,1,4096,optimized,12899,14253,11846874,11874026,3915776,2176,2584
random_n08_09,8,rank-static,2,4096,optimized,12509,7668,2960671,2980848,3874816,2176,2272
random_n08_09,8,rank-shared,2,4096,optimized,12519,10545,827374,850438,3878912,2176,2272
random_n08_09,8,bitwise,2,4096,optimized,14304,17169,11278930,11310403,3911680,2176,2584
random_n08_09,8,peigen,2,4096,optimized,13180,27574,15560668,15601422,3883008,2176,2584
random_n08_09,8,rank-shared,3,4096,optimized,13581,13371,836576,863528,3862528,2176,2272
random_n08_09,8,bitwise,3,4096,optimized,12809,13612,11392843,11419264,3907584,2176,2584
random_n08_09,8,peigen,3,4096,optimized,14373,23805,15468915,15507093,3878912,2176,2584
random_n08_09,8,rank-static,3,4096,optimized,13571,18102,2963518,2995191,3915776,2176,2272
random_n08_09,8,bitwise,4,4096,optimized,13160,13631,11250945,11277736,3907584,2176,2584
random_n08_09,8,peigen,4,4096,optimized,13150,20558,15400988,15434696,3915776,2176,2584
random_n08_09,8,rank-static,4,4096,optimized,13501,14965,2943962,2972428,3907584,2176,2272
random_n08_09,8,rank-shared,4,4096,optimized,14403,12730,828256,855389,3825664,2176,2272
random_n07_00,7,peigen,0,8192,optimized,12389,12900,15735271,15760560,3866624,1376,1592
random_n07_00,7,rank-static,0,8192,optimized,11567,2025,3253929,3267521,3903488,1376,1248
random_n07_00,7,rank-shared,0,8192,optimized,12489,9902,1280153,1302544,3870720,1376,1248
random_n07_00,7,rank-static,1,8192,optimized,12449,1954,3293101,3307504,3895296,1376,1248
random_n07_00,7,rank-shared,1,8192,optimized,11797,9171,1285064,1306032,3858432,1376,1248
random_n07_00,7,peigen,1,8192,optimized,12819,6034,15708299,15727152,3870720,1376,1592
random_n07_00,7,rank-shared,2,8192,optimized,13051,1784,1281315,1296150,3899392,1376,1248
random_n07_00,7,peigen,2,8192,optimized,11617,5924,15922203,15939744,3854336,1376,1592
random_n07_00,7,rank-static,2,8192,optimized,12479,1915,3289823,3304217,3870720,1376,1248
random_n07_00,7,peigen,3,8192,optimized,11196,11055,15745866,15768117,3895296,1376,1592
random_n07_00,7,rank-static,3,8192,optimized,13461,1704,3277905,3293070,3903488,1376,1248
random_n07_00,7,rank-shared,3,8192,optimized,13151,1523,1280212,1294886,3874816,1376,1248
random_n07_00,7,rank-static,4,8192,optimized,12198,1904,3260846,3274948,3862528,1376,1248
random_n07_00,7,rank-shared,4,8192,optimized,11406,1694,1284703,1297803,3907584,1376,1248
random_n07_00,7,peigen,4,8192,optimized,12869,6285,15728596,15747750,3903488,1376,1592
random_n07_01,7,rank-static,0,8192,optimized,12038,1744,3269345,3283127,3858432,1376,1248
random_n07_01,7,rank-shared,0,8192,optimized,11376,1584,1313218,1326178,3846144,1376,1248
random_n07_01,7,peigen,0,8192,optimized,12128,6225,15789867,15808220,3903488,1376,1592
random_n07_01,7,rank-shared,1,8192,optimized,12790,1513,1287811,1302114,3878912,1376,1248
random_n07_01,7,peigen,1,8192,optimized,11977,5563,15830151,15847691,3907584,1376,1592
random_n07_01,7,rank-static,1,8192,optimized,11677,1774,3249108,3262559,3903488,1376,1248
random_n07_01,7,peigen,2,8192,optimized,11266,5954,15804351,15821571,3903488,1376,1592
random_n07_01,7,rank-static,2,8192,optimized,13181,1834,3261537,3276552,3850240,1376,1248
random_n07_01,7,rank-shared,2,8192,optimized,12158,1483,1310172,1323813,3895296,1376,1248
random_n07_01,7,rank-static,3,8192,optimized,11186,7849,3277273,3296308,3903488,1376,1248
random_n07_01,7,rank-shared,3,8192,optimized,11907,1774,1289895,1303576,3891200,1376,1248
random_n07_01,7,peigen,3,8192,optimized,12869,6014,15804281,15823164,3891200,1376,1592
random_n07_01,7,rank-shared,4,8192,optimized,12389,1924,1309901,1324214,3874816,1376,1248
random_n07_01,7,peigen,4,8192,optimized,12208,5954,15799299,15817461,3842048,1376,1592
random_n07_01,7,rank-static,4,8192,optimized,11998,2045,3249048,3263091,3874816,1376,1248
random_n07_02,7,rank-shared,0,8192,optimized,13271,1744,1294155,1309170,3903488,1376,1248
random_n07_02,7,peigen,0,8192,optimized,12058,5763,15695169,15712990,3858432,1376,1592
random_n07_02,7,rank-static,0,8192,optimized,12058,1935,3277414,3291407,3862528,1376,1248
random_n07_02,7,peigen,1,8192,optimized,12759,6225,15699779,15718763,3899392,1376,1592
random_n07_02,7,rank-static,1,8192,optimized,13661,1925,3254581,3270167,3903488,1376,1248
random_n07_02,7,rank-shared,1,8192,optimized,12139,1884,1307154,1321177,3850240,1376,1248
random_n07_02,7,rank-static,2,8192,optimized,12118,1935,3274427,3288480,3846144,1376,1248
random_n07_02,7,rank-shared,2,8192,optimized,12960,1774,1296730,1311464,3899392,1376,1248
random_n07_02,7,peigen,2,8192,optimized,12599,14614,15685816,15713029,3903488,1376,1592
random_n07_02,7,rank-shared,3,8192,optimized,12840,1974,1290947,1305761,3903488,1376,1248
random_n07_02,7,peigen,3,8192,optimized,16508,6114,15697313,15719935,3895296,1376,1592
random_n07_02,7,rank-static,3,8192,optimized,12589,1944,3260726,3275259,3903488,1376,1248
random_n07_02,7,peigen,4,8192,optimized,12349,5873,15724396,15742618,3903488,1376,1592
random_n07_02,7,rank-static,4,8192,optimized,12269,2255,3280260,3294784,3837952,1376,1248
random_n07_02,7,rank-shared,4,8192,optimized,11497,1644,1291809,1304950,3858432,1376,1248
random_n07_03,7,peigen,0,8192,optimized,12769,5573,15745685,15764027,3833856,1376,1592
random_n07_03,7,rank-static,0,8192,optimized,13691,2176,3235055,3250922,3903488,1376,1248
random_n07_03,7,rank-shared,0,8192,optimized,11467,1724,1284312,1297503,3883008,1376,1248
random_n07_03,7,rank-static,1,8192,optimized,10915,1715,3226586,3239216,3862528,1376,1248
random_n07_03,7,rank-shared,1,8192,optimized,14463,1564,1285775,1301802,3850240,1376,1248
random_n07_03,7,peigen,1,8192,optimized,12579,5673,15767626,15785878,3899392,1376,1592
random_n07_03,7,rank-shared,2,8192,optimized,12439,9091,1285164,1306694,3907584,1376,1248
random_n07_03,7,peigen,2,8192,optimized,12128,10915,15776717,15799760,3862528,1376,1592
random_n07_03,7,rank-static,2,8192,optimized,13321,1934,3276282,3291537,3899392,1376,1248
random_n07_03,7,peigen,3,8192,optimized,12730,5713,15826923,15845366,3846144,1376,1592
random_n07_03,7,rank-static,3,8192,optimized,12579,2205,3266418,3281202,3895296,1376,1248
random_n07_03,7,rank-shared,3,8192,optimized,12650,1744,1287188,1301582,3903488,1376,1248
random_n07_03,7,rank-static,4,8192,optimized,12549,1624,3261317,3275490,3891200,1376,1248
random_n07_03,7,rank-shared,4,8192,optimized,12218,1905,1317258,1331381,3903488,1376,1248
random_n07_03,7,peigen,4,8192,optimized,11857,5734,15778039,15795630,3846144,1376,1592
random_n07_04,7,rank-static,0,8192,optimized,12258,2105,3261136,3275499,3887104,1376,1248
random_n07_04,7,rank-shared,0,8192,optimized,13672,1764,1309340,1324776,3895296,1376,1248
random_n07_04,7,peigen,0,8192,optimized,12138,5724,15704690,15722552,3895296,1376,1592
random_n07_04,7,rank-shared,1,8192,optimized,12599,2085,1298254,1312938,3866624,1376,1248
random_n07_04,7,peigen,1,8192,optimized,10996,5553,15699017,15715566,3903488,1376,1592
random_n07_04,7,rank-static,1,8192,optimized,13852,1925,3242442,3258219,3895296,1376,1248
random_n07_04,7,peigen,2,8192,optimized,12278,5593,15689646,15707517,3899392,1376,1592
random_n07_04,7,rank-static,2,8192,optimized,12169,1854,3286124,3300147,3874816,1376,1248
random_n07_04,7,rank-shared,2,8192,optimized,11456,1414,1309560,1322430,3903488,1376,1248
random_n07_04,7,rank-static,3,8192,optimized,12759,1744,3281283,3295786,3837952,1376,1248
random_n07_04,7,rank-shared,3,8192,optimized,12048,1985,1300599,1314632,3874816,1376,1248
random_n07_04,7,peigen,3,8192,optimized,11186,10514,15704390,15726090,3903488,1376,1592
random_n07_04,7,rank-shared,4,8192,optimized,11647,1894,1293995,1307536,3821568,1376,1248
random_n07_04,7,peigen,4,8192,optimized,13662,5924,15674329,15693915,3895296,1376,1592
random_n07_04,7,rank-static,4,8192,optimized,12940,1624,3256756,3271320,3858432,1376,1248
random_n07_05,7,rank-shared,0,8192,optimized,12278,1684,1283480,1297442,3895296,1376,1248
random_n07_05,7,peigen,0,8192,optimized,11827,6475,15641504,15659806,3866624,1376,1592
random_n07_05,7,rank-static,0,8192,optimized,13882,2005,3268994,3284881,3837952,1376,1248
random_n07_05,7,peigen,1,8192,optimized,12980,5944,15690387,15709311,3837952,1376,1592
random_n07_05,7,rank-static,1,8192,optimized,11818,1924,3287648,3301390,3862528,1376,1248
random_n07_05,7,rank-shared,1,8192,optimized,11707,1484,1283750,1296941,3907584,1376,1248
random_n07_05,7,rank-static,2,8192,optimized,13280,1634,3273485,3288399,3899392,1376,1248
random_n07_05,7,rank-shared,2,8192,optimized,11506,2025,1278218,1291749,3895296,1376,1248
random_n07_05,7,peigen,2,8192,optimized,11587,6014,15686899,15704500,3903488,1376,1592
random_n07_05,7,rank-shared,3,8192,optimized,11927,8420,1286417,1306764,3858432,1376,1248
random_n07_05,7,peigen,3,8192,optimized,13070,6095,15648089,15667254,3854336,1376,1592
random_n07_05,7,rank-static,3,8192,optimized,12689,1955,3282625,3297269,3903488,1376,1248
random_n07_05,7,peigen,4,8192,optimized,11707,6264,15668787,15686758,3899392,1376,1592
random_n07_05,7,rank-static,4,8192,optimized,12027,2266,3256114,3270407,3854336,1376,1248
random_n07_05,7,rank-shared,4,8192,optimized,12679,1885,1297422,1311986,3899392,1376,1248
random_n07_06,7,peigen,0,8192,optimized,12088,6024,15678860,15696972,3903488,1376,1592
random_n07_06,7,rank-static,0,8192,optimized,12078,1724,3253589,3267391,3878912,1376,1248
random_n07_06,7,rank-shared,0,8192,optimized,11837,7377,1255024,1274238,3907584,1376,1248
random_n07_06,7,rank-static,1,8192,optimized,12979,1695,3257537,3272211,3878912,1376,1248
random_n07_06,7,rank-shared,1,8192,optimized,12259,1904,1262802,1276965,3895296,1376,1248
random_n07_06,7,peigen,1,8192,optimized,11848,5703,15714853,15732404,3899392,1376,1592
random_n07_06,7,rank-shared,2,8192,optimized,13271,2105,1270078,1285454,3883008,1376,1248
random_n07_06,7,peigen,2,8192,optimized,13180,6254,15704049,15723483,3846144,1376,1592
random_n07_06,7,rank-static,2,8192,optimized,12138,10705,3285653,3308496,3895296,1376,1248
random_n07_06,7,peigen,3,8192,optimized,11727,9803,15731622,15753152,3866624,1376,1592
random_n07_06,7,rank-static,3,8192,optimized,11607,2154,3265347,3279108,3903488,1376,1248
random_n07_06,7,rank-shared,3,8192,optimized,12960,1684,1259234,1273878,3850240,1376,1248
random_n07_06,7,rank-static,4,8192,optimized,12118,1864,3257458,3271440,3903488,1376,1248
random_n07_06,7,rank-shared,4,8192,optimized,11486,7749,1267593,1286828,3907584,1376,1248
random_n07_06,7,peigen,4,8192,optimized,13070,5563,15887483,15906116,3895296,1376,1592
random_n07_07,7,rank-static,0,8192,optimized,12659,1824,3247074,3261557,3903488,1376,1248
random_n07_07,7,rank-shared,0,8192,optimized,12389,1995,1275561,1289945,3833856,1376,1248
random_n07_07,7,peigen,0,8192,optimized,11687,5724,15948514,15965925,3899392,1376,1592
random_n07_07,7,rank-shared,1,8192,optimized,12910,2105,1288773,1303788,3870720,1376,1248
random_n07_07,7,peigen,1,8192,optimized,12820,5773,15781849,15800442,3866624,1376,1592
random_n07_07,7,rank-static,1,8192,optimized,11587,1975,3233532,3247094,3899392,1376,1248
random_n07_07,7,peigen,2,8192,optimized,11256,9512,15798217,15818985,3870720,1376,1592
random_n07_07,7,rank-static,2,8192,optimized,11516,2045,3361499,3375060,3878912,1376,1248
random_n07_07,7,rank-shared,2,8192,optimized,12509,1895,1346585,1360989,3858432,1376,1248
random_n07_07,7,rank-static,3,8192,optimized,12289,2014,3229032,3243335,3842048,1376,1248
random_n07_07,7,rank-shared,3,8192,optimized,11998,1483,1284623,1298104,3878912,1376,1248
random_n07_07,7,peigen,3,8192,optimized,12769,6255,15758104,15777128,3895296,1376,1592
random_n07_07,7,rank-shared,4,8192,optimized,13291,1954,1281766,1297011,3895296,1376,1248
random_n07_07,7,peigen,4,8192,optimized,12478,5664,15766152,15784294,3907584,1376,1592
random_n07_07,7,rank-static,4,8192,optimized,11897,1904,3268093,3281894,3903488,1376,1248
random_n07_08,7,rank-shared,0,8192,optimized,12358,1714,1278198,1292270,3883008,1376,1248
random_n07_08,7,peigen,0,8192,optimized,11908,15596,15813512,15841016,3907584,1376,1592
random_n07_08,7,rank-static,0,8192,optimized,11778,2054,3251634,3265466,3883008,1376,1248
random_n07_08,7,peigen,1,8192,optimized,11326,5643,15813361,15830330,3866624,1376,1592
random_n07_08,7,rank-static,1,8192,optimized,12198,9101,3289903,3311202,3903488,1376,1248
random_n07_08,7,rank-shared,1,8192,optimized,13120,1514,1290235,1304869,3842048,1376,1248
random_n07_08,7,rank-static,2,8192,optimized,11908,8880,3296218,3317006,3903488,1376,1248
random_n07_08,7,rank-shared,2,8192,optimized,11035,1434,1285113,1297582,3837952,1376,1248
random_n07_08,7,peigen,2,8192,optimized,12589,6164,15766082,15784835,3899392,1376,1592
random_n07_08,7,rank-shared,3,8192,optimized,12268,1744,1279160,1293172,3858432,1376,1248
random_n07_08,7,peigen,3,8192,optimized,11908,5914,15759968,15777790,3903488,1376,1592
random_n07_08,7,rank-static,3,8192,optimized,11286,8469,3263532,3283287,3862528,1376,1248
random_n07_08,7,peigen,4,8192,optimized,13321,6034,15771715,15791070,3903488,1376,1592
random_n07_08,7,rank-static,4,8192,optimized,12760,2004,3274798,3289562,3903488,1376,1248
random_n07_08,7,rank-shared,4,8192,optimized,12669,9883,1282577,1305129,3866624,1376,1248
random_n07_09,7,peigen,0,8192,optimized,12570,5984,15757502,15776056,3895296,1376,1592
random_n07_09,7,rank-static,0,8192,optimized,11887,2055,3237872,3251814,3866624,1376,1248
random_n07_09,7,rank-shared,0,8192,optimized,12138,11286,1309190,1332614,3862528,1376,1248
random_n07_09,7,rank-static,1,8192,optimized,11807,1493,3245991,3259291,3833856,1376,1248
random_n07_09,7,rank-shared,1,8192,optimized,11436,1904,1363315,1376655,3899392,1376,1248
random_n07_09,7,peigen,1,8192,optimized,12369,6074,15774231,15792674,3854336,1376,1592
random_n07_09,7,rank-shared,2,8192,optimized,12629,2025,1286927,1301581,3903488,1376,1248
random_n07_09,7,peigen,2,8192,optimized,11306,6044,15769440,15786790,3895296,1376,1592
random_n07_09,7,rank-static,2,8192,optimized,11627,2155,3273926,3287708,3887104,1376,1248
random_n07_09,7,peigen,3,8192,optimized,12930,14544,15787551,15815025,3821568,1376,1592
random_n07_09,7,rank-static,3,8192,optimized,12830,2154,3270789,3285773,3887104,1376,1248
random_n07_09,7,rank-shared,3,8192,optimized,12259,9692,1289845,1311796,3866624,1376,1248
random_n07_09,7,rank-static,4,8192,optimized,11526,1724,3295707,3308957,3817472,1376,1248
random_n07_09,7,rank-shared,4,8192,optimized,12579,1955,1294606,1309140,3903488,1376,1248
random_n07_09,7,peigen,4,8192,optimized,11778,5903,15761642,15779323,3895296,1376,1592
random_n06_00,6,rank-static,0,16384,optimized,12018,9051,3709985,3731054,3866624,984,736
random_n06_00,6,rank-shared,0,16384,optimized,10725,1494,2024224,2036443,3878912,984,736
random_n06_00,6,peigen,0,16384,optimized,12549,3899,8946943,8963391,3895296,984,1120
random_n06_00,6,rank-shared,1,16384,optimized,11096,10033,2013549,2034678,3870720,984,736
random_n06_00,6,peigen,1,16384,optimized,11086,3849,8891605,8906540,3903488,984,1120
random_n06_00,6,rank-static,1,16384,optimized,10875,10565,3680176,3701616,3907584,984,736
random_n06_00,6,peigen,2,16384,optimized,11738,13391,8883385,8908514,3862528,984,1120
random_n06_00,6,rank-static,2,16384,optimized,11226,1854,3693667,3706747,3899392,984,736
random_n06_00,6,rank-shared,2,16384,optimized,11436,1513,2010443,2023392,3878912,984,736
random_n06_00,6,rank-static,3,16384,optimized,12488,1614,3683724,3697826,3878912,984,736
random_n06_00,6,rank-shared,3,16384,optimized,11226,1774,2013940,2026940,3899392,984,736
random_n06_00,6,peigen,3,16384,optimized,11206,3999,8889660,8904865,3903488,984,1120
random_n06_00,6,rank-shared,4,16384,optimized,11788,1613,2025738,2039139,3907584,984,736
random_n06_00,6,peigen,4,16384,optimized,11486,12690,8875958,8900134,3813376,984,1120
random_n06_00,6,rank-static,4,16384,optimized,15156,1754,3676447,3693357,3862528,984,736
random_n06_01,6,rank-shared,0,16384,optimized,11025,1464,2011835,2024324,3870720,984,736
random_n06_01,6,peigen,0,16384,optimized,11597,4069,8904154,8919820,3903488,984,1120
random_n06_01,6,rank-static,0,16384,optimized,11426,1453,3712621,3725500,3829760,984,736
random_n06_01,6,peigen,1,16384,optimized,11727,4050,8910418,8926195,3842048,984,1120
random_n06_01,6,rank-static,1,16384,optimized,10955,1845,3721681,3734481,3813376,984,736
random_n06_01,6,rank-shared,1,16384,optimized,13241,1544,2028122,2042907,3907584,984,736
random_n06_01,6,rank-static,2,16384,optimized,10735,1864,3696544,3709143,3903488,984,736
random_n06_01,6,rank-shared,2,16384,optimized,11306,1603,2315910,2328819,3842048,984,736
random_n06_01,6,peigen,2,16384,optimized,12038,3949,8901949,8917936,3907584,984,1120
random_n06_01,6,rank-shared,3,16384,optimized,12098,1683,2004759,2018540,3907584,984,736
random_n06_01,6,peigen,3,16384,optimized,11637,3698,8917976,8933311,3883008,984,1120
random_n06_01,6,rank-static,3,16384,optimized,11076,2154,3702919,3716149,3866624,984,736
random_n06_01,6,peigen,4,16384,optimized,11888,4170,8926385,8942443,3907584,984,1120
random_n06_01,6,rank-static,4,16384,optimized,11316,1895,3693897,3707108,3907584,984,736
random_n06_01,6,rank-shared,4,16384,optimized,10975,1754,2000549,2013278,3846144,984,736
random_n06_02,6,peigen,0,16384,optimized,11086,9472,9007703,9028261,3866624,984,1120
random_n06_02,6,rank-static,0,16384,optimized,12719,2115,3686390,3701224,3907584,984,736
random_n06_02,6,rank-shared,0,16384,optimized,11316,1643,2038067,2051026,3878912,984,736
random_n06_02,6,rank-static,1,16384,optimized,10725,1964,3684566,3697255,3895296,984,736
random_n06_02,6,rank-shared,1,16384,optimized,12508,1534,2037735,2051777,3833856,984,736
random_n06_02,6,peigen,1,16384,optimized,11567,3809,9007292,9022668,3895296,984,1120
random_n06_02,6,rank-shared,2,16384,optimized,11898,1824,2012015,2025737,3903488,984,736
random_n06_02,6,peigen,2,16384,optimized,11205,4090,8995586,9010881,3899392,984,1120
random_n06_02,6,rank-static,2,16384,optimized,11927,1945,3684345,3698217,3903488,984,736
random_n06_02,6,peigen,3,16384,optimized,11126,3748,9017085,9031959,3854336,984,1120
random_n06_02,6,rank-static,3,16384,optimized,11486,1594,3689277,3702357,3891200,984,736
random_n06_02,6,rank-shared,3,16384,optimized,11095,1644,2036804,2049543,3878912,984,736
random_n06_02,6,rank-static,4,16384,optimized,12017,1584,3665923,3679524,3891200,984,736
random_n06_02,6,rank-shared,4,16384,optimized,11497,9903,2016446,2037846,3883008,984,736
random_n06_02,6,peigen,4,16384,optimized,10555,3849,9072132,9086536,3850240,984,1120
random_n06_03,6,rank-static,0,16384,optimized,13631,1614,3704602,3719847,3842048,984,736
random_n06_03,6,rank-shared,0,16384,optimized,11867,1514,2030969,2044350,3874816,984,736
random_n06_03,6,peigen,0,16384,optimized,11056,3969,8970016,8985041,3899392,984,1120
random_n06_03,6,rank-shared,1,16384,optimized,10133,9292,2031059,2050484,3899392,984,736
random_n06_03,6,peigen,1,16384,optimized,11557,3970,8996377,9011904,3907584,984,1120
random_n06_03,6,rank-static,1,16384,optimized,11396,1735,3696944,3710075,3903488,984,736
random_n06_03,6,peigen,2,16384,optimized,10775,4050,8951483,8966308,3903488,984,1120
random_n06_03,6,rank-static,2,16384,optimized,11567,1614,3717843,3731024,3907584,984,736
random_n06_03,6,rank-shared,2,16384,optimized,12228,1534,2020646,2034408,3817472,984,736
random_n06_03,6,rank-static,3,16384,optimized,11337,2044,3726754,3740135,3899392,984,736
random_n06_03,6,rank-shared,3,16384,optimized,10865,1183,2033245,2045293,3870720,984,736
random_n06_03,6,peigen,3,16384,optimized,11727,3719,8960534,8975980,3866624,984,1120
random_n06_03,6,rank-shared,4,16384,optimized,11687,1474,2027892,2041053,3850240,984,736
random_n06_03,6,peigen,4,16384,optimized,10615,4229,8962920,8977764,3903488,984,1120
random_n06_03,6,rank-static,4,16384,optimized,10524,2105,3708711,3721340,3858432,984,736
random_n06_04,6,rank-shared,0,16384,optimized,12990,1503,2005381,2019874,3903488,984,736
random_n06_04,6,peigen,0,16384,optimized,11246,4029,8964002,8979277,3903488,984,1120
random_n06_04,6,rank-static,0,16384,optimized,10975,1714,3730662,3743351,3907584,984,736
random_n06_04,6,peigen,1,16384,optimized,11927,3639,8971279,8986845,3895296,984,1120
random_n06_04,6,rank-static,1,16384,optimized,12038,1944,3697366,3711348,3891200,984,736
random_n06_04,6,rank-shared,1,16384,optimized,11537,1934,2070922,2084393,3903488,984,736
random_n06_04,6,rank-static,2,16384,optimized,10465,8028,3675304,3693797,3899392,984,736
random_n06_04,6,rank-shared,2,16384,optimized,12700,1584,2000829,2015113,3850240,984,736
random_n06_04,6,peigen,2,16384,optimized,11346,3629,9002060,9017035,3903488,984,1120
random_n06_04,6,rank-shared,3,16384,optimized,11175,7067,1996129,2014371,3866624,984,736
random_n06_04,6,peigen,3,16384,optimized,11897,11327,8949960,8973184,3903488,984,1120
random_n06_04,6,rank-static,3,16384,optimized,12208,1784,3696624,3710616,3805184,984,736
random_n06_04,6,peigen,4,16384,optimized,11817,11677,8989191,9012685,3903488,984,1120
random_n06_04,6,rank-static,4,16384,optimized,10634,1825,3695801,3708260,3899392,984,736
random_n06_04,6,rank-shared,4,16384,optimized,12369,2425,1998505,2013299,3899392,984,736
random_n06_05,6,peigen,0,16384,optimized,11767,12990,9044499,9069256,3903488,984,1120
random_n06_05,6,rank-static,0,16384,optimized,12689,8650,3695652,3716991,3907584,984,736
random_n06_05,6,rank-shared,0,16384,optimized,11246,1312,1994005,2006563,3907584,984,736
random_n06_05,6,rank-static,1,16384,optimized,12008,1483,3698759,3712250,3866624,984,736
random_n06_05,6,rank-shared,1,16384,optimized,11146,1734,1989985,2002865,3870720,984,736
random_n06_05,6,peigen,1,16384,optimized,10645,8820,8996798,9016263,3907584,984,1120
random_n06_05,6,rank-shared,2,16384,optimized,11506,2306,1991227,2005039,3887104,984,736
random_n06_05,6,peigen,2,16384,optimized,11958,13651,9019782,9045391,3907584,984,1120
random_n06_05,6,rank-static,2,16384,optimized,11337,2065,3711969,3725371,3903488,984,736
random_n06_05,6,peigen,3,16384,optimized,10324,9562,9105841,9125727,3899392,984,1120
random_n06_05,6,rank-static,3,16384,optimized,11898,1714,3716940,3730552,3866624,984,736
random_n06_05,6,rank-shared,3,16384,optimized,11656,1434,2014902,2027992,3837952,984,736
random_n06_05,6,rank-static,4,16384,optimized,11326,1594,3688976,3701896,3899392,984,736
random_n06_05,6,rank-shared,4,16384,optimized,11356,1734,1998796,2011886,3866624,984,736
random_n06_05,6,peigen,4,16384,optimized,11556,13241,8997460,9022257,3903488,984,1120
random_n06_06,6,rank-static,0,16384,optimized,11196,2004,3659338,3672538,3907584,984,736
random_n06_06,6,rank-shared,0,16384,optimized,11507,1603,2043128,2056238,3907584,984,736
random_n06_06,6,peigen,0,16384,optimized,12018,3659,9063252,9078929,3891200,984,1120
random_n06_06,6,rank-shared,1,16384,optimized,11236,1564,2030137,2042937,3903488,984,736
random_n06_06,6,peigen,1,16384,optimized,11416,3759,9062179,9077354,3899392,984,1120
random_n06_06,6,rank-static,1,16384,optimized,11005,2015,3660330,3673350,3887104,984,736
random_n06_06,6,peigen,2,16384,optimized,11707,12258,9058461,9082426,3854336,984,1120
random_n06_06,6,rank-static,2,16384,optimized,11626,1825,3667586,3681037,3903488,984,736
random_n06_06,6,rank-shared,2,16384,optimized,10845,1584,2021257,2033686,3907584,984,736
random_n06_06,6,rank-static,3,16384,optimized,11457,1464,3681689,3694610,3907584,984,736
random_n06_06,6,rank-shared,3,16384,optimized,11416,1133,2032413,2044962,3850240,984,736
random_n06_06,6,peigen,3,16384,optimized,12459,10154,9067762,9090375,3842048,984,1120
random_n06_06,6,rank-shared,4,16384,optimized,10253,1804,2017880,2029937,3895296,984,736
random_n06_06,6,peigen,4,16384,optimized,12480,3818,9067081,9083379,3907584,984,1120
random_n06_06,6,rank-static,4,16384,optimized,11827,1704,4047596,4061127,3903488,984,736
random_n06_07,6,rank-shared,0,16384,optimized,10564,1393,2024485,2036442,3866624,984,736
random_n06_07,6,peigen,0,16384,optimized,11326,3598,8925383,8940307,3903488,984,1120
random_n06_07,6,rank-static,0,16384,optimized,12881,1673,3694469,3709023,3891200,984,736
random_n06_07,6,peigen,1,16384,optimized,11296,3398,8917976,8932670,3854336,984,1120
random_n06_07,6,rank-static,1,16384,optimized,11436,1775,3693887,3707098,3895296,984,736
random_n06_07,6,rank-shared,1,16384,optimized,11818,1533,2055707,2069058,3866624,984,736
random_n06_07,6,rank-static,2,16384,optimized,11276,10765,3701646,3723687,3850240,984,736
random_n06_07,6,rank-shared,2,16384,optimized,17190,2065,2011384,2030639,3895296,984,736
random_n06_07,6,peigen,2,16384,optimized,10825,3919,8915881,8930625,3858432,984,1120
random_n06_07,6,rank-shared,3,16384,optimized,12559,1814,2011023,2025396,3817472,984,736
random_n06_07,6,peigen,3,16384,optimized,11316,3739,8932469,8947524,3895296,984,1120
random_n06_07,6,rank-static,3,16384,optimized,10675,7036,3707890,3725601,3903488,984,736
random_n06_07,6,peigen,4,16384,optimized,11788,3829,8943324,8958941,3907584,984,1120
random_n06_07,6,rank-static,4,16384,optimized,12138,1864,3685428,3699430,3866624,984,736
random_n06_07,6,rank-shared,4,16384,optimized,11546,1544,2014732,2027822,3903488,984,736
random_n06_08,6,peigen,0,16384,optimized,10885,4040,9058460,9073385,3899392,984,1120
random_n06_08,6,rank-static,0,16384,optimized,11236,1714,3690810,3703760,3833856,984,736
random_n06_08,6,rank-shared,0,16384,optimized,11797,1664,1994105,2007566,3846144,984,736
random_n06_08,6,rank-static,1,16384,optimized,11105,1413,3815479,3827997,3903488,984,736
random_n06_08,6,rank-shared,1,16384,optimized,10825,1444,2014651,2026920,3858432,984,736
random_n06_08,6,peigen,1,16384,optimized,11617,13211,9077926,9102754,3903488,984,1120
random_n06_08,6,rank-shared,2,16384,optimized,11647,10264,2001260,2023171,3858432,984,736
random_n06_08,6,peigen,2,16384,optimized,10464,3879,9045921,9060264,3907584,984,1120
random_n06_08,6,rank-static,2,16384,optimized,12680,9502,3735965,3758147,3899392,984,736
random_n06_08,6,peigen,3,16384,optimized,11968,3979,9073486,9089433,3862528,984,1120
random_n06_08,6,rank-static,3,16384,optimized,11536,1785,3676336,3689657,3903488,984,736
random_n06_08,6,rank-shared,3,16384,optimized,10695,1614,2010712,2023021,3846144,984,736
random_n06_08,6,rank-static,4,16384,optimized,11978,1433,3745457,3758868,3833856,984,736
random_n06_08,6,rank-shared,4,16384,optimized,11938,1874,1999978,2013790,3899392,984,736
random_n06_08,6,peigen,4,16384,optimized,11546,3849,9062601,9077996,3870720,984,1120
random_n06_09,6,rank-static,0,16384,optimized,10985,2055,3742590,3755630,3883008,984,736
random_n06_09,6,rank-shared,0,16384,optimized,11547,10745,2002564,2024856,3862528,984,736
random_n06_09,6,peigen,0,16384,optimized,11597,3798,8987367,9002762,3846144,984,1120
random_n06_09,6,rank-shared,1,16384,optimized,10304,1804,1999617,2011725,3837952,984,736
random_n06_09,6,peigen,1,16384,optimized,12549,3829,9002732,9019110,3903488,984,1120
random_n06_09,6,rank-static,1,16384,optimized,12098,1814,3688966,3702878,3899392,984,736
random_n06_09,6,peigen,2,16384,optimized,11607,3799,9019450,9034856,3846144,984,1120
random_n06_09,6,rank-static,2,16384,optimized,10715,1834,3731865,3744414,3895296,984,736
random_n06_09,6,rank-shared,2,16384,optimized,12128,10935,2025788,2048851,3899392,984,736
random_n06_09,6,rank-static,3,16384,optimized,10995,10434,3706587,3728016,3907584,984,736
random_n06_09,6,rank-shared,3,16384,optimized,10905,1764,2039830,2052499,3895296,984,736
random_n06_09,6,peigen,3,16384,optimized,11397,11927,8992579,9015903,3895296,984,1120
random_n06_09,6,rank-shared,4,16384,optimized,11296,1744,2009771,2022811,3883008,984,736
random_n06_09,6,peigen,4,16384,optimized,11507,4270,8974506,8990283,3903488,984,1120
random_n06_09,6,rank-static,4,16384,optimized,11326,2035,3685478,3698839,3891200,984,736
random_n05_00,5,rank-shared,0,32768,optimized,11527,1283,3352096,3364906,3887104,816,480
random_n05_00,5,peigen,0,32768,optimized,11086,3227,9992572,10006885,3891200,816,968
random_n05_00,5,rank-static,0,32768,optimized,11616,1604,4691055,4704275,3866624,816,480
random_n05_00,5,peigen,1,32768,optimized,9843,3428,10003939,10017210,3903488,816,968
random_n05_00,5,rank-static,1,32768,optimized,11216,1594,4718548,4731358,3895296,816,480
random_n05_00,5,rank-shared,1,32768,optimized,11176,1724,3297470,3310370,3899392,816,480
random_n05_00,5,rank-static,2,32768,optimized,10033,7367,4737141,4754541,3907584,816,480
random_n05_00,5,rank-shared,2,32768,optimized,11286,1313,3305539,3318138,3903488,816,480
random_n05_00,5,peigen,2,32768,optimized,11577,3157,10366548,10381282,3846144,816,968
random_n05_00,5,rank-shared,3,32768,optimized,10204,1584,3364505,3376293,3854336,816,480
random_n05_00,5,peigen,3,32768,optimized,10845,2937,10383767,10397549,3854336,816,968
random_n05_00,5,rank-static,3,32768,optimized,11767,1504,4685652,4698923,3907584,816,480
random_n05_00,5,peigen,4,32768,optimized,11136,12067,9979132,10002335,3899392,816,968
random_n05_00,5,rank-static,4,32768,optimized,11066,1643,4694473,4707182,3878912,816,480
random_n05_00,5,rank-shared,4,32768,optimized,10805,1523,3279027,3291355,3883008,816,480
random_n05_01,5,peigen,0,32768,optimized,11416,3197,10229250,10243863,3866624,816,968
random_n05_01,5,rank-static,0,32768,optimized,11226,1564,4635075,4647865,3903488,816,480
random_n05_01,5,rank-shared,0,32768,optimized,11326,1714,2716596,2729636,3903488,816,480
random_n05_01,5,rank-static,1,32768,optimized,10524,1534,4593208,4605266,3899392,816,480
random_n05_01,5,rank-shared,1,32768,optimized,11747,1433,2546944,2560124,3796992,816,480
random_n05_01,5,peigen,1,32768,optimized,10785,3277,10188155,10202217,3850240,816,968
random_n05_01,5,rank-shared,2,32768,optimized,10664,1614,2786989,2799267,3846144,816,480
random_n05_01,5,peigen,2,32768,optimized,10885,3097,10194800,10208782,3907584,816,968
random_n05_01,5,rank-static,2,32768,optimized,12188,1754,4536117,4550059,3899392,816,480
random_n05_01,5,peigen,3,32768,optimized,11195,3158,10325903,10340256,3862528,816,968
random_n05_01,5,rank-static,3,32768,optimized,10243,7798,4434432,4452473,3833856,816,480
random_n05_01,5,rank-shared,3,32768,optimized,10845,1364,2514318,2526527,3878912,816,480
random_n05_01,5,rank-static,4,32768,optimized,12148,10143,4420338,4442629,3837952,816,480
random_n05_01,5,rank-shared,4,32768,optimized,10946,1764,2570458,2583168,3854336,816,480
random_n05_01,5,peigen,4,32768,optimized,10023,3068,10201966,10215057,3903488,816,968
random_n05_02,5,rank-static,0,32768,optimized,11927,1654,4450809,4464390,3883008,816,480
random_n05_02,5,rank-shared,0,32768,optimized,11898,1333,2824907,2838138,3895296,816,480
random_n05_02,5,peigen,0,32768,optimized,10675,2907,10219988,10233570,3866624,816,968
random_n05_02,5,rank-shared,1,32768,optimized,10665,8439,2795609,2814713,3862528,816,480
random_n05_02,5,peigen,1,32768,optimized,11507,3247,9817146,9831900,3866624,816,968
random_n05_02,5,rank-static,1,32768,optimized,11146,1523,4491433,4504102,3903488,816,480
random_n05_02,5,peigen,2,32768,optimized,10214,9712,10186401,10206327,3907584,816,968
random_n05_02,5,rank-static,2,32768,optimized,10404,1734,4456181,4468319,3903488,816,480
random_n05_02,5,rank-shared,2,32768,optimized,11958,1493,2949355,2962806,3903488,816,480
random_n05_02,5,rank-static,3,32768,optimized,10825,1804,4455880,4468509,3883008,816,480
random_n05_02,5,rank-shared,3,32768,optimized,10104,1634,2914764,2926502,3850240,816,480
random_n05_02,5,peigen,3,32768,optimized,11307,10313,9811824,9833444,3854336,816,968
random_n05_02,5,rank-shared,4,32768,optimized,11186,1323,2787080,2799589,3891200,816,480
random_n05_02,5,peigen,4,32768,optimized,11025,3007,10179786,10193818,3895296,816,968
random_n05_02,5,rank-static,4,32768,optimized,10334,1714,4483314,4495362,3846144,816,480
random_n05_03,5,rank-shared,0,32768,optimized,11466,1454,2656186,2669106,3866624,816,480
random_n05_03,5,peigen,0,32768,optimized,11306,3197,10150598,10165101,3862528,816,968
random_n05_03,5,rank-static,0,32768,optimized,10946,1753,4413854,4426553,3903488,816,480
random_n05_03,5,peigen,1,32768,optimized,9852,3017,10059758,10072627,3895296,816,968
random_n05_03,5,rank-static,1,32768,optimized,11436,2035,4424077,4437548,3842048,816,480
random_n05_03,5,rank-shared,1,32768,optimized,10765,1313,2746425,2758503,3903488,816,480
random_n05_03,5,rank-static,2,32768,optimized,10945,1634,4410907,4423486,3887104,816,480
random_n05_03,5,rank-shared,2,32768,optimized,10645,1363,2456574,2468582,3887104,816,480
random_n05_03,5,peigen,2,32768,optimized,11386,3037,10082520,10096943,3862528,816,968
random_n05_03,5,rank-shared,3,32768,optimized,10985,1634,2565276,2577895,3899392,816,480
random_n05_03,5,peigen,3,32768,optimized,10163,3017,10065962,10079142,3907584,816,968
random_n05_03,5,rank-static,3,32768,optimized,10344,2005,4475716,4488065,3866624,816,480
random_n05_03,5,peigen,4,32768,optimized,11216,12248,10043780,10067244,3895296,816,968
random_n05_03,5,rank-static,4,32768,optimized,10674,1584,4488847,4501105,3837952,816,480
random_n05_03,5,rank-shared,4,32768,optimized,10324,1664,2507312,2519300,3903488,816,480
random_n05_04,5,peigen,0,32768,optimized,11777,3037,10277351,10292165,3866624,816,968
random_n05_04,5,rank-static,0,32768,optimized,12108,1433,4765046,4778587,3899392,816,480
random_n05_04,5,rank-shared,0,32768,optimized,10404,8901,3300858,3320163,3903488,816,480
random_n05_04,5,rank-static,1,32768,optimized,10114,1393,4670276,4681783,3854336,816,480
random_n05_04,5,rank-shared,1,32768,optimized,11807,1654,3260024,3273485,3858432,816,480
random_n05_04,5,peigen,1,32768,optimized,11667,3078,10245788,10260533,3895296,816,968
random_n05_04,5,rank-shared,2,32768,optimized,11035,1323,3284911,3297269,3899392,816,480
random_n05_04,5,peigen,2,32768,optimized,10314,3268,10253475,10267057,3895296,816,968
random_n05_04,5,rank-static,2,32768,optimized,12368,1935,4715962,4730265,3903488,816,480
random_n05_04,5,peigen,3,32768,optimized,10765,3067,10289108,10302940,3862528,816,968
random_n05_04,5,rank-static,3,32768,optimized,11136,1373,4672733,4685242,3858432,816,480
random_n05_04,5,rank-shared,3,32768,optimized,10384,1433,3266900,3278717,3878912,816,480
random_n05_04,5,rank-static,4,32768,optimized,11426,1594,4685001,4698021,3883008,816,480
random_n05_04,5,rank-shared,4,32768,optimized,10916,1573,3300277,3312766,3883008,816,480
random_n05_04,5,peigen,4,32768,optimized,9953,2897,10111367,10124217,3907584,816,968
random_n05_05,5,rank-static,0,32768,optimized,10645,1794,4654159,4666598,3907584,816,480
random_n05_05,5,rank-shared,0,32768,optimized,11387,1223,3249799,3262409,3895296,816,480
random_n05_05,5,peigen,0,32768,optimized,10534,3057,9885404,9898995,3903488,816,968
random_n05_05,5,rank-shared,1,32768,optimized,10515,1383,3351846,3363744,3858432,816,480
random_n05_05,5,peigen,1,32768,optimized,11447,3227,9864115,9878789,3887104,816,968
random_n05_05,5,rank-static,1,32768,optimized,11456,11116,4641250,4663822,3870720,816,480
random_n05_05,5,peigen,2,32768,optimized,10946,2987,10330564,10344497,3854336,816,968
random_n05_05,5,rank-static,2,32768,optimized,9843,6666,4636308,4652817,3891200,816,480
random_n05_05,5,rank-shared,2,32768,optimized,10464,9492,3240819,3260775,3858432,816,480
random_n05_05,5,rank-static,3,32768,optimized,11116,10975,4678877,4700968,3866624,816,480
random_n05_05,5,rank-shared,3,32768,optimized,11447,1333,3313938,3326718,3833856,816,480
random_n05_05,5,peigen,3,32768,optimized,10835,2837,11097588,11111260,3903488,816,968
random_n05_05,5,rank-shared,4,32768,optimized,12459,1403,3277384,3291246,3907584,816,480
random_n05_05,5,peigen,4,32768,optimized,11456,2978,10325753,10340187,3866624,816,968
random_n05_05,5,rank-static,4,32768,optimized,10535,1533,4664223,4676291,3883008,816,480
random_n05_06,5,rank-shared,0,32768,optimized,10144,7798,3252296,3270238,3899392,816,480
random_n05_06,5,peigen,0,32768,optimized,11346,3217,10303502,10318065,3891200,816,968
random_n05_06,5,rank-static,0,32768,optimized,10644,1604,4724793,4737041,3891200,816,480
random_n05_06,5,peigen,1,32768,optimized,10574,3118,10295132,10308824,3850240,816,968
random_n05_06,5,rank-static,1,32768,optimized,10033,1744,4621645,4633422,3878912,816,480
random_n05_06,5,rank-shared,1,32768,optimized,11427,1443,3240398,3253268,3842048,816,480
random_n05_06,5,rank-static,2,32768,optimized,10714,1775,4633351,4645840,3854336,816,480
random_n05_06,5,rank-shared,2,32768,optimized,9943,1734,3321916,3333593,3833856,816,480
random_n05_06,5,peigen,2,32768,optimized,10544,3268,10340817,10354629,3850240,816,968
random_n05_06,5,rank-shared,3,32768,optimized,11386,1544,3233422,3246352,3842048,816,480
random_n05_06,5,peigen,3,32768,optimized,11346,2917,10041104,10055367,3866624,816,968
random_n05_06,5,rank-static,3,32768,optimized,10454,1774,4686945,4699173,3895296,816,480
random_n05_06,5,peigen,4,32768,optimized,10444,2917,10300976,10314337,3887104,816,968
random_n05_06,5,rank-static,4,32768,optimized,12068,1413,4621013,4634494,3866624,816,480
random_n05_06,5,rank-shared,4,32768,optimized,10795,1603,3278056,3290454,3878912,816,480
random_n05_07,5,peigen,0,32768,optimized,10394,3358,10488189,10501941,3866624,816,968
random_n05_07,5,rank-static,0,32768,optimized,10875,1574,4685392,4697841,3837952,816,480
random_n05_07,5,rank-shared,0,32768,optimized,12419,1333,3405139,3418891,3846144,816,480
random_n05_07,5,rank-static,1,32768,optimized,10544,1584,4694914,4707042,3858432,816,480
random_n05_07,5,rank-shared,1,32768,optimized,10845,1162,3339548,3351555,3903488,816,480
random_n05_07,5,peigen,1,32768,optimized,11036,3618,10025298,10039952,3907584,816,968
random_n05_07,5,rank-shared,2,32768,optimized,11798,11146,3304797,3327741,3907584,816,480
random_n05_07,5,peigen,2,32768,optimized,10825,2796,10021308,10034929,3854336,816,968
random_n05_07,5,rank-static,2,32768,optimized,10444,1363,4781023,4792830,3842048,816,480
random_n05_07,5,peigen,3,32768,optimized,11657,3208,10446673,10461538,3903488,816,968
random_n05_07,5,rank-static,3,32768,optimized,11166,1664,4791497,4804327,3895296,816,480
random_n05_07,5,rank-shared,3,32768,optimized,11235,1334,3378327,3390896,3903488,816,480
random_n05_07,5,rank-static,4,32768,optimized,10394,1554,4697559,4709507,3842048,816,480
random_n05_07,5,rank-shared,4,32768,optimized,11226,1724,3300688,3313638,3883008,816,480
random_n05_07,5,peigen,4,32768,optimized,11095,2947,10449329,10463371,3891200,816,968
random_n05_08,5,rank-static,0,32768,optimized,9562,2195,4678105,4689862,3903488,816,480
random_n05_08,5,rank-shared,0,32768,optimized,10364,1704,3260134,3272202,3837952,816,480
random_n05_08,5,peigen,0,32768,optimized,11065,3488,10286723,10301276,3899392,816,968
random_n05_08,5,rank-shared,1,32768,optimized,10976,1634,3237431,3250041,3842048,816,480
random_n05_08,5,peigen,1,32768,optimized,10995,2866,10286703,10300564,3850240,816,968
random_n05_08,5,rank-static,1,32768,optimized,10133,1694,4648456,4660283,3858432,816,480
random_n05_08,5,peigen,2,32768,optimized,11136,3217,10309115,10323468,3903488,816,968
random_n05_08,5,rank-static,2,32768,optimized,10855,1714,4618496,4631065,3842048,816,480
random_n05_08,5,rank-shared,2,32768,optimized,10644,1514,3367001,3379159,3903488,816,480
random_n05_08,5,rank-static,3,32768,optimized,11406,1573,4612874,4625853,3883008,816,480
random_n05_08,5,rank-shared,3,32768,optimized,11316,1524,3233502,3246342,3903488,816,480
random_n05_08,5,peigen,3,32768,optimized,10204,9191,10328820,10348215,3866624,816,968
random_n05_08,5,rank-shared,4,32768,optimized,10564,1674,3357830,3370068,3887104,816,480
random_n05_08,5,peigen,4,32768,optimized,12429,3448,10319488,10335365,3866624,816,968
random_n05_08,5,rank-static,4,32768,optimized,11146,1724,4640568,4653438,3887104,816,480
random_n05_09,5,rank-shared,0,32768,optimized,10635,1634,3280460,3292729,3825664,816,480
random_n05_09,5,peigen,0,32768,optimized,10354,2997,10364302,10377653,3866624,816,968
random_n05_09,5,rank-static,0,32768,optimized,12840,1764,4840330,4854934,3883008,816,480
random_n05_09,5,peigen,1,32768,optimized,11307,2956,10371008,10385271,3903488,816,968
random_n05_09,5,rank-static,1,32768,optimized,10504,1554,4753299,4765357,3862528,816,480
random_n05_09,5,rank-shared,1,32768,optimized,10043,1383,3269846,3281272,3846144,816,480
random_n05_09,5,rank-static,2,32768,optimized,11968,1393,4670758,4684119,3903488,816,480
random_n05_09,5,rank-shared,2,32768,optimized,11436,1534,3270558,3283528,3899392,816,480
random_n05_09,5,peigen,2,32768,optimized,11086,3127,10359591,10373804,3903488,816,968
random_n05_09,5,rank-shared,3,32768,optimized,10725,1753,3295085,3307563,3903488,816,480
random_n05_09,5,peigen,3,32768,optimized,11386,3007,10378094,10392487,3891200,816,968
random_n05_09,5,rank-static,3,32768,optimized,10645,1543,4779450,4791638,3854336,816,480
random_n05_09,5,peigen,4,32768,optimized,10435,3267,10400085,10413787,3850240,816,968
random_n05_09,5,rank-static,4,32768,optimized,10885,1674,4682034,4694593,3899392,816,480
random_n05_09,5,rank-shared,4,32768,optimized,11808,1232,3288931,3301971,3907584,816,480
random_n04_00,4,peigen,0,262144,optimized,10263,2997,16353300,16366560,3899392,728,880
random_n04_00,4,rank-static,0,262144,optimized,9462,2195,12818340,12829997,3829760,728,288
random_n04_00,4,rank-shared,0,262144,optimized,9733,9030,5322356,5341119,3866624,728,288
random_n04_00,4,rank-static,1,262144,optimized,10515,10955,13541053,13562523,3862528,728,288
random_n04_00,4,rank-shared,1,262144,optimized,10875,2165,5584863,5597903,3895296,728,288
random_n04_00,4,peigen,1,262144,optimized,10625,3016,16349903,16363544,3854336,728,880
random_n04_00,4,rank-shared,2,262144,optimized,10303,2256,5380099,5392658,3895296,728,288
random_n04_00,4,peigen,2,262144,optimized,9963,2816,16230306,16243085,3866624,728,880
random_n04_00,4,rank-static,2,262144,optimized,11616,1985,12445668,12459269,3858432,728,288
random_n04_00,4,peigen,3,262144,optimized,10805,2586,16254973,16268364,3866624,728,880
random_n04_00,4,rank-static,3,262144,optimized,10604,2065,13345220,13357889,3891200,728,288
random_n04_00,4,rank-shared,3,262144,optimized,10544,9041,6207523,6227108,3870720,728,288
random_n04_00,4,rank-static,4,262144,optimized,9453,8369,12696288,12714110,3895296,728,288
random_n04_00,4,rank-shared,4,262144,optimized,11417,1784,6624168,6637369,3899392,728,288
random_n04_00,4,peigen,4,262144,optimized,10505,2796,16284240,16297541,3883008,728,880
random_n04_01,4,rank-static,0,262144,optimized,10094,10444,11976753,11997291,3899392,728,288
random_n04_01,4,rank-shared,0,262144,optimized,10624,2045,7436768,7449437,3887104,728,288
random_n04_01,4,peigen,0,262144,optimized,9683,2896,16328373,16340952,3842048,728,880
random_n04_01,4,rank-shared,1,262144,optimized,10595,1914,7384948,7397457,3833856,728,288
random_n04_01,4,peigen,1,262144,optimized,10594,2967,16280301,16293862,3895296,728,880
random_n04_01,4,rank-static,1,262144,optimized,10654,1885,11922457,11934996,3878912,728,288
random_n04_01,4,peigen,2,262144,optimized,10274,2736,16256135,16269145,3899392,728,880
random_n04_01,4,rank-static,2,262144,optimized,10064,2295,11853057,11865416,3878912,728,288
random_n04_01,4,rank-shared,2,262144,optimized,10214,1744,7580139,7592097,3878912,728,288
random_n04_01,4,rank-static,3,262144,optimized,10504,1313,12019843,12031660,3903488,728,288
random_n04_01,4,rank-shared,3,262144,optimized,10975,1834,7437290,7450099,3903488,728,288
random_n04_01,4,peigen,3,262144,optimized,10334,2806,16230306,16243446,3850240,728,880
random_n04_01,4,rank-shared,4,262144,optimized,9312,2606,7398379,7410297,3854336,728,288
random_n04_01,4,peigen,4,262144,optimized,10314,2846,16388732,16401892,3866624,728,880
random_n04_01,4,rank-static,4,262144,optimized,10815,1835,13007939,13020589,3903488,728,288
random_n04_02,4,rank-shared,0,262144,optimized,10645,1995,9002130,9014770,3887104,728,288
random_n04_02,4,peigen,0,262144,optimized,10424,9392,16347687,16367503,3866624,728,880
random_n04_02,4,rank-static,0,262144,optimized,9482,2255,14556733,14568470,3903488,728,288
random_n04_02,4,peigen,1,262144,optimized,8991,3699,16324092,16336782,3866624,728,880
random_n04_02,4,rank-static,1,262144,optimized,10404,2225,14405553,14418182,3866624,728,288
random_n04_02,4,rank-shared,1,262144,optimized,11095,1644,9005208,9017947,3854336,728,288
random_n04_02,4,rank-static,2,262144,optimized,10083,1795,14519125,14531003,3903488,728,288
random_n04_02,4,rank-shared,2,262144,optimized,9892,2205,9039848,9051945,3903488,728,288
random_n04_02,4,peigen,2,262144,optimized,9652,2877,16365087,16377616,3903488,728,880
random_n04_02,4,rank-shared,3,262144,optimized,10574,2827,8989330,9002731,3862528,728,288
random_n04_02,4,peigen,3,262144,optimized,12188,3017,16336120,16351325,3899392,728,880
random_n04_02,4,rank-static,3,262144,optimized,10324,2035,14600003,14612362,3878912,728,288
random_n04_02,4,peigen,4,262144,optimized,10274,2707,16503076,16516057,3891200,728,880
random_n04_02,4,rank-static,4,262144,optimized,11086,2315,14239188,14252589,3903488,728,288
random_n04_02,4,rank-shared,4,262144,optimized,9832,2215,9020042,9032089,3858432,728,288
random_n04_03,4,peigen,0,262144,optimized,9893,5393,16294122,16309408,3870720,728,880
random_n04_03,4,rank-static,0,262144,optimized,11877,2135,14552673,14566685,3903488,728,288
random_n04_03,4,rank-shared,0,262144,optimized,10374,1664,9064745,9076783,3903488,728,288
random_n04_03,4,rank-static,1,262144,optimized,10133,1904,14490049,14502086,3899392,728,288
random_n04_03,4,rank-shared,1,262144,optimized,10253,2235,8894261,8906749,3903488,728,288
random_n04_03,4,peigen,1,262144,optimized,10053,3057,16301230,16314340,3907584,728,880
random_n04_03,4,rank-shared,2,262144,optimized,10705,1834,8902911,8915450,3907584,728,288
random_n04_03,4,peigen,2,262144,optimized,10825,2736,16331098,16344659,3866624,728,880
random_n04_03,4,rank-static,2,262144,optimized,10224,2095,14702961,14715280,3825664,728,288
random_n04_03,4,peigen,3,262144,optimized,10785,2777,16300938,16314500,3846144,728,880
random_n04_03,4,rank-static,3,262144,optimized,10334,2997,14570685,14584016,3895296,728,288
random_n04_03,4,rank-shared,3,262144,optimized,9201,1915,8793667,8804783,3858432,728,288
random_n04_03,4,rank-static,4,262144,optimized,14484,2125,14491702,14508311,3850240,728,288
random_n04_03,4,rank-shared,4,262144,optimized,11286,10875,9305502,9327663,3866624,728,288
random_n04_03,4,peigen,4,262144,optimized,10124,2897,16318900,16331921,3899392,728,880
random_n04_04,4,rank-static,0,262144,optimized,9973,2236,14444031,14456240,3870720,728,288
random_n04_04,4,rank-shared,0,262144,optimized,9993,2285,8670142,8682420,3895296,728,288
random_n04_04,4,peigen,0,262144,optimized,9994,2716,16296057,16308767,3850240,728,880
random_n04_04,4,rank-shared,1,262144,optimized,12028,11336,8985782,9009146,3907584,728,288
random_n04_04,4,peigen,1,262144,optimized,15546,2857,16343337,16361740,3829760,728,880
random_n04_04,4,rank-static,1,262144,optimized,10544,2255,14349072,14361871,3903488,728,288
random_n04_04,4,peigen,2,262144,optimized,10033,2736,16557874,16570643,3850240,728,880
random_n04_04,4,rank-static,2,262144,optimized,9682,7558,14486610,14503850,3862528,728,288
random_n04_04,4,rank-shared,2,262144,optimized,9783,2075,8968001,8979859,3895296,728,288
random_n04_04,4,rank-static,3,262144,optimized,10966,1332,14393957,14406255,3801088,728,288
random_n04_04,4,rank-shared,3,262144,optimized,10574,10775,8888668,8910017,3846144,728,288
random_n04_04,4,peigen,3,262144,optimized,10764,10104,16286916,16307784,3907584,728,880
random_n04_04,4,rank-shared,4,262144,optimized,9903,2216,8995875,9007994,3895296,728,288
random_n04_04,4,peigen,4,262144,optimized,9623,2606,16349852,16362081,3850240,728,880
random_n04_04,4,rank-static,4,262144,optimized,10805,2516,14298625,14311946,3907584,728,288
random_n04_05,4,rank-shared,0,262144,optimized,11948,1233,8030492,8043673,3887104,728,288
random_n04_05,4,peigen,0,262144,optimized,10023,2796,16298082,16310901,3899392,728,880
random_n04_05,4,rank-static,0,262144,optimized,10604,2326,12403009,12415939,3899392,728,288
random_n04_05,4,peigen,1,262144,optimized,9842,3348,16328653,16341843,3903488,728,880
random_n04_05,4,rank-static,1,262144,optimized,9652,2005,12400353,12412010,3895296,728,288
random_n04_05,4,rank-shared,1,262144,optimized,11106,2095,8377033,8390234,3895296,728,288
random_n04_05,4,rank-static,2,262144,optimized,11216,1654,13726582,13739452,3837952,728,288
random_n04_05,4,rank-shared,2,262144,optimized,10224,2255,8506674,8519153,3837952,728,288
random_n04_05,4,peigen,2,262144,optimized,9722,3138,16291757,16304617,3866624,728,880
random_n04_05,4,rank-shared,3,262144,optimized,9803,2145,8415502,8427450,3846144,728,288
random_n04_05,4,peigen,3,262144,optimized,12539,2907,16279058,16294504,3895296,728,880
random_n04_05,4,rank-static,3,262144,optimized,10444,1865,12116496,12128805,3854336,728,288
random_n04_05,4,peigen,4,262144,optimized,10194,2816,16326108,16339118,3903488,728,880
random_n04_05,4,rank-static,4,262144,optimized,10404,2315,13170235,13182954,3907584,728,288
random_n04_05,4,rank-shared,4,262144,optimized,9953,2315,8416415,8428683,3899392,728,288
random_n04_06,4,peigen,0,262144,optimized,9482,2657,16317557,16329696,3858432,728,880
random_n04_06,4,rank-static,0,262144,optimized,11447,2235,14264587,14278269,3854336,728,288
random_n04_06,4,rank-shared,0,262144,optimized,10424,2025,8889810,8902259,3891200,728,288
random_n04_06,4,rank-static,1,262144,optimized,9301,2075,14566676,14578052,3899392,728,288
random_n04_06,4,rank-shared,1,262144,optimized,9602,2506,8859400,8871508,3887104,728,288
random_n04_06,4,peigen,1,262144,optimized,9081,2806,16448711,16460598,3899392,728,880
random_n04_06,4,rank-shared,2,262144,optimized,10504,9983,8888197,8908684,3903488,728,288
random_n04_06,4,peigen,2,262144,optimized,10905,2455,16329084,16342444,3850240,728,880
random_n04_06,4,rank-static,2,262144,optimized,9451,2105,14397505,14409061,3903488,728,288
random_n04_06,4,peigen,3,262144,optimized,9823,2706,16341021,16353550,3870720,728,880
random_n04_06,4,rank-static,3,262144,optimized,9192,2335,14384564,14396091,3842048,728,288
random_n04_06,4,rank-shared,3,262144,optimized,9903,2004,8830363,8842270,3874816,728,288
random_n04_06,4,rank-static,4,262144,optimized,11005,1634,14310563,14323202,3846144,728,288
random_n04_06,4,rank-shared,4,262144,optimized,11336,1203,9113638,9126177,3846144,728,288
random_n04_06,4,peigen,4,262144,optimized,10975,2757,16305649,16319381,3854336,728,880
random_n04_07,4,rank-static,0,262144,optimized,10594,2216,12896982,12909792,3846144,728,288
random_n04_07,4,rank-shared,0,262144,optimized,10023,2265,8067106,8079394,3862528,728,288
random_n04_07,4,peigen,0,262144,optimized,10395,2776,16252125,16265296,3883008,728,880
random_n04_07,4,rank-shared,1,262144,optimized,11126,1574,7550170,7562870,3854336,728,288
random_n04_07,4,peigen,1,262144,optimized,11026,2636,16315652,16329314,3870720,728,880
random_n04_07,4,rank-static,1,262144,optimized,11146,2155,13285862,13299163,3903488,728,288
random_n04_07,4,peigen,2,262144,optimized,9993,2867,16376443,16389303,3846144,728,880
random_n04_07,4,rank-static,2,262144,optimized,9823,2345,13532062,13544230,3837952,728,288
random_n04_07,4,rank-shared,2,262144,optimized,11376,1905,7977799,7991080,3878912,728,288
random_n04_07,4,rank-static,3,262144,optimized,10404,1915,12533561,12545880,3825664,728,288
random_n04_07,4,rank-shared,3,262144,optimized,10364,1554,7931813,7943731,3862528,728,288
random_n04_07,4,peigen,3,262144,optimized,9963,3137,16355535,16368635,3895296,728,880
random_n04_07,4,rank-shared,4,262144,optimized,9371,2376,8008601,8020348,3907584,728,288
random_n04_07,4,peigen,4,262144,optimized,11797,3208,16308887,16323892,3866624,728,880
random_n04_07,4,rank-static,4,262144,optimized,10875,2135,13438144,13451154,3821568,728,288
random_n04_08,4,rank-shared,0,262144,optimized,10675,1834,7539806,7552315,3907584,728,288
random_n04_08,4,peigen,0,262144,optimized,10154,2807,16418841,16431802,3895296,728,880
random_n04_08,4,rank-static,0,262144,optimized,9392,2255,13211650,13223297,3899392,728,288
random_n04_08,4,peigen,1,262144,optimized,9452,2757,16325244,16337453,3895296,728,880
random_n04_08,4,rank-static,1,262144,optimized,12078,2566,13175918,13190562,3887104,728,288
random_n04_08,4,rank-shared,1,262144,optimized,11056,1844,8409499,8422399,3903488,728,288
random_n04_08,4,rank-static,2,262144,optimized,10474,1885,13117692,13130051,3866624,728,288
random_n04_08,4,rank-shared,2,262144,optimized,9893,9121,7580480,7599494,3903488,728,288
random_n04_08,4,peigen,2,262144,optimized,9682,2767,16253528,16265977,3895296,728,880
random_n04_08,4,rank-shared,3,262144,optimized,11086,2075,8412876,8426037,3883008,728,288
random_n04_08,4,peigen,3,262144,optimized,11226,2686,16295496,16309408,3878912,728,880
random_n04_08,4,rank-static,3,262144,optimized,10454,2285,13087594,13100333,3850240,728,288
random_n04_08,4,peigen,4,262144,optimized,10845,2917,16367954,16381716,3903488,728,880
random_n04_08,4,rank-static,4,262144,optimized,9622,7567,12914934,12932123,3842048,728,288
random_n04_08,4,rank-shared,4,262144,optimized,9201,1363,8548570,8559134,3850240,728,288
random_n04_09,4,peigen,0,262144,optimized,11166,3027,16329113,16343306,3907584,728,880
random_n04_09,4,rank-static,0,262144,optimized,10965,1824,10970866,10983655,3903488,728,288
random_n04_09,4,rank-shared,0,262144,optimized,11075,2095,8280160,8293330,3825664,728,288
random_n04_09,4,rank-static,1,262144,optimized,10174,1894,11829022,11841090,3907584,728,288
random_n04_09,4,rank-shared,1,262144,optimized,9633,1694,8454893,8466220,3874816,728,288
random_n04_09,4,peigen,1,262144,optimized,10394,11827,16293512,16315733,3862528,728,880
random_n04_09,4,rank-shared,2,262144,optimized,10614,1995,8475020,8487629,3842048,728,288
random_n04_09,4,peigen,2,262144,optimized,10966,2596,16258901,16272463,3895296,728,880
random_n04_09,4,rank-static,2,262144,optimized,9382,2265,11101488,11113135,3903488,728,288
random_n04_09,4,peigen,3,262144,optimized,15105,3037,16351926,16370068,3903488,728,880
random_n04_09,4,rank-static,3,262144,optimized,11707,2215,11141650,11155572,3891200,728,288
random_n04_09,4,rank-shared,3,262144,optimized,10344,1292,8357278,8368914,3809280,728,288
random_n04_09,4,rank-static,4,262144,optimized,10294,1734,11177874,11189902,3907584,728,288
random_n04_09,4,rank-shared,4,262144,optimized,10544,2125,8369536,8382205,3870720,728,288
random_n04_09,4,peigen,4,262144,optimized,9602,2957,16314219,16326778,3837952,728,880
random_n03_00,3,rank-static,0,262144,optimized,13230,2536,8674742,8690508,3887104,680,256
random_n03_00,3,rank-shared,0,262144,optimized,10996,1774,4504282,4517052,3895296,680,256
random_n03_00,3,peigen,0,262144,optimized,10263,2416,13482888,13495567,3903488,680,824
random_n03_00,3,rank-shared,1,262144,optimized,9572,2556,4556102,4568230,3899392,680,256
random_n03_00,3,peigen,1,262144,optimized,9903,2867,13500689,13513459,3895296,680,824
random_n03_00,3,rank-static,1,262144,optimized,10505,2154,8611967,8624626,3874816,680,256
random_n03_00,3,peigen,2,262144,optimized,10424,2896,13318027,13331347,3903488,680,824
random_n03_00,3,rank-static,2,262144,optimized,10976,9551,8622542,8643069,3907584,680,256
random_n03_00,3,rank-shared,2,262144,optimized,9863,9041,4480698,4499602,3907584,680,256
random_n03_00,3,rank-static,3,262144,optimized,16960,1533,8605763,8624256,3846144,680,256
random_n03_00,3,rank-shared,3,262144,optimized,10925,1955,4599803,4612683,3903488,680,256
random_n03_00,3,peigen,3,262144,optimized,10364,2947,13293209,13306520,3866624,680,824
random_n03_00,3,rank-shared,4,262144,optimized,9822,2376,4462596,4474794,3866624,680,256
random_n03_00,3,peigen,4,262144,optimized,10866,2936,13368724,13382526,3858432,680,824
random_n03_00,3,rank-static,4,262144,optimized,10725,1884,8626100,8638709,3899392,680,256
random_n03_01,3,rank-shared,0,262144,optimized,9873,1724,4644367,4655964,3895296,680,256
random_n03_01,3,peigen,0,262144,optimized,9412,2947,13367982,13380341,3854336,680,824
random_n03_01,3,rank-static,0,262144,optimized,9532,8740,8875547,8893819,3895296,680,256
random_n03_01,3,peigen,1,262144,optimized,11477,2546,13319008,13333031,3895296,680,824
random_n03_01,3,rank-static,1,262144,optimized,10734,11277,9018066,9040077,3903488,680,256
random_n03_01,3,rank-shared,1,262144,optimized,9673,2255,4723690,4735618,3903488,680,256
random_n03_01,3,rank-static,2,262144,optimized,9673,2185,8956995,8968853,3846144,680,256
random_n03_01,3,rank-shared,2,262144,optimized,10414,1513,4679518,4691445,3883008,680,256
random_n03_01,3,peigen,2,262144,optimized,10274,2776,13319119,13332169,3870720,680,824
random_n03_01,3,rank-shared,3,262144,optimized,10474,1984,4707443,4719901,3837952,680,256
random_n03_01,3,peigen,3,262144,optimized,9833,8339,13328671,13346843,3899392,680,824
random_n03_01,3,rank-static,3,262144,optimized,10044,2185,8927477,8939706,3858432,680,256
random_n03_01,3,peigen,4,262144,optimized,10535,2555,13346252,13359342,3887104,680,824
random_n03_01,3,rank-static,4,262144,optimized,10043,1945,8942241,8954229,3899392,680,256
random_n03_01,3,rank-shared,4,262144,optimized,10264,10464,4680109,4700837,3899392,680,256
random_n03_02,3,peigen,0,262144,optimized,9682,2847,13372452,13384981,3895296,680,824
random_n03_02,3,rank-static,0,262144,optimized,9381,2105,9716483,9727969,3907584,680,256
random_n03_02,3,rank-shared,0,262144,optimized,10664,1404,5424692,5436760,3817472,680,256
random_n03_02,3,rank-static,1,262144,optimized,10164,2134,9069065,9081363,3866624,680,256
random_n03_02,3,rank-shared,1,262144,optimized,9742,1995,4768163,4779900,3883008,680,256
random_n03_02,3,peigen,1,262144,optimized,10094,2887,13314468,13327449,3846144,680,824
random_n03_02,3,rank-shared,2,262144,optimized,11246,2265,4857129,4870640,3846144,680,256
random_n03_02,3,peigen,2,262144,optimized,10384,3007,13267258,13280649,3907584,680,824
random_n03_02,3,rank-static,2,262144,optimized,10485,2476,9160336,9173297,3878912,680,256
random_n03_02,3,peigen,3,262144,optimized,9522,9582,13245358,13264462,3899392,680,824
random_n03_02,3,rank-static,3,262144,optimized,10744,2085,12336325,12349154,3907584,680,256
random_n03_02,3,rank-shared,3,262144,optimized,11156,1242,4943058,4955456,3903488,680,256
random_n03_02,3,rank-static,4,262144,optimized,10554,1794,9094955,9107303,3899392,680,256
random_n03_02,3,rank-shared,4,262144,optimized,10184,2095,5090439,5102718,3883008,680,256
random_n03_02,3,peigen,4,262144,optimized,9973,2957,13311481,13324411,3842048,680,824
random_n03_03,3,rank-static,0,262144,optimized,11587,2355,9697138,9711080,3895296,680,256
random_n03_03,3,rank-shared,0,262144,optimized,10946,1623,5566771,5579340,3903488,680,256
random_n03_03,3,peigen,0,262144,optimized,9312,2876,13200094,13212282,3862528,680,824
random_n03_03,3,rank-shared,1,262144,optimized,9392,2095,6228492,6239979,3895296,680,256
random_n03_03,3,peigen,1,262144,optimized,10856,3017,13330445,13344318,3903488,680,824
random_n03_03,3,rank-static,1,262144,optimized,10564,1975,9896128,9908667,3887104,680,256
random_n03_03,3,peigen,2,262144,optimized,10103,2616,13425936,13438655,3862528,680,824
random_n03_03,3,rank-static,2,262144,optimized,10133,8009,10381912,10400054,3837952,680,256
random_n03_03,3,rank-shared,2,262144,optimized,9723,1984,6389515,6401222,3903488,680,256
random_n03_03,3,rank-static,3,262144,optimized,10855,1724,9644607,9657186,3870720,680,256
random_n03_03,3,rank-shared,3,262144,optimized,10003,1643,5950679,5962325,3837952,680,256
random_n03_03,3,peigen,3,262144,optimized,10384,2886,13337502,13350772,3895296,680,824
random_n03_03,3,rank-shared,4,262144,optimized,9733,8710,5646154,5664597,3895296,680,256
random_n03_03,3,peigen,4,262144,optimized,10074,3368,13339786,13353228,3891200,680,824
random_n03_03,3,rank-static,4,262144,optimized,11116,11186,10442563,10464865,3903488,680,256
random_n03_04,3,rank-shared,0,262144,optimized,10284,1904,4534983,4547171,3874816,680,256
random_n03_04,3,peigen,0,262144,optimized,9321,2767,13323729,13335817,3829760,680,824
random_n03_04,3,rank-static,0,262144,optimized,8801,2235,8651859,8662895,3895296,680,256
random_n03_04,3,peigen,1,262144,optimized,10705,2536,13308023,13321264,3903488,680,824
random_n03_04,3,rank-static,1,262144,optimized,10384,12007,8640193,8662584,3866624,680,256
random_n03_04,3,rank-shared,1,262144,optimized,9723,2025,4532487,4544235,3854336,680,256
random_n03_04,3,rank-static,2,262144,optimized,10063,2095,8675354,8687512,3895296,680,256
random_n03_04,3,rank-shared,2,262144,optimized,11356,1924,4493337,4506617,3895296,680,256
random_n03_04,3,peigen,2,262144,optimized,10935,2867,13329182,13342984,3883008,680,824
random_n03_04,3,rank-shared,3,262144,optimized,10174,2245,4510457,4522876,3837952,680,256
random_n03_04,3,peigen,3,262144,optimized,13912,2937,13346963,13363812,3866624,680,824
random_n03_04,3,rank-static,3,262144,optimized,10123,9682,8659166,8678971,3903488,680,256
random_n03_04,3,peigen,4,262144,optimized,11076,2706,13132447,13146229,3903488,680,824
random_n03_04,3,rank-static,4,262144,optimized,11306,2034,8651750,8665090,3903488,680,256
random_n03_04,3,rank-shared,4,262144,optimized,10274,1854,4486291,4498419,3903488,680,256
random_n03_05,3,peigen,0,262144,optimized,9381,2707,13273863,13285951,3854336,680,824
random_n03_05,3,rank-static,0,262144,optimized,10965,2225,9077364,9090554,3883008,680,256
random_n03_05,3,rank-shared,0,262144,optimized,10364,1875,5013991,5026230,3874816,680,256
random_n03_05,3,rank-static,1,262144,optimized,10053,2225,9098543,9110821,3870720,680,256
random_n03_05,3,rank-shared,1,262144,optimized,9963,2055,4973428,4985446,3866624,680,256
random_n03_05,3,peigen,1,262144,optimized,11447,2957,13347153,13361557,3866624,680,824
random_n03_05,3,rank-shared,2,262144,optimized,11627,2296,5009842,5023765,3833856,680,256
random_n03_05,3,peigen,2,262144,optimized,10034,10865,13157935,13178834,3899392,680,824
random_n03_05,3,rank-static,2,262144,optimized,9011,2626,9109248,9120885,3899392,680,256
random_n03_05,3,peigen,3,262144,optimized,9652,2677,13295594,13307923,3842048,680,824
random_n03_05,3,rank-static,3,262144,optimized,11306,11446,9081915,9104667,3895296,680,256
random_n03_05,3,rank-shared,3,262144,optimized,10434,12158,4892400,4914992,3895296,680,256
random_n03_05,3,rank-static,4,262144,optimized,9883,2145,9110451,9122479,3899392,680,256
random_n03_05,3,rank-shared,4,262144,optimized,9422,2095,4993434,5004951,3895296,680,256
random_n03_05,3,peigen,4,262144,optimized,11607,2506,13311481,13325594,3862528,680,824
random_n03_06,3,rank-static,0,262144,optimized,10203,2276,8785067,8797546,3903488,680,256
random_n03_06,3,rank-shared,0,262144,optimized,9352,2475,4563841,4575668,3833856,680,256
random_n03_06,3,peigen,0,262144,optimized,9693,3057,13262688,13275438,3846144,680,824
random_n03_06,3,rank-shared,1,262144,optimized,10223,2556,4672702,4685481,3899392,680,256
random_n03_06,3,peigen,1,262144,optimized,11727,2617,13346261,13360605,3895296,680,824
random_n03_06,3,rank-static,1,262144,optimized,10374,2205,8791623,8804202,3854336,680,256
random_n03_06,3,peigen,2,262144,optimized,10154,2626,13368924,13381704,3903488,680,824
random_n03_06,3,rank-static,2,262144,optimized,9051,2396,8682049,8693496,3899392,680,256
random_n03_06,3,rank-shared,2,262144,optimized,11115,1784,4578224,4591123,3833856,680,256
random_n03_06,3,rank-static,3,262144,optimized,10725,1654,8947002,8959381,3903488,680,256
random_n03_06,3,rank-shared,3,262144,optimized,10605,8930,4588638,4608173,3854336,680,256
random_n03_06,3,peigen,3,262144,optimized,9582,9151,13259521,13278254,3866624,680,824
random_n03_06,3,rank-shared,4,262144,optimized,11186,2225,4591073,4604484,3833856,680,256
random_n03_06,3,peigen,4,262144,optimized,10655,2866,13335477,13348998,3903488,680,824
random_n03_06,3,rank-static,4,262144,optimized,10133,2085,8841187,8853405,3850240,680,256
random_n03_07,3,rank-shared,0,262144,optimized,9382,1954,4488356,4499692,3895296,680,256
random_n03_07,3,peigen,0,262144,optimized,10424,2656,13261726,13274806,3850240,680,824
random_n03_07,3,rank-static,0,262144,optimized,13912,2345,8610383,8626640,3825664,680,256
random_n03_07,3,peigen,1,262144,optimized,10053,2777,13323318,13336148,3903488,680,824
random_n03_07,3,rank-static,1,262144,optimized,10866,2315,8664719,8677900,3870720,680,256
random_n03_07,3,rank-shared,1,262144,optimized,9371,8460,4486080,4503911,3862528,680,256
random_n03_07,3,rank-static,2,262144,optimized,11256,1805,8657772,8670833,3833856,680,256
random_n03_07,3,rank-shared,2,262144,optimized,10534,1965,4610839,4623338,3837952,680,256
random_n03_07,3,peigen,2,262144,optimized,10465,2736,13396497,13409698,3903488,680,824
random_n03_07,3,rank-shared,3,262144,optimized,9772,2576,4470495,4482843,3907584,680,256
random_n03_07,3,peigen,3,262144,optimized,10424,2817,13282052,13295293,3817472,680,824
random_n03_07,3,rank-static,3,262144,optimized,11066,1804,8687261,8700131,3903488,680,256
random_n03_07,3,peigen,4,262144,optimized,10193,10164,13587630,13607987,3907584,680,824
random_n03_07,3,rank-static,4,262144,optimized,10234,2195,8628755,8641184,3858432,680,256
random_n03_07,3,rank-shared,4,262144,optimized,9151,2105,4485970,4497226,3837952,680,256
random_n03_08,3,peigen,0,262144,optimized,10243,3067,13297980,13311290,3903488,680,824
random_n03_08,3,rank-static,0,262144,optimized,10535,2325,9082526,9095386,3899392,680,256
random_n03_08,3,rank-shared,0,262144,optimized,10705,2566,4672712,4685983,3842048,680,256
random_n03_08,3,rank-static,1,262144,optimized,9071,2115,9252088,9263274,3842048,680,256
random_n03_08,3,rank-shared,1,262144,optimized,10283,1814,4964608,4976705,3829760,680,256
random_n03_08,3,peigen,1,262144,optimized,10655,2866,13469777,13483298,3854336,680,824
random_n03_08,3,rank-shared,2,262144,optimized,10384,2095,4693971,4706450,3862528,680,256
random_n03_08,3,peigen,2,262144,optimized,9502,2937,13328971,13341410,3891200,680,824
random_n03_08,3,rank-static,2,262144,optimized,10334,2035,9206061,9218430,3907584,680,256
random_n03_08,3,peigen,3,262144,optimized,10865,2636,13295785,13309286,3887104,680,824
random_n03_08,3,rank-static,3,262144,optimized,10574,2045,8899191,8911810,3903488,680,256
random_n03_08,3,rank-shared,3,262144,optimized,10675,1904,4814971,4827550,3846144,680,256
random_n03_08,3,rank-static,4,262144,optimized,9732,2396,9014879,9027007,3907584,680,256
random_n03_08,3,rank-shared,4,262144,optimized,10535,1483,4526143,4538161,3862528,680,256
random_n03_08,3,peigen,4,262144,optimized,9903,2546,13319279,13331728,3907584,680,824
random_n03_09,3,rank-static,0,262144,optimized,10555,10334,9075018,9095907,3907584,680,256
random_n03_09,3,rank-shared,0,262144,optimized,9883,1944,5502081,5513908,3870720,680,256
random_n03_09,3,peigen,0,262144,optimized,9713,2876,13289039,13301628,3842048,680,824
random_n03_09,3,rank-shared,1,262144,optimized,11466,1694,6093931,6107091,3887104,680,256
random_n03_09,3,peigen,1,262144,optimized,9762,2787,13321754,13334303,3903488,680,824
random_n03_09,3,rank-static,1,262144,optimized,10404,2535,8704381,8717320,3887104,680,256
random_n03_09,3,peigen,2,262144,optimized,9542,2917,13302310,13314769,3903488,680,824
random_n03_09,3,rank-static,2,262144,optimized,10876,1914,9556292,9569082,3866624,680,256
random_n03_09,3,rank-shared,2,262144,optimized,11015,1544,4816705,4829264,3866624,680,256
random_n03_09,3,rank-static,3,262144,optimized,10755,2174,9348131,9361060,3878912,680,256
random_n03_09,3,rank-shared,3,262144,optimized,9782,2105,5493832,5505719,3874816,680,256
random_n03_09,3,peigen,3,262144,optimized,9282,3087,13240827,13253196,3899392,680,824
random_n03_09,3,rank-shared,4,262144,optimized,11928,1874,4668512,4682314,3887104,680,256
random_n03_09,3,peigen,4,262144,optimized,10985,2696,13319450,13333131,3895296,680,824
random_n03_09,3,rank-static,4,262144,optimized,10324,2165,9771440,9783929,3903488,680,256
PRESENT,4,rank-shared,0,262144,optimized,9592,2084,9599392,9611068,3903488,728,288
PRESENT,4,peigen,0,262144,optimized,11517,2876,16183346,16197739,3866624,728,880
PRESENT,4,rank-static,0,262144,optimized,10775,1985,14250724,14263484,3842048,728,288
PRESENT,4,peigen,1,262144,optimized,10785,2666,16280591,16294042,3883008,728,880
PRESENT,4,rank-static,1,262144,optimized,9573,10123,14206311,14226007,3866624,728,288
PRESENT,4,rank-shared,1,262144,optimized,9492,2215,9317119,9328826,3887104,728,288
PRESENT,4,rank-static,2,262144,optimized,9582,1403,14267684,14278669,3887104,728,288
PRESENT,4,rank-shared,2,262144,optimized,11847,1875,9021915,9035637,3846144,728,288
PRESENT,4,peigen,2,262144,optimized,11106,2987,16259733,16273826,3858432,728,880
PRESENT,4,rank-shared,3,262144,optimized,10534,1965,9016272,9028771,3874816,728,288
PRESENT,4,peigen,3,262144,optimized,9562,3137,16209597,16222296,3850240,728,880
PRESENT,4,rank-static,3,262144,optimized,9181,2626,14343560,14355367,3829760,728,288
PRESENT,4,peigen,4,262144,optimized,10384,2827,16268443,16281654,3837952,728,880
PRESENT,4,rank-static,4,262144,optimized,11326,11046,14153399,14175771,3903488,728,288
PRESENT,4,rank-shared,4,262144,optimized,11046,1915,8965544,8978505,3895296,728,288
AES,8,bitwise,0,4096,optimized,13251,17781,11747923,11778955,3854336,2176,2584
AES,8,peigen,0,4096,optimized,13562,19826,15285789,15319177,3919872,2176,2584
AES,8,rank-static,0,4096,optimized,12338,9061,2950367,2971766,3850240,2176,2272
AES,8,rank-shared,0,4096,optimized,13681,12259,821862,847802,3878912,2176,2272
AES,8,peigen,1,4096,optimized,12870,19245,15208480,15240595,3911680,2176,2584
AES,8,rank-static,1,4096,optimized,12339,9722,2963989,2986050,3891200,2176,2272
AES,8,rank-shared,1,4096,optimized,12178,8239,825440,845857,3874816,2176,2272
AES,8,bitwise,1,4096,optimized,13992,16448,11229964,11260404,3903488,2176,2584
AES,8,rank-static,2,4096,optimized,13191,10404,2992344,3015939,3862528,2176,2272
AES,8,rank-shared,2,4096,optimized,13420,7007,827034,847461,3866624,2176,2272
AES,8,bitwise,2,4096,optimized,14503,15146,11352287,11381936,3911680,2176,2584
AES,8,peigen,2,4096,optimized,13471,29508,15233990,15276969,3883008,2176,2584
AES,8,rank-shared,3,4096,optimized,13270,10545,829258,853073,3846144,2176,2272
AES,8,bitwise,3,4096,optimized,13181,11056,11356497,11380734,3874816,2176,2584
AES,8,peigen,3,4096,optimized,12799,20758,15378464,15412021,3915776,2176,2584
AES,8,rank-static,3,4096,optimized,14744,11867,3041288,3067899,3907584,2176,2272
AES,8,bitwise,4,4096,optimized,14122,16488,11224422,11255032,3870720,2176,2584
AES,8,peigen,4,4096,optimized,14383,20428,15191240,15226051,3862528,2176,2584
AES,8,rank-static,4,4096,optimized,12970,6816,2962866,2982652,3907584,2176,2272
AES,8,rank-shared,4,4096,optimized,13241,10714,833850,857805,3891200,2176,2272
CLEFIA_S0,8,peigen,0,4096,optimized,13241,34139,15266263,15313643,3907584,2176,2584
CLEFIA_S0,8,rank-static,0,4096,optimized,13431,11076,2959327,2983834,3846144,2176,2272
CLEFIA_S0,8,rank-shared,0,4096,optimized,11597,9041,812861,833499,3850240,2176,2272
CLEFIA_S0,8,bitwise,0,4096,optimized,18092,18001,11499288,11535381,3870720,2176,2584
CLEFIA_S0,8,rank-static,1,4096,optimized,13311,12087,2953685,2979083,3891200,2176,2272
CLEFIA_S0,8,rank-shared,1,4096,optimized,13912,9963,816008,839883,3837952,2176,2272
CLEFIA_S0,8,bitwise,1,4096,optimized,13181,14834,11383169,11411184,3837952,2176,2584
CLEFIA_S0,8,peigen,1,4096,optimized,13982,28376,15256281,15298639,3862528,2176,2584
CLEFIA_S0,8,rank-shared,2,4096,optimized,13862,12730,814885,841477,3846144,2176,2272
CLEFIA_S0,8,bitwise,2,4096,optimized,13371,14584,11270919,11298874,3911680,2176,2584
CLEFIA_S0,8,peigen,2,4096,optimized,13110,24557,15271847,15309514,3854336,2176,2584
CLEFIA_S0,8,rank-static,2,4096,optimized,13421,9983,2955308,2978712,3870720,2176,2272
CLEFIA_S0,8,bitwise,3,4096,optimized,13842,17310,11286335,11317487,3911680,2176,2584
CLEFIA_S0,8,peigen,3,4096,optimized,13751,24477,15283393,15321621,3883008,2176,2584
CLEFIA_S0,8,rank-static,3,4096,optimized,13361,9953,2939802,2963116,3874816,2176,2272
CLEFIA_S0,8,rank-shared,3,4096,optimized,13261,8560,816990,838811,3899392,2176,2272
CLEFIA_S0,8,peigen,4,4096,optimized,13912,25759,15312591,15352262,3915776,2176,2584
CLEFIA_S0,8,rank-static,4,4096,optimized,13140,11146,2934941,2959227,3846144,2176,2272
CLEFIA_S0,8,rank-shared,4,4096,optimized,13000,6936,810165,830101,3837952,2176,2272
CLEFIA_S0,8,bitwise,4,4096,optimized,13371,14884,11358442,11386697,3895296,2176,2584
CLEFIA_S1,8,rank-static,0,4096,optimized,13250,11236,2932977,2957463,3895296,2176,2272
CLEFIA_S1,8,rank-shared,0,4096,optimized,13110,10785,843301,867196,3911680,2176,2272
CLEFIA_S1,8,bitwise,0,4096,optimized,11888,13721,11397051,11422660,3903488,2176,2584
CLEFIA_S1,8,peigen,0,4096,optimized,13872,18443,15224427,15256742,3883008,2176,2584
CLEFIA_S1,8,rank-shared,1,4096,optimized,14063,11937,838139,864139,3899392,2176,2272
CLEFIA_S1,8,bitwise,1,4096,optimized,12368,15496,11470111,11497975,3862528,2176,2584
CLEFIA_S1,8,peigen,1,4096,optimized,12429,22262,15261472,15296163,3919872,2176,2584
CLEFIA_S1,8,rank-static,1,4096,optimized,13210,9141,2938489,2960840,3854336,2176,2272
CLEFIA_S1,8,bitwise,2,4096,optimized,13702,16588,11263833,11294123,3846144,2176,2584
CLEFIA_S1,8,peigen,2,4096,optimized,12940,23364,15293036,15329340,3878912,2176,2584
CLEFIA_S1,8,rank-static,2,4096,optimized,13541,11216,2945556,2970313,3874816,2176,2272
CLEFIA_S1,8,rank-shared,2,4096,optimized,12800,8620,832125,853545,3911680,2176,2272
CLEFIA_S1,8,peigen,3,4096,optimized,13632,23303,15258817,15295752,3923968,2176,2584
CLEFIA_S1,8,rank-static,3,4096,optimized,13241,12729,2932897,2958867,3870720,2176,2272
CLEFIA_S1,8,rank-shared,3,4096,optimized,13471,9983,834792,858246,3891200,2176,2272
CLEFIA_S1,8,bitwise,3,4096,optimized,12399,13281,11241120,11266800,3895296,2176,2584
CLEFIA_S1,8,rank-static,4,4096,optimized,14914,11547,2940624,2967085,3866624,2176,2272
CLEFIA_S1,8,rank-shared,4,4096,optimized,13501,11857,838731,864089,3825664,2176,2272
CLEFIA_S1,8,bitwise,4,4096,optimized,13151,11476,11634571,11659198,3907584,2176,2584
CLEFIA_S1,8,peigen,4,4096,optimized,12730,22542,15240775,15276047,3915776,2176,2584
MISTY1_S9,9,bitwise,0,1024,optimized,25680,151400,6267993,6445073,3858432,3808,4664
MISTY1_S9,9,rank-static,0,1024,optimized,26281,6154,1439531,1471966,3907584,3808,4320
MISTY1_S9,9,rank-shared,0,1024,optimized,21440,5974,283506,310920,3846144,3808,4320
MISTY1_S9,9,rank-static,1,1024,optimized,22091,6405,1435622,1464118,3907584,3808,4320
MISTY1_S9,9,rank-shared,1,1024,optimized,25640,6364,287886,319890,3903488,3808,4320
MISTY1_S9,9,bitwise,1,1024,optimized,21660,147832,6364717,6534209,3915776,3808,4664
MISTY1_S9,9,rank-shared,2,1024,optimized,20688,6184,286774,313646,3907584,3808,4320
MISTY1_S9,9,bitwise,2,1024,optimized,24807,149526,6330829,6505162,3895296,3808,4664
MISTY1_S9,9,rank-static,2,1024,optimized,22963,6455,1436304,1465722,3842048,3808,4320
MISTY1_S9,9,bitwise,3,1024,optimized,20577,151681,6296520,6468778,3870720,3808,4664
MISTY1_S9,9,rank-static,3,1024,optimized,23123,6215,1440914,1470252,3895296,3808,4320
MISTY1_S9,9,rank-shared,3,1024,optimized,25900,6215,300976,333091,3866624,3808,4320
MISTY1_S9,9,rank-static,4,1024,optimized,19024,5944,1436413,1461381,3919872,3808,4320
MISTY1_S9,9,rank-shared,4,1024,optimized,22021,5643,282474,310138,3907584,3808,4320
MISTY1_S9,9,bitwise,4,1024,optimized,24958,152172,6566563,6743693,3891200,3808,4664
MISTY1_FI_key0000,16,rank-static,0,128,optimized,715636,634488,38713867,40063991,5263360,467552,524512
MISTY1_FI_key0000,16,rank-shared,0,128,optimized,678399,629788,6366411,7674598,5304320,467552,524512
MISTY1_FI_key0000,16,bitwise,0,128,optimized,673759,2380444925,6242177234,8623295918,5332992,467552,680632
MISTY1_FI_key0000,16,rank-shared,1,128,optimized,720307,618842,6363874,7703023,5234688,467552,524512
MISTY1_FI_key0000,16,bitwise,1,128,optimized,684063,2416358651,6452828293,8869871007,5332992,467552,680632
MISTY1_FI_key0000,16,rank-static,1,128,optimized,707878,656118,38342567,39706563,5242880,467552,524512
MISTY1_FI_key0000,16,bitwise,2,128,optimized,680364,2380503778,6243546442,8624730584,5271552,467552,680632
MISTY1_FI_key0000,16,rank-static,2,128,optimized,697654,618662,38711469,40027785,5267456,467552,524512
MISTY1_FI_key0000,16,rank-shared,2,128,optimized,676194,635942,6373888,7686024,5292032,467552,524512
MISTY1_FI_key0000,16,rank-static,3,128,optimized,657060,622039,38450907,39730006,5271552,467552,524512
MISTY1_FI_key0000,16,rank-shared,3,128,optimized,682750,627171,6369237,7679158,5238784,467552,524512
MISTY1_FI_key0000,16,bitwise,3,128,optimized,665169,2415444320,6480698671,8896808160,5324800,467552,680632
MISTY1_FI_key0000,16,rank-shared,4,128,optimized,708188,619073,6388621,7715882,5279744,467552,524512
MISTY1_FI_key0000,16,bitwise,4,128,optimized,685807,2381147154,6431614356,8813447317,5296128,467552,680632
MISTY1_FI_key0000,16,rank-static,4,128,optimized,716979,620175,38599589,39936743,5263360,467552,524512
