group,case,metric,profile,method,binary,threads,core_speedup,core_q1,core_q3,total_speedup,total_q1,total_q3
A,random_n08_00,max,high,reference,coam,1,1.0,1.0,1.0,1.0,1.0,1.0
A,random_n08_00,max,high,reference,coam,2,1.0796469786268843,0.8325260645669068,1.4959421195506464,1.289202333243008,0.9717850009571191,1.4192550231358256
A,random_n08_00,max,high,reference,coam,4,1.082965732992055,1.0003032028792063,1.2179304834678382,1.0274182793580553,0.9711075105593079,1.1085033020062367
A,random_n08_00,max,high,reference,coam,8,1.02083048140543,0.9284679016245992,1.5113313368957608,1.0133968609865471,0.9427353749823504,1.5280843478004287
A,random_n08_00,max,high,reference,coam,16,1.3152767640618745,1.2032448010734464,1.689076771044955,1.4505992783775938,1.3557044037502788,1.7418187882051888
A,random_n08_00,max,high,reference,coam,32,1.3521257155304909,1.2221487317613886,1.706762882638302,1.4381798661397538,1.3404667529660335,1.711986731795628
A,random_n08_00,max,high,reference,coam,64,1.3573246511853927,1.2238798069640566,1.7212597138447396,1.420104569384358,1.3299745615238168,1.6800985645390822
A,random_n08_00,max,high,reference-proposed,coam,1,1.0,1.0,1.0,1.0,1.0,1.0
A,random_n08_00,max,high,reference-proposed,coam,2,0.8865876730060739,0.6999760137565809,0.9113209349828784,0.9282861181097524,0.7169820072493902,0.9285864572088645
A,random_n08_00,max,high,reference-proposed,coam,4,1.0588497879622052,0.8979272667876361,1.589412918829542,1.0378815812455122,0.9472910020080673,1.5244369680218661
A,random_n08_00,max,high,reference-proposed,coam,8,1.8927230213278539,1.1823814111614395,1.9930321188968736,2.11120872099988,1.3079327398346887,2.114910597076509
A,random_n08_00,max,high,reference-proposed,coam,16,1.8610743398592628,1.4611463713314659,1.9725870558835716,1.8824058905071381,1.4345245945479146,1.9124714306030683
A,random_n08_00,max,high,reference-proposed,coam,32,1.943963321446765,1.4612892313759303,2.0328430839443565,1.6055328646695313,1.237634949678767,1.6067431808123445
A,random_n08_00,max,high,reference-proposed,coam,64,2.0082700548830914,1.521963582237063,2.044653725553367,1.521073678759458,1.1932800303560533,1.6081123464075975
A,random_n08_00,max,natural,reference,coam,1,1.0,1.0,1.0,1.0,1.0,1.0
A,random_n08_00,max,natural,reference,coam,2,0.9212649966782602,0.7141634253590242,0.9618647058443279,0.9173206325944923,0.7118798530012868,0.96516675996902
A,random_n08_00,max,natural,reference,coam,4,0.5452996049556514,0.4944948209280102,0.7273254440103676,0.5400418445350397,0.49568897700806314,0.7134711947792562
A,random_n08_00,max,natural,reference,coam,8,1.0351239669421488,0.7868804893165264,1.55276134527909,1.0591647909212076,0.7969672289529002,1.579710175444163
A,random_n08_00,max,natural,reference,coam,16,0.9734652984394924,0.9184756892077235,1.5149187099315395,0.9792707433182151,0.9380929657668899,1.5004439129904743
A,random_n08_00,max,natural,reference,coam,32,1.0415725227208743,1.0226459850586305,1.5407278535150377,0.9898132164601057,0.9820422808183524,1.4700486315561507
A,random_n08_00,max,natural,reference,coam,64,1.045428857105595,1.0232988799670975,1.5497880650682605,0.9622737383531315,0.929433475497638,1.4370731967626849
A,random_n08_00,max,natural,reference-proposed,coam,1,1.0,1.0,1.0,1.0,1.0,1.0
A,random_n08_00,max,natural,reference-proposed,coam,2,1.065217391304348,0.7606414957164878,1.2746040963243834,0.9731824980513598,0.7278736705233272,0.9869117755439072
A,random_n08_00,max,natural,reference-proposed,coam,4,1.0691906005221932,0.6832276624493171,1.2765907009333062,0.9502049429812102,0.7007818364774404,0.976949253744114
A,random_n08_00,max,natural,reference-proposed,coam,8,0.4482758620689655,0.4267016673766951,0.9507099040121374,0.4659679037111334,0.4568250241206502,0.8029812373477563
A,random_n08_00,max,natural,reference-proposed,coam,16,0.8884886452623336,0.7418460668172133,1.1719507764826589,0.9929255364623407,0.9281925268652124,0.9936430170580678
A,random_n08_00,max,natural,reference-proposed,coam,32,0.8786206896551724,0.7533951637845123,1.1045760070004649,0.8687867902883042,0.8382759955997012,0.8695655013072626
A,random_n08_00,max,natural,reference-proposed,coam,64,0.9501160092807425,0.9178895080187497,0.9531466613064761,0.7930116245327142,0.782327717489602,0.8236360820731689
A,random_n08_00,min,static,reference,coam,1,1.0,1.0,1.0,1.0,1.0,1.0
A,random_n08_00,min,static,reference,coam,2,1.4672209943748826,1.4558647257494872,1.5872503991139872,1.4197355918133643,1.407672552982194,1.571159949677127
A,random_n08_00,min,static,reference,coam,4,2.827062416406979,2.802870283011733,2.835989866125753,2.65386016777063,2.629980062814087,2.680467667139359
A,random_n08_00,min,static,reference,coam,8,4.452987672572871,4.437376825512316,4.510010107417742,4.273901156677182,4.261559233749342,4.2954221905558265
A,random_n08_00,min,static,reference,coam,16,5.5556011785070645,5.550203519251134,5.601397372645701,5.3310992799521495,5.329915852670176,5.369574561185322
A,random_n08_00,min,static,reference,coam,32,4.747652160930695,4.66965043467922,4.8580269044611715,4.507383200193658,4.448581828720111,4.65285585226256
A,random_n08_00,min,static,reference,coam,64,3.1783667263794815,3.145738838488546,3.2548747560425753,3.0947606303481323,3.0381038003716965,3.165665302812339
A,random_n08_00,min,static,reference-proposed,coam,1,1.0,1.0,1.0,1.0,1.0,1.0
A,random_n08_00,min,static,reference-proposed,coam,2,0.49303434630409415,0.4693996287846731,0.7542098026612041,0.4890827629846751,0.4589030325218294,0.7606908550502463
A,random_n08_00,min,static,reference-proposed,coam,4,0.998756461774046,0.7257040326159039,0.9995772671325709,0.9839984195969972,0.7132767700307472,0.9925151053632921
A,random_n08_00,min,static,reference-proposed,coam,8,0.9856942322777755,0.738280998349212,1.0005928510161382,0.8188896432350441,0.6553877427143323,0.9395803835061456
A,random_n08_00,min,static,reference-proposed,coam,16,0.9998765355886166,0.9912286136082211,1.0083274592480158,0.9720850891585773,0.9700319889634841,0.9940245656580239
A,random_n08_00,min,static,reference-proposed,coam,32,1.0018884156192953,0.982248680656266,1.009707871586504,0.9216693225491115,0.9180143971138193,0.9243240223900706
A,random_n08_00,min,static,reference-proposed,coam,64,1.016139836717605,0.9740638481117962,1.0165620541073976,0.9385062003224028,0.902889157579453,0.9477801316979944
A,random_n08_00,spectrum,high,reference,coam,1,1.0,1.0,1.0,1.0,1.0,1.0
A,random_n08_00,spectrum,high,reference,coam,2,1.1255308890040108,1.0662634480960187,1.1628241078718653,1.1668185918702538,1.084909539450231,1.1671274438234183
A,random_n08_00,spectrum,high,reference,coam,4,1.9541567014306975,1.9464329951621049,1.9581198399631055,1.8947217802544634,1.8922271697157107,1.916288152871949
A,random_n08_00,spectrum,high,reference,coam,8,3.5225259099441066,3.4908074425278723,3.5290169632424666,3.3858204872253523,3.3681929015346372,3.4250591134016375
A,random_n08_00,spectrum,high,reference,coam,16,4.935952918424632,4.908283390314759,4.9893859975464725,4.782239068121833,4.761250614172794,4.861758898061515
A,random_n08_00,spectrum,high,reference,coam,32,4.7189979475842545,4.654883220207642,4.742878769090526,4.495497856234942,4.475468991638417,4.589493677002978
A,random_n08_00,spectrum,high,reference,coam,64,3.3162648223283586,3.274950902619926,3.3598609989704484,3.238157423306753,3.2031840162515195,3.2876913327214004
A,random_n08_00,spectrum,high,reference-proposed,coam,1,1.0,1.0,1.0,1.0,1.0,1.0
A,random_n08_00,spectrum,high,reference-proposed,coam,2,0.5592658508258775,0.4990116616921062,0.7172694256235236,0.6994709291579754,0.5798972356175299,0.7115051955786895
A,random_n08_00,spectrum,high,reference-proposed,coam,4,0.5517600814793596,0.49612840346963216,0.5646887308604269,0.6989098258904415,0.5781161711211183,0.7108905352335391
A,random_n08_00,spectrum,high,reference-proposed,coam,8,0.5686026734212063,0.5489397291991654,0.5739409249228014,0.7121947367182958,0.6988033386189205,0.7290852942156172
A,random_n08_00,spectrum,high,reference-proposed,coam,16,0.34173443428134465,0.3409621939027545,0.3477734562981718,0.5181250914364588,0.5156936109753709,0.5264614718675529
A,random_n08_00,spectrum,high,reference-proposed,coam,32,0.22056192769713368,0.21441007994214967,0.2228761151380346,0.357815978327946,0.3549355948289431,0.3622376488323078
A,random_n08_00,spectrum,high,reference-proposed,coam,64,0.13220899232330652,0.12980520845121807,0.13857044017418813,0.23405940156662866,0.23316599611305439,0.2429496860107917
A,random_n08_00,spectrum,natural,reference,coam,1,1.0,1.0,1.0,1.0,1.0,1.0
A,random_n08_00,spectrum,natural,reference,coam,2,1.1068826825928944,1.0975413846482938,1.3721756014897923,1.1136805987563776,1.0959785498116026,1.3647762721919627
A,random_n08_00,spectrum,natural,reference,coam,4,2.24143593226182,2.2399786611777124,2.2537090955510664,2.180699541392508,2.167545419903419,2.199491784080207
A,random_n08_00,spectrum,natural,reference,coam,8,3.900766113503434,3.9004766314750032,3.905825559590898,3.791131830808184,3.7472356142568524,3.828016139240461
A,random_n08_00,spectrum,natural,reference,coam,16,5.256969716292352,5.203426179384203,5.259976919564609,5.100059938768974,5.034912865960472,5.13453625836492
A,random_n08_00,spectrum,natural,reference,coam,32,4.906958549729969,4.877323025543113,4.921847426575885,4.724283745932351,4.704009374659217,4.7595568755284905
A,random_n08_00,spectrum,natural,reference,coam,64,3.2956935870672317,3.2908951539203626,3.296292758651024,3.221949712087118,3.2102357566283293,3.2380602397956095
A,random_n08_00,spectrum,natural,reference-proposed,coam,1,1.0,1.0,1.0,1.0,1.0,1.0
A,random_n08_00,spectrum,natural,reference-proposed,coam,2,0.8543826714801444,0.8400125647903516,1.3180317387093192,0.9225762798160374,0.9051689405624059,1.3449785478491174
A,random_n08_00,spectrum,natural,reference-proposed,coam,4,1.6829698798610715,1.254511117941007,1.6968247594853623,1.8549152565289995,1.367321241398523,1.8823128952659325
A,random_n08_00,spectrum,natural,reference-proposed,coam,8,1.5325944649685657,1.1450371984293084,1.5618946753970473,1.0913152084703694,1.0076374628023386,1.5058683530549284
A,random_n08_00,spectrum,natural,reference-proposed,coam,16,1.0969854981025988,0.8035252067872753,1.0995993448909729,1.5766960889103425,1.1878922514449646,1.580632431447698
A,random_n08_00,spectrum,natural,reference-proposed,coam,32,0.8474075772996373,0.6403417733446303,0.862652509203689,1.350163126722542,1.0146136088746527,1.3511381269669913
A,random_n08_00,spectrum,natural,reference-proposed,coam,64,0.7047393110683269,0.5285155595747479,0.7284445415946865,1.231625395300608,0.9229249228187321,1.2337173549675309
A,random_n12_00,max,high,reference,coam,1,1.0,1.0,1.0,1.0,1.0,1.0
A,random_n12_00,max,high,reference,coam,2,0.895214733560184,0.8944716283838952,0.9056262231438246,0.8836951647055149,0.8832468611386861,0.8979144794254901
A,random_n12_00,max,high,reference,coam,4,1.5755366436596752,1.5683346862411462,1.586869677560636,1.2856155992325922,1.2429791030835902,1.336240942140601
A,random_n12_00,max,high,reference,coam,8,1.9381653876418512,1.924864933002263,1.9740741176857906,1.5137666980895819,1.5079053149255046,1.5307098508711352
A,random_n12_00,max,high,reference,coam,16,2.525201825830126,2.4863212940309904,2.5546977393458254,1.7755509218638807,1.7423588675413884,1.7833486963937153
A,random_n12_00,max,high,reference,coam,32,2.2384138463876786,2.202908795647257,2.2580323064877774,1.6303726907612908,1.6182963358259457,1.6325237951292149
A,random_n12_00,max,high,reference,coam,64,2.068200901699537,2.0600580424926047,2.117865170377523,1.4826066885156983,1.4809540586429195,1.5102134566624739
A,random_n12_00,max,high,reference-proposed,coam,1,1.0,1.0,1.0,1.0,1.0,1.0
A,random_n12_00,max,high,reference-proposed,coam,2,0.846750604095129,0.779202843376172,0.8858510216308243,1.0030546287626025,0.977285412097684,1.2139725084342712
A,random_n12_00,max,high,reference-proposed,coam,4,0.9254934667778705,0.9154379906918011,0.9296120145980618,1.0649155537003905,1.0215868142088314,1.1806897273154187
A,random_n12_00,max,high,reference-proposed,coam,8,0.8917869790247889,0.8162104923942388,0.9180083627618183,1.2019478149721028,1.1424710583239497,1.337859472353507
A,random_n12_00,max,high,reference-proposed,coam,16,0.7712468343247542,0.7549824283724949,0.7867440003476047,1.2321002309647617,1.2261966432588784,1.3619033906888767
A,random_n12_00,max,high,reference-proposed,coam,32,0.6519304010156075,0.646863600353572,0.7328296529030798,1.1905518098420447,1.1858014934826773,1.2818302666842978
A,random_n12_00,max,high,reference-proposed,coam,64,0.5630285238575121,0.5470575153659138,0.6133193052856782,1.1317365883680377,1.110313498848949,1.2069661347035097
A,random_n12_00,max,natural,reference,coam,1,1.0,1.0,1.0,1.0,1.0,1.0
A,random_n12_00,max,natural,reference,coam,2,0.9549604969374815,0.9522056249709607,1.1305801939075792,0.9384416054376666,0.9170038458425358,1.1427269890759997
A,random_n12_00,max,natural,reference,coam,4,1.7406259245443203,1.7236236058365166,1.7533626527730988,1.3949311784901868,1.3128057266877824,1.4240458893056824
A,random_n12_00,max,natural,reference,coam,8,2.262169454577066,2.2190113075428006,2.326036112927799,1.6639971866039063,1.6530518890855819,1.6666150618957072
A,random_n12_00,max,natural,reference,coam,16,2.5816237054955025,2.514934784357722,2.7100071407651694,1.8164994022897265,1.8000991819223262,1.836813948980769
A,random_n12_00,max,natural,reference,coam,32,2.36964747852805,2.348338509625866,2.4818179500526614,1.6873799196677508,1.6848929513944013,1.6935320683830155
A,random_n12_00,max,natural,reference,coam,64,2.1477566888147503,2.12920340055911,2.263592797332343,1.5860023773289085,1.560013397785203,1.5893516488832589
A,random_n12_00,max,natural,reference-proposed,coam,1,1.0,1.0,1.0,1.0,1.0,1.0
A,random_n12_00,max,natural,reference-proposed,coam,2,0.520096921322691,0.49615349348410265,0.5902232446362081,1.1206597642894995,1.0270768742966738,1.2936752682506842
A,random_n12_00,max,natural,reference-proposed,coam,4,0.7602083333333334,0.6753431305484616,0.7683836123941494,1.3343092784272703,1.2054560651621455,1.4234542756829702
A,random_n12_00,max,natural,reference-proposed,coam,8,0.43344938403856453,0.42838362473389946,0.6413900115444149,1.3701926844512573,1.2929649434892965,1.4547857336585928
A,random_n12_00,max,natural,reference-proposed,coam,16,0.24884069830878341,0.24863370295331727,0.472793743269601,1.3721623318454317,1.3098235640188673,1.4888333291485865
A,random_n12_00,max,natural,reference-proposed,coam,32,0.313541263076327,0.2619897780202858,0.3902289388352544,1.3474994266895741,1.2245841980658998,1.4256980813548563
A,random_n12_00,max,natural,reference-proposed,coam,64,0.487378122078269,0.461024900974679,0.5400751341991169,1.2996067824141637,1.243815603034031,1.3178667499573393
A,random_n12_00,min,static,reference,coam,1,1.0,1.0,1.0,1.0,1.0,1.0
A,random_n12_00,min,static,reference,coam,2,2.2882785499542426,2.2809497963314103,2.299414151919219,2.13714639687837,2.1263508252437386,2.1428713335173537
A,random_n12_00,min,static,reference,coam,4,4.480830194354082,4.456529515930649,4.502703193528651,3.767223085465767,3.7579774105177517,3.79466099005883
A,random_n12_00,min,static,reference,coam,8,7.19379426209762,7.107354486888832,7.237829653052428,5.8230306980684325,5.7657309470827816,5.919100369451863
A,random_n12_00,min,static,reference,coam,16,8.173459112676541,8.141910911274813,8.193162272375194,8.017869347679259,7.986460471067019,8.020151349877736
A,random_n12_00,min,static,reference,coam,32,13.437632879060564,13.423548548008752,13.563247080810552,13.122853855887755,13.116380184383821,13.227801552199002
A,random_n12_00,min,static,reference,coam,64,15.859113599924443,15.762846972038414,15.958213812180826,14.943884013066862,14.923201504831393,15.114029127513767
A,random_n12_00,min,static,reference-proposed,coam,1,1.0,1.0,1.0,1.0,1.0,1.0
A,random_n12_00,min,static,reference-proposed,coam,2,0.7251375911941635,0.7189372297918295,0.7306060212490084,0.79442646547838,0.7799383373147304,0.8074945524833553
A,random_n12_00,min,static,reference-proposed,coam,4,0.9655130610240468,0.9643653093049394,0.9760102333309436,0.9577429100144952,0.9544839874488275,0.97417556622408
A,random_n12_00,min,static,reference-proposed,coam,8,1.030496483452379,1.0292999305968962,1.0450216314384109,0.9937475225284744,0.9753916691175029,1.0146470303395592
A,random_n12_00,min,static,reference-proposed,coam,16,0.5860988113205193,0.5736240458307167,0.5895370116155565,0.7645244047866331,0.7549817921325689,0.7750600816641725
A,random_n12_00,min,static,reference-proposed,coam,32,0.3209192153221896,0.31513480540041405,0.33020514811669444,0.5217425085756014,0.5092020827393059,0.5314700383164632
A,random_n12_00,min,static,reference-proposed,coam,64,0.14470065402798135,0.1435006998662743,0.15079971615762455,0.28574444626314527,0.2843202102161742,0.2934747911728609
A,random_n12_00,spectrum,high,reference,coam,1,1.0,1.0,1.0,1.0,1.0,1.0
A,random_n12_00,spectrum,high,reference,coam,2,2.3072428137317247,2.299797194242922,2.3076792843299883,2.1431626173090716,2.1262833343012484,2.149691408727133
A,random_n12_00,spectrum,high,reference,coam,4,4.487337960810311,4.486786996898868,4.494923835386557,3.7742930198979465,3.7666738329095955,3.7780543231411166
A,random_n12_00,spectrum,high,reference,coam,8,7.146966441173982,7.073057086148083,7.169912233824667,5.763057815290292,5.716064522996157,5.76639593235074
A,random_n12_00,spectrum,high,reference,coam,16,8.231524285915807,8.228433768880056,8.258884060042604,8.009506173695916,8.000905477350356,8.028273638575156
A,random_n12_00,spectrum,high,reference,coam,32,13.434258641643217,13.288089904530285,13.475582576274334,13.140772097655693,13.008091087966466,13.196014946952129
A,random_n12_00,spectrum,high,reference,coam,64,16.06573113076534,15.914204288059487,16.100301622887507,15.077336212546042,14.979072569535646,15.093697422178725
A,random_n12_00,spectrum,high,reference-proposed,coam,1,1.0,1.0,1.0,1.0,1.0,1.0
A,random_n12_00,spectrum,high,reference-proposed,coam,2,1.1466821066219097,1.1429565852765164,1.1511301724502285,0.9650643324714736,0.9621616224055682,0.9880568790357012
A,random_n12_00,spectrum,high,reference-proposed,coam,4,2.151746780401668,2.124133848678577,2.1557558073076115,1.1832777536673855,1.166895447041518,1.2011370961357826
A,random_n12_00,spectrum,high,reference-proposed,coam,8,2.702863178838838,2.701704770278287,2.813403885991255,1.2752592648994405,1.2649602780616118,1.3122740281388297
A,random_n12_00,spectrum,high,reference-proposed,coam,16,2.719262316090408,2.6959546555827862,2.7217521275680374,1.2632993282264082,1.2580556756864527,1.305467702176205
A,random_n12_00,spectrum,high,reference-proposed,coam,32,2.8625970746166467,2.857762655334104,2.872012172687949,1.269640598114619,1.2635353818978179,1.3154900144267079
A,random_n12_00,spectrum,high,reference-proposed,coam,64,3.6022089157260755,3.595855616475325,3.605055290504665,1.225631622745722,1.2197822947597283,1.2643820395245666
A,random_n12_00,spectrum,natural,reference,coam,1,1.0,1.0,1.0,1.0,1.0,1.0
A,random_n12_00,spectrum,natural,reference,coam,2,2.3049835855799046,2.3001657233207977,2.3053072956697935,2.1264708884128707,2.120070819419519,2.1275293051537343
A,random_n12_00,spectrum,natural,reference,coam,4,4.4771847566040766,4.466328144180107,4.477992726398075,3.7614527006889213,3.7563538899829885,3.761498323157481
A,random_n12_00,spectrum,natural,reference,coam,8,7.171056535258831,7.142038067451011,7.175255456431628,5.777310188485379,5.774006010341341,5.777451830825159
A,random_n12_00,spectrum,natural,reference,coam,16,7.726964789461784,7.673798792917886,7.870226861346291,7.538857716285832,7.513631809245137,7.7023024412650924
A,random_n12_00,spectrum,natural,reference,coam,32,12.677647797447987,12.632820246779875,12.873091724859231,12.45306647780457,12.394281910559783,12.64493791767212
A,random_n12_00,spectrum,natural,reference,coam,64,15.928635878062142,15.928559883339158,16.01243311441098,15.05164769671714,15.041440111793872,15.196022312594096
A,random_n12_00,spectrum,natural,reference-proposed,coam,1,1.0,1.0,1.0,1.0,1.0,1.0
A,random_n12_00,spectrum,natural,reference-proposed,coam,2,1.5044930903270235,1.4902308315432142,1.5060159387771448,0.965279677824247,0.9599968604657816,0.9685827109755558
A,random_n12_00,spectrum,natural,reference-proposed,coam,4,2.808927875396133,2.737593036484938,2.8342359145036613,1.138507115933778,1.1268430227414845,1.147656571155821
A,random_n12_00,spectrum,natural,reference-proposed,coam,8,4.671751251173826,4.519217372386718,4.671811143729212,1.2298998358163056,1.2236210767651468,1.2406143675973103
A,random_n12_00,spectrum,natural,reference-proposed,coam,16,4.090166628544629,4.055447985754493,4.120842826202039,1.2319978741791935,1.2296355293082026,1.2342187914026104
A,random_n12_00,spectrum,natural,reference-proposed,coam,32,3.9797379814660694,2.1571944955253484,4.027329749460671,1.2523142692114226,1.0697629870836773,1.252535153719864
A,random_n12_00,spectrum,natural,reference-proposed,coam,64,3.920724910316669,3.8738840776530825,3.9526926657146277,1.183952805859337,1.1804316310265497,1.1878590285604658
A,random_n16_00,max,high,reference,coam,1,1.0,1.0,1.0,1.0,1.0,1.0
A,random_n16_00,max,high,reference,coam,2,0.8702241730877325,0.8672622103328298,0.870716634845297,0.912922260807976,0.9084033205243625,0.914726746540976
A,random_n16_00,max,high,reference,coam,4,1.651035663788527,1.6459353233518583,1.65534050269363,1.4121453085483848,1.4062969721676941,1.4126346477183263
A,random_n16_00,max,high,reference,coam,8,3.2260529947992604,3.1935645106433226,3.237955819818744,1.9827756280969022,1.9799956723854484,1.9954440092889039
A,random_n16_00,max,high,reference,coam,16,5.720240100971173,5.651604989087897,5.72309907451533,2.420144443992735,2.4089811234638483,2.4321103022701287
A,random_n16_00,max,high,reference,coam,32,5.756166768668855,5.736517352252259,5.773692890006366,2.4042262992690997,2.3463685181084104,2.4149193569001266
A,random_n16_00,max,high,reference,coam,64,5.531693861889366,5.425110165540729,5.547278852018497,2.3676037511496664,2.3339187961656096,2.3807896320740185
A,random_n16_00,max,high,reference-proposed,coam,1,1.0,1.0,1.0,1.0,1.0,1.0
A,random_n16_00,max,high,reference-proposed,coam,2,0.8288813077292486,0.7370496848214074,0.8520935872964345,1.0390986648637692,1.0377080191740262,1.0578992729411214
A,random_n16_00,max,high,reference-proposed,coam,4,1.0649582717325545,1.0630751192795629,1.0920011859356584,1.3210444624277933,1.3025797949653803,1.3280948397762433
A,random_n16_00,max,high,reference-proposed,coam,8,1.2318117682590168,1.203806548549004,1.2416238164843265,1.5543786956652963,1.5254518111423767,1.5564716639472975
A,random_n16_00,max,high,reference-proposed,coam,16,1.2535618447549743,1.240829381563561,1.3016952516699363,1.6632498400967604,1.626839176408824,1.6881042505314592
A,random_n16_00,max,high,reference-proposed,coam,32,1.319421210692214,1.308234090943694,1.323036054086519,1.6229954168441927,1.621598748860855,1.6554094686772491
A,random_n16_00,max,high,reference-proposed,coam,64,1.2228069852602912,1.197573375724923,1.250654062512229,1.605645455922683,1.5880929810078146,1.6260660346242224
A,random_n16_00,max,natural,reference,coam,1,1.0,1.0,1.0,1.0,1.0,1.0
A,random_n16_00,max,natural,reference,coam,2,0.8670770041579857,0.8656386039959256,0.8792401406794793,0.9019118511257932,0.8959139529448124,0.928409712598609
A,random_n16_00,max,natural,reference,coam,4,1.652000554105286,1.6474981899946468,1.664228736199478,1.4140685853697172,1.4017104335139616,1.4422887151605626
A,random_n16_00,max,natural,reference,coam,8,3.253089998506008,3.2082877965607537,3.2737967738986353,1.9825692632625171,1.9455050064878865,2.023678477605348
A,random_n16_00,max,natural,reference,coam,16,5.880769323451607,5.83663302059374,5.938634599032499,2.3863691509200695,2.3813557287831957,2.459929036259356
A,random_n16_00,max,natural,reference,coam,32,5.82162626096057,5.799707116548923,5.916268487006153,2.42333496357047,2.334746061463169,2.4433926133362345
A,random_n16_00,max,natural,reference,coam,64,5.641765731840763,5.636267201146124,5.689757208707443,2.389090271070565,2.378613301984279,2.4129477399067767
A,random_n16_00,max,natural,reference-proposed,coam,1,1.0,1.0,1.0,1.0,1.0,1.0
A,random_n16_00,max,natural,reference-proposed,coam,2,0.9229539641943734,0.8248833901916217,2.0170483294536394,1.0600457567770705,1.0529042462317437,1.0614565367053053
A,random_n16_00,max,natural,reference-proposed,coam,4,0.966521593572146,0.8560981670282874,2.412915239663365,1.3205076862772025,1.3052079170528315,1.3273310777621652
A,random_n16_00,max,natural,reference-proposed,coam,8,0.9055834378920954,0.8585024186636505,2.242945464448174,1.5514134969877658,1.544020113882384,1.5600293658087456
A,random_n16_00,max,natural,reference-proposed,coam,16,0.5759465478841871,0.5687006173882234,1.2824308425410398,1.6569924982500972,1.6428002826409975,1.670163381157077
A,random_n16_00,max,natural,reference-proposed,coam,32,0.6329752247314185,0.5858065042632306,1.267730442193625,1.597010993598916,1.593862774047667,1.5996859751023251
A,random_n16_00,max,natural,reference-proposed,coam,64,0.6331140350877194,0.5699870449840791,1.5297026615252385,1.6268052642831492,1.6063691876800608,1.6344321075672652
A,random_n16_00,min,static,reference,coam,1,1.0,1.0,1.0,1.0,1.0,1.0
A,random_n16_00,min,static,reference,coam,2,2.3733991357225683,2.3708767979037537,2.374760351959143,2.3718902825538555,2.3694213925421685,2.373265680562059
A,random_n16_00,min,static,reference,coam,4,4.622452026851264,4.619515900401488,4.623629734824088,4.616042047018154,4.613433516306891,4.617258920346717
A,random_n16_00,min,static,reference,coam,8,9.038717881059318,9.025743457782792,9.039897365491193,9.010775881170314,8.998043223880753,9.012192164670484
A,random_n16_00,min,static,reference,coam,16,17.5372943965435,17.5342448812996,17.60021290431922,17.438703222415832,17.43613666341701,17.500801197018575
A,random_n16_00,min,static,reference,coam,32,34.382092633389846,34.308124635450376,34.39488474169505,33.99638215864156,33.912195499218,33.99701686469707
A,random_n16_00,min,static,reference,coam,64,65.54659417346161,65.49248489736044,65.97138851838594,63.8077986595599,63.799931388601046,64.21786197475018
A,random_n16_00,min,static,reference-proposed,coam,1,1.0,1.0,1.0,1.0,1.0,1.0
A,random_n16_00,min,static,reference-proposed,coam,2,0.9418121277993337,0.9379594311403618,0.9447632312438778,0.9452659915680529,0.9438808265955256,0.958404230064676
A,random_n16_00,min,static,reference-proposed,coam,4,1.5493588749272298,1.5439344220626405,1.5560714885440552,1.3143373037084483,1.3061791214961405,1.3211823844592008
A,random_n16_00,min,static,reference-proposed,coam,8,2.2214747034032447,2.2159685176394186,2.2280737691116155,1.6592423248129946,1.639704856600193,1.6600774515094274
A,random_n16_00,min,static,reference-proposed,coam,16,1.9667081142522553,1.9575683306014573,2.007432623797151,1.6856336343036824,1.6698097313907183,1.6923841133923903
A,random_n16_00,min,static,reference-proposed,coam,32,1.954374660263302,1.8411795421493233,1.9571597007193535,1.6389491053972602,1.5809310564095356,1.6497802642181343
A,random_n16_00,min,static,reference-proposed,coam,64,1.8690243024682964,1.8014234948563996,1.9043957401002558,1.5987666936053497,1.5666931170574863,1.603393155138737
A,random_n16_00,spectrum,high,reference,coam,1,1.0,1.0,1.0,1.0,1.0,1.0
A,random_n16_00,spectrum,high,reference,coam,2,2.3703418823025038,2.3693595566681935,2.3779516578294166,2.3686900004862594,2.3678313737214127,2.376184834529439
A,random_n16_00,spectrum,high,reference,coam,4,4.628833686279721,4.625793763292224,4.631500793305934,4.621677092607758,4.618482784485376,4.6244283190647675
A,random_n16_00,spectrum,high,reference,coam,8,9.041997095530764,9.035853251115473,9.053913146704465,9.014337452658118,9.007586794597401,9.024538592757457
A,random_n16_00,spectrum,high,reference,coam,16,17.563705501325664,17.358230611226325,17.57420682061648,17.471482105613376,17.389620093653676,17.476126685216787
A,random_n16_00,spectrum,high,reference,coam,32,34.2935644166431,34.19178796376414,34.3763700287057,33.88895763831508,33.7951841466486,33.97043808497567
A,random_n16_00,spectrum,high,reference,coam,64,66.21997132561059,66.05510708864017,66.25414238333573,64.44713848551626,64.35374674027011,64.45752518553974
A,random_n16_00,spectrum,high,reference-proposed,coam,1,1.0,1.0,1.0,1.0,1.0,1.0
A,random_n16_00,spectrum,high,reference-proposed,coam,2,1.8866012341834595,1.882704793316569,1.890364846604569,1.1770595266005566,1.1730329080917763,1.1783770012070272
A,random_n16_00,spectrum,high,reference-proposed,coam,4,2.2052898207503104,2.203148261647951,2.208336334814832,1.283231230480232,1.2758474309846863,1.290625917753213
A,random_n16_00,spectrum,high,reference-proposed,coam,8,2.206478667163639,2.2064601659387915,2.210029985662162,1.3148191809419407,1.3119081608173842,1.3170124430647134
A,random_n16_00,spectrum,high,reference-proposed,coam,16,2.2100653289785375,2.2095335777634153,2.2138774607063914,1.3075168797043384,1.3004592731852287,1.312574654467841
A,random_n16_00,spectrum,high,reference-proposed,coam,32,4.424477975939791,4.4242097809623235,4.430366622839529,1.3898571808311428,1.3870845620113392,1.3918332029713152
A,random_n16_00,spectrum,high,reference-proposed,coam,64,8.598162866730638,8.596207840472978,8.612692430397423,1.412763328385757,1.4067275063875988,1.4263586529011487
A,random_n16_00,spectrum,natural,reference,coam,1,1.0,1.0,1.0,1.0,1.0,1.0
A,random_n16_00,spectrum,natural,reference,coam,2,2.37040015319643,2.3702479863792565,2.3740523639554647,2.368947514814883,2.3682699947475676,2.372441134290526
A,random_n16_00,spectrum,natural,reference,coam,4,4.6245665594245375,4.622033114895018,4.635540303828509,4.615757964924365,4.6146379251429614,4.627268766908841
A,random_n16_00,spectrum,natural,reference,coam,8,9.038505292459874,9.019840076465982,9.044620956255262,9.006172209619095,8.989714357116865,9.0138548285125
A,random_n16_00,spectrum,natural,reference,coam,16,17.656324138577247,17.59124776641155,17.67839227043848,17.549132257140478,17.48614971011156,17.5753103063957
A,random_n16_00,spectrum,natural,reference,coam,32,34.320697245283704,34.07608808040082,34.38875507087582,33.90386480762843,33.667655198865525,33.96774745603885
A,random_n16_00,spectrum,natural,reference,coam,64,66.15312200649808,66.00921989091358,66.44662944592841,64.35129423858727,64.23058288839172,64.62018110810465
A,random_n16_00,spectrum,natural,reference-proposed,coam,1,1.0,1.0,1.0,1.0,1.0,1.0
A,random_n16_00,spectrum,natural,reference-proposed,coam,2,2.1122565374526605,2.022659492344799,2.1598128074947485,1.1521224904450438,1.1495059727356636,1.152609664730984
A,random_n16_00,spectrum,natural,reference-proposed,coam,4,4.1940493103365775,4.177440473130815,4.200850542198797,1.243659314190611,1.2218342089458705,1.2527707435693232
A,random_n16_00,spectrum,natural,reference-proposed,coam,8,6.728638424687401,6.530890743742812,6.768966635960118,1.2881407296166325,1.2875892083199865,1.2911478194826036
A,random_n16_00,spectrum,natural,reference-proposed,coam,16,7.1475611441956115,7.118724699715635,7.202762082571703,1.2951357823052942,1.2853043990784454,1.2953801322192453
A,random_n16_00,spectrum,natural,reference-proposed,coam,32,15.436853992074589,15.240308915190706,15.637970356407934,1.3304039060049033,1.3263216557643862,1.3323060638477293
A,random_n16_00,spectrum,natural,reference-proposed,coam,64,27.124477232256424,26.63146730988491,27.483188946355853,1.3451585932855392,1.339403778823986,1.3549567107053335
B,AES,max,natural,bitwise,coam,1,1.0,1.0,1.0,1.0,1.0,1.0
B,AES,max,natural,bitwise,coam,2,0.9686690364557904,0.9681689112213788,0.9981462027120536,0.9592212093472083,0.958008591351157,0.9970182026873604
B,AES,max,natural,bitwise,coam,4,0.8611467537465076,0.8403539696568957,0.8685999335395966,0.8538797535585299,0.8332675116373576,0.8612740591482484
B,AES,max,natural,bitwise,coam,8,1.0209625904402806,1.0040308690507067,1.0236669445973512,1.0209343684906653,1.0020001384248258,1.0228259402244906
B,AES,max,natural,bitwise,coam,16,1.0064803004016494,1.0011273768698452,1.0198430080199685,1.0031468046255632,0.9975863638308549,1.0169818475755186
B,AES,max,natural,bitwise,coam,32,1.0124408278236376,0.9999954590909503,1.0150953089551384,1.0141228685584065,1.000006006493019,1.0200599868614995
B,AES,max,natural,bitwise,coam,64,1.0056153339872957,1.004442637481849,1.0136015140669443,1.0070949279168282,0.9989337646657066,1.007331486487393
B,AES,max,natural,bitwise,coam-serial-source,1,1.0,1.0,1.0,1.0,1.0,1.0
B,AES,max,natural,peigen,coam,1,1.0,1.0,1.0,1.0,1.0,1.0
B,AES,max,natural,proposed,coam,1,1.0,1.0,1.0,1.0,1.0,1.0
B,AES,max,natural,proposed,coam,2,0.9194361009581941,0.8877885574299345,0.990416074311373,0.9166546422227813,0.8661921135912218,0.986201096481438
B,AES,max,natural,proposed,coam,4,0.7647889081328836,0.7621812784779529,0.9478717584601039,0.7492087491070051,0.7330238086631469,0.9250535016063891
B,AES,max,natural,proposed,coam,8,1.0120665640129123,0.8191614184897499,1.012291095319626,1.0118035114273185,0.8029587272936658,1.0142265796820271
B,AES,max,natural,proposed,coam,16,1.0167389162858373,0.998853288162555,1.0168994727014893,1.0087897079553365,0.9927574994527534,1.0090474427290437
B,AES,max,natural,proposed,coam,32,0.997268346216242,0.9968794673975969,1.0006035653790106,0.9955337429687117,0.9930978452022103,1.0005171907484218
B,AES,max,natural,proposed,coam,64,1.0032073709468652,1.0018799554802575,1.0163699685158165,0.9901193514107467,0.9814030980473828,0.9914675718868207
B,AES,max,natural,proposed,coam-serial-source,1,1.0,1.0,1.0,1.0,1.0,1.0
B,AES,min,natural,bitwise,coam,1,1.0,1.0,1.0,1.0,1.0,1.0
B,AES,min,natural,bitwise,coam,2,0.9579044289855383,0.8813736644500572,0.997542671779827,0.947016621549165,0.8728972253767459,0.9981325256687431
B,AES,min,natural,bitwise,coam,4,0.9235617275475897,0.8732271974868836,0.9783368458751739,0.9148437721081972,0.86487553508315,0.9793092921198244
B,AES,min,natural,bitwise,coam,8,0.9863403982951149,0.9793178229415032,1.0078798744401993,0.9811615899834343,0.9765612007483159,1.0093599464763603
B,AES,min,natural,bitwise,coam,16,0.998131361389687,0.9948838457612009,1.007759247963475,0.9977453583094651,0.9936516558408693,1.0081209825055724
B,AES,min,natural,bitwise,coam,32,1.0061253693411039,0.9884466528042866,1.0181051826498868,1.0013745206462958,0.9849374710615886,1.0139449628353194
B,AES,min,natural,bitwise,coam,64,1.0097647135170518,0.9878938364566652,1.0101246062591307,1.0029636793724641,0.9813552393309776,1.0033135503092703
B,AES,min,natural,bitwise,coam-serial-source,1,1.0,1.0,1.0,1.0,1.0,1.0
B,AES,min,natural,peigen,coam,1,1.0,1.0,1.0,1.0,1.0,1.0
B,AES,min,natural,proposed,coam,1,1.0,1.0,1.0,1.0,1.0,1.0
B,AES,min,natural,proposed,coam,2,0.9097011814356872,0.7314098405907115,1.0060538815100744,0.8868292771339431,0.7174410807560183,0.9870423799621979
B,AES,min,natural,proposed,coam,4,0.9993013566503587,0.9854879760829969,1.012356958454412,0.9994337874154388,0.9889402754803845,1.0122786901357694
B,AES,min,natural,proposed,coam,8,0.9102160316967245,0.887675902177505,0.9388355430792104,0.8999662231295134,0.8770945487344912,0.9280385332248664
B,AES,min,natural,proposed,coam,16,1.002807630103236,0.9971959869447564,1.0121100193543038,1.0019000909746143,0.9967341957575101,1.0143886305954226
B,AES,min,natural,proposed,coam,32,1.0112475411178417,1.0089400962075612,1.0138275783686934,1.0077773294333567,1.002433325666138,1.0080872709375586
B,AES,min,natural,proposed,coam,64,1.006240753910454,1.0043864961017335,1.0122373473548174,0.9958067340867216,0.9957455334102117,1.0057668468013718
B,AES,min,natural,proposed,coam-serial-source,1,1.0,1.0,1.0,1.0,1.0,1.0
B,AES,spectrum,natural,bitwise,coam,1,1.0,1.0,1.0,1.0,1.0,1.0
B,AES,spectrum,natural,bitwise,coam,2,0.9873160368401064,0.9667125475444974,0.9956700165500623,0.9865284117490494,0.9623011412916848,0.9907585865811387
B,AES,spectrum,natural,bitwise,coam,4,1.0010232159647943,0.9977451355497372,1.007585628518364,0.9998473412924122,0.9955039136656769,1.004378965350394
B,AES,spectrum,natural,bitwise,coam,8,1.0000029768850827,0.9894768769626034,1.0238616807058405,1.0000147235506136,0.9892385064650675,1.020966691568674
B,AES,spectrum,natural,bitwise,coam,16,1.0042288973656834,0.9983198783591932,1.0895774319394889,1.0001808352349504,0.9960707873874525,1.0946935094814878
B,AES,spectrum,natural,bitwise,coam,32,1.004175778926112,1.0038525741901436,1.0946568572364472,1.0034891946662128,1.0024174986482455,1.1033441242623343
B,AES,spectrum,natural,bitwise,coam,64,1.0033044764713024,0.9974938132225701,1.092363503388781,0.9943964898191272,0.9888851357253927,1.0892618962416287
B,AES,spectrum,natural,bitwise,coam-serial-source,1,1.0,1.0,1.0,1.0,1.0,1.0
B,AES,spectrum,natural,peigen,coam,1,1.0,1.0,1.0,1.0,1.0,1.0
B,AES,spectrum,natural,proposed,coam,1,1.0,1.0,1.0,1.0,1.0,1.0
B,AES,spectrum,natural,proposed,coam,2,0.9980336777376568,0.9856762665038851,1.011647527430894,0.9931981758645302,0.9833428357056307,1.00371104257962
B,AES,spectrum,natural,proposed,coam,4,0.951074562477509,0.76501056767779,0.9741334211914722,0.9451925948663492,0.7487509410717952,0.9700384922148628
B,AES,spectrum,natural,proposed,coam,8,0.9600745523676629,0.9254155923129278,0.9833899497597924,0.9548331861056104,0.9009158877765653,0.9597841832298103
B,AES,spectrum,natural,proposed,coam,16,1.0066156510686344,1.0026273313803913,1.0152678167090206,0.9990956703987162,0.9946961660857706,1.0067270957617973
B,AES,spectrum,natural,proposed,coam,32,0.9811461671781196,0.9585245604767114,0.9986632158984045,0.9756382919508634,0.9535706558266376,0.9936593341003261
B,AES,spectrum,natural,proposed,coam,64,0.9925646594498347,0.988696299964189,1.0283948641139682,0.9769400773793607,0.9708670291393562,0.9977676826461213
B,AES,spectrum,natural,proposed,coam-serial-source,1,1.0,1.0,1.0,1.0,1.0,1.0
B,CLEFIA_S0,max,natural,bitwise,coam,1,1.0,1.0,1.0,1.0,1.0,1.0
B,CLEFIA_S0,max,natural,bitwise,coam,2,0.9509870139142002,0.827282803434366,0.9559741206043374,0.9435650989073137,0.822799281794994,0.9465316561750347
B,CLEFIA_S0,max,natural,bitwise,coam,4,0.8535524992014648,0.843110155397004,0.9984290054365206,0.846636146705831,0.8371245629209384,0.9982288621182036
B,CLEFIA_S0,max,natural,bitwise,coam,8,0.9974550123531705,0.9729148036364108,1.0008871123266536,0.9976494369587308,0.9648996312212224,1.001786396841547
B,CLEFIA_S0,max,natural,bitwise,coam,16,0.988723969827663,0.9850560446975863,1.0030807447182215,0.9882462602405763,0.9844676257015962,1.0022854051323158
B,CLEFIA_S0,max,natural,bitwise,coam,32,0.9992018930536692,0.9695329465530095,1.0046387627833377,0.9966778476527595,0.9699887633883797,1.0036201876607243
B,CLEFIA_S0,max,natural,bitwise,coam,64,1.0056530542098092,1.0023245524709783,1.0066906365645618,0.9977243828022657,0.9969075790528545,1.0027055074850728
B,CLEFIA_S0,max,natural,bitwise,coam-serial-source,1,1.0,1.0,1.0,1.0,1.0,1.0
B,CLEFIA_S0,max,natural,peigen,coam,1,1.0,1.0,1.0,1.0,1.0,1.0
B,CLEFIA_S0,max,natural,proposed,coam,1,1.0,1.0,1.0,1.0,1.0,1.0
B,CLEFIA_S0,max,natural,proposed,coam,2,0.9754379518288021,0.8325279179748043,1.001476412662041,0.9764799922488131,0.8147760912011085,1.0031013472716073
B,CLEFIA_S0,max,natural,proposed,coam,4,0.9801321945700386,0.7367098794469502,1.011283198300762,0.9385583597394478,0.7248321999762017,1.0091741687859828
B,CLEFIA_S0,max,natural,proposed,coam,8,0.9927258450536905,0.9845034942176866,1.0000500827147336,0.9886634661957928,0.9680700081571463,0.9951955513467886
B,CLEFIA_S0,max,natural,proposed,coam,16,1.0246782320321495,0.996536911857747,1.0277909786207862,1.016734410014682,0.9969281892962887,1.052180311466657
B,CLEFIA_S0,max,natural,proposed,coam,32,1.0113913015401506,1.0111371861435554,1.0761490065105404,1.005302502414396,1.0039441284783508,1.0863116912434345
B,CLEFIA_S0,max,natural,proposed,coam,64,1.00745572412378,1.0018705451078895,1.0609857938488698,0.992650387738471,0.9872296619987154,1.051860069587922
B,CLEFIA_S0,max,natural,proposed,coam-serial-source,1,1.0,1.0,1.0,1.0,1.0,1.0
B,CLEFIA_S0,min,natural,bitwise,coam,1,1.0,1.0,1.0,1.0,1.0,1.0
B,CLEFIA_S0,min,natural,bitwise,coam,2,0.9486311485010364,0.8938200358516083,0.9580311065897447,0.9484768861244118,0.8942727019137025,0.9485708884152806
B,CLEFIA_S0,min,natural,bitwise,coam,4,0.9951324435938084,0.872842455994213,0.9966638443619791,0.9933358168072751,0.8616280855116664,0.9970853998172223
B,CLEFIA_S0,min,natural,bitwise,coam,8,1.007451457192763,0.9163018381989239,1.009388260098524,0.9980815057606739,0.9095326295984641,1.0105677852744686
B,CLEFIA_S0,min,natural,bitwise,coam,16,0.9998575546052094,0.9974148462473952,1.021119392986082,0.9980314978401095,0.9956208520052187,1.0295570015557751
B,CLEFIA_S0,min,natural,bitwise,coam,32,1.0090127579336514,0.9982436527638494,1.012509003088008,1.005402380915284,0.9951770176916293,1.0179518030623744
B,CLEFIA_S0,min,natural,bitwise,coam,64,0.9926425940030493,0.9911973618690397,1.0125488979009512,0.9948452257522966,0.9876346196437993,1.006587182275917
B,CLEFIA_S0,min,natural,bitwise,coam-serial-source,1,1.0,1.0,1.0,1.0,1.0,1.0
B,CLEFIA_S0,min,natural,peigen,coam,1,1.0,1.0,1.0,1.0,1.0,1.0
B,CLEFIA_S0,min,natural,proposed,coam,1,1.0,1.0,1.0,1.0,1.0,1.0
B,CLEFIA_S0,min,natural,proposed,coam,2,1.006664012351573,0.9587422760142786,1.0069451127137354,1.008334735654257,0.9504449996096495,1.0197130636392002
B,CLEFIA_S0,min,natural,proposed,coam,4,0.9464891512761804,0.8068956603924802,1.009930122382347,0.9393246610347884,0.8094193340162497,1.0117087581836257
B,CLEFIA_S0,min,natural,proposed,coam,8,0.958537153505707,0.9070919470163628,1.0011986301369864,0.9490010849211209,0.9094630805288547,1.003742421730422
B,CLEFIA_S0,min,natural,proposed,coam,16,1.0214408060821767,0.9982328623994912,1.0275827440864178,1.0370163620248567,0.9989275379373426,1.045342718915165
B,CLEFIA_S0,min,natural,proposed,coam,32,1.0251516775291154,1.0029113523479314,1.029152285142796,1.0343797207045284,1.0037253309961518,1.0373800428752302
B,CLEFIA_S0,min,natural,proposed,coam,64,1.0207702424064378,1.0079344547436095,1.0244511934085456,1.0263334293466473,1.00147739399497,1.0302741543973837
B,CLEFIA_S0,min,natural,proposed,coam-serial-source,1,1.0,1.0,1.0,1.0,1.0,1.0
B,CLEFIA_S0,spectrum,natural,bitwise,coam,1,1.0,1.0,1.0,1.0,1.0,1.0
B,CLEFIA_S0,spectrum,natural,bitwise,coam,2,0.8890348188699297,0.8711562963906376,0.9993960447176822,0.8794276971426208,0.8628213844205442,0.9984736776912144
B,CLEFIA_S0,spectrum,natural,bitwise,coam,4,0.8639319657271726,0.8312983471258617,0.9990815630321982,0.8544686847286209,0.8239180777362708,0.9951373546647694
B,CLEFIA_S0,spectrum,natural,bitwise,coam,8,0.9957270789621092,0.992114426162354,0.9965810951531892,0.9963598126598147,0.992935043116888,0.9973942166264808
B,CLEFIA_S0,spectrum,natural,bitwise,coam,16,1.000440561763621,0.9999202241819556,1.0022531929131804,0.9989668741924116,0.9945513436920741,1.0002991430020403
B,CLEFIA_S0,spectrum,natural,bitwise,coam,32,1.0015102975916041,0.9980645698020596,1.0056484933481833,0.9974323568614916,0.9947002841681662,1.0017598022272862
B,CLEFIA_S0,spectrum,natural,bitwise,coam,64,0.9982475244658229,0.9968472625728165,1.0034086312792256,0.9913985692463239,0.9899655487721475,0.9958825543770718
B,CLEFIA_S0,spectrum,natural,bitwise,coam-serial-source,1,1.0,1.0,1.0,1.0,1.0,1.0
B,CLEFIA_S0,spectrum,natural,peigen,coam,1,1.0,1.0,1.0,1.0,1.0,1.0
B,CLEFIA_S0,spectrum,natural,proposed,coam,1,1.0,1.0,1.0,1.0,1.0,1.0
B,CLEFIA_S0,spectrum,natural,proposed,coam,2,0.9753259584678629,0.9552452039915971,1.0072205341525142,0.9756015157349202,0.9499559748427673,1.0077899617905994
B,CLEFIA_S0,spectrum,natural,proposed,coam,4,0.966839463506953,0.7971938935510983,1.0037293595022478,0.9435784134070767,0.7787500265635293,0.9985701632836895
B,CLEFIA_S0,spectrum,natural,proposed,coam,8,0.9948151083205489,0.9893181274174029,1.0073438141844224,0.9966578576636677,0.9920005671036273,1.0088084915077302
B,CLEFIA_S0,spectrum,natural,proposed,coam,16,0.9980067257582181,0.9912890300721939,1.0056896998694689,0.9893473476445827,0.9851514911377024,0.9992517672363488
B,CLEFIA_S0,spectrum,natural,proposed,coam,32,1.0061860263658169,0.9941854955528179,1.0082308608800612,1.0023435474218243,0.9876771672851514,1.0043378269931975
B,CLEFIA_S0,spectrum,natural,proposed,coam,64,0.984645776039044,0.9844237453574525,1.0016173634134893,0.9756175741743935,0.9627395590008139,0.9870414177982827
B,CLEFIA_S0,spectrum,natural,proposed,coam-serial-source,1,1.0,1.0,1.0,1.0,1.0,1.0
B,CLEFIA_S1,max,natural,bitwise,coam,1,1.0,1.0,1.0,1.0,1.0,1.0
B,CLEFIA_S1,max,natural,bitwise,coam,2,1.0272812753506244,0.9998313194274471,1.0326842924418358,1.0249753441728264,1.0002307637336678,1.0409065353906792
B,CLEFIA_S1,max,natural,bitwise,coam,4,0.9986376682479714,0.9453599966214848,1.0336360689920217,0.9981339892763811,0.9445172486995758,1.034153995702193
B,CLEFIA_S1,max,natural,bitwise,coam,8,1.0265097954705564,1.0077281805472338,1.0306503672961362,1.0276506379826695,1.008253256300961,1.0403020294464813
B,CLEFIA_S1,max,natural,bitwise,coam,16,1.0028695609397849,0.9906456309909224,1.0765763667105015,1.0032008228153941,0.9905131517969429,1.0844583374908225
B,CLEFIA_S1,max,natural,bitwise,coam,32,1.0300278980471367,1.0056529042075644,1.0729792087844272,1.0359133895124144,1.004205471995077,1.0790050271211655
B,CLEFIA_S1,max,natural,bitwise,coam,64,0.996374682635089,0.9790009453964432,1.0297030494744277,0.9879040736872186,0.9739488186942991,1.0324560037991122
B,CLEFIA_S1,max,natural,bitwise,coam-serial-source,1,1.0,1.0,1.0,1.0,1.0,1.0
B,CLEFIA_S1,max,natural,peigen,coam,1,1.0,1.0,1.0,1.0,1.0,1.0
B,CLEFIA_S1,max,natural,proposed,coam,1,1.0,1.0,1.0,1.0,1.0,1.0
B,CLEFIA_S1,max,natural,proposed,coam,2,0.8147874710443282,0.8132537192245328,0.9680451870284789,0.8202046618460761,0.7948935832922447,0.9463086888804668
B,CLEFIA_S1,max,natural,proposed,coam,4,0.7249978713337091,0.7012857608038331,0.9918970192126999,0.713710678807947,0.7084789381132136,0.9914166584283646
B,CLEFIA_S1,max,natural,proposed,coam,8,0.8545594712407816,0.7779809737781336,0.9951831567606393,0.8610316344003355,0.7684528922871632,0.9970670199109286
B,CLEFIA_S1,max,natural,proposed,coam,16,1.0183737161326896,1.001689914284294,1.0515937541099247,1.0194374073069532,0.9973893012541593,1.0475354721729049
B,CLEFIA_S1,max,natural,proposed,coam,32,1.031503188198405,0.9972794501375842,1.0341566798061124,1.0228654145405855,0.9888616327765345,1.025761990394027
B,CLEFIA_S1,max,natural,proposed,coam,64,1.0077317430271133,0.9955996885887921,1.0387980288003023,0.9978662170329825,0.9781017964411519,1.0216732392530066
B,CLEFIA_S1,max,natural,proposed,coam-serial-source,1,1.0,1.0,1.0,1.0,1.0,1.0
B,CLEFIA_S1,min,natural,bitwise,coam,1,1.0,1.0,1.0,1.0,1.0,1.0
B,CLEFIA_S1,min,natural,bitwise,coam,2,0.9101239087580963,0.8918466943615662,0.9184111149917052,0.9008726995841617,0.8837633651007976,0.9182018407828051
B,CLEFIA_S1,min,natural,bitwise,coam,4,0.9261103979724182,0.8345593971336298,1.0063324957278814,0.9151026861149806,0.8260383853234906,1.0173879144425846
B,CLEFIA_S1,min,natural,bitwise,coam,8,0.9975043486090251,0.9879256861199744,1.0095897882999605,0.9984822555159757,0.988090712456259,1.0215843368612842
B,CLEFIA_S1,min,natural,bitwise,coam,16,1.0114776792475713,0.9927960556384172,1.0188138577535915,1.0114131308161158,0.9916374288644686,1.029601055876014
B,CLEFIA_S1,min,natural,bitwise,coam,32,0.9985461836354899,0.9919145357641725,1.001513530955769,0.9945306883122242,0.987590179471755,1.0070494177025546
B,CLEFIA_S1,min,natural,bitwise,coam,64,1.0028511182058948,0.9972053679855949,1.01351060917142,0.9955843208214243,0.9902129026188676,1.0154379705835617
B,CLEFIA_S1,min,natural,bitwise,coam-serial-source,1,1.0,1.0,1.0,1.0,1.0,1.0
B,CLEFIA_S1,min,natural,peigen,coam,1,1.0,1.0,1.0,1.0,1.0,1.0
B,CLEFIA_S1,min,natural,proposed,coam,1,1.0,1.0,1.0,1.0,1.0,1.0
B,CLEFIA_S1,min,natural,proposed,coam,2,0.9920720710496774,0.8124570440435629,1.1905656653005978,0.9925480775937349,0.8157075538498116,1.205109401298389
B,CLEFIA_S1,min,natural,proposed,coam,4,0.9545203737635811,0.8751934715108554,0.9930609988375043,0.9309002761806529,0.8748958012848326,0.9932621077318244
B,CLEFIA_S1,min,natural,proposed,coam,8,1.0116607499901893,1.0104597400671878,1.175907629607617,1.0135480324330544,1.0110285152110248,1.193484153778305
B,CLEFIA_S1,min,natural,proposed,coam,16,1.1472441263598634,1.0030655605405179,1.1670949759277602,1.1622428134947191,1.0024175687936387,1.1786850726585636
B,CLEFIA_S1,min,natural,proposed,coam,32,1.1687144891471641,1.0023735492587913,1.2080514572987016,1.1753508233303132,0.9956871097478037,1.213798634313184
B,CLEFIA_S1,min,natural,proposed,coam,64,1.145641590611919,0.9970033388108968,1.1648260190235509,1.1500355814522178,0.9867986737650686,1.1682325181940592
B,CLEFIA_S1,min,natural,proposed,coam-serial-source,1,1.0,1.0,1.0,1.0,1.0,1.0
B,CLEFIA_S1,spectrum,natural,bitwise,coam,1,1.0,1.0,1.0,1.0,1.0,1.0
B,CLEFIA_S1,spectrum,natural,bitwise,coam,2,0.9534010849545086,0.8764798596749751,0.9979726994953442,0.9440834135726284,0.8666742328735328,0.9981577570163643
B,CLEFIA_S1,spectrum,natural,bitwise,coam,4,1.000660230753917,0.9983150283143191,1.0023860905902544,1.0033509827072307,0.9971460905204561,1.0049126477345702
B,CLEFIA_S1,spectrum,natural,bitwise,coam,8,1.003252784783898,0.9257573906838721,1.0056269760408592,1.0028589711467997,0.9178576146677726,1.011100105898105
B,CLEFIA_S1,spectrum,natural,bitwise,coam,16,1.0027088554981312,0.9998262932349273,1.0035144957315048,1.001151240292616,0.9974282834689402,1.002574166027241
B,CLEFIA_S1,spectrum,natural,bitwise,coam,32,0.9984748830071607,0.9883891839582964,1.0017348095663035,0.9964283105476455,0.9879005261473944,0.9990954087031021
B,CLEFIA_S1,spectrum,natural,bitwise,coam,64,0.9994764764610283,0.9922250684568501,1.0005315123671963,0.9944877461954927,0.9852642831347057,0.996976337746335
B,CLEFIA_S1,spectrum,natural,bitwise,coam-serial-source,1,1.0,1.0,1.0,1.0,1.0,1.0
B,CLEFIA_S1,spectrum,natural,peigen,coam,1,1.0,1.0,1.0,1.0,1.0,1.0
B,CLEFIA_S1,spectrum,natural,proposed,coam,1,1.0,1.0,1.0,1.0,1.0,1.0
B,CLEFIA_S1,spectrum,natural,proposed,coam,2,0.9716523588721775,0.8962205139005898,1.1095354374895727,0.9754015773109433,0.8751650628661202,1.1346690262599164
B,CLEFIA_S1,spectrum,natural,proposed,coam,4,1.0716343592078255,1.0029281519564108,1.109781164885935,1.095372350231432,1.0143797048589795,1.1319604408024866
B,CLEFIA_S1,spectrum,natural,proposed,coam,8,0.9261208709878467,0.9122238169401924,1.0132511193612728,0.9285556005744702,0.890841850730498,1.031353645575651
B,CLEFIA_S1,spectrum,natural,proposed,coam,16,1.087983407084708,1.0024996201095733,1.0946470737694027,1.1131795077566726,0.9877892298731833,1.1211536071408394
B,CLEFIA_S1,spectrum,natural,proposed,coam,32,1.078614896795984,0.9924121750365573,1.0895027890144107,1.1012574358519045,0.9979078779255635,1.1076086980564077
B,CLEFIA_S1,spectrum,natural,proposed,coam,64,1.065577118350815,1.0040880807375299,1.0877279733425993,1.0833617199680323,0.995836604704139,1.0992693010287473
B,CLEFIA_S1,spectrum,natural,proposed,coam-serial-source,1,1.0,1.0,1.0,1.0,1.0,1.0
B,MISTY1_FI_key0000,max,natural,bitwise,coam,1,1.0,1.0,1.0,1.0,1.0,1.0
B,MISTY1_FI_key0000,max,natural,bitwise,coam,2,0.5884105774903221,0.588121501702975,0.5926523917431419,0.6028976629784474,0.6025121604256833,0.6073564972067201
B,MISTY1_FI_key0000,max,natural,bitwise,coam,4,0.9158944779013666,0.9154992983161458,0.9227537308251034,0.9305089294913071,0.9288259139370186,0.9368870540958493
B,MISTY1_FI_key0000,max,natural,bitwise,coam,8,1.2717152944932033,1.2716881523919552,1.2741091559438382,1.2772319468512294,1.2767439202610924,1.2807393337456225
B,MISTY1_FI_key0000,max,natural,bitwise,coam,16,1.1804106647274075,1.1771281324287546,1.1810376201662522,1.19281278153762,1.1924672759750568,1.192827899208014
B,MISTY1_FI_key0000,max,natural,bitwise,coam,32,1.20647690748516,1.1913523167246582,1.2069847410939922,1.2173248323368961,1.2042759317699712,1.2175205881531266
B,MISTY1_FI_key0000,max,natural,bitwise,coam,64,1.2079268816611461,1.1919464523580974,1.2089297523269262,1.2147340954908064,1.2004554329872001,1.2180434246510976
B,MISTY1_FI_key0000,max,natural,bitwise,coam-serial-source,1,1.0,1.0,1.0,1.0,1.0,1.0
B,MISTY1_FI_key0000,max,natural,proposed,coam,1,1.0,1.0,1.0,1.0,1.0,1.0
B,MISTY1_FI_key0000,max,natural,proposed,coam,2,1.0071718025713536,1.0047484564806133,1.0606835619623343,0.9650101293244724,0.9615439761971604,0.9809147843792572
B,MISTY1_FI_key0000,max,natural,proposed,coam,4,1.021536429585239,0.9791705579864932,1.0769776244720588,1.127923469762691,1.1255433568151028,1.140806596541207
B,MISTY1_FI_key0000,max,natural,proposed,coam,8,1.0085475000199047,0.9913915059649724,1.0687911705134474,1.2427810700603452,1.2383307023882617,1.2514427048738748
B,MISTY1_FI_key0000,max,natural,proposed,coam,16,1.0024497368687157,0.9711402105498467,1.0671128380489683,1.2922769362175281,1.2761313529619471,1.3241278563367027
B,MISTY1_FI_key0000,max,natural,proposed,coam,32,1.0105186742588088,0.9810042895816004,1.0687864460483554,1.280740520913344,1.268035750541939,1.281914275639202
B,MISTY1_FI_key0000,max,natural,proposed,coam,64,0.9681410909103261,0.9405054063699266,0.9997634831163332,1.1982211625265216,1.1926355908510844,1.211873749365288
B,MISTY1_FI_key0000,max,natural,proposed,coam-serial-source,1,1.0,1.0,1.0,1.0,1.0,1.0
B,MISTY1_FI_key0000,min,natural,bitwise,coam,1,1.0,1.0,1.0,1.0,1.0,1.0
B,MISTY1_FI_key0000,min,natural,bitwise,coam,2,1.9843351772999185,1.9834914123785226,1.9885639543211768,1.9726952612481983,1.9699429374334074,1.974888821778774
B,MISTY1_FI_key0000,min,natural,bitwise,coam,4,3.9704926264338445,3.964717662872567,3.9776761750218177,3.911911693748089,3.903277088034665,3.916839352990588
B,MISTY1_FI_key0000,min,natural,bitwise,coam,8,7.939010825665036,7.921078154511483,8.00592087002925,7.7085609980317376,7.673038011637403,7.7636230780422
B,MISTY1_FI_key0000,min,natural,bitwise,coam,16,15.71152658546345,15.63196293277016,15.830668377428784,14.78331679495793,14.74389915734573,14.959478343307033
B,MISTY1_FI_key0000,min,natural,bitwise,coam,32,25.391507552671797,25.344552599304365,25.457643156957825,25.016091845592154,24.952544092519553,25.052950773712936
B,MISTY1_FI_key0000,min,natural,bitwise,coam,64,42.00489990590401,41.611856174007876,42.40539682290817,40.02691670775064,39.768970209516254,40.04276806395114
B,MISTY1_FI_key0000,min,natural,bitwise,coam-serial-source,1,1.0,1.0,1.0,1.0,1.0,1.0
B,MISTY1_FI_key0000,min,natural,proposed,coam,1,1.0,1.0,1.0,1.0,1.0,1.0
B,MISTY1_FI_key0000,min,natural,proposed,coam,2,0.9418741624498426,0.9370845555355806,0.9453563658926641,0.9500535839062789,0.9449784842769217,0.9527454039049724
B,MISTY1_FI_key0000,min,natural,proposed,coam,4,1.1999361846894734,1.1989333623310683,1.210619098302162,1.1531019052757303,1.1498906552424812,1.1713676222815392
B,MISTY1_FI_key0000,min,natural,proposed,coam,8,1.3810612732745327,1.3790869855827192,1.4021213909559374,1.3125370848582778,1.3043961702567428,1.3204313324793788
B,MISTY1_FI_key0000,min,natural,proposed,coam,16,1.484252136919498,1.4824978018608723,1.4934375158667412,1.3872253077256738,1.3867390408921365,1.3927986249609499
B,MISTY1_FI_key0000,min,natural,proposed,coam,32,1.4874218512487245,1.4730701983080077,1.489491156077713,1.3579107143972566,1.3515328327425582,1.362196147680011
B,MISTY1_FI_key0000,min,natural,proposed,coam,64,1.4600165945593553,1.457683646384654,1.4674453152408566,1.3401415264808403,1.336129140571764,1.3424363218114248
B,MISTY1_FI_key0000,min,natural,proposed,coam-serial-source,1,1.0,1.0,1.0,1.0,1.0,1.0
B,MISTY1_FI_key0000,spectrum,natural,bitwise,coam,1,1.0,1.0,1.0,1.0,1.0,1.0
B,MISTY1_FI_key0000,spectrum,natural,bitwise,coam,2,1.4535056729914066,1.448461936780613,1.504037417982526,1.5669633414671071,1.5635059779337892,1.607454038394965
B,MISTY1_FI_key0000,spectrum,natural,bitwise,coam,4,2.8968050320536256,2.88840574573124,2.999928395386178,3.112866526878403,3.106333799279447,3.1943584891972447
B,MISTY1_FI_key0000,spectrum,natural,bitwise,coam,8,5.746302862492161,5.734923993404965,5.934016735875568,6.1425319213778815,6.136045568984096,6.286940247614173
B,MISTY1_FI_key0000,spectrum,natural,bitwise,coam,16,10.310184797444817,10.305353976640063,10.615552752106243,11.128940901163103,11.11156491854825,11.3764768761702
B,MISTY1_FI_key0000,spectrum,natural,bitwise,coam,32,8.657485549739215,8.644694214695095,8.833614283785725,10.58840317078077,10.586070612841326,10.71304484182332
B,MISTY1_FI_key0000,spectrum,natural,bitwise,coam,64,7.876821322503407,7.873397293458895,8.300239219541544,10.155205837753796,10.15442768043302,10.575363469796036
B,MISTY1_FI_key0000,spectrum,natural,bitwise,coam-serial-source,1,1.0,1.0,1.0,1.0,1.0,1.0
B,MISTY1_FI_key0000,spectrum,natural,proposed,coam,1,1.0,1.0,1.0,1.0,1.0,1.0
B,MISTY1_FI_key0000,spectrum,natural,proposed,coam,2,1.8736561121579303,1.8728562476329549,1.897856458458607,1.6753520894681178,1.6712195991483563,1.6791097131320258
B,MISTY1_FI_key0000,spectrum,natural,proposed,coam,4,3.191311530580844,3.1837948326241725,3.2234149873581006,2.8224402942215185,2.8201300960993594,2.8294098001124723
B,MISTY1_FI_key0000,spectrum,natural,proposed,coam,8,3.8180591849024443,3.8060266764944752,3.855507377214892,3.953436394557641,3.9408433472458624,3.988052448720898
B,MISTY1_FI_key0000,spectrum,natural,proposed,coam,16,4.068959081064781,4.067307667143713,4.1166226955841685,4.873442610077955,4.864345683882844,4.890675769669758
B,MISTY1_FI_key0000,spectrum,natural,proposed,coam,32,8.897179151052047,8.893556440757646,9.028230200665368,7.2294991574643745,7.208110075531926,7.2342419191565766
B,MISTY1_FI_key0000,spectrum,natural,proposed,coam,64,18.614146664517975,18.248277766213686,18.639243457330934,9.220191473527981,9.172053091238647,9.235790266683898
B,MISTY1_FI_key0000,spectrum,natural,proposed,coam-serial-source,1,1.0,1.0,1.0,1.0,1.0,1.0
B,MISTY1_S9,max,natural,bitwise,coam,1,1.0,1.0,1.0,1.0,1.0,1.0
B,MISTY1_S9,max,natural,bitwise,coam,2,0.9438601673336315,0.8578771353239945,0.9917989871907532,0.9370501070239089,0.85111373912188,0.992106308327319
B,MISTY1_S9,max,natural,bitwise,coam,4,0.8768436748556429,0.8733512522786996,0.9904166611435335,0.8685037991087423,0.8644336452888789,0.9894710046566967
B,MISTY1_S9,max,natural,bitwise,coam,8,0.9551799665913577,0.9253283267187776,0.9741972877418372,0.9471524008572942,0.9187170115073504,0.9672163618936953
B,MISTY1_S9,max,natural,bitwise,coam,16,1.0033996427811307,0.9965311412050348,1.0052326514844658,1.0024135192482082,0.9969135765330741,1.0047724160154676
B,MISTY1_S9,max,natural,bitwise,coam,32,1.0024018574147184,1.0009458215866431,1.0051517260516856,1.001565309462163,1.0002353779942026,1.0049025971024883
B,MISTY1_S9,max,natural,bitwise,coam,64,0.9982962403459718,0.9976687372871377,0.9995151745108269,0.9956809273058665,0.9945152891782957,0.996130872225001
B,MISTY1_S9,max,natural,bitwise,coam-serial-source,1,1.0,1.0,1.0,1.0,1.0,1.0
B,MISTY1_S9,max,natural,proposed,coam,1,1.0,1.0,1.0,1.0,1.0,1.0
B,MISTY1_S9,max,natural,proposed,coam,2,0.9783317746083704,0.5891194384466861,0.998904986028795,0.9818772541655489,0.5850026796288659,1.0029988565107884
B,MISTY1_S9,max,natural,proposed,coam,4,0.8079883210385798,0.7121324933709028,0.9995195919497054,0.78174436164682,0.694831849462532,0.9939706551900518
B,MISTY1_S9,max,natural,proposed,coam,8,0.7536512381076231,0.7015470896188651,1.005288555464385,0.7704707041593348,0.6906050997143531,1.0099370385638797
B,MISTY1_S9,max,natural,proposed,coam,16,1.0019900885024682,0.9889307679352339,1.0040393769747569,0.9961813507224196,0.9888607660226653,0.9997550105062802
B,MISTY1_S9,max,natural,proposed,coam,32,0.9999319862728866,0.9933174677594526,1.0028307424122558,0.996415247124248,0.9908222386819516,1.0010088239462358
B,MISTY1_S9,max,natural,proposed,coam,64,1.003361891550221,1.002401766004415,1.0215500127056731,0.9851954623059178,0.9848532666003297,0.9863189130095268
B,MISTY1_S9,max,natural,proposed,coam-serial-source,1,1.0,1.0,1.0,1.0,1.0,1.0
B,MISTY1_S9,min,natural,bitwise,coam,1,1.0,1.0,1.0,1.0,1.0,1.0
B,MISTY1_S9,min,natural,bitwise,coam,2,1.0066704590459752,0.9979544210745467,1.0066751144684742,1.0060002871563916,0.9978786050549381,1.0061156634183044
B,MISTY1_S9,min,natural,bitwise,coam,4,1.0002678317656548,0.997400641474241,1.0029975451651694,0.9922361878508574,0.98972044891109,0.9988301041854356
B,MISTY1_S9,min,natural,bitwise,coam,8,1.0063973400720545,1.006175117329854,1.009899855659744,1.0063692020577233,0.9964318278793202,1.0097017074034578
B,MISTY1_S9,min,natural,bitwise,coam,16,1.006050955366702,1.0044595086542598,1.006886879938308,1.0057915659875294,1.0043055292872707,1.0063887776391607
B,MISTY1_S9,min,natural,bitwise,coam,32,1.004761062276795,0.9993932321801121,1.0052916499577496,1.0043453486989893,0.9988246744057466,1.0051735941903606
B,MISTY1_S9,min,natural,bitwise,coam,64,1.0024590215904465,0.9930447805273154,1.0065501771934142,1.000702513547137,0.9920615485969333,1.0052972822004362
B,MISTY1_S9,min,natural,bitwise,coam-serial-source,1,1.0,1.0,1.0,1.0,1.0,1.0
B,MISTY1_S9,min,natural,proposed,coam,1,1.0,1.0,1.0,1.0,1.0,1.0
B,MISTY1_S9,min,natural,proposed,coam,2,0.9425700779205759,0.7167475454402974,0.9968793533530634,0.9162508088662711,0.7056242075688669,0.9961872362722642
B,MISTY1_S9,min,natural,proposed,coam,4,0.8349783400083712,0.7282614364281957,0.9984309009405407,0.8140380688703284,0.7168803159390689,0.9950717499605443
B,MISTY1_S9,min,natural,proposed,coam,8,1.001436322359093,0.9418919777876653,1.001883620207116,1.000310013020547,0.9165062958313944,1.002792121322916
B,MISTY1_S9,min,natural,proposed,coam,16,1.0036245194843578,0.9972418418117562,1.0092739054478774,0.998426407667976,0.9924209277244825,1.0016004438138457
B,MISTY1_S9,min,natural,proposed,coam,32,1.0074291543610896,1.0037376805433191,1.0076116453640875,1.003380995562068,1.0015714626376027,1.0056470663570318
B,MISTY1_S9,min,natural,proposed,coam,64,1.0014048251443222,1.0005867154091777,1.0059917909688323,0.9878125704209066,0.9866717058681107,0.9941278171542514
B,MISTY1_S9,min,natural,proposed,coam-serial-source,1,1.0,1.0,1.0,1.0,1.0,1.0
B,MISTY1_S9,spectrum,natural,bitwise,coam,1,1.0,1.0,1.0,1.0,1.0,1.0
B,MISTY1_S9,spectrum,natural,bitwise,coam,2,0.9802977939426585,0.937434065230521,0.9881903904734708,0.8794066567852094,0.8550212731420775,1.001287607426643
B,MISTY1_S9,spectrum,natural,bitwise,coam,4,0.9852185040225747,0.9524722005141447,0.9870964479687807,0.9715366243083277,0.9112390296876539,0.9927155327650963
B,MISTY1_S9,spectrum,natural,bitwise,coam,8,0.9953774273738824,0.9946898111465271,0.9980241837503098,0.9985676664713732,0.9174249273658254,1.0045624148008123
B,MISTY1_S9,spectrum,natural,bitwise,coam,16,0.9904678200412016,0.988257309466484,0.9929863240539721,1.0037619143531002,0.9906163687916011,1.0070739444947356
B,MISTY1_S9,spectrum,natural,bitwise,coam,32,0.9893971800147994,0.9838962587568937,0.9916161341322648,0.9941153278757774,0.9910521292995864,0.997188015492321
B,MISTY1_S9,spectrum,natural,bitwise,coam,64,0.9921114281756809,0.9843698831394805,0.9938897686316378,0.9933263297014295,0.9804399399641721,0.9969209108420429
B,MISTY1_S9,spectrum,natural,bitwise,coam-serial-source,1,1.0,1.0,1.0,1.0,1.0,1.0
B,MISTY1_S9,spectrum,natural,proposed,coam,1,1.0,1.0,1.0,1.0,1.0,1.0
B,MISTY1_S9,spectrum,natural,proposed,coam,2,0.9780307119741978,0.9738166194973915,0.9934188832520926,0.865186134714752,0.790062066872733,0.8854502132100995
B,MISTY1_S9,spectrum,natural,proposed,coam,4,0.8783004596709955,0.8699701600506375,0.9753557185894797,0.7340501733831463,0.7314015030199508,0.8790321952359621
B,MISTY1_S9,spectrum,natural,proposed,coam,8,0.9972134623561201,0.9597213765033074,1.0023266104872002,0.9707441533287305,0.8130764931827658,0.999537129828439
B,MISTY1_S9,spectrum,natural,proposed,coam,16,0.9907939362652857,0.9896478371961932,1.001938389008096,0.9859897708973198,0.9848385516829873,0.9907156388637057
B,MISTY1_S9,spectrum,natural,proposed,coam,32,0.9976418610695063,0.9954502374898775,0.9986488452242414,0.9909482987537176,0.9873817275798291,0.9923117420965918
B,MISTY1_S9,spectrum,natural,proposed,coam,64,0.9817569732162807,0.9810299539922341,0.9845541583526274,0.9769833330969853,0.9717961750859407,0.9783342637353488
B,MISTY1_S9,spectrum,natural,proposed,coam-serial-source,1,1.0,1.0,1.0,1.0,1.0,1.0
B,PRESENT,max,natural,bitwise,coam,1,1.0,1.0,1.0,1.0,1.0,1.0
B,PRESENT,max,natural,bitwise,coam,2,1.0038666556597933,0.9949704734807777,1.066102405825184,1.0041644006245505,0.9948877554044296,1.073596472937171
B,PRESENT,max,natural,bitwise,coam,4,0.9255062333796872,0.7935380340583534,0.9832618493616978,0.9262991572611167,0.7889180912715615,0.9757435162738631
B,PRESENT,max,natural,bitwise,coam,8,0.989580618999798,0.9631874333464401,1.0874957089219306,0.9879245802666434,0.9555848024201935,1.0945479287845727
B,PRESENT,max,natural,bitwise,coam,16,1.001550889242682,1.0000739660678832,1.0995113892916797,0.9987277085449275,0.9970757078025795,1.1154309803282885
B,PRESENT,max,natural,bitwise,coam,32,0.9862656441950516,0.9772957380625209,1.0893356455146688,0.9807707390008268,0.9742059566283926,1.102588335743383
B,PRESENT,max,natural,bitwise,coam,64,0.9953483749275581,0.9892200347991004,1.0994427762809171,0.9882536514899835,0.9820058340375531,1.1032563632702233
B,PRESENT,max,natural,bitwise,coam-serial-source,1,1.0,1.0,1.0,1.0,1.0,1.0
B,PRESENT,max,natural,peigen,coam,1,1.0,1.0,1.0,1.0,1.0,1.0
B,PRESENT,max,natural,proposed,coam,1,1.0,1.0,1.0,1.0,1.0,1.0
B,PRESENT,max,natural,proposed,coam,2,1.0506018713104852,0.9958426834352643,1.1735752853941372,1.0488668275861555,0.9959864461359561,1.1822143522160402
B,PRESENT,max,natural,proposed,coam,4,1.119241791848589,0.8720208896200927,1.1362475647417247,1.1159964434628051,0.8635620379458041,1.1301572417040642
B,PRESENT,max,natural,proposed,coam,8,1.1030782404630488,1.0514779572615494,1.3818092524232024,1.0983242284162178,1.0506671780366588,1.3864135540647922
B,PRESENT,max,natural,proposed,coam,16,1.1375609583384967,1.054334295741775,1.3551526224642314,1.143048645674771,1.050553018512778,1.3561068515387076
B,PRESENT,max,natural,proposed,coam,32,1.1748917748917749,1.0499335546385318,1.3853831419697642,1.1772166618039435,1.0428380187416333,1.3869527829310577
B,PRESENT,max,natural,proposed,coam,64,1.1780733426510681,1.032310622090563,1.3536509285928784,1.1740010942868317,1.0190350819184288,1.343958284932497
B,PRESENT,max,natural,proposed,coam-serial-source,1,1.0,1.0,1.0,1.0,1.0,1.0
B,PRESENT,min,natural,bitwise,coam,1,1.0,1.0,1.0,1.0,1.0,1.0
B,PRESENT,min,natural,bitwise,coam,2,0.9198151094108445,0.8421095709389868,0.9893014212330363,0.9137321429279845,0.837945337777593,0.989703484312587
B,PRESENT,min,natural,bitwise,coam,4,1.0189611884088294,0.9844676185120762,1.0244548922578514,1.018756230375871,0.9778842776701449,1.0241328775435095
B,PRESENT,min,natural,bitwise,coam,8,0.9410297181135695,0.8809608573454658,1.0228782291921805,0.934673017005859,0.8755072193829552,1.0210768795088985
B,PRESENT,min,natural,bitwise,coam,16,1.00761459648903,0.9943208238662032,1.012649868723109,1.0023212735636038,0.9934222071578326,1.0055728588183208
B,PRESENT,min,natural,bitwise,coam,32,1.01849815535714,1.0117962463481869,1.027657249865522,1.0154219786202936,1.0082377798220723,1.0241838148985696
B,PRESENT,min,natural,bitwise,coam,64,1.0042389904770173,0.9981671139913254,1.0139617314551055,0.9963188105273028,0.9899926427736143,1.006389864839181
B,PRESENT,min,natural,bitwise,coam-serial-source,1,1.0,1.0,1.0,1.0,1.0,1.0
B,PRESENT,min,natural,peigen,coam,1,1.0,1.0,1.0,1.0,1.0,1.0
B,PRESENT,min,natural,proposed,coam,1,1.0,1.0,1.0,1.0,1.0,1.0
B,PRESENT,min,natural,proposed,coam,2,0.8361175998169249,0.7706642220857398,0.8986956671934273,0.832471269271131,0.7668744699869359,0.8924557883542195
B,PRESENT,min,natural,proposed,coam,4,0.9015692025377009,0.8288494661443081,0.918483753778139,0.9022059533727704,0.82395399544644,0.9124849846483517
B,PRESENT,min,natural,proposed,coam,8,0.9982151164813695,0.958497256089184,1.0012249786231135,0.9987090484317945,0.9515202113450297,1.0022463804185444
B,PRESENT,min,natural,proposed,coam,16,0.9993493320090301,0.9925510870737008,1.0046355262372861,0.9985547308733702,0.9895651637202024,1.0009206698065183
B,PRESENT,min,natural,proposed,coam,32,1.0017922445284655,0.9949109612355544,1.0108052240909517,0.9997601764997534,0.9925406194384339,1.0069186677614075
B,PRESENT,min,natural,proposed,coam,64,0.9973616463118191,0.9926166640798799,1.006385274565507,0.990254039638805,0.9859866975310806,0.9997668958857124
B,PRESENT,min,natural,proposed,coam-serial-source,1,1.0,1.0,1.0,1.0,1.0,1.0
B,PRESENT,spectrum,natural,bitwise,coam,1,1.0,1.0,1.0,1.0,1.0,1.0
B,PRESENT,spectrum,natural,bitwise,coam,2,0.8970610686478319,0.8809080783670301,1.0018160397714901,0.897303197541761,0.8768812887509969,1.0021648493322397
B,PRESENT,spectrum,natural,bitwise,coam,4,0.9814341854322655,0.957727394764051,0.982119612910567,0.9761866981819074,0.9570575323501179,0.9761948402475017
B,PRESENT,spectrum,natural,bitwise,coam,8,1.0005171956618573,0.9936177523813511,1.0119289538858238,1.0005051797238873,0.9933045453796289,1.0119778411245015
B,PRESENT,spectrum,natural,bitwise,coam,16,1.0030566652660777,0.9956994678766449,1.0083148210792092,1.001368132156705,0.990580803087346,1.0065438226141348
B,PRESENT,spectrum,natural,bitwise,coam,32,1.007325326978833,0.9992064324418808,1.0085456371206536,1.0048346569114033,0.9970215356544166,1.0051843198428319
B,PRESENT,spectrum,natural,bitwise,coam,64,1.0022481649015411,0.9942490116852403,1.0023891274549444,0.9948957038412739,0.9882573729086735,0.9958998860791679
B,PRESENT,spectrum,natural,bitwise,coam-serial-source,1,1.0,1.0,1.0,1.0,1.0,1.0
B,PRESENT,spectrum,natural,peigen,coam,1,1.0,1.0,1.0,1.0,1.0,1.0
B,PRESENT,spectrum,natural,proposed,coam,1,1.0,1.0,1.0,1.0,1.0,1.0
B,PRESENT,spectrum,natural,proposed,coam,2,0.8889798631993906,0.825229186996309,0.8907992774023757,0.8845365907859831,0.8220216226368917,0.8905417413872199
B,PRESENT,spectrum,natural,proposed,coam,4,0.9850957043938458,0.974266042284417,1.0025595411338208,0.9783930833615692,0.9688671727691742,1.0025012688487418
B,PRESENT,spectrum,natural,proposed,coam,8,1.0026448893359756,0.9706265724212292,1.0037076446899922,1.0022674090131387,0.964137375313595,1.0034995423069404
B,PRESENT,spectrum,natural,proposed,coam,16,1.0081213933537667,0.9936343576622997,1.0242959004394605,1.0065987840442885,0.9926833459344285,1.0219858362310454
B,PRESENT,spectrum,natural,proposed,coam,32,1.0040476946417578,0.9946934376567994,1.0050035452529584,1.0009071277056054,0.9919022361935261,1.0017502159485108
B,PRESENT,spectrum,natural,proposed,coam,64,1.0199646592396348,0.997264036974099,1.0216342022595812,1.014350687548907,0.991785996792311,1.0155470675148064
B,PRESENT,spectrum,natural,proposed,coam-serial-source,1,1.0,1.0,1.0,1.0,1.0,1.0
B,random_n08_00,max,natural,bitwise,coam,1,1.0,1.0,1.0,1.0,1.0,1.0
B,random_n08_00,max,natural,bitwise,coam,2,0.9826585179902845,0.8932457344840949,1.0309231740698859,0.9823828362661906,0.8859212085947373,1.0290585795903755
B,random_n08_00,max,natural,bitwise,coam,4,0.9955828953017627,0.9579278417083689,1.0012825270503234,0.985291212100293,0.9489193701873652,1.001301479356497
B,random_n08_00,max,natural,bitwise,coam,8,0.9601402828488497,0.940186212032664,0.9871884115947425,0.9529784750410399,0.9336684053517912,0.9884439723531828
B,random_n08_00,max,natural,bitwise,coam,16,1.0028068442540916,0.9943496457182982,1.0107432720954184,1.001486399642388,0.9929956997635117,1.0098962069419841
B,random_n08_00,max,natural,bitwise,coam,32,0.9915550965057235,0.9844710433905067,1.002867079795908,0.9886659547670167,0.982342106597208,0.9999531321041705
B,random_n08_00,max,natural,bitwise,coam,64,0.9834775851495217,0.965538782489442,0.9991641624110608,0.9784952183276121,0.9604824945535746,0.994468766821696
B,random_n08_00,max,natural,bitwise,coam-serial-source,1,1.0,1.0,1.0,1.0,1.0,1.0
B,random_n08_00,max,natural,peigen,coam,1,1.0,1.0,1.0,1.0,1.0,1.0
B,random_n08_00,max,natural,proposed,coam,1,1.0,1.0,1.0,1.0,1.0,1.0
B,random_n08_00,max,natural,proposed,coam,2,0.696776499454217,0.6635060021486291,0.9381327713382508,0.6891963843550883,0.6482951527322777,0.9125025983786117
B,random_n08_00,max,natural,proposed,coam,4,0.8962201000582387,0.832681080555953,1.0097527687342727,0.8738906113490592,0.8138724685891529,1.0087926843882609
B,random_n08_00,max,natural,proposed,coam,8,0.9913123985192928,0.7674473132516827,0.9962389477165374,0.9674664977124882,0.7577813778084665,1.000036577057955
B,random_n08_00,max,natural,proposed,coam,16,0.9866349237737995,0.9865131396188677,1.0027618548914026,0.9843149424046724,0.982091868638545,0.9986846382830185
B,random_n08_00,max,natural,proposed,coam,32,0.9984957543721532,0.9943790745870332,1.0125701896680808,0.9861983659875315,0.9811731549721759,1.0040319786969343
B,random_n08_00,max,natural,proposed,coam,64,0.9997401373514987,0.9815038593765115,1.0025264731454127,0.9814471631539823,0.9588301951816448,0.9841123385509779
B,random_n08_00,max,natural,proposed,coam-serial-source,1,1.0,1.0,1.0,1.0,1.0,1.0
B,random_n08_00,min,natural,bitwise,coam,1,1.0,1.0,1.0,1.0,1.0,1.0
B,random_n08_00,min,natural,bitwise,coam,2,0.9809070451696973,0.9759369077860315,1.0494682330798775,0.9794419693524724,0.9756819701317323,1.0613972653642019
B,random_n08_00,min,natural,bitwise,coam,4,0.8893432205127084,0.8190695841032957,0.9025901424807207,0.8883992515905039,0.8115211678149593,0.8921470596902042
B,random_n08_00,min,natural,bitwise,coam,8,1.015193462364813,0.9930920445011205,1.0456755004741027,1.0166462580617721,0.9943425087401657,1.0455489679510053
B,random_n08_00,min,natural,bitwise,coam,16,0.9776228127252452,0.9761015593979974,1.044342982679996,0.9771094588977033,0.976367626405438,1.0547102654131306
B,random_n08_00,min,natural,bitwise,coam,32,0.992661808648666,0.9911114161770359,1.0396457913142216,0.9877834709694647,0.9865528467501271,1.0466790152385437
B,random_n08_00,min,natural,bitwise,coam,64,1.0021768096615056,0.9993415851673023,1.0104866133462325,1.0019796077346337,0.9962171025572123,1.002986754190599
B,random_n08_00,min,natural,bitwise,coam-serial-source,1,1.0,1.0,1.0,1.0,1.0,1.0
B,random_n08_00,min,natural,peigen,coam,1,1.0,1.0,1.0,1.0,1.0,1.0
B,random_n08_00,min,natural,proposed,coam,1,1.0,1.0,1.0,1.0,1.0,1.0
B,random_n08_00,min,natural,proposed,coam,2,0.9893439040904479,0.9544412015674509,0.9992857976161006,0.9877230201425672,0.9547825668886272,1.0005122348554827
B,random_n08_00,min,natural,proposed,coam,4,0.9486134504602576,0.8671623857061733,1.0033296115738477,0.9340093073517621,0.8542097301844095,1.002840786972749
B,random_n08_00,min,natural,proposed,coam,8,0.996399897869443,0.8024312790671927,1.0020286522159674,0.9973262305616962,0.7959541212590215,1.003876440335185
B,random_n08_00,min,natural,proposed,coam,16,0.9971265808772396,0.9804516917270495,1.000998208368377,0.9957110073005712,0.9796637637521503,1.0026451761300204
B,random_n08_00,min,natural,proposed,coam,32,1.0000094916283837,0.9942192555147492,1.0036378457858128,0.9920722884432487,0.9867285766826039,0.9962964786357814
B,random_n08_00,min,natural,proposed,coam,64,0.9985859897361051,0.9958580351471522,0.9987386552415934,0.9867619796769845,0.9863525148092277,0.9880691215154768
B,random_n08_00,min,natural,proposed,coam-serial-source,1,1.0,1.0,1.0,1.0,1.0,1.0
B,random_n08_00,spectrum,natural,bitwise,coam,1,1.0,1.0,1.0,1.0,1.0,1.0
B,random_n08_00,spectrum,natural,bitwise,coam,2,1.0014108144214473,0.9978466409192547,1.0038135454418216,0.9999056216106581,0.9968580194217753,1.003853992828304
B,random_n08_00,spectrum,natural,bitwise,coam,4,0.9462889766499861,0.929868764079771,0.9845702419751586,0.9335887702355797,0.9191535660000918,0.9706070298447758
B,random_n08_00,spectrum,natural,bitwise,coam,8,0.9885747976756534,0.9096958159512978,1.0098934523702814,0.9898906542522508,0.9013142785037087,1.0095334032036483
B,random_n08_00,spectrum,natural,bitwise,coam,16,0.9994585879047471,0.9703534469938603,1.0012775262338527,0.997797062008993,0.9697640841218076,0.9995745588538639
B,random_n08_00,spectrum,natural,bitwise,coam,32,0.999517172982566,0.9974658223353258,1.00334192810669,0.9962870051019365,0.9948401793927436,0.9996867803178829
B,random_n08_00,spectrum,natural,bitwise,coam,64,1.0033270362661202,0.9999276196352505,1.010932485915193,0.9944421967535593,0.9935126798678907,0.9972988111260918
B,random_n08_00,spectrum,natural,bitwise,coam-serial-source,1,1.0,1.0,1.0,1.0,1.0,1.0
B,random_n08_00,spectrum,natural,peigen,coam,1,1.0,1.0,1.0,1.0,1.0,1.0
B,random_n08_00,spectrum,natural,proposed,coam,1,1.0,1.0,1.0,1.0,1.0,1.0
B,random_n08_00,spectrum,natural,proposed,coam,2,0.9121554006697298,0.9112830614871431,0.9935081832344542,0.8890704685954671,0.8862835858964294,0.990823749983496
B,random_n08_00,spectrum,natural,proposed,coam,4,0.8112644071632935,0.8103190049861907,0.9017395053245646,0.7903954712251802,0.788204175732994,0.876721156511741
B,random_n08_00,spectrum,natural,proposed,coam,8,0.9821510699369399,0.8836922653267545,0.9884864128731545,0.9563626549857535,0.8672681188674308,0.9884958739892519
B,random_n08_00,spectrum,natural,proposed,coam,16,0.992919833281248,0.9624155991114653,1.0229601081982094,0.9909914108795526,0.9609342487445819,1.0236606711337812
B,random_n08_00,spectrum,natural,proposed,coam,32,1.0028503165170395,0.991362826437043,1.0269519597929968,0.9977342552901538,0.9855003691397003,1.021387665149402
B,random_n08_00,spectrum,natural,proposed,coam,64,1.0076002664394414,0.9911090848219132,1.0202028379064028,0.9956210746101518,0.9762001062534298,1.0058954861319607
B,random_n08_00,spectrum,natural,proposed,coam-serial-source,1,1.0,1.0,1.0,1.0,1.0,1.0
B,random_n08_01,max,natural,bitwise,coam,1,1.0,1.0,1.0,1.0,1.0,1.0
B,random_n08_01,max,natural,bitwise,coam,2,0.9732100552873578,0.9699629337712631,0.9954564248378751,0.9652064777172368,0.9615115445247754,0.9958230031260106
B,random_n08_01,max,natural,bitwise,coam,4,0.8354881958071804,0.8240314307179213,0.881118286729199,0.8289960095902571,0.8190383624325055,0.8707643202806512
B,random_n08_01,max,natural,bitwise,coam,8,0.9930040941863356,0.9343752012738608,0.9986480171170329,0.9931141372620732,0.9278580115571773,0.9993424396839904
B,random_n08_01,max,natural,bitwise,coam,16,0.9961818510957127,0.9944121568923441,0.9978610473346136,0.9951411278777663,0.9940035658515863,0.9983714552885676
B,random_n08_01,max,natural,bitwise,coam,32,0.9964848315291208,0.9962519156315535,1.0010442742926713,0.9959744504378089,0.9934087168573511,0.9979585345458765
B,random_n08_01,max,natural,bitwise,coam,64,0.9826784613242636,0.9762077010946841,1.0015097062623584,0.9772594589268829,0.9712782262332688,0.9963437147439429
B,random_n08_01,max,natural,bitwise,coam-serial-source,1,1.0,1.0,1.0,1.0,1.0,1.0
B,random_n08_01,max,natural,peigen,coam,1,1.0,1.0,1.0,1.0,1.0,1.0
B,random_n08_01,max,natural,proposed,coam,1,1.0,1.0,1.0,1.0,1.0,1.0
B,random_n08_01,max,natural,proposed,coam,2,0.871682832686105,0.8701257479168089,0.9883062831163187,0.8725198291113415,0.851752386131504,0.9540757965596022
B,random_n08_01,max,natural,proposed,coam,4,1.0073255472519862,1.0050333558332447,1.0321280276393283,1.0042100896116828,0.9876472747204064,1.0282807598262667
B,random_n08_01,max,natural,proposed,coam,8,1.0031590805752173,0.9906832770141903,1.1972689454046404,1.0061737983732637,0.9939358998996434,1.2230212465558417
B,random_n08_01,max,natural,proposed,coam,16,1.0029251921400038,1.0017827868852458,1.18224459754071,1.0030266313725424,0.9985696116863543,1.2043669184399262
B,random_n08_01,max,natural,proposed,coam,32,1.0046262911465687,0.997671491291715,1.176770716885946,0.9936042057389729,0.9881783568500287,1.1879094979202935
B,random_n08_01,max,natural,proposed,coam,64,1.0018316042379358,0.9944433331864213,1.180922310547992,0.9830061349693252,0.979779024846752,1.1851757213299543
B,random_n08_01,max,natural,proposed,coam-serial-source,1,1.0,1.0,1.0,1.0,1.0,1.0
B,random_n08_01,min,natural,bitwise,coam,1,1.0,1.0,1.0,1.0,1.0,1.0
B,random_n08_01,min,natural,bitwise,coam,2,0.8973022876721288,0.8865558038622661,0.9427193985945416,0.8882537341862804,0.876531908894631,0.9420601940748783
B,random_n08_01,min,natural,bitwise,coam,4,0.948581799472312,0.8778361494897059,0.9541500019527931,0.9371242509287232,0.8787131791395388,0.9441972813491685
B,random_n08_01,min,natural,bitwise,coam,8,0.9052950687146322,0.9051959814618028,0.9702603646160032,0.9074917015442344,0.8965226499672271,0.9722551605056663
B,random_n08_01,min,natural,bitwise,coam,16,0.9893838093801036,0.9861141566110622,1.0135232752181484,0.9894311390213401,0.9851709078911954,1.0124316169988923
B,random_n08_01,min,natural,bitwise,coam,32,1.0071158694766091,1.0022930477298773,1.0143466752548786,1.0017833652632229,0.997971177975592,1.0091262953171893
B,random_n08_01,min,natural,bitwise,coam,64,1.0120844466912207,0.9980201731928764,1.0149633860558,1.0065969340361562,0.9867704543975732,1.0115365907193288
B,random_n08_01,min,natural,bitwise,coam-serial-source,1,1.0,1.0,1.0,1.0,1.0,1.0
B,random_n08_01,min,natural,peigen,coam,1,1.0,1.0,1.0,1.0,1.0,1.0
B,random_n08_01,min,natural,proposed,coam,1,1.0,1.0,1.0,1.0,1.0,1.0
B,random_n08_01,min,natural,proposed,coam,2,1.0031411665545047,0.7953714405800147,1.0168659188190055,1.0045352420109361,0.787325682457093,1.013560623184759
B,random_n08_01,min,natural,proposed,coam,4,0.9227024265822477,0.8036029053268493,0.9963258417987204,0.9100909981493758,0.8071537600007561,0.9993347728110561
B,random_n08_01,min,natural,proposed,coam,8,1.007751519013267,0.7760430214376526,1.0767519570218251,1.0025931670695547,0.7700681986625116,1.0959470003707688
B,random_n08_01,min,natural,proposed,coam,16,1.0060858897099334,1.004530330515512,1.0863976179725183,1.00821211528976,1.0043028403952032,1.1015796938879567
B,random_n08_01,min,natural,proposed,coam,32,1.0013444760594699,0.9939587948729012,1.0801296470395976,0.9948390841119092,0.9906759223555295,1.0901445406213732
B,random_n08_01,min,natural,proposed,coam,64,1.0081794718701915,1.0005318938622272,1.0699152108750378,0.9976361739258903,0.9879567264217639,1.075212959058655
B,random_n08_01,min,natural,proposed,coam-serial-source,1,1.0,1.0,1.0,1.0,1.0,1.0
B,random_n08_01,spectrum,natural,bitwise,coam,1,1.0,1.0,1.0,1.0,1.0,1.0
B,random_n08_01,spectrum,natural,bitwise,coam,2,0.9754869362546109,0.850755908304791,0.9981384917977812,0.9803993396944762,0.8435810688787488,0.9961601994500269
B,random_n08_01,spectrum,natural,bitwise,coam,4,0.9109924424221099,0.8034532186228793,0.995624559096646,0.9103758573010345,0.8003882693257804,0.9965208455927451
B,random_n08_01,spectrum,natural,bitwise,coam,8,0.9897495224195826,0.8854316040151593,1.0039131571812792,0.9841342344279751,0.8776787969761563,1.009865275038742
B,random_n08_01,spectrum,natural,bitwise,coam,16,0.9967901869550135,0.9936206568978322,0.9992978668526284,0.9981991389026564,0.9959251623586578,1.0036918994619297
B,random_n08_01,spectrum,natural,bitwise,coam,32,1.0013060236740798,1.000171626739446,1.003531534988578,1.003109551575839,0.9953420593975958,1.0049511439114391
B,random_n08_01,spectrum,natural,bitwise,coam,64,0.9967246153202126,0.9963283466212787,1.0079062213392702,0.9929984366235983,0.9893318330826397,1.002307714502917
B,random_n08_01,spectrum,natural,bitwise,coam-serial-source,1,1.0,1.0,1.0,1.0,1.0,1.0
B,random_n08_01,spectrum,natural,peigen,coam,1,1.0,1.0,1.0,1.0,1.0,1.0
B,random_n08_01,spectrum,natural,proposed,coam,1,1.0,1.0,1.0,1.0,1.0,1.0
B,random_n08_01,spectrum,natural,proposed,coam,2,0.9997543653668688,0.950412391969204,1.0085812514957935,0.9743518111754194,0.9297564350898392,1.0061751684999432
B,random_n08_01,spectrum,natural,proposed,coam,4,0.7301295051054897,0.7299427560184426,0.9845528184642699,0.7227810592206783,0.7175845967851371,0.9513037105206722
B,random_n08_01,spectrum,natural,proposed,coam,8,0.9939370256421546,0.8893382330560837,1.0028584345860412,0.9971692816704024,0.8728083638268556,1.007540649935884
B,random_n08_01,spectrum,natural,proposed,coam,16,1.0062330461603426,1.00258307127853,1.031919015070392,1.0029051422224613,0.9590270330081883,1.0124523797881373
B,random_n08_01,spectrum,natural,proposed,coam,32,1.0010687444359325,0.9921913264792644,1.0079294809731552,0.9989363312120779,0.9855190316829825,1.0018695203713255
B,random_n08_01,spectrum,natural,proposed,coam,64,1.0268470201289,1.0052790805114231,1.0314899285005215,1.0161780699744896,1.0041232591051172,1.0179251690635798
B,random_n08_01,spectrum,natural,proposed,coam-serial-source,1,1.0,1.0,1.0,1.0,1.0,1.0
B,random_n12_00,max,natural,bitwise,coam,1,1.0,1.0,1.0,1.0,1.0,1.0
B,random_n12_00,max,natural,bitwise,coam,2,1.0288303501130542,1.0284916697421982,1.034944423105121,1.0200319648893597,1.0130709232922854,1.0237208488121494
B,random_n12_00,max,natural,bitwise,coam,4,1.0300227206965489,1.0278349113159508,1.037022796385832,1.0273801351244753,1.014586556522315,1.0364066156221645
B,random_n12_00,max,natural,bitwise,coam,8,1.0115665799656741,1.010864638169685,1.0193107419076242,1.0130105099726248,1.0028461117446787,1.0208052696892784
B,random_n12_00,max,natural,bitwise,coam,16,0.9903999598335735,0.9884270842803292,0.9933433119040297,0.9915042207560069,0.9887088672571495,0.9947034683230433
B,random_n12_00,max,natural,bitwise,coam,32,0.9807134753890654,0.9802110651555114,0.9807678820961842,0.9785169974903034,0.9782851038075674,0.9785345394190789
B,random_n12_00,max,natural,bitwise,coam,64,0.9626943439049431,0.9529186660119706,0.9726313445171256,0.9530679075157998,0.9471945925569768,0.965675632199255
B,random_n12_00,max,natural,bitwise,coam-serial-source,1,1.0,1.0,1.0,1.0,1.0,1.0
B,random_n12_00,max,natural,proposed,coam,1,1.0,1.0,1.0,1.0,1.0,1.0
B,random_n12_00,max,natural,proposed,coam,2,0.9877734936950368,0.9765271075438251,1.0153705148688985,0.9545056539853594,0.9519680241446745,1.0132069593784516
B,random_n12_00,max,natural,proposed,coam,4,0.9938460778776684,0.9841354027095429,1.0037834727136927,0.9928377993982549,0.9843332482534147,0.9945647552531124
B,random_n12_00,max,natural,proposed,coam,8,0.9986757801112717,0.9778848677147697,1.0016962513764789,1.0124462495145494,1.0082409001345694,1.0131872321924704
B,random_n12_00,max,natural,proposed,coam,16,0.9369196395407974,0.9261288345348939,0.9530877889329908,0.9576008613870088,0.9441903019213175,0.9587687563278029
B,random_n12_00,max,natural,proposed,coam,32,0.8741194782297277,0.8692402100469451,0.8783661656643034,0.8669060454753427,0.8626300539706396,0.9050882693108071
B,random_n12_00,max,natural,proposed,coam,64,0.8447981043095397,0.8358909798831927,0.8586496012065923,0.8349171376568637,0.8166156573543761,0.8587660533710095
B,random_n12_00,max,natural,proposed,coam-serial-source,1,1.0,1.0,1.0,1.0,1.0,1.0
B,random_n12_00,min,natural,bitwise,coam,1,1.0,1.0,1.0,1.0,1.0,1.0
B,random_n12_00,min,natural,bitwise,coam,2,0.5662714277241538,0.5543010612232437,0.5674144524649308,0.5688997203852166,0.55737104693295,0.5730105554092616
B,random_n12_00,min,natural,bitwise,coam,4,0.8698171676122852,0.8674232704568965,0.8744383925463942,0.8684741910367716,0.861303005845211,0.8795566443471231
B,random_n12_00,min,natural,bitwise,coam,8,1.2328026680480872,1.2198369466276209,1.240482566579661,1.230720515846743,1.2196625991856895,1.2400600045815393
B,random_n12_00,min,natural,bitwise,coam,16,0.7104592722127924,0.7045991234748025,0.7155140584319745,0.7083118117174912,0.7012429605266027,0.7083346781358519
B,random_n12_00,min,natural,bitwise,coam,32,0.13659114999430183,0.13557342026404443,0.1367602489173521,0.1370159200676372,0.13598056652896306,0.13734540971315187
B,random_n12_00,min,natural,bitwise,coam,64,0.046246226047669876,0.045962322260453166,0.046548207878214426,0.046554191426963626,0.04634514357990817,0.04679419364668944
B,random_n12_00,min,natural,bitwise,coam-serial-source,1,1.0,1.0,1.0,1.0,1.0,1.0
B,random_n12_00,min,natural,proposed,coam,1,1.0,1.0,1.0,1.0,1.0,1.0
B,random_n12_00,min,natural,proposed,coam,2,0.7272485683431127,0.7235709033240882,0.7295260511908873,0.7343721720110443,0.7187588867359299,0.7354013658697376
B,random_n12_00,min,natural,proposed,coam,4,1.057934247728124,1.0482257467166445,1.0629539727054866,1.0495141864170319,0.9930314558137271,1.0568868169538426
B,random_n12_00,min,natural,proposed,coam,8,1.1992573277768723,1.1899773414420636,1.21337140664486,1.196195683423153,1.1729342146200914,1.2029967534995087
B,random_n12_00,min,natural,proposed,coam,16,1.1536413519919477,1.1335215313102964,1.156324218030969,1.139848427123925,1.1254489229777838,1.1418023715888328
B,random_n12_00,min,natural,proposed,coam,32,1.0535583189675446,1.047276451009746,1.0772197665548555,1.037357911073696,1.037315633144538,1.063800710922739
B,random_n12_00,min,natural,proposed,coam,64,1.0161508436397804,0.996915103413707,1.0221399689451462,0.9805713481250788,0.9713843531235514,0.9941387419420742
B,random_n12_00,min,natural,proposed,coam-serial-source,1,1.0,1.0,1.0,1.0,1.0,1.0
B,random_n12_00,spectrum,natural,bitwise,coam,1,1.0,1.0,1.0,1.0,1.0,1.0
B,random_n12_00,spectrum,natural,bitwise,coam,2,0.5494760258782011,0.5438978176583675,0.549734094426792,0.5504687994091835,0.5452088727815104,0.5511581454692557
B,random_n12_00,spectrum,natural,bitwise,coam,4,0.8317916186788011,0.8229315970509423,0.8320001972978773,0.8332925810546522,0.8236293766249158,0.8341393617967995
B,random_n12_00,spectrum,natural,bitwise,coam,8,0.7701655810222013,0.767400858291395,0.7791910534332401,0.7718950018550208,0.7692542099666061,0.7807323228025712
B,random_n12_00,spectrum,natural,bitwise,coam,16,1.6670848908475517,1.64879299638415,1.6832371643850332,1.6340257903731235,1.6120333230372592,1.6494851895681335
B,random_n12_00,spectrum,natural,bitwise,coam,32,1.6441968055195906,1.6363264643569815,1.6555051870170086,1.434010322809857,1.4336846313565013,1.450008351506606
B,random_n12_00,spectrum,natural,bitwise,coam,64,1.1025060920014498,1.0893780385834535,1.103450603109474,0.8666440028823204,0.8661991751209166,0.8678801515480923
B,random_n12_00,spectrum,natural,bitwise,coam-serial-source,1,1.0,1.0,1.0,1.0,1.0,1.0
B,random_n12_00,spectrum,natural,proposed,coam,1,1.0,1.0,1.0,1.0,1.0,1.0
B,random_n12_00,spectrum,natural,proposed,coam,2,0.739956994569766,0.739552929052094,0.7468777349883292,0.7714577542650991,0.7655283100760368,0.7803137428537129
B,random_n12_00,spectrum,natural,proposed,coam,4,1.022334500329751,1.0177566158355182,1.0309530288210507,1.0108078682599928,0.9997370498851894,1.013615298919356
B,random_n12_00,spectrum,natural,proposed,coam,8,1.189656297378295,1.1886051159674254,1.1907897070854339,1.1608624456145262,1.1399516770013705,1.1680483654205533
B,random_n12_00,spectrum,natural,proposed,coam,16,0.8348523182710583,0.8199582229624555,0.8369078032198138,0.8500915167985826,0.8424078463553509,0.8628703837025217
B,random_n12_00,spectrum,natural,proposed,coam,32,0.5847598503640606,0.5840038167514052,0.59491176214716,0.5926514833881709,0.582436174111493,0.5991363233910333
B,random_n12_00,spectrum,natural,proposed,coam,64,0.39411622565676363,0.3886814395991568,0.4025615133853348,0.36229373852149155,0.35972738787531683,0.3753210132346963
B,random_n12_00,spectrum,natural,proposed,coam-serial-source,1,1.0,1.0,1.0,1.0,1.0,1.0
B,random_n12_01,max,natural,bitwise,coam,1,1.0,1.0,1.0,1.0,1.0,1.0
B,random_n12_01,max,natural,bitwise,coam,2,1.0236208518129581,1.01011818390437,1.0236868422593899,1.017637299575236,1.0037098192993437,1.0261042052719431
B,random_n12_01,max,natural,bitwise,coam,4,1.0204172060385,1.0177566787655388,1.0259911553128063,1.019250999119018,1.0170747095018944,1.024808526589177
B,random_n12_01,max,natural,bitwise,coam,8,1.0048987785740786,0.9910025522182578,1.0061938002680062,1.0053344852637986,0.9930321848550088,1.0080837973823396
B,random_n12_01,max,natural,bitwise,coam,16,0.9889449435802448,0.9863111359319833,0.9889512519099208,0.9866205024795532,0.9849353451252204,0.9889777696765013
B,random_n12_01,max,natural,bitwise,coam,32,0.9688823812102937,0.9591602006713892,0.9743303213346386,0.9656747217187676,0.95762061370696,0.9710951246299484
B,random_n12_01,max,natural,bitwise,coam,64,0.955048647113854,0.9550346537298878,0.9560725990084298,0.9502747569457788,0.9461406720022707,0.9520351165508771
B,random_n12_01,max,natural,bitwise,coam-serial-source,1,1.0,1.0,1.0,1.0,1.0,1.0
B,random_n12_01,max,natural,proposed,coam,1,1.0,1.0,1.0,1.0,1.0,1.0
B,random_n12_01,max,natural,proposed,coam,2,0.987546003829353,0.9627559565077218,1.0104870509875574,0.9410236365785332,0.9259569093149181,0.9513323418986787
B,random_n12_01,max,natural,proposed,coam,4,0.959272147851296,0.9532497212164599,0.976239519987965,0.9390880590992333,0.8245933481137375,0.9941287365112113
B,random_n12_01,max,natural,proposed,coam,8,1.017818871363683,1.0114876726967408,1.024806119353309,1.0357390210784359,1.0119836323294942,1.0364755567950914
B,random_n12_01,max,natural,proposed,coam,16,0.9317927023907485,0.9261178684228211,0.947643793680105,0.9522970640479941,0.950195063491254,0.9682596134333885
B,random_n12_01,max,natural,proposed,coam,32,0.8957813344981073,0.89241103718561,0.8999165603092207,0.8954734949896733,0.890055034184887,0.8974803177635521
B,random_n12_01,max,natural,proposed,coam,64,0.8474706313617841,0.8312861158360778,0.8521696523254052,0.8369724918226178,0.8346818023810794,0.8415627675891336
B,random_n12_01,max,natural,proposed,coam-serial-source,1,1.0,1.0,1.0,1.0,1.0,1.0
B,random_n12_01,min,natural,bitwise,coam,1,1.0,1.0,1.0,1.0,1.0,1.0
B,random_n12_01,min,natural,bitwise,coam,2,0.5721155263102495,0.5705289162724647,0.5744893891822207,0.5749549968696869,0.5748924467178079,0.578225440402602
B,random_n12_01,min,natural,bitwise,coam,4,0.871873786418889,0.868521597574084,0.8827631892530304,0.8702292426400826,0.8627288829843762,0.8709318015663133
B,random_n12_01,min,natural,bitwise,coam,8,1.2680851390031342,1.2662719207936388,1.2759937867350648,1.2628270193653761,1.2544673514279734,1.2703206606309017
B,random_n12_01,min,natural,bitwise,coam,16,0.7351196402368604,0.7115438803875964,0.7466197978266155,0.7293593610261732,0.7069025889455725,0.7466308291093711
B,random_n12_01,min,natural,bitwise,coam,32,0.14059827023024804,0.13941296163166503,0.14068316207314252,0.14145811666349534,0.13972936607170303,0.14184547158888058
B,random_n12_01,min,natural,bitwise,coam,64,0.047088108116285186,0.04646075999050243,0.047203274614998264,0.047387613725474634,0.04712412111008554,0.047436801519133674
B,random_n12_01,min,natural,bitwise,coam-serial-source,1,1.0,1.0,1.0,1.0,1.0,1.0
B,random_n12_01,min,natural,proposed,coam,1,1.0,1.0,1.0,1.0,1.0,1.0
B,random_n12_01,min,natural,proposed,coam,2,0.7269429081196296,0.7057740760564484,0.7275468466873518,0.7200812950017996,0.7149691982441035,0.7409353192348991
B,random_n12_01,min,natural,proposed,coam,4,1.0550201698687527,1.054598104776736,1.066145677342728,1.0431776432790052,1.0231580139437022,1.0484888708022546
B,random_n12_01,min,natural,proposed,coam,8,1.2194362465186845,1.2189585691539577,1.2388056132447132,1.2043611529417428,1.203168828753036,1.2144436560802296
B,random_n12_01,min,natural,proposed,coam,16,1.1627715065813602,1.1584667438896739,1.176652130995964,1.1462083883665342,1.1453048526838938,1.1485916828774145
B,random_n12_01,min,natural,proposed,coam,32,1.057435770750988,1.0567396140049914,1.083165432495516,1.047347523767431,1.0382391018967,1.063746894318081
B,random_n12_01,min,natural,proposed,coam,64,1.0293651187980086,1.0108764005137063,1.0312342930282694,1.0001709415127102,0.9940195523701748,1.0085646780862374
B,random_n12_01,min,natural,proposed,coam-serial-source,1,1.0,1.0,1.0,1.0,1.0,1.0
B,random_n12_01,spectrum,natural,bitwise,coam,1,1.0,1.0,1.0,1.0,1.0,1.0
B,random_n12_01,spectrum,natural,bitwise,coam,2,0.5518624116157707,0.5424400421765784,0.5550779796705285,0.5528939839695982,0.5436774435979225,0.5592172130240227
B,random_n12_01,spectrum,natural,bitwise,coam,4,0.8297416072516781,0.8186044585655112,0.84297657505916,0.8269967489603123,0.8197494574970953,0.844902206456905
B,random_n12_01,spectrum,natural,bitwise,coam,8,0.7724110420941154,0.7707505903554863,0.7780270514498171,0.7737235368393469,0.7724707528912195,0.779410232878552
B,random_n12_01,spectrum,natural,bitwise,coam,16,1.687667052035259,1.6667449401872154,1.7198732238215346,1.6482737695227372,1.6318830187521738,1.6926663759190657
B,random_n12_01,spectrum,natural,bitwise,coam,32,1.6558795985539287,1.6430927125720938,1.683972052296705,1.4649569491351329,1.4527560809371063,1.4779877666856107
B,random_n12_01,spectrum,natural,bitwise,coam,64,1.1145591927415526,1.097676958279368,1.1196592510839574,0.8751474568978247,0.8679257624815102,0.8845567601154022
B,random_n12_01,spectrum,natural,bitwise,coam-serial-source,1,1.0,1.0,1.0,1.0,1.0,1.0
B,random_n12_01,spectrum,natural,proposed,coam,1,1.0,1.0,1.0,1.0,1.0,1.0
B,random_n12_01,spectrum,natural,proposed,coam,2,0.7416170594689506,0.73354221364089,0.7440191680188597,0.7675386661905516,0.7667845804812916,0.7748026770759358
B,random_n12_01,spectrum,natural,proposed,coam,4,1.0157167812576688,1.0087920969210007,1.0176219490667786,1.0108864390312156,1.0022593700640137,1.013744425273374
B,random_n12_01,spectrum,natural,proposed,coam,8,1.2188313747511845,1.212538049641962,1.2317891813551172,1.1790402364646864,1.1739057214197386,1.1909075908059759
B,random_n12_01,spectrum,natural,proposed,coam,16,0.8497957622564805,0.8470324843747066,0.8512790931676343,0.8580657140435046,0.8577545620802326,0.8583185123754745
B,random_n12_01,spectrum,natural,proposed,coam,32,0.6056983810753144,0.602674017004609,0.6121384348999671,0.6116487016798924,0.6074650839403812,0.6127537146487526
B,random_n12_01,spectrum,natural,proposed,coam,64,0.3909466731889818,0.38762225806999745,0.4058219163317517,0.36926181422213245,0.36480618645642815,0.3724059746682447
B,random_n12_01,spectrum,natural,proposed,coam-serial-source,1,1.0,1.0,1.0,1.0,1.0,1.0
B,random_n16_00,max,natural,bitwise,coam,1,1.0,1.0,1.0,1.0,1.0,1.0
B,random_n16_00,max,natural,bitwise,coam,2,0.6353997234500391,0.6170300582326351,0.6386100308775409,0.6446687963731638,0.628501055712368,0.6475877695991431
B,random_n16_00,max,natural,bitwise,coam,4,0.9663094390067006,0.9575885767650735,0.9752511947100276,0.9788991999152138,0.9680504379679005,0.9876384382691232
B,random_n16_00,max,natural,bitwise,coam,8,1.295611281904277,1.2947821688943855,1.2975054659466165,1.3065624413499932,1.3036558679646484,1.3106138360301858
B,random_n16_00,max,natural,bitwise,coam,16,1.2661110035940804,1.2420790910265844,1.274851778889166,1.2831708733705962,1.261254873993158,1.2893277402160652
B,random_n16_00,max,natural,bitwise,coam,32,1.2647638213978898,1.264574965443263,1.2755693567058515,1.2817822129510281,1.2790841681456497,1.2913167280492863
B,random_n16_00,max,natural,bitwise,coam,64,1.2726502743096848,1.2654999784882683,1.274998794375039,1.281863594021611,1.2804613199175348,1.2865851027460884
B,random_n16_00,max,natural,bitwise,coam-serial-source,1,1.0,1.0,1.0,1.0,1.0,1.0
B,random_n16_00,max,natural,proposed,coam,1,1.0,1.0,1.0,1.0,1.0,1.0
B,random_n16_00,max,natural,proposed,coam,2,0.9984785676083667,0.9974828633668492,1.0015823839029916,0.9539365412596004,0.950821635130222,0.9601303004502525
B,random_n16_00,max,natural,proposed,coam,4,1.0044088429269669,1.003126501355707,1.0075396503093759,1.1572106157546627,1.1554500411302202,1.162307432803683
B,random_n16_00,max,natural,proposed,coam,8,1.0026214532871973,0.9974580212586907,1.0062921244575755,1.2889056386391458,1.2766463447072467,1.3041889020030049
B,random_n16_00,max,natural,proposed,coam,16,0.9833511974362306,0.980832072205961,0.9865918643963859,1.3571660656264506,1.3499746986637675,1.358050901672794
B,random_n16_00,max,natural,proposed,coam,32,0.9504079895809371,0.9454295477415027,0.9643020247285242,1.3104719568803052,1.3016266416341669,1.3328159249574272
B,random_n16_00,max,natural,proposed,coam,64,0.9291974543946718,0.9267893468665374,0.9425079647393004,1.2616998456368218,1.253839498471073,1.2741004591365908
B,random_n16_00,max,natural,proposed,coam-serial-source,1,1.0,1.0,1.0,1.0,1.0,1.0
B,random_n16_00,min,natural,bitwise,coam,1,1.0,1.0,1.0,1.0,1.0,1.0
B,random_n16_00,min,natural,bitwise,coam,2,1.2619220788682275,1.2613886025374437,1.2636683503177049,0.9600062441814795,0.9591131889731046,0.961948079947903
B,random_n16_00,min,natural,bitwise,coam,4,1.3478790705185404,1.3331041193382969,1.3555496800679254,1.2463158972781068,1.2436508411757754,1.2490054056874385
B,random_n16_00,min,natural,bitwise,coam,8,2.2519768084978904,2.242892433566714,2.2533135584224433,2.2064645071082913,2.206162896670814,2.206506000775908
B,random_n16_00,min,natural,bitwise,coam,16,4.077416843010949,4.076202682580351,4.087954778137994,3.901223101987124,3.894511733765861,3.9169706010232224
B,random_n16_00,min,natural,bitwise,coam,32,6.379894484297924,6.358081386093322,6.3869877501843675,5.825434870235398,5.786746940170395,5.837718566539085
B,random_n16_00,min,natural,bitwise,coam,64,5.473584101334974,5.349890880029508,5.514871783150412,4.886321949149691,4.880405878208531,4.888053552196585
B,random_n16_00,min,natural,bitwise,coam-serial-source,1,1.0,1.0,1.0,1.0,1.0,1.0
B,random_n16_00,min,natural,proposed,coam,1,1.0,1.0,1.0,1.0,1.0,1.0
B,random_n16_00,min,natural,proposed,coam,2,0.8559517072859647,0.8307407296002616,0.8680788573531112,0.8947445249471615,0.8809558377300089,0.8964508869279746
B,random_n16_00,min,natural,proposed,coam,4,1.638309181057859,1.6165035592583161,1.6386822074796272,1.3679525555672307,1.3590454701578267,1.378670311340885
B,random_n16_00,min,natural,proposed,coam,8,2.9044465079586823,2.8966124418302823,2.927635563947111,1.8398112338266632,1.835318152434348,1.8547211351485704
B,random_n16_00,min,natural,proposed,coam,16,4.131957548540586,4.061123580013328,4.185096632018253,2.1315432271372585,2.0746209858025773,2.1778723239140088
B,random_n16_00,min,natural,proposed,coam,32,3.8140037624410543,3.774154857000151,3.832040879395721,1.9818848579558,1.9161669754027983,2.039784052210162
B,random_n16_00,min,natural,proposed,coam,64,3.7495226173300518,3.664538388052316,3.8091377045688524,1.9677635487169498,1.9266827277328908,1.977146020657043
B,random_n16_00,min,natural,proposed,coam-serial-source,1,1.0,1.0,1.0,1.0,1.0,1.0
B,random_n16_00,spectrum,natural,bitwise,coam,1,1.0,1.0,1.0,1.0,1.0,1.0
B,random_n16_00,spectrum,natural,bitwise,coam,2,1.2263467490528224,1.221875032335896,1.228952102896688,1.2198398231628125,1.2153801291668587,1.2232334871227712
B,random_n16_00,spectrum,natural,bitwise,coam,4,2.408080817581391,2.401811324860302,2.411897211193494,2.385589315576775,2.379984333562365,2.3896502024596247
B,random_n16_00,spectrum,natural,bitwise,coam,8,4.690650385654115,4.6875328441542194,4.696062937932504,4.644041965784078,4.641069034673448,4.649857268512087
B,random_n16_00,spectrum,natural,bitwise,coam,16,7.726706199798064,7.712080697374643,7.7794192323765845,7.656836012511373,7.643895037105434,7.709274908371437
B,random_n16_00,spectrum,natural,bitwise,coam,32,6.391112737377046,6.144463575841442,6.400214883075263,6.377878882730902,6.132200838454028,6.388267129647462
B,random_n16_00,spectrum,natural,bitwise,coam,64,5.3619257580411555,5.15771916588821,5.37618369523714,5.35021046524557,5.1459350776061115,5.363103610258797
B,random_n16_00,spectrum,natural,bitwise,coam-serial-source,1,1.0,1.0,1.0,1.0,1.0,1.0
B,random_n16_00,spectrum,natural,proposed,coam,1,1.0,1.0,1.0,1.0,1.0,1.0
B,random_n16_00,spectrum,natural,proposed,coam,2,1.8724987901038803,1.8713918723782685,1.9057808276557682,1.6073951034652274,1.5985996814978596,1.6297954867068118
B,random_n16_00,spectrum,natural,proposed,coam,4,3.1917117001702238,3.1846395802374334,3.2226133040038802,2.3216605912150925,2.321590510437264,2.3355135544505603
B,random_n16_00,spectrum,natural,proposed,coam,8,3.829803276587265,3.822618401725529,3.8896208557278817,2.5772310332013357,2.576553573229364,2.5922049217387375
B,random_n16_00,spectrum,natural,proposed,coam,16,4.0548116770718545,4.049942147398826,4.122784911146266,2.6713662023777642,2.6401129615355936,2.6788522024058095
B,random_n16_00,spectrum,natural,proposed,coam,32,8.866452407482441,8.86553663755128,8.988886783609027,3.7903467935227484,3.7236063965124853,3.798163209600771
B,random_n16_00,spectrum,natural,proposed,coam,64,17.32215981101404,17.26947307341831,17.548589126318678,4.59212386379664,4.585823062300441,4.611478259591553
B,random_n16_00,spectrum,natural,proposed,coam-serial-source,1,1.0,1.0,1.0,1.0,1.0,1.0
B,random_n16_01,max,natural,bitwise,coam,1,1.0,1.0,1.0,1.0,1.0,1.0
B,random_n16_01,max,natural,bitwise,coam,2,0.6273305765744959,0.6177133047898947,0.6327413319310524,0.6432179051676374,0.6282097895333894,0.6447897931806688
B,random_n16_01,max,natural,bitwise,coam,4,0.9626511624564257,0.9621242553522641,0.9682593747087366,0.9733055094134272,0.9729266973745521,0.9794288332695573
B,random_n16_01,max,natural,bitwise,coam,8,1.2958094105955924,1.2948081260684037,1.295939038116989,1.3050787513497613,1.3015183472495166,1.3055955952925855
B,random_n16_01,max,natural,bitwise,coam,16,1.2525415712358148,1.2423043085517727,1.2630770977691712,1.2686715225408898,1.2540765290650369,1.2774951517529947
B,random_n16_01,max,natural,bitwise,coam,32,1.2580606241687493,1.2551365768168192,1.2594107424545822,1.27196131093224,1.2649759372957308,1.2723713657231743
B,random_n16_01,max,natural,bitwise,coam,64,1.261907278515328,1.2504043361217478,1.2658526312548326,1.2734823662125196,1.2618212132471298,1.2742198386858306
B,random_n16_01,max,natural,bitwise,coam-serial-source,1,1.0,1.0,1.0,1.0,1.0,1.0
B,random_n16_01,max,natural,proposed,coam,1,1.0,1.0,1.0,1.0,1.0,1.0
B,random_n16_01,max,natural,proposed,coam,2,1.003639251614715,0.9970984423627415,1.0041801632732972,0.93923327028595,0.9380435979134598,0.9490918490257179
B,random_n16_01,max,natural,proposed,coam,4,0.9898048114712314,0.9595109751770053,0.9942133124785452,1.1319298060610425,1.11667138278053,1.1360487422767584
B,random_n16_01,max,natural,proposed,coam,8,0.9898155657724428,0.9816168017660594,0.9978291752600567,1.2656700814358441,1.2656215294773607,1.2856322751799427
B,random_n16_01,max,natural,proposed,coam,16,0.9784314530686693,0.9733128299461145,0.9875369707763157,1.3378536787082342,1.3306729849213943,1.3432969969225892
B,random_n16_01,max,natural,proposed,coam,32,0.9570358478245499,0.9506597704892028,0.9578635099336085,1.2924461787426649,1.2918087901824842,1.3074403606507499
B,random_n16_01,max,natural,proposed,coam,64,0.9220621223742008,0.8981844111937514,0.9290178962626147,1.2459096079290521,1.2452299170495826,1.2598439905361147
B,random_n16_01,max,natural,proposed,coam-serial-source,1,1.0,1.0,1.0,1.0,1.0,1.0
B,random_n16_01,min,natural,bitwise,coam,1,1.0,1.0,1.0,1.0,1.0,1.0
B,random_n16_01,min,natural,bitwise,coam,2,1.2629522319873507,1.261045721689808,1.2633000317807475,0.9377611373194221,0.932334108162212,0.9621949855766712
B,random_n16_01,min,natural,bitwise,coam,4,1.3289226545693664,1.3126965090101486,1.3506571971148293,1.2365461892861007,1.226559057909154,1.2403796815071342
B,random_n16_01,min,natural,bitwise,coam,8,2.2470377117217732,2.2425946763671374,2.25312556761696,2.208969821125321,2.2071262077774274,2.2095608505234923
B,random_n16_01,min,natural,bitwise,coam,16,4.076063674704874,4.070619752898802,4.082854822711269,3.909923823031787,3.9000958482855994,3.920539415653222
B,random_n16_01,min,natural,bitwise,coam,32,6.327049469696074,6.300985044420757,6.340962991608239,5.761616570840211,5.718796920658278,5.787751664711533
B,random_n16_01,min,natural,bitwise,coam,64,5.515869309210508,5.501519749576295,5.534078481350306,4.856985585471859,4.8347009058586,4.878955259414569
B,random_n16_01,min,natural,bitwise,coam-serial-source,1,1.0,1.0,1.0,1.0,1.0,1.0
B,random_n16_01,min,natural,proposed,coam,1,1.0,1.0,1.0,1.0,1.0,1.0
B,random_n16_01,min,natural,proposed,coam,2,0.8668424810576743,0.858650827295304,0.8678091180092022,0.9054942103920285,0.8896023992999309,0.9106131912873051
B,random_n16_01,min,natural,proposed,coam,4,1.6044325850662338,1.5997669897036684,1.6503882260722509,1.370607498556582,1.353479060585843,1.3876673428362072
B,random_n16_01,min,natural,proposed,coam,8,2.909627935652613,2.879878628413916,2.921080517153797,1.858773053199453,1.8497519627782848,1.8644959187364174
B,random_n16_01,min,natural,proposed,coam,16,4.184560898246707,4.183886059411208,4.211769284902715,2.1471164861890273,2.127610682011796,2.1536709228604742
B,random_n16_01,min,natural,proposed,coam,32,3.788928461535741,3.7573121105506337,3.9251972549451355,2.0224283828529463,2.0062142435056467,2.0429918244089267
B,random_n16_01,min,natural,proposed,coam,64,3.751177528925301,3.5439788360493516,3.821323599970146,2.0004627518085605,1.970966675732193,2.0062604672632336
B,random_n16_01,min,natural,proposed,coam-serial-source,1,1.0,1.0,1.0,1.0,1.0,1.0
B,random_n16_01,spectrum,natural,bitwise,coam,1,1.0,1.0,1.0,1.0,1.0,1.0
B,random_n16_01,spectrum,natural,bitwise,coam,2,1.231158891438999,1.2304706107072878,1.2815828017336366,1.2253489034441951,1.2246015909075083,1.2749040989588252
B,random_n16_01,spectrum,natural,bitwise,coam,4,2.418751254925835,2.412250138079358,2.512209404617739,2.3967440562880706,2.3896952069141593,2.489150359522348
B,random_n16_01,spectrum,natural,bitwise,coam,8,4.718740249998403,4.704506761800415,4.900047324893739,4.671826318430205,4.658066561497674,4.85190967558311
B,random_n16_01,spectrum,natural,bitwise,coam,16,7.847523069498736,7.782969190052754,8.095756438419846,7.777037956637189,7.712612648121362,8.022952558016595
B,random_n16_01,spectrum,natural,bitwise,coam,32,6.401941407237531,6.400699040132666,6.564810077526565,6.389569423967763,6.389476807889602,6.5546566132949975
B,random_n16_01,spectrum,natural,bitwise,coam,64,5.42784568746591,5.33965685120376,5.567737071433579,5.414348549144594,5.330112712549622,5.555974444622707
B,random_n16_01,spectrum,natural,bitwise,coam-serial-source,1,1.0,1.0,1.0,1.0,1.0,1.0
B,random_n16_01,spectrum,natural,proposed,coam,1,1.0,1.0,1.0,1.0,1.0,1.0
B,random_n16_01,spectrum,natural,proposed,coam,2,1.8670820946207263,1.8576346398310637,1.8682401253823129,1.6098642752479095,1.6062132933308833,1.614973363697431
B,random_n16_01,spectrum,natural,proposed,coam,4,3.130560303859993,3.1284565541554255,3.1338845750867645,2.3246642113509863,2.324336763705045,2.327316703006135
B,random_n16_01,spectrum,natural,proposed,coam,8,3.7924264684042526,3.7905284094216625,3.79266146005092,2.6046665498574075,2.6041441139614436,2.6113926056773566
B,random_n16_01,spectrum,natural,proposed,coam,16,3.977473529178178,3.9736790050584245,3.983206849870731,2.6751247417408273,2.6673380408530174,2.6765985407243607
B,random_n16_01,spectrum,natural,proposed,coam,32,8.559374414338123,8.527251486380194,8.564364349434433,3.8665201002809098,3.8643966748999383,3.87675772578253
B,random_n16_01,spectrum,natural,proposed,coam,64,16.68771437931724,16.68027587035872,16.798141823469308,4.708931610220865,4.707357139080734,4.774246442394127
B,random_n16_01,spectrum,natural,proposed,coam-serial-source,1,1.0,1.0,1.0,1.0,1.0,1.0
search,AES,max,natural,bitwise,coam,1,1.0,1.0,1.0,1.0,1.0,1.0
search,AES,max,natural,bitwise,coam,8,0.9864695732613343,0.9680995791223095,0.9997302519347483,0.9867422632678551,0.9665283715945792,1.0002686823982727
search,AES,max,natural,bitwise,coam,32,0.99484817012986,0.994657875140186,1.0076847402423634,0.9939006099492744,0.9937282763368112,1.0058142958882832
search,AES,max,natural,peigen,coam,1,1.0,1.0,1.0,1.0,1.0,1.0
search,AES,max,natural,proposed,coam,1,1.0,1.0,1.0,1.0,1.0,1.0
search,AES,max,natural,proposed,coam,8,0.9814117366582703,0.9500656821207536,1.0007719835136446,0.9775447069758784,0.9464286742464354,1.001223036520538
search,AES,max,natural,proposed,coam,32,1.0022694081286894,1.0004006864047927,1.0024487547524035,0.9997252416696527,0.9987196494581425,1.0003258991385708
search,AES,min,natural,bitwise,coam,1,1.0,1.0,1.0,1.0,1.0,1.0
search,AES,min,natural,bitwise,coam,8,0.9943725334665295,0.9937859317833084,0.9964858675636408,0.9941275473340578,0.9938385363682951,0.9965336008341772
search,AES,min,natural,bitwise,coam,32,0.9861914738310689,0.9807686313796841,0.9907140244294667,0.9861212274245342,0.9806569438718793,0.9906495733360017
search,AES,min,natural,peigen,coam,1,1.0,1.0,1.0,1.0,1.0,1.0
search,AES,min,natural,proposed,coam,1,1.0,1.0,1.0,1.0,1.0,1.0
search,AES,min,natural,proposed,coam,8,0.9864108852329292,0.9812441842926057,0.9899435087772821,0.9853169673439023,0.9815999723816854,0.9888560111606263
search,AES,min,natural,proposed,coam,32,1.0014602098176444,1.0013960556975434,1.0049960497430106,1.0009790444877815,1.0009136791218052,1.0048977665410885
search,AES,spectrum,natural,bitwise,coam,1,1.0,1.0,1.0,1.0,1.0,1.0
search,AES,spectrum,natural,bitwise,coam,8,1.0078168305207345,1.0011329316366684,1.0215853338998826,1.0078063602664529,1.001170651991807,1.0216044378243667
search,AES,spectrum,natural,bitwise,coam,32,1.0193765806056416,1.007068775183317,1.020828737376319,1.0192538117416101,1.0069668595235859,1.0209708566542213
search,AES,spectrum,natural,peigen,coam,1,1.0,1.0,1.0,1.0,1.0,1.0
search,AES,spectrum,natural,proposed,coam,1,1.0,1.0,1.0,1.0,1.0,1.0
search,AES,spectrum,natural,proposed,coam,8,1.0387074238526444,1.0323175678931527,1.0473998840513536,1.0391999347852878,1.0323900562433408,1.0473686640317466
search,AES,spectrum,natural,proposed,coam,32,1.0434385204840213,0.9646616138930273,1.0445238001732564,1.0437758324418205,0.9645221596372916,1.0448696341435835
search,CLEFIA_S0,max,natural,bitwise,coam,1,1.0,1.0,1.0,1.0,1.0,1.0
search,CLEFIA_S0,max,natural,bitwise,coam,8,0.9683385526729773,0.9585792736422017,0.9873119906131634,0.96849847106307,0.9587512423550675,0.9860520114868483
search,CLEFIA_S0,max,natural,bitwise,coam,32,1.000195708227842,0.9980062667248061,1.0155662245516848,0.9995218730921374,0.9973382805029811,1.014636831155254
search,CLEFIA_S0,max,natural,peigen,coam,1,1.0,1.0,1.0,1.0,1.0,1.0
search,CLEFIA_S0,max,natural,proposed,coam,1,1.0,1.0,1.0,1.0,1.0,1.0
search,CLEFIA_S0,max,natural,proposed,coam,8,1.0104574733176879,0.9907749728085583,1.0157185594338782,1.0114254070191315,0.9918372978424118,1.0158122009624075
search,CLEFIA_S0,max,natural,proposed,coam,32,1.0119349665671349,1.002282385189039,1.0130327492966231,1.0096315714841493,0.9991353502013972,1.011223615437747
search,CLEFIA_S0,min,natural,bitwise,coam,1,1.0,1.0,1.0,1.0,1.0,1.0
search,CLEFIA_S0,min,natural,bitwise,coam,8,1.0168794463509194,1.0010426380263553,1.0179917381691037,1.0169023065881835,1.001076667857339,1.0179970421966462
search,CLEFIA_S0,min,natural,bitwise,coam,32,1.005935877960549,0.9816942592239709,1.009558132227288,1.0060735747823555,0.9816258180486512,1.0094654267134648
search,CLEFIA_S0,min,natural,peigen,coam,1,1.0,1.0,1.0,1.0,1.0,1.0
search,CLEFIA_S0,min,natural,proposed,coam,1,1.0,1.0,1.0,1.0,1.0,1.0
search,CLEFIA_S0,min,natural,proposed,coam,8,1.003122059334913,1.0009041701221555,1.0069929883880968,1.0033106113492378,1.000979785755247,1.0065629197189612
search,CLEFIA_S0,min,natural,proposed,coam,32,1.0005206607604948,0.9970405059060354,1.0043680290891814,1.0001002231205935,0.9966947634223566,1.005100270251073
search,CLEFIA_S0,spectrum,natural,bitwise,coam,1,1.0,1.0,1.0,1.0,1.0,1.0
search,CLEFIA_S0,spectrum,natural,bitwise,coam,8,1.0037214177394662,0.9915034193502668,1.0059653140926976,1.0035010782002436,0.9915030529637867,1.0057097538628126
search,CLEFIA_S0,spectrum,natural,bitwise,coam,32,1.0043772779692794,0.9958182352190659,1.0057829587638725,1.00425849020848,0.9956952990731467,1.0059467741665586
search,CLEFIA_S0,spectrum,natural,peigen,coam,1,1.0,1.0,1.0,1.0,1.0,1.0
search,CLEFIA_S0,spectrum,natural,proposed,coam,1,1.0,1.0,1.0,1.0,1.0,1.0
search,CLEFIA_S0,spectrum,natural,proposed,coam,8,0.9990103625756016,0.9894184059548538,1.0093651819555955,0.9990615059431336,0.9894047866142721,1.009371695306602
search,CLEFIA_S0,spectrum,natural,proposed,coam,32,1.0074763929159594,1.0039552722019565,1.009990643651694,1.0073476118132005,1.0038026874888,1.010338816803163
search,CLEFIA_S1,max,natural,bitwise,coam,1,1.0,1.0,1.0,1.0,1.0,1.0
search,CLEFIA_S1,max,natural,bitwise,coam,8,0.9761027297974206,0.9603896985223012,0.985265079387238,0.9746388497356386,0.9617561696817323,0.9838494883435853
search,CLEFIA_S1,max,natural,bitwise,coam,32,1.0044122044801138,0.9999353535711457,1.0067915282531832,1.0035716270570891,0.9992618705219084,1.0085233367379123
search,CLEFIA_S1,max,natural,peigen,coam,1,1.0,1.0,1.0,1.0,1.0,1.0
search,CLEFIA_S1,max,natural,proposed,coam,1,1.0,1.0,1.0,1.0,1.0,1.0
search,CLEFIA_S1,max,natural,proposed,coam,8,0.9972462808115717,0.9902476177325064,1.0094613155941374,0.9981609644863609,0.9854109737068405,1.0099486742055774
search,CLEFIA_S1,max,natural,proposed,coam,32,1.000370410702371,0.999099493597576,1.0080679170144686,0.9987859870532264,0.9967757715792193,1.0058571538830632
search,CLEFIA_S1,min,natural,bitwise,coam,1,1.0,1.0,1.0,1.0,1.0,1.0
search,CLEFIA_S1,min,natural,bitwise,coam,8,0.9921978411544403,0.9912028570485658,0.995537238819749,0.9919474686598355,0.9914936638203337,0.9955753992599177
search,CLEFIA_S1,min,natural,bitwise,coam,32,0.9958959613878393,0.9882427872474405,1.0085765943770109,0.9957955459674532,0.9884046402504024,1.0087104319672757
search,CLEFIA_S1,min,natural,peigen,coam,1,1.0,1.0,1.0,1.0,1.0,1.0
search,CLEFIA_S1,min,natural,proposed,coam,1,1.0,1.0,1.0,1.0,1.0,1.0
search,CLEFIA_S1,min,natural,proposed,coam,8,0.9879598034929667,0.9839644347807484,0.9996574088387989,0.9882744183866549,0.982831844172387,0.9999551014845516
search,CLEFIA_S1,min,natural,proposed,coam,32,0.9927846878534715,0.9906757691750006,0.998436387260052,0.993597731122096,0.9902548108360855,0.9981295371382758
search,CLEFIA_S1,spectrum,natural,bitwise,coam,1,1.0,1.0,1.0,1.0,1.0,1.0
search,CLEFIA_S1,spectrum,natural,bitwise,coam,8,0.9953966891768383,0.9923155079879966,1.0053732505881932,0.9951454818356414,0.9923821640320113,1.005387769683211
search,CLEFIA_S1,spectrum,natural,bitwise,coam,32,0.9999254409687314,0.9929826224813229,1.0005967411255372,0.9998097710150056,0.9929234424099074,1.0005240430291642
search,CLEFIA_S1,spectrum,natural,peigen,coam,1,1.0,1.0,1.0,1.0,1.0,1.0
search,CLEFIA_S1,spectrum,natural,proposed,coam,1,1.0,1.0,1.0,1.0,1.0,1.0
search,CLEFIA_S1,spectrum,natural,proposed,coam,8,1.0071827827499396,0.9892583692519465,1.0115647379466033,1.0077065775384517,0.9887864539058261,1.01083325842916
search,CLEFIA_S1,spectrum,natural,proposed,coam,32,1.0056962176806363,0.9782877023980817,1.0260373453881082,1.0055491921690214,0.9783060387034184,1.025855740155518
search,identity_n08,max,natural,bitwise,coam,1,1.0,1.0,1.0,1.0,1.0,1.0
search,identity_n08,max,natural,bitwise,coam,8,1.0000136603624095,0.987390433229789,1.0050847611088023,0.9986386211146489,0.9858913144456329,1.0051694704018808
search,identity_n08,max,natural,bitwise,coam,32,1.0000711529424224,0.9975740192078604,1.0008126909315411,0.9993778778195328,0.9970990022882791,1.0000471719238582
search,identity_n08,max,natural,peigen,coam,1,1.0,1.0,1.0,1.0,1.0,1.0
search,identity_n08,max,natural,proposed,coam,1,1.0,1.0,1.0,1.0,1.0,1.0
search,identity_n08,max,natural,proposed,coam,8,0.9834482014431618,0.9308575403184433,0.9969065491497199,0.9852602950716172,0.9253359021564904,0.9990010125893573
search,identity_n08,max,natural,proposed,coam,32,0.9976794087180039,0.9965359388122162,1.0198121612346336,0.9955371641926236,0.9935106535020783,1.0143896043699048
search,identity_n08,min,natural,bitwise,coam,1,1.0,1.0,1.0,1.0,1.0,1.0
search,identity_n08,min,natural,bitwise,coam,8,1.007344122974891,0.9917211379708079,1.0409716824651472,1.0073415642749501,0.9916304099675112,1.0409722200602678
search,identity_n08,min,natural,bitwise,coam,32,0.9989590254541767,0.9969233346994255,1.0312724540510183,0.9989191132918693,0.996869910395593,1.031392068138931
search,identity_n08,min,natural,peigen,coam,1,1.0,1.0,1.0,1.0,1.0,1.0
search,identity_n08,min,natural,proposed,coam,1,1.0,1.0,1.0,1.0,1.0,1.0
search,identity_n08,min,natural,proposed,coam,8,1.0032654937947552,0.9997028429955919,1.0106966539314355,1.0034805808699299,0.9993320491621982,1.0111380639491123
search,identity_n08,min,natural,proposed,coam,32,1.0040122130808422,1.0006061403202453,1.005026754179506,1.0042280581004166,1.0004857171865382,1.0050565461696415
search,identity_n08,spectrum,natural,bitwise,coam,1,1.0,1.0,1.0,1.0,1.0,1.0
search,identity_n08,spectrum,natural,bitwise,coam,8,1.0007080178940762,0.9933497635138627,1.007446529553376,1.0007346020574053,0.9933974306210387,1.0074437154590459
search,identity_n08,spectrum,natural,bitwise,coam,32,1.00921545556067,1.000495157060413,1.0142859539662952,1.0089887123663397,1.000386399222157,1.014173968561802
search,identity_n08,spectrum,natural,peigen,coam,1,1.0,1.0,1.0,1.0,1.0,1.0
search,identity_n08,spectrum,natural,proposed,coam,1,1.0,1.0,1.0,1.0,1.0,1.0
search,identity_n08,spectrum,natural,proposed,coam,8,1.0146722900805887,1.013559062433416,1.0423208703614273,1.0147158874321007,1.0136221557537144,1.041693423339087
search,identity_n08,spectrum,natural,proposed,coam,32,1.0107375211087655,1.005457863669054,1.020709638257443,1.0106549384111947,1.005260919687677,1.0205645210215946
search,random_n08_00,max,natural,bitwise,coam,1,1.0,1.0,1.0,1.0,1.0,1.0
search,random_n08_00,max,natural,bitwise,coam,8,1.00059396486149,0.9994395039227393,1.0121588698037811,1.0018579764878075,0.9997348022943785,1.014176275465758
search,random_n08_00,max,natural,bitwise,coam,32,1.0047871281759124,0.9692059796870429,1.0143035765855075,1.003795361483848,0.9687535976200817,1.0138952591332777
search,random_n08_00,max,natural,peigen,coam,1,1.0,1.0,1.0,1.0,1.0,1.0
search,random_n08_00,max,natural,proposed,coam,1,1.0,1.0,1.0,1.0,1.0,1.0
search,random_n08_00,max,natural,proposed,coam,8,0.9662652674993318,0.9545740236884945,0.9960984723149254,0.9622508176836212,0.9506016953581148,0.9984760504424597
search,random_n08_00,max,natural,proposed,coam,32,0.9988963069359268,0.9917895627951667,1.0003058859644063,0.9969662125659869,0.9899039306197575,0.998588220809933
search,random_n08_00,min,natural,bitwise,coam,1,1.0,1.0,1.0,1.0,1.0,1.0
search,random_n08_00,min,natural,bitwise,coam,8,1.0101324574697617,0.9820917200013553,1.0149074438269705,1.0099213434619354,0.9821284420414627,1.0144431325441217
search,random_n08_00,min,natural,bitwise,coam,32,1.0016264222957385,0.9827870753490702,1.0095517624773267,1.001813886281906,0.9827202236973984,1.0094339934878702
search,random_n08_00,min,natural,peigen,coam,1,1.0,1.0,1.0,1.0,1.0,1.0
search,random_n08_00,min,natural,proposed,coam,1,1.0,1.0,1.0,1.0,1.0,1.0
search,random_n08_00,min,natural,proposed,coam,8,1.0011178571837245,0.9970476955527822,1.002591093096969,1.001212840422255,0.9971790508811184,1.0027977493932232
search,random_n08_00,min,natural,proposed,coam,32,1.001459429965012,0.9968827566970196,1.00666060517558,1.000976367071226,0.9964618413998234,1.0062691235869317
search,random_n08_00,spectrum,natural,bitwise,coam,1,1.0,1.0,1.0,1.0,1.0,1.0
search,random_n08_00,spectrum,natural,bitwise,coam,8,1.0044801322489003,1.0029268848516557,1.022690424354206,1.0044886277991856,1.0026706923101703,1.0227128077844077
search,random_n08_00,spectrum,natural,bitwise,coam,32,1.0114521217140175,1.002310615921962,1.0188830027214115,1.011350890169225,1.0022248464287145,1.0187684420307626
search,random_n08_00,spectrum,natural,peigen,coam,1,1.0,1.0,1.0,1.0,1.0,1.0
search,random_n08_00,spectrum,natural,proposed,coam,1,1.0,1.0,1.0,1.0,1.0,1.0
search,random_n08_00,spectrum,natural,proposed,coam,8,0.9647336502983025,0.9499503071641698,0.9827729211920713,0.9647385680558611,0.9495225947376207,0.9823311505438624
search,random_n08_00,spectrum,natural,proposed,coam,32,0.9864932448067003,0.9847880251090873,0.99273249893888,0.9864016669116444,0.9847084956459105,0.9926227228538953
search,random_n08_01,max,natural,bitwise,coam,1,1.0,1.0,1.0,1.0,1.0,1.0
search,random_n08_01,max,natural,bitwise,coam,8,0.9863434721240067,0.9820530908824763,1.0053527504789694,0.9848838089371988,0.9805197015931097,1.0055136177692185
search,random_n08_01,max,natural,bitwise,coam,32,1.00781496420198,0.9844172593561478,1.013612198995794,1.0071099716591942,0.9838207496296129,1.0128257904872644
search,random_n08_01,max,natural,peigen,coam,1,1.0,1.0,1.0,1.0,1.0,1.0
search,random_n08_01,max,natural,proposed,coam,1,1.0,1.0,1.0,1.0,1.0,1.0
search,random_n08_01,max,natural,proposed,coam,8,1.0022104789636257,1.0015699512705094,1.0045486777836528,1.0028372126552108,1.002154872156794,1.0058222455722317
search,random_n08_01,max,natural,proposed,coam,32,1.0085656262444032,0.9998220172827886,1.0110152310289737,1.006791350555642,0.998546368303134,1.0090122559308672
search,random_n08_01,min,natural,bitwise,coam,1,1.0,1.0,1.0,1.0,1.0,1.0
search,random_n08_01,min,natural,bitwise,coam,8,1.009400437343656,1.0037002931546914,1.0301320324973604,1.0091119611619863,1.0037111502189902,1.03012488491791
search,random_n08_01,min,natural,bitwise,coam,32,1.0007899162648592,0.9930039470682411,1.0017834978874758,1.0009271185411497,0.9929083995397855,1.0019509144221577
search,random_n08_01,min,natural,peigen,coam,1,1.0,1.0,1.0,1.0,1.0,1.0
search,random_n08_01,min,natural,proposed,coam,1,1.0,1.0,1.0,1.0,1.0,1.0
search,random_n08_01,min,natural,proposed,coam,8,0.9971711565005039,0.9940540997398414,0.9982653104240077,0.9973358049920871,0.9942289647044507,0.9983156845260212
search,random_n08_01,min,natural,proposed,coam,32,0.9953587427425883,0.9938346457205836,1.0087633989507747,0.9948592687563902,0.9933302800952292,1.0083972215820953
search,random_n08_01,spectrum,natural,bitwise,coam,1,1.0,1.0,1.0,1.0,1.0,1.0
search,random_n08_01,spectrum,natural,bitwise,coam,8,1.0065363623363583,1.0008998125301558,1.0085417970144257,1.0068050971494016,1.0009190259516871,1.0085186784787108
search,random_n08_01,spectrum,natural,bitwise,coam,32,0.9923905481276413,0.9858918473944736,0.9997096024884652,0.9925343660308436,0.9858508896628703,0.9995879071365336
search,random_n08_01,spectrum,natural,peigen,coam,1,1.0,1.0,1.0,1.0,1.0,1.0
search,random_n08_01,spectrum,natural,proposed,coam,1,1.0,1.0,1.0,1.0,1.0,1.0
search,random_n08_01,spectrum,natural,proposed,coam,8,0.9900803106041283,0.9844076496654418,1.013113073802833,0.9906411723355282,0.9844487846368288,1.0125177765507458
search,random_n08_01,spectrum,natural,proposed,coam,32,0.993629877544451,0.9508488212801557,1.009359656290259,0.9934049007439254,0.9507400699757798,1.0092415502559382
search,random_n08_02,max,natural,bitwise,coam,1,1.0,1.0,1.0,1.0,1.0,1.0
search,random_n08_02,max,natural,bitwise,coam,8,1.0049572662318107,1.003668810426074,1.005824743312018,1.0053462754784006,1.0033079701305354,1.0067327827931238
search,random_n08_02,max,natural,bitwise,coam,32,1.0006615806622117,0.9757268165229973,1.0072631690923797,1.0000125468527248,0.9753316440303674,1.0066597834361004
search,random_n08_02,max,natural,peigen,coam,1,1.0,1.0,1.0,1.0,1.0,1.0
search,random_n08_02,max,natural,proposed,coam,1,1.0,1.0,1.0,1.0,1.0,1.0
search,random_n08_02,max,natural,proposed,coam,8,0.997833308461985,0.9978218215926806,0.9984117531770583,0.998401619185771,0.9983599808343838,0.9990267869820947
search,random_n08_02,max,natural,proposed,coam,32,0.9971676362777694,0.9965758365779808,1.0016727409688604,0.9954059030815628,0.994862926314757,0.9999494552805595
search,random_n08_02,min,natural,bitwise,coam,1,1.0,1.0,1.0,1.0,1.0,1.0
search,random_n08_02,min,natural,bitwise,coam,8,1.0048977639409986,0.9962152935494978,1.0090767203969615,1.0046113842435316,0.9962880856079006,1.0093879969150659
search,random_n08_02,min,natural,bitwise,coam,32,0.9997492262121351,0.992804754689497,1.0008583510740234,0.9996179040262918,0.9929581536738152,1.0007270433543618
search,random_n08_02,min,natural,peigen,coam,1,1.0,1.0,1.0,1.0,1.0,1.0
search,random_n08_02,min,natural,proposed,coam,1,1.0,1.0,1.0,1.0,1.0,1.0
search,random_n08_02,min,natural,proposed,coam,8,0.9857726250258678,0.9841933227588145,0.9936617917891265,0.9847377252614604,0.9832658526536916,0.9938676135809966
search,random_n08_02,min,natural,proposed,coam,32,0.9971018937304059,0.9963016996007645,1.0001310959216727,0.9966879907201412,0.9960093744853304,0.9996942249046276
search,random_n08_02,spectrum,natural,bitwise,coam,1,1.0,1.0,1.0,1.0,1.0,1.0
search,random_n08_02,spectrum,natural,bitwise,coam,8,1.0062902189373444,1.0012880185098219,1.0123489213442676,1.0063107244865934,1.0010180075799011,1.0120685906362397
search,random_n08_02,spectrum,natural,bitwise,coam,32,1.0074695162943017,1.0038178408146985,1.0164872634675821,1.0073480493571945,1.0036998464104392,1.0163712067093973
search,random_n08_02,spectrum,natural,peigen,coam,1,1.0,1.0,1.0,1.0,1.0,1.0
search,random_n08_02,spectrum,natural,proposed,coam,1,1.0,1.0,1.0,1.0,1.0,1.0
search,random_n08_02,spectrum,natural,proposed,coam,8,1.0031695255197122,1.0029912288735652,1.0046074919306363,1.0031998803605107,1.0025631479841997,1.0047270474297743
search,random_n08_02,spectrum,natural,proposed,coam,32,0.9950632239572884,0.9745462556235558,1.0055016520063758,0.9949290709876385,0.9745020578823472,1.005799153359936
search,random_n08_03,max,natural,bitwise,coam,1,1.0,1.0,1.0,1.0,1.0,1.0
search,random_n08_03,max,natural,bitwise,coam,8,1.0029363650162184,0.9980545995313999,1.0276396341640317,1.002533005044302,0.9983843073732069,1.0278745699052163
search,random_n08_03,max,natural,bitwise,coam,32,1.0031962495560476,0.9964419811686309,1.0279943066602972,1.0023136988760757,0.9959248072726964,1.0272608788775488
search,random_n08_03,max,natural,peigen,coam,1,1.0,1.0,1.0,1.0,1.0,1.0
search,random_n08_03,max,natural,proposed,coam,1,1.0,1.0,1.0,1.0,1.0,1.0
search,random_n08_03,max,natural,proposed,coam,8,0.9865664440003286,0.9809478682367146,0.9939482977228574,0.982521973577653,0.9776206065801712,0.9903438590507794
search,random_n08_03,max,natural,proposed,coam,32,0.999354071514302,0.9982170795396386,1.0014608301496346,0.9969949876453935,0.996468841309095,0.9996906433539379
search,random_n08_03,min,natural,bitwise,coam,1,1.0,1.0,1.0,1.0,1.0,1.0
search,random_n08_03,min,natural,bitwise,coam,8,0.994503448670884,0.9902865100374093,1.028756060904709,0.9942663219802069,0.9903135199561734,1.0287663179304147
search,random_n08_03,min,natural,bitwise,coam,32,1.0081065039154296,1.0019745855240192,1.0276440128635054,1.0079923342336772,1.001858000441418,1.0275190165856811
search,random_n08_03,min,natural,peigen,coam,1,1.0,1.0,1.0,1.0,1.0,1.0
search,random_n08_03,min,natural,proposed,coam,1,1.0,1.0,1.0,1.0,1.0,1.0
search,random_n08_03,min,natural,proposed,coam,8,0.996702647901206,0.9875548322542023,0.9979471418121422,0.9967728870612419,0.9864956292791343,0.9968240178995711
search,random_n08_03,min,natural,proposed,coam,32,1.002778139206765,0.9969154431344363,1.0050203165486886,1.0021795404608065,0.9964572703863043,1.0046152229071332
search,random_n08_03,spectrum,natural,bitwise,coam,1,1.0,1.0,1.0,1.0,1.0,1.0
search,random_n08_03,spectrum,natural,bitwise,coam,8,0.994472875143751,0.9935154822497801,0.998725551700098,0.9942453883589405,0.9935321431761942,0.9987473081465487
search,random_n08_03,spectrum,natural,bitwise,coam,32,0.9976025187776836,0.9717759213508266,0.9985216045501821,0.9974999446101612,0.9716716056612215,0.9983270323755928
search,random_n08_03,spectrum,natural,peigen,coam,1,1.0,1.0,1.0,1.0,1.0,1.0
search,random_n08_03,spectrum,natural,proposed,coam,1,1.0,1.0,1.0,1.0,1.0,1.0
search,random_n08_03,spectrum,natural,proposed,coam,8,0.9999668487595782,0.9645788575434688,1.0010122164936845,0.9994556069321462,0.9645889441812757,1.0005889235604668
search,random_n08_03,spectrum,natural,proposed,coam,32,1.0061145214524203,0.9963523561100461,1.0237780620285433,1.006027819169135,0.9961541768427125,1.024117386023103
search,random_n08_04,max,natural,bitwise,coam,1,1.0,1.0,1.0,1.0,1.0,1.0
search,random_n08_04,max,natural,bitwise,coam,8,0.9653493902341052,0.9467139762672591,0.9786969570502572,0.9656171996623727,0.9452451659756926,0.9770556187774982
search,random_n08_04,max,natural,bitwise,coam,32,1.0022741671527007,0.9966178752792928,1.0065605839113394,1.0013375757834193,0.9958020364983498,1.0051638974326431
search,random_n08_04,max,natural,peigen,coam,1,1.0,1.0,1.0,1.0,1.0,1.0
search,random_n08_04,max,natural,proposed,coam,1,1.0,1.0,1.0,1.0,1.0,1.0
search,random_n08_04,max,natural,proposed,coam,8,0.9717427252603857,0.9713746030312608,1.0029344083334089,0.9724557661720075,0.9678707971629068,0.998683424421296
search,random_n08_04,max,natural,proposed,coam,32,1.0006925538828886,0.9995387355054667,1.0058335222209458,0.9983394481167366,0.997958190344256,1.0036430008252328
search,random_n08_04,min,natural,bitwise,coam,1,1.0,1.0,1.0,1.0,1.0,1.0
search,random_n08_04,min,natural,bitwise,coam,8,0.9972314278985999,0.9771974286790986,1.0283920761907128,0.9972130244625405,0.9769301559541004,1.0286798425498929
search,random_n08_04,min,natural,bitwise,coam,32,1.0014068980065627,0.9935534372465058,1.0069169048895652,1.0015699213078109,0.9934402179796621,1.0070479044468916
search,random_n08_04,min,natural,peigen,coam,1,1.0,1.0,1.0,1.0,1.0,1.0
search,random_n08_04,min,natural,proposed,coam,1,1.0,1.0,1.0,1.0,1.0,1.0
search,random_n08_04,min,natural,proposed,coam,8,0.9892007528680226,0.9888397588836796,0.994326230443684,0.9881909974858331,0.987780744585528,0.9945926294001425
search,random_n08_04,min,natural,proposed,coam,32,1.000191669538483,0.9927304363249445,1.0050138379320865,0.9999057225184259,0.9925402433992567,1.0045667794456694
search,random_n08_04,spectrum,natural,bitwise,coam,1,1.0,1.0,1.0,1.0,1.0,1.0
search,random_n08_04,spectrum,natural,bitwise,coam,8,1.0049627994584776,0.997518087721061,1.0051251004233819,1.0050034515548774,0.9975437228884944,1.0051496242227747
search,random_n08_04,spectrum,natural,bitwise,coam,32,0.9986263379457221,0.9968357107063078,1.0052488072312016,0.9988016639068366,0.9967475567779052,1.0051240987137293
search,random_n08_04,spectrum,natural,peigen,coam,1,1.0,1.0,1.0,1.0,1.0,1.0
search,random_n08_04,spectrum,natural,proposed,coam,1,1.0,1.0,1.0,1.0,1.0,1.0
search,random_n08_04,spectrum,natural,proposed,coam,8,1.0095711209675635,1.0078501873948522,1.0111604796718523,1.0096035298298436,1.0073297075410732,1.011234651056222
search,random_n08_04,spectrum,natural,proposed,coam,32,1.0002472962051403,0.9978661667110164,1.0534787476457397,1.0001040794178329,0.9977606415665176,1.0533036981677855
search,random_n08_05,max,natural,bitwise,coam,1,1.0,1.0,1.0,1.0,1.0,1.0
search,random_n08_05,max,natural,bitwise,coam,8,0.9893463586982479,0.9810575701823228,1.0387472526414514,0.9896306245720097,0.9794898110767044,1.0409379923772004
search,random_n08_05,max,natural,bitwise,coam,32,1.013788121634666,1.002859380535218,1.0417404922667575,1.0130592888024936,1.002834038380899,1.0426984186619719
search,random_n08_05,max,natural,peigen,coam,1,1.0,1.0,1.0,1.0,1.0,1.0
search,random_n08_05,max,natural,proposed,coam,1,1.0,1.0,1.0,1.0,1.0,1.0
search,random_n08_05,max,natural,proposed,coam,8,0.9950739829046981,0.9901102168074994,0.9977874972415618,0.9959404368670092,0.9909136669291033,0.9979588314446689
search,random_n08_05,max,natural,proposed,coam,32,0.9987685234596281,0.9978479200316117,1.0015082429337558,0.997698526484509,0.9972012124096382,0.9994295448801066
search,random_n08_05,min,natural,bitwise,coam,1,1.0,1.0,1.0,1.0,1.0,1.0
search,random_n08_05,min,natural,bitwise,coam,8,1.0048612286447678,0.9881964948728796,1.0062019912218627,1.0048893445850031,0.9882117015820506,1.0063968943078203
search,random_n08_05,min,natural,bitwise,coam,32,0.9963757775099876,0.9741104543815997,1.0143697636538995,0.9962683225125597,0.9742895061641745,1.0145518371366102
search,random_n08_05,min,natural,peigen,coam,1,1.0,1.0,1.0,1.0,1.0,1.0
search,random_n08_05,min,natural,proposed,coam,1,1.0,1.0,1.0,1.0,1.0,1.0
search,random_n08_05,min,natural,proposed,coam,8,0.9874564812452711,0.9835916279061754,0.9881396097257874,0.9876231295595459,0.9828431027922409,0.9882669599906057
search,random_n08_05,min,natural,proposed,coam,32,1.0019641177387595,0.9996801192952128,1.0076056403792553,1.0016248490848136,0.9992249633817706,1.0069584909357752
search,random_n08_05,spectrum,natural,bitwise,coam,1,1.0,1.0,1.0,1.0,1.0,1.0
search,random_n08_05,spectrum,natural,bitwise,coam,8,1.005288801700559,1.0003422207491541,1.0123432437088056,1.0053027248815471,1.0006164075386026,1.012609091365654
search,random_n08_05,spectrum,natural,bitwise,coam,32,1.00612380275395,1.001441477926175,1.0102623776083461,1.0060249868879907,1.0013393027347048,1.0104022438199736
search,random_n08_05,spectrum,natural,peigen,coam,1,1.0,1.0,1.0,1.0,1.0,1.0
search,random_n08_05,spectrum,natural,proposed,coam,1,1.0,1.0,1.0,1.0,1.0,1.0
search,random_n08_05,spectrum,natural,proposed,coam,8,1.0144597702218747,0.9999358462011073,1.0279616377356529,1.0144378309680713,0.9994557619146349,1.0274347707834632
search,random_n08_05,spectrum,natural,proposed,coam,32,1.0146293495480352,1.0077075648501939,1.020578707408085,1.0144687758952846,1.0076088892139152,1.0204309503466746
search,random_n08_06,max,natural,bitwise,coam,1,1.0,1.0,1.0,1.0,1.0,1.0
search,random_n08_06,max,natural,bitwise,coam,8,0.9926810006607554,0.9857332850214122,1.008211368571182,0.9932298587384488,0.9842511762955164,1.006612387731929
search,random_n08_06,max,natural,bitwise,coam,32,1.0050207050353528,0.989566213799316,1.0113003422932654,1.006020069116807,0.988889638012815,1.0104921328866894
search,random_n08_06,max,natural,peigen,coam,1,1.0,1.0,1.0,1.0,1.0,1.0
search,random_n08_06,max,natural,proposed,coam,1,1.0,1.0,1.0,1.0,1.0,1.0
search,random_n08_06,max,natural,proposed,coam,8,1.000079432732611,0.9657594082759826,1.0001720554811209,1.0006591953002852,0.9593488969286799,1.0007650331385272
search,random_n08_06,max,natural,proposed,coam,32,0.9996151983587155,0.9989498903296723,1.00275266304438,0.997217105366346,0.9971179449955038,1.005437862211842
search,random_n08_06,min,natural,bitwise,coam,1,1.0,1.0,1.0,1.0,1.0,1.0
search,random_n08_06,min,natural,bitwise,coam,8,0.9905888107782201,0.9866091582714636,1.0090519376258875,0.9906308739505243,0.9863580173944757,1.009356520358193
search,random_n08_06,min,natural,bitwise,coam,32,0.9949505444434871,0.986004580569026,1.011650235885568,0.9948157117390822,0.9858937462210039,1.0118131653312097
search,random_n08_06,min,natural,peigen,coam,1,1.0,1.0,1.0,1.0,1.0,1.0
search,random_n08_06,min,natural,proposed,coam,1,1.0,1.0,1.0,1.0,1.0,1.0
search,random_n08_06,min,natural,proposed,coam,8,0.9897300601747815,0.9826114020784426,0.9925480441963177,0.9888339930438339,0.9816308854239413,0.9911228249233839
search,random_n08_06,min,natural,proposed,coam,32,0.9990753403894737,0.9951999710488952,1.0044036293790224,0.9986929206354449,0.9947452073285561,1.0037966226972936
search,random_n08_06,spectrum,natural,bitwise,coam,1,1.0,1.0,1.0,1.0,1.0,1.0
search,random_n08_06,spectrum,natural,bitwise,coam,8,1.0066809713798888,1.0048691422473683,1.0107435460221839,1.0066970237764967,1.0046188381131487,1.010804255280379
search,random_n08_06,spectrum,natural,bitwise,coam,32,1.0091912491654382,0.9995725686260442,1.0121480386702535,1.0090115920643357,0.9994638090328868,1.0120795247975511
search,random_n08_06,spectrum,natural,peigen,coam,1,1.0,1.0,1.0,1.0,1.0,1.0
search,random_n08_06,spectrum,natural,proposed,coam,1,1.0,1.0,1.0,1.0,1.0,1.0
search,random_n08_06,spectrum,natural,proposed,coam,8,1.0108652109744498,0.9925119322719541,1.0338065572057222,1.010943485171203,0.9919444382235898,1.0332561724150322
search,random_n08_06,spectrum,natural,proposed,coam,32,1.014515872018991,1.0120249953574183,1.029288845334017,1.0148768258317378,1.011917462604022,1.0293278349450505
search,random_n08_07,max,natural,bitwise,coam,1,1.0,1.0,1.0,1.0,1.0,1.0
search,random_n08_07,max,natural,bitwise,coam,8,0.9997994602502832,0.9965932805674791,1.0006385710620724,1.0002135122484201,0.995265770925779,1.0007631758434434
search,random_n08_07,max,natural,bitwise,coam,32,0.9917883682233821,0.9781041350052939,0.9962823145831504,0.9914571456968728,0.9772133198966327,0.9957568539248169
search,random_n08_07,max,natural,peigen,coam,1,1.0,1.0,1.0,1.0,1.0,1.0
search,random_n08_07,max,natural,proposed,coam,1,1.0,1.0,1.0,1.0,1.0,1.0
search,random_n08_07,max,natural,proposed,coam,8,0.9956030927953894,0.9591330546335163,1.0003796800391263,0.9958593215133665,0.9554373037099513,1.0011206870470524
search,random_n08_07,max,natural,proposed,coam,32,0.9967974851820208,0.9957170742054515,1.0108301000021023,0.9947481346515604,0.9937681851628462,1.0087276326554315
search,random_n08_07,min,natural,bitwise,coam,1,1.0,1.0,1.0,1.0,1.0,1.0
search,random_n08_07,min,natural,bitwise,coam,8,0.9948983184334041,0.989425415719411,1.0158182253869004,0.9946387232684297,0.9891576672063166,1.015821149356912
search,random_n08_07,min,natural,bitwise,coam,32,0.991061315348792,0.9903859975787642,0.9960219781432731,0.9909650418785126,0.9902884349544833,0.9959511820249385
search,random_n08_07,min,natural,peigen,coam,1,1.0,1.0,1.0,1.0,1.0,1.0
search,random_n08_07,min,natural,proposed,coam,1,1.0,1.0,1.0,1.0,1.0,1.0
search,random_n08_07,min,natural,proposed,coam,8,1.0040680115278153,0.995766446164558,1.0058948012462883,1.0042165319955745,0.9958146754798368,1.0049206950194975
search,random_n08_07,min,natural,proposed,coam,32,0.988119747973541,0.9607772159923167,1.0121369429012874,0.9889103653988807,0.9603733552685664,1.0128392233643626
search,random_n08_07,spectrum,natural,bitwise,coam,1,1.0,1.0,1.0,1.0,1.0,1.0
search,random_n08_07,spectrum,natural,bitwise,coam,8,0.9915924151507578,0.991471213398995,0.9929336209843936,0.9916343028219586,0.9913296562124637,0.9929605410738054
search,random_n08_07,spectrum,natural,bitwise,coam,32,0.992150848136744,0.9880296303331323,0.9977663637089932,0.9920531661127113,0.9879291318382754,0.9976792615788139
search,random_n08_07,spectrum,natural,peigen,coam,1,1.0,1.0,1.0,1.0,1.0,1.0
search,random_n08_07,spectrum,natural,proposed,coam,1,1.0,1.0,1.0,1.0,1.0,1.0
search,random_n08_07,spectrum,natural,proposed,coam,8,1.0163224791395113,0.99904748595677,1.0168604342722056,1.0163041680649954,0.9990429279506221,1.0169731305680607
search,random_n08_07,spectrum,natural,proposed,coam,32,1.0044183277978904,0.9942953912563985,1.023941637235828,1.004772215814958,0.9943063359750579,1.0242758046601563
search,random_n08_08,max,natural,bitwise,coam,1,1.0,1.0,1.0,1.0,1.0,1.0
search,random_n08_08,max,natural,bitwise,coam,8,1.0016697409634137,0.9979732517552065,1.003514083466422,1.0000412480370908,0.9982889931708411,1.0036799378028118
search,random_n08_08,max,natural,bitwise,coam,32,1.0032027173409759,0.9830404514995105,1.0060134823417821,1.002467380707597,0.9825727724386657,1.0043451931424083
search,random_n08_08,max,natural,peigen,coam,1,1.0,1.0,1.0,1.0,1.0,1.0
search,random_n08_08,max,natural,proposed,coam,1,1.0,1.0,1.0,1.0,1.0,1.0
search,random_n08_08,max,natural,proposed,coam,8,0.9995373593194665,0.9817686557299347,1.0029338532950736,1.000244731475187,0.9757489360727434,1.0037463877208466
search,random_n08_08,max,natural,proposed,coam,32,1.0031942204055517,0.9980715205915156,1.0074379935171411,0.9960676979620057,0.9938456076506069,1.0044827029278796
search,random_n08_08,min,natural,bitwise,coam,1,1.0,1.0,1.0,1.0,1.0,1.0
search,random_n08_08,min,natural,bitwise,coam,8,0.9898911579800598,0.9852517742176709,1.0011354896953284,0.9898872115078562,0.9849774135067669,1.001163619277438
search,random_n08_08,min,natural,bitwise,coam,32,0.9833923875582871,0.9729615441994803,1.0098841356477746,0.9832798054496151,0.9728584169583898,1.0097666814703956
search,random_n08_08,min,natural,peigen,coam,1,1.0,1.0,1.0,1.0,1.0,1.0
search,random_n08_08,min,natural,proposed,coam,1,1.0,1.0,1.0,1.0,1.0,1.0
search,random_n08_08,min,natural,proposed,coam,8,0.9975626844567299,0.9883935558203274,1.0098241211022103,0.9966385309589904,0.9873233972228174,1.0100472428971554
search,random_n08_08,min,natural,proposed,coam,32,0.9988242814219203,0.9946046055005002,1.0077598198205409,0.9983260490730451,0.9944165133649379,1.0082525524783652
search,random_n08_08,spectrum,natural,bitwise,coam,1,1.0,1.0,1.0,1.0,1.0,1.0
search,random_n08_08,spectrum,natural,bitwise,coam,8,1.0043051621736523,1.003205116693049,1.0043658222878966,1.004311671458372,1.0029721507106084,1.0043898272802543
search,random_n08_08,spectrum,natural,bitwise,coam,32,1.0101575086653816,1.007536055665912,1.0110692504209344,1.0100675403835855,1.0074304914580436,1.0109665258460558
search,random_n08_08,spectrum,natural,peigen,coam,1,1.0,1.0,1.0,1.0,1.0,1.0
search,random_n08_08,spectrum,natural,proposed,coam,1,1.0,1.0,1.0,1.0,1.0,1.0
search,random_n08_08,spectrum,natural,proposed,coam,8,0.9980962909689086,0.9634938233454031,1.0026869912148617,0.9986495921805878,0.9630098387876814,1.0027272749013736
search,random_n08_08,spectrum,natural,proposed,coam,32,1.0068895710861696,0.9770518485598689,1.0492360992648075,1.0067086163277503,0.9768634125864234,1.0490424741574473
search,random_n08_09,max,natural,bitwise,coam,1,1.0,1.0,1.0,1.0,1.0,1.0
search,random_n08_09,max,natural,bitwise,coam,8,0.9961823269128616,0.988781086396224,0.9998940579059995,0.9966036170286418,0.9871481168645,1.000071453268464
search,random_n08_09,max,natural,bitwise,coam,32,0.9988148548244264,0.9968786305430462,0.9990097582089605,0.9976676435957363,0.9961580412062703,0.9984705161609871
search,random_n08_09,max,natural,peigen,coam,1,1.0,1.0,1.0,1.0,1.0,1.0
search,random_n08_09,max,natural,proposed,coam,1,1.0,1.0,1.0,1.0,1.0,1.0
search,random_n08_09,max,natural,proposed,coam,8,1.0011176406165054,0.9750347409655916,1.0331455318182619,1.0020323499986852,0.9716003531507503,1.0338853351015593
search,random_n08_09,max,natural,proposed,coam,32,1.0046186238040689,1.001812286895118,1.0418102371911733,1.0028093756363705,1.000098450255492,1.0396443816452607
search,random_n08_09,min,natural,bitwise,coam,1,1.0,1.0,1.0,1.0,1.0,1.0
search,random_n08_09,min,natural,bitwise,coam,8,1.005235932186718,0.999814166662338,1.0177874316762614,1.0049828963740906,0.9995496796863047,1.017376952455737
search,random_n08_09,min,natural,bitwise,coam,32,0.9853977996094967,0.9809663388907346,0.9886524409390981,0.9855523557043874,0.9808810756464973,0.9885492118527689
search,random_n08_09,min,natural,peigen,coam,1,1.0,1.0,1.0,1.0,1.0,1.0
search,random_n08_09,min,natural,proposed,coam,1,1.0,1.0,1.0,1.0,1.0,1.0
search,random_n08_09,min,natural,proposed,coam,8,0.9984676175299576,0.9847069004236004,0.9995528800223673,0.998513305704446,0.9835356831162375,0.9987467928873998
search,random_n08_09,min,natural,proposed,coam,32,1.003903212757095,1.0025955842750338,1.0116930451473378,1.0034231900485737,1.002322366208409,1.0110892359365284
search,random_n08_09,spectrum,natural,bitwise,coam,1,1.0,1.0,1.0,1.0,1.0,1.0
search,random_n08_09,spectrum,natural,bitwise,coam,8,1.01092454992513,0.9981375959264429,1.0122405166183377,1.0109392353986884,0.9978855858854501,1.0125133881393082
search,random_n08_09,spectrum,natural,bitwise,coam,32,1.0029525330396571,0.9969702171765752,1.0059937395900265,1.002864964449946,0.9968613863683209,1.0061421101519588
search,random_n08_09,spectrum,natural,peigen,coam,1,1.0,1.0,1.0,1.0,1.0,1.0
search,random_n08_09,spectrum,natural,proposed,coam,1,1.0,1.0,1.0,1.0,1.0,1.0
search,random_n08_09,spectrum,natural,proposed,coam,8,0.9871156084095829,0.9541823325019934,1.0025031025011968,0.987131266632579,0.9536725002986057,1.0025020401211304
search,random_n08_09,spectrum,natural,proposed,coam,32,1.0010415397801185,0.9980116165447038,1.003286143235938,1.0009196972800996,0.9978569696411833,1.0031437340179863
