group,case,metric,profile,method,binary,threads,n,steps,repeats,kernel_us_per_step,kernel_us_q1,kernel_us_q3,paired_hardware_speedup,parallel_efficiency,process_seconds,init_ms,context_ms,kernel_ms,total_ms
A,random_n08_00,max,high,reference,coam,1,8,16,3,13.9659375,12.57584375,17.6015625,1.0,1.0,0.005543814972043037,0.065421,0.02615,0.223455,0.314796
A,random_n08_00,max,high,reference,coam,2,8,16,3,11.1059375,10.73325,17.48140625,1.0796469786268843,0.5398234893134422,0.005049697123467922,0.070463,0.028896,0.177695,0.278425
A,random_n08_00,max,high,reference,coam,4,8,16,3,10.3288125,10.32590625,16.73603125,1.082965732992055,0.27074143324801375,0.005477486178278923,0.070993,0.028465,0.165261,0.264626
A,random_n08_00,max,high,reference,coam,8,8,16,3,10.9575,10.7831875,13.83053125,1.02083048140543,0.12760381017567876,0.005863226018846035,0.068676,0.023304,0.17532,0.2676
A,random_n08_00,max,high,reference,coam,16,8,16,3,10.2949375,10.27284375,10.45659375,1.3152767640618745,0.08220479775386716,0.006009791977703571,0.03465,0.01288,0.164719,0.215088
A,random_n08_00,max,high,reference,coam,32,8,16,3,10.3023125,10.27203125,10.31559375,1.3521257155304909,0.04225392861032784,0.006752203218638897,0.0396,0.012849,0.164837,0.218213
A,random_n08_00,max,high,reference,coam,64,8,16,3,10.2580625,10.22140625,10.2736875,1.3573246511853927,0.02120819767477176,0.00846947357058525,0.044032,0.01301,0.164129,0.221671
A,random_n08_00,max,high,reference-proposed,coam,1,8,16,3,1.6695,1.2795,1.71990625,1.0,1.0,0.0051131658256053925,0.051257,0.02616,0.026712,0.104562
A,random_n08_00,max,high,reference-proposed,coam,2,8,16,3,1.8830625,1.8078750000000001,1.88715625,0.8865876730060739,0.44329383650303694,0.005101703107357025,0.054524,0.027914,0.030129,0.112567
A,random_n08_00,max,high,reference-proposed,coam,4,8,16,3,0.8400625,0.8375625,1.55265625,1.0588497879622052,0.2647124469905513,0.005517554469406605,0.026371,0.01285,0.013441,0.052582
A,random_n08_00,max,high,reference-proposed,coam,8,8,16,3,0.8820625,0.863875,1.38321875,1.8927230213278539,0.23659037766598173,0.00496640894562006,0.025339,0.011216,0.014113,0.050086
A,random_n08_00,max,high,reference-proposed,coam,16,8,16,3,0.8494375,0.8438125,0.87325,1.8610743398592628,0.11631714624120393,0.005674378946423531,0.027514,0.01328,0.013591,0.054435
A,random_n08_00,max,high,reference-proposed,coam,32,8,16,3,0.8588125,0.84659375,0.883875,1.943963321446765,0.06074885379521141,0.006485138088464737,0.036995,0.01309,0.013741,0.065028
A,random_n08_00,max,high,reference-proposed,coam,64,8,16,3,0.8506875,0.841,0.85478125,2.0082700548830914,0.0313792196075483,0.007876690477132797,0.035773,0.01301,0.013611,0.061793
A,random_n08_00,max,natural,reference,coam,1,8,16,3,9.018,8.81828125,13.349343750000001,1.0,1.0,0.005378261208534241,0.03493,0.013961,0.144288,0.191515
A,random_n08_00,max,natural,reference,coam,2,8,16,3,17.7848125,13.19109375,18.48828125,0.9212649966782602,0.4606324983391301,0.005287857726216316,0.067433,0.02617,0.284557,0.37816
A,random_n08_00,max,natural,reference,coam,4,8,16,3,19.4431875,17.6241875,19.884093749999998,0.5452996049556514,0.13632490123891286,0.005601986311376095,0.070794,0.028335,0.311091,0.423468
A,random_n08_00,max,natural,reference,coam,8,8,16,3,8.712,8.625875,12.35634375,1.0351239669421488,0.1293904958677686,0.005777882412075996,0.031803,0.010845,0.139392,0.180817
A,random_n08_00,max,natural,reference,coam,16,8,16,3,9.2638125,8.93090625,9.62246875,0.9734652984394924,0.06084158115246827,0.00603654608130455,0.03455,0.01292,0.148221,0.195569
A,random_n08_00,max,natural,reference,coam,32,8,16,3,8.6580625,8.622343749999999,8.66278125,1.0415725227208743,0.03254914133502732,0.006380749866366386,0.040964,0.01293,0.138529,0.192574
A,random_n08_00,max,natural,reference,coam,64,8,16,3,8.6085,8.60790625,8.6173125,1.045428857105595,0.01633482589227492,0.008445165120065212,0.044643,0.014083,0.137736,0.196443
A,random_n08_00,max,natural,reference-proposed,coam,1,8,16,3,0.3583125,0.35643749999999996,0.4413125,1.0,1.0,0.004696918651461601,0.027273,0.013511,0.005733,0.046457
A,random_n08_00,max,natural,reference-proposed,coam,2,8,16,3,0.3533125,0.34484375,0.565375,1.065217391304348,0.532608695652174,0.0051246099174022675,0.027683,0.014133,0.005653,0.047469
A,random_n08_00,max,natural,reference-proposed,coam,4,8,16,3,0.3533125,0.34421875,0.7730312500000001,1.0691906005221932,0.2672976501305483,0.005536390468478203,0.026983,0.0178,0.005653,0.049282
A,random_n08_00,max,natural,reference-proposed,coam,8,8,16,3,0.7993125,0.5800624999999999,0.83725,0.4482758620689655,0.05603448275862069,0.005261520855128765,0.051058,0.024436,0.012789,0.0997
A,random_n08_00,max,natural,reference-proposed,coam,16,8,16,3,0.3990625,0.37965625000000003,0.50053125,0.8884886452623336,0.05553054032889585,0.006008508615195751,0.027554,0.013531,0.006385,0.046788
A,random_n08_00,max,natural,reference-proposed,coam,32,8,16,3,0.4078125,0.4009375,0.48612500000000003,0.8786206896551724,0.027456896551724137,0.00638945959508419,0.031733,0.015135,0.006525,0.053804
A,random_n08_00,max,natural,reference-proposed,coam,64,8,16,3,0.377125,0.37396874999999996,0.4845625,0.9501160092807425,0.014845562645011601,0.007570096291601658,0.036673,0.013681,0.006034,0.058583
A,random_n08_00,min,static,reference,coam,1,8,16,3,414.0229375,413.71178125,416.73003125,1.0,1.0,0.011957179754972458,0.484147,0.01321,6.624367,7.116058
A,random_n08_00,min,static,reference,coam,2,8,16,3,285.8718125,264.005875,286.2451875,1.4672209943748826,0.7336104971874413,0.010113654658198357,0.491414,0.013541,4.573949,5.078814
A,random_n08_00,min,static,reference,coam,4,8,16,3,146.449875,145.88093750000002,148.69915625,2.827062416406979,0.7067656041017447,0.008284437470138073,0.309064,0.028666,2.343198,2.681399
A,random_n08_00,min,static,reference,coam,8,8,16,3,92.8366875,92.3384375,93.2348125,4.452987672572871,0.5566234590716089,0.00728448573499918,0.168148,0.010715,1.485387,1.670296
A,random_n08_00,min,static,reference,coam,16,8,16,3,74.556375,73.93559375000001,75.02721875,5.5556011785070645,0.34722507365669153,0.006742749363183975,0.129269,0.013521,1.192902,1.334809
A,random_n08_00,min,static,reference,coam,32,8,16,3,87.07475,85.74784374999999,88.62171875,4.747652160930695,0.14836413002908422,0.007862824946641922,0.164861,0.013491,1.393196,1.578042
A,random_n08_00,min,static,reference,coam,64,8,16,3,130.067,127.98590625,131.53015625,3.1783667263794815,0.0496619800996794,0.010162156075239182,0.203044,0.014233,2.081072,2.298349
A,random_n08_00,min,static,reference-proposed,coam,1,8,16,3,6.067625,6.0181249999999995,6.07075,1.0,1.0,0.005088351666927338,0.025569,0.012819,0.097082,0.134487
A,random_n08_00,min,static,reference-proposed,coam,2,8,16,3,12.319375,9.14753125,12.854500000000002,0.49303434630409415,0.24651717315204708,0.005237840116024017,0.050956,0.026912,0.19711,0.274978
A,random_n08_00,min,static,reference-proposed,coam,4,8,16,3,6.0814375,6.023843749999999,9.74303125,0.998756461774046,0.2496891154435115,0.005004049278795719,0.025569,0.013802,0.097303,0.136674
A,random_n08_00,min,static,reference-proposed,coam,8,8,16,3,6.05525,6.01515625,9.2145,0.9856942322777755,0.12321177903472194,0.005442488938570023,0.0433,0.023313,0.096884,0.163497
A,random_n08_00,min,static,reference-proposed,coam,16,8,16,3,6.0744375,6.02096875,6.07453125,0.9998765355886166,0.062492283474288535,0.005941396579146385,0.027303,0.01326,0.097191,0.138315
A,random_n08_00,min,static,reference-proposed,coam,32,8,16,3,5.96925,5.9633125,6.13628125,1.0018884156192953,0.03130901298810298,0.0064574722200632095,0.035069,0.014504,0.095508,0.146426
A,random_n08_00,min,static,reference-proposed,coam,64,8,16,3,5.9724375,5.97184375,6.1883125,1.016139836717605,0.01587718494871258,0.008048096671700478,0.034941,0.013351,0.095559,0.143832
A,random_n08_00,spectrum,high,reference,coam,1,8,16,3,443.081625,442.86749999999995,443.27384374999997,1.0,1.0,0.012725559994578362,0.484653,0.014022,7.089306,7.58279
A,random_n08_00,spectrum,high,reference,coam,2,8,16,3,393.6645625,381.25315624999996,417.02484375,1.1255308890040108,0.5627654445020054,0.012256630696356297,0.501135,0.027273,6.298633,6.570119
A,random_n08_00,spectrum,high,reference,coam,4,8,16,3,226.93475,226.37840625,227.62925,1.9541567014306975,0.4885391753576744,0.009651394560933113,0.318749,0.029117,3.630956,4.001046
A,random_n08_00,spectrum,high,reference,coam,8,8,16,3,125.663625,125.54784375,126.8778125,3.5225259099441066,0.44031573874301333,0.00813053734600544,0.203469,0.024657,2.010618,2.239005
A,random_n08_00,spectrum,high,reference,coam,16,8,16,3,89.8440625,88.85396875,90.27015625000001,4.935952918424632,0.3084970574015395,0.007339988835155964,0.133968,0.01304,1.437505,1.585615
A,random_n08_00,spectrum,high,reference,coam,32,8,16,3,93.974625,93.46350000000001,95.19856250000001,4.7189979475842545,0.14746868586200795,0.009154796600341797,0.144905,0.013821,1.503594,1.686752
A,random_n08_00,spectrum,high,reference,coam,64,8,16,3,133.7245625,131.95515625000002,135.30740624999999,3.3162648223283586,0.0518166378488806,0.010281696915626526,0.188445,0.013742,2.139593,2.341699
A,random_n08_00,spectrum,high,reference-proposed,coam,1,8,16,3,12.5990625,12.1091875,12.800437500000001,1.0,1.0,0.00486223679035902,0.208662,0.01281,0.201585,0.423857
A,random_n08_00,spectrum,high,reference-proposed,coam,2,8,16,3,23.248,18.82121875,24.86515625,0.5592658508258775,0.27963292541293877,0.006372539326548576,0.348144,0.027513,0.371968,0.606951
A,random_n08_00,spectrum,high,reference-proposed,coam,4,8,16,3,23.56425,22.6881875,24.971,0.5517600814793596,0.1379400203698399,0.00626646913588047,0.238523,0.012789,0.377028,0.62834
A,random_n08_00,spectrum,high,reference-proposed,coam,8,8,16,3,22.1579375,22.0555625,22.301375,0.5686026734212063,0.07107533417765079,0.006659981794655323,0.230251,0.010916,0.354527,0.594212
A,random_n08_00,spectrum,high,reference-proposed,coam,16,8,16,3,36.74775,35.374375,36.891562500000006,0.34173443428134465,0.02135840214258404,0.006764242425560951,0.219341,0.013852,0.587964,0.821157
A,random_n08_00,spectrum,high,reference-proposed,coam,32,8,16,3,57.1225625,56.4576875,57.429781250000005,0.22056192769713368,0.006892560240535427,0.007585801184177399,0.256804,0.013671,0.913961,1.184567
A,random_n08_00,spectrum,high,reference-proposed,coam,64,8,16,3,91.202375,90.45609375000001,93.24946875,0.13220899232330652,0.0020657655050516643,0.009851701557636261,0.280948,0.013271,1.459238,1.753457
A,random_n08_00,spectrum,natural,reference,coam,1,8,16,3,432.8266875,432.60075,432.9535625,1.0,1.0,0.012372502125799656,0.477673,0.01324,6.925227,7.419659
A,random_n08_00,spectrum,natural,reference,coam,2,8,16,3,391.032125,327.75690625000004,394.18118749999996,1.1068826825928944,0.5534413412964472,0.01150159165263176,0.472701,0.02625,6.256514,6.769097
A,random_n08_00,spectrum,natural,reference,coam,4,8,16,3,192.9008125,191.95571875000002,193.184,2.24143593226182,0.560358983065455,0.008416936732828617,0.31306,0.029138,3.086413,3.398398
A,random_n08_00,spectrum,natural,reference,coam,8,8,16,3,110.8435625,110.7579375,110.94225,3.900766113503434,0.48759576418792927,0.0073740724474191666,0.168319,0.011456,1.773497,1.952624
A,random_n08_00,spectrum,natural,reference,coam,16,8,16,3,82.333875,82.3109375,83.14603125,5.256969716292352,0.328560607268272,0.007299236953258514,0.128293,0.013462,1.317342,1.458424
A,random_n08_00,spectrum,natural,reference,coam,32,8,16,3,88.114625,87.92034375,88.69990625,4.906958549729969,0.15334245467906152,0.008266334421932697,0.144253,0.014243,1.409834,1.566937
A,random_n08_00,spectrum,natural,reference,coam,64,8,16,3,131.28325,131.2385625,131.53750000000002,3.2956935870672317,0.051495212297925495,0.01039753295481205,0.196954,0.014093,2.100532,2.3166
A,random_n08_00,spectrum,natural,reference-proposed,coam,1,8,16,3,7.3895,5.5436875,7.47503125,1.0,1.0,0.005594599060714245,0.401176,0.026321,0.118232,0.548747
A,random_n08_00,spectrum,natural,reference-proposed,coam,2,8,16,3,4.328125,4.2858125000000005,6.6390625,0.8543826714801444,0.4271913357400722,0.005420468747615814,0.229781,0.014854,0.06925,0.310486
A,random_n08_00,spectrum,natural,reference-proposed,coam,4,8,16,3,4.419625,4.4051875,4.44809375,1.6829698798610715,0.4207424699652679,0.005000780336558819,0.21248,0.01264,0.070714,0.295834
A,random_n08_00,spectrum,natural,reference-proposed,coam,8,8,16,3,4.8215625,4.7865312499999995,4.8516875,1.5325944649685657,0.1915743081210707,0.005869612097740173,0.208647,0.011336,0.077145,0.298092
A,random_n08_00,spectrum,natural,reference-proposed,coam,16,8,16,3,6.8594375,6.7978125,7.054625,1.0969854981025988,0.06856159363141243,0.0068160854279994965,0.224082,0.013601,0.109751,0.34657
A,random_n08_00,spectrum,natural,reference-proposed,coam,32,8,16,3,8.612125,8.573406250000001,8.666125000000001,0.8474075772996373,0.026481486790613667,0.007112308405339718,0.253868,0.013632,0.137794,0.405844
A,random_n08_00,spectrum,natural,reference-proposed,coam,64,8,16,3,10.4854375,10.268687499999999,10.491031249999999,0.7047393110683269,0.011011551735442607,0.008444201201200485,0.267495,0.01297,0.167767,0.445547
A,random_n12_00,max,high,reference,coam,1,12,2,3,353.4545,353.06525,354.262,1.0,1.0,0.006124716252088547,0.741758,0.050855,0.706909,1.499522
A,random_n12_00,max,high,reference,coam,2,12,2,3,394.612,391.11325,394.71925,0.895214733560184,0.447607366780092,0.007320408709347248,0.859765,0.046597,0.789224,1.684382
A,random_n12_00,max,high,reference,coam,4,12,2,3,223.845,223.00650000000002,225.127,1.5755366436596752,0.3938841609149188,0.007162698544561863,0.659397,0.049534,0.44769,1.156621
A,random_n12_00,max,high,reference,coam,8,12,2,3,182.3655,179.50925,183.43075,1.9381653876418512,0.2422706734552314,0.0067844027653336525,0.580109,0.048141,0.364731,0.990777
A,random_n12_00,max,high,reference,coam,16,12,2,3,139.6625,138.5315,142.04025000000001,2.525201825830126,0.15782511411438288,0.007049942389130592,0.53053,0.04854,0.279325,0.856088
A,random_n12_00,max,high,reference,coam,32,12,2,3,157.904,156.373,160.86325,2.2384138463876786,0.06995043269961496,0.008046937175095081,0.558618,0.05177,0.315808,0.933572
A,random_n12_00,max,high,reference,coam,64,12,2,3,170.8995,167.35625,171.38799999999998,2.068200901699537,0.03231563908905526,0.009277954697608948,0.619038,0.049534,0.341799,1.002943
A,random_n12_00,max,high,reference-proposed,coam,1,12,2,3,13.095,12.9725,13.2055,1.0,1.0,0.005886809900403023,0.589631,0.053353,0.02619,0.668423
A,random_n12_00,max,high,reference-proposed,coam,2,12,2,3,15.726,14.94175,16.89125,0.846750604095129,0.4233753020475645,0.00585991982370615,0.578675,0.047821,0.031452,0.659982
A,random_n12_00,max,high,reference-proposed,coam,4,12,2,3,14.388,14.075,14.42575,0.9254934667778705,0.23137336669446762,0.007348660379648209,0.522566,0.10451,0.028776,0.627677
A,random_n12_00,max,high,reference-proposed,coam,8,12,2,3,14.684,14.393249999999998,16.017,0.8917869790247889,0.11147337237809861,0.006686345674097538,0.462558,0.051568,0.029368,0.550771
A,random_n12_00,max,high,reference-proposed,coam,16,12,2,3,16.979,16.78875,17.186999999999998,0.7712468343247542,0.048202927145297135,0.007599027827382088,0.456911,0.048442,0.033958,0.542491
A,random_n12_00,max,high,reference-proposed,coam,32,12,2,3,20.0865,17.939,20.417250000000003,0.6519304010156075,0.020372825031737735,0.0077917203307151794,0.471999,0.05193,0.040173,0.565425
A,random_n12_00,max,high,reference-proposed,coam,64,12,2,3,22.823,21.444499999999998,23.740000000000002,0.5630285238575121,0.008797320685273627,0.0101463682949543,0.510458,0.052541,0.045646,0.605516
A,random_n12_00,max,natural,reference,coam,1,12,2,3,341.523,339.909,343.13025000000005,1.0,1.0,0.00699812825769186,0.798845,0.05196,0.683046,1.537783
A,random_n12_00,max,natural,reference,coam,2,12,2,3,356.306,310.115,356.96825,0.9549604969374815,0.47748024846874076,0.006845308467745781,0.819601,0.048863,0.712612,1.580678
A,random_n12_00,max,natural,reference,coam,4,12,2,3,194.3525,193.86475000000002,198.17624999999998,1.7406259245443203,0.4351564811360801,0.007568896748125553,0.627057,0.052089,0.388705,1.067851
A,random_n12_00,max,natural,reference,coam,8,12,2,3,149.5445,146.89600000000002,153.2525,2.262169454577066,0.28277118182213323,0.007603015750646591,0.578363,0.051098,0.299089,0.92415
A,random_n12_00,max,natural,reference,coam,16,12,2,3,132.29,125.73775,136.55,2.5816237054955025,0.1613514815934689,0.007594745606184006,0.519569,0.047479,0.26458,0.835569
A,random_n12_00,max,natural,reference,coam,32,12,2,3,145.4805,137.94774999999998,146.122,2.36964747852805,0.07405148370400157,0.008276598528027534,0.569644,0.053433,0.290961,0.912969
A,random_n12_00,max,natural,reference,coam,64,12,2,3,160.28,151.90575,160.39525,2.1477566888147503,0.033558698262730474,0.009611413814127445,0.605838,0.061502,0.32056,0.966982
A,random_n12_00,max,natural,reference-proposed,coam,1,12,2,3,1.8245,1.7215,2.5934999999999997,1.0,1.0,0.0064591532573103905,0.660539,0.053313,0.003649,0.716867
A,random_n12_00,max,natural,reference-proposed,coam,2,12,2,3,3.508,3.46775,4.3,0.520096921322691,0.2600484606613455,0.006919814273715019,0.587144,0.050496,0.007016,0.639683
A,random_n12_00,max,natural,reference-proposed,coam,4,12,2,3,2.741,2.5705,3.5355,0.7602083333333334,0.19005208333333334,0.0067270053550601006,0.483866,0.047909,0.005482,0.537257
A,random_n12_00,max,natural,reference-proposed,coam,8,12,2,3,3.959,3.8465,4.1345,0.43344938403856453,0.05418117300482057,0.007017636671662331,0.466516,0.049203,0.007918,0.523187
A,random_n12_00,max,natural,reference-proposed,coam,16,12,2,3,6.515,5.6705,6.9235,0.24884069830878341,0.015552543644298963,0.006616579368710518,0.455049,0.04747,0.01303,0.515167
A,random_n12_00,max,natural,reference-proposed,coam,32,12,2,3,7.2015,6.18175,7.9357500000000005,0.313541263076327,0.00979816447113522,0.007731865160167217,0.466316,0.055358,0.014403,0.531998
A,random_n12_00,max,natural,reference-proposed,coam,64,12,2,3,3.7435,3.7335000000000003,4.708,0.487378122078269,0.0076152831574729535,0.009073495864868164,0.494431,0.049725,0.007487,0.551603
A,random_n12_00,min,static,reference,coam,1,12,2,3,133662.4015,133619.12524999998,134325.9485,1.0,1.0,0.40778365451842546,134.251752,0.049753,267.324803,401.630691
A,random_n12_00,min,static,reference,coam,2,12,2,3,58423.107,58417.43875,58586.68825000001,2.2882785499542426,1.1441392749771213,0.19513159897178411,71.88021,0.065993,116.846214,188.792417
A,random_n12_00,min,static,reference,coam,4,12,2,3,29834.727,29822.62025,29995.826999999997,4.480830194354082,1.1202075485885206,0.11224850453436375,46.769122,0.047278,59.669454,106.531028
A,random_n12_00,min,static,reference,coam,8,12,2,3,18764.7145,18554.173,18901.231,7.19379426209762,0.8992242827622025,0.07645889837294817,32.082831,0.048833,37.529429,69.661093
A,random_n12_00,min,static,reference,coam,16,12,2,3,16469.775,16372.26675,16492.682249999998,8.173459112676541,0.5108411945422838,0.056953770108520985,17.463649,0.046927,32.93955,50.44922
A,random_n12_00,min,static,reference,coam,32,12,2,3,9940.43,9900.84775,9954.098,13.437632879060564,0.4199260274706426,0.03827995993196964,10.648372,0.05176,19.88086,30.582231
A,random_n12_00,min,static,reference,coam,64,12,2,3,8428.113,8417.42125,8477.139,15.859113599924443,0.24779864999881943,0.03507987130433321,9.827383,0.04775,16.856226,26.875924
A,random_n12_00,min,static,reference-proposed,coam,1,12,2,3,232.2855,231.74475,233.61599999999999,1.0,1.0,0.005826110020279884,0.611702,0.051859,0.464571,1.128132
A,random_n12_00,min,static,reference-proposed,coam,2,12,2,3,320.333,319.76075000000003,322.361,0.7251375911941635,0.36256879559708177,0.00759017001837492,0.717545,0.047989,0.640666,1.413071
A,random_n12_00,min,static,reference-proposed,coam,4,12,2,3,240.033,237.74775,241.68574999999998,0.9655130610240468,0.2413782652560117,0.006693193688988686,0.645297,0.048261,0.480066,1.172111
A,random_n12_00,min,static,reference-proposed,coam,8,12,2,3,224.884,222.0575,226.43875,1.030496483452379,0.1288120604315474,0.0075839003548026085,0.618247,0.053273,0.449768,1.13523
A,random_n12_00,min,static,reference-proposed,coam,16,12,2,3,400.865,395.385,407.4055,0.5860988113205193,0.03663117570753246,0.008450116962194443,0.632246,0.04837,0.80173,1.468339
A,random_n12_00,min,static,reference-proposed,coam,32,12,2,3,723.813,707.934,735.59925,0.3209192153221896,0.010028725478818425,0.009051884524524212,0.688847,0.05196,1.447626,2.162239
A,random_n12_00,min,static,reference-proposed,coam,64,12,2,3,1605.283,1539.435,1628.1695,0.14470065402798135,0.0022609477191872086,0.012458986602723598,0.727152,0.052639,3.210566,3.987798
A,random_n12_00,spectrum,high,reference,coam,1,12,2,3,133783.6205,133772.54525,134026.87524999998,1.0,1.0,0.4070333391427994,134.330513,0.053464,267.567241,401.906917
A,random_n12_00,spectrum,high,reference,coam,2,12,2,3,57974.596,57968.431249999994,58273.84625,2.3072428137317247,1.1536214068658623,0.1945445379242301,71.473939,0.050516,115.949192,187.529828
A,random_n12_00,spectrum,high,reference,coam,4,12,2,3,29815.968,29814.77525,29818.5715,4.487337960810311,1.1218344902025779,0.11371798999607563,47.050001,0.072535,59.631936,106.764886
A,random_n12_00,spectrum,high,reference,coam,8,12,2,3,18787.01,18691.719250000002,18950.641499999998,7.146966441173982,0.8933708051467477,0.07613658905029297,32.41642,0.050255,37.57402,69.921555
A,random_n12_00,spectrum,high,reference,coam,16,12,2,3,16264.807,16203.700499999999,16288.252,8.231524285915807,0.5144702678697379,0.056290206499397755,17.63896,0.046746,32.529614,50.257699
A,random_n12_00,spectrum,high,reference,coam,32,12,2,3,9958.3925,9945.944,10068.310249999999,13.434258641643217,0.4198205825513505,0.03767513856291771,10.599334,0.049635,19.916785,30.567066
A,random_n12_00,spectrum,high,reference,coam,64,12,2,3,8325.8875,8323.81125,8406.627,16.06573113076534,0.25102704891820843,0.0355664836242795,9.967781,0.050296,16.651775,26.668458
A,random_n12_00,spectrum,high,reference-proposed,coam,1,12,2,3,2785.01,2783.42325,2788.97575,1.0,1.0,0.06044821813702583,44.775732,0.0524,5.57002,50.388959
A,random_n12_00,spectrum,high,reference-proposed,coam,2,12,2,3,2435.672,2422.8647499999997,2438.76325,1.1466821066219097,0.5733410533109549,0.06338582374155521,47.281688,0.04766,4.871344,52.213057
A,random_n12_00,spectrum,high,reference-proposed,coam,4,12,2,3,1297.988,1293.00775,1313.192,2.151746780401668,0.537936695100417,0.05479127448052168,40.622113,0.049043,2.595976,43.32245
A,random_n12_00,spectrum,high,reference-proposed,coam,8,12,2,3,1031.2765,991.3375,1032.30175,2.702863178838838,0.3378578973548548,0.050739615224301815,37.740038,0.047578,2.062553,39.84977
A,random_n12_00,spectrum,high,reference-proposed,coam,16,12,2,3,1024.1785,1022.66,1034.594,2.719262316090408,0.1699538947556505,0.05115611478686333,37.802554,0.047608,2.048357,39.898641
A,random_n12_00,spectrum,high,reference-proposed,coam,32,12,2,3,975.667,970.552,975.93025,2.8625970746166467,0.08945615858177021,0.05256221164017916,37.636969,0.051358,1.951334,39.63882
A,random_n12_00,spectrum,high,reference-proposed,coam,64,12,2,3,773.1395,772.08975,775.61275,3.6022089157260755,0.05628451430821993,0.05594494380056858,39.662791,0.049083,1.546279,41.26123
A,random_n12_00,spectrum,natural,reference,coam,1,12,2,3,133751.1925,133720.6105,133754.07725,1.0,1.0,0.40706248115748167,134.214637,0.05218,267.502385,401.778265
A,random_n12_00,spectrum,natural,reference,coam,2,12,2,3,58029.464,58020.0655,58136.685750000004,2.3049835855799046,1.1524917927899523,0.19484627433121204,72.578708,0.04788,116.058928,188.966578
A,random_n12_00,spectrum,natural,reference,coam,4,12,2,3,29864.4595,29862.374,29941.99825,4.4771847566040766,1.1192961891510191,0.11310924310237169,46.98361,0.102124,59.728919,106.814653
A,random_n12_00,spectrum,natural,reference,coam,8,12,2,3,18643.003,18636.35925,18723.7645,7.171056535258831,0.8963820669073539,0.07582518365234137,32.192629,0.048823,37.286006,69.544174
A,random_n12_00,spectrum,natural,reference,coam,16,12,2,3,17301.752,16996.254249999998,17426.850749999998,7.726964789461784,0.4829352993413615,0.059646100737154484,18.503823,0.045745,34.603504,53.301434
A,random_n12_00,spectrum,natural,reference,coam,32,12,2,3,10550.6135,10390.265,10587.9565,12.677647797447987,0.3961764936702496,0.039930504746735096,11.098438,0.055648,21.101227,32.2634
A,random_n12_00,spectrum,natural,reference,coam,64,12,2,3,8393.062,8351.44675,8395.022,15.928635878062142,0.24888493559472097,0.03507961519062519,9.862688,0.050186,16.786124,26.696873
A,random_n12_00,spectrum,natural,reference-proposed,coam,1,12,2,3,1072.0945,1068.03375,1074.7314999999999,1.0,1.0,0.05779409874230623,45.070212,0.049283,2.144189,47.248725
A,random_n12_00,spectrum,natural,reference-proposed,coam,2,12,2,3,711.1555,709.17625,720.54775,1.5044930903270235,0.7522465451635117,0.05922669544816017,47.482503,0.105243,1.422311,49.048508
A,random_n12_00,spectrum,natural,reference-proposed,coam,4,12,2,3,383.5515,379.23474999999996,391.30125,2.808927875396133,0.7022319688490333,0.05301873479038477,40.654324,0.052831,0.767103,41.500597
A,random_n12_00,spectrum,natural,reference-proposed,coam,8,12,2,3,230.6075,230.046,237.13225,4.671751251173826,0.5839689063967283,0.04940748028457165,37.879878,0.04794,0.461215,38.416726
A,random_n12_00,spectrum,natural,reference-proposed,coam,16,12,2,3,260.1295,259.1855,264.04150000000004,4.090166628544629,0.2556354142840393,0.04982519242912531,37.71685,0.04784,0.520259,38.291821
A,random_n12_00,spectrum,natural,reference-proposed,coam,32,12,2,3,267.3475,265.86875,1735.4835,3.9797379814660694,0.12436681192081467,0.051057866774499416,37.224755,0.051529,0.534695,37.806427
A,random_n12_00,spectrum,natural,reference-proposed,coam,64,12,2,3,271.3715,270.87525000000005,275.754,3.920724910316669,0.061261326723697954,0.05385502893477678,39.400973,0.050146,0.542743,39.989371
A,random_n16_00,max,high,reference,coam,1,16,1,3,8793.955,8768.261999999999,8794.641,1.0,1.0,0.04086377378553152,16.357272,0.662198,8.793955,25.807068
A,random_n16_00,max,high,reference,coam,2,16,1,3,10106.967,10100.4665,10111.083,0.8702241730877325,0.43511208654386624,0.04334369022399187,17.501021,0.654291,10.106967,28.268637
A,random_n16_00,max,high,reference,coam,4,16,1,3,5299.522,5297.3625,5329.4805,1.651035663788527,0.41275891594713177,0.03300377447158098,12.335525,0.671521,5.299522,18.278524
A,random_n16_00,max,high,reference,coam,8,16,1,3,2726.343,2716.1465,2746.0185,3.2260529947992604,0.40325662434990756,0.028170417062938213,9.549284,0.632495,2.726343,12.946556
A,random_n16_00,max,high,reference,coam,16,16,1,3,1535.805,1532.0810000000001,1555.595,5.720240100971173,0.3575150063106983,0.02565914671868086,8.395047,0.673014,1.535805,10.59026
A,random_n16_00,max,high,reference,coam,32,16,1,3,1527.745,1518.685,1533.116,5.756166768668855,0.17988021152090172,0.02599549386650324,8.484568,0.652947,1.527745,10.64714
A,random_n16_00,max,high,reference,coam,64,16,1,3,1589.74,1580.6675,1621.7275,5.531693861889366,0.08643271659202134,0.0274968221783638,8.573712,0.666525,1.58974,10.811832
A,random_n16_00,max,high,reference-proposed,coam,1,16,1,3,265.804,263.418,269.1915,1.0,1.0,0.028928790241479874,13.345816,0.658949,0.265804,14.265797
A,random_n16_00,max,high,reference-proposed,coam,2,16,1,3,320.678,316.044,362.621,0.8288813077292486,0.4144406538646243,0.02866084687411785,12.63794,0.651209,0.320678,13.638266
A,random_n16_00,max,high,reference-proposed,coam,4,16,1,3,245.98,244.781,247.7855,1.0649582717325545,0.26623956793313863,0.025454984046518803,9.790217,0.687838,0.24598,10.698786
A,random_n16_00,max,high,reference-proposed,coam,8,16,1,3,217.813,214.861,221.9375,1.2318117682590168,0.1539764710323771,0.024440026842057705,8.46927,0.659121,0.217813,9.346204
A,random_n16_00,max,high,reference-proposed,coam,16,16,1,3,212.039,206.9875,212.2945,1.2535618447549743,0.0783476152971859,0.02369706891477108,7.714724,0.661667,0.212039,8.577062
A,random_n16_00,max,high,reference-proposed,coam,32,16,1,3,201.455,201.353,203.4595,1.319421210692214,0.04123191283413169,0.02428443729877472,7.858793,0.657294,0.201455,8.723339
A,random_n16_00,max,high,reference-proposed,coam,64,16,1,3,217.372,215.287,220.0155,1.2228069852602912,0.01910635914469205,0.026387521997094154,7.983334,0.678781,0.217372,8.884774
A,random_n16_00,max,natural,reference,coam,1,16,1,3,8785.493,8769.418000000001,8876.2545,1.0,1.0,0.041068071499466896,16.370368,0.661014,8.785493,25.816875
A,random_n16_00,max,natural,reference,coam,2,16,1,3,10128.837,10094.1375,10130.573499999999,0.8670770041579857,0.43353850207899286,0.043613034300506115,17.515398,0.646295,10.128837,28.309108
A,random_n16_00,max,natural,reference,coam,4,16,1,3,5347.24,5322.936,5348.014999999999,1.652000554105286,0.4130001385263215,0.03335598669946194,12.277804,0.645509,5.34724,18.266409
A,random_n16_00,max,natural,reference,coam,8,16,1,3,2721.811,2706.2945,2749.4835000000003,3.253089998506008,0.406636249813251,0.02759155072271824,9.598172,0.685311,2.721811,13.009045
A,random_n16_00,max,natural,reference,coam,16,16,1,3,1495.375,1494.6554999999998,1503.2635,5.880769323451607,0.3675480827157254,0.025325427763164043,8.574398,0.658828,1.495375,10.744378
A,random_n16_00,max,natural,reference,coam,32,16,1,3,1514.999,1488.295,1527.6465,5.82162626096057,0.1819258206550178,0.026592771522700787,8.835547,0.677202,1.514999,11.084277
A,random_n16_00,max,natural,reference,coam,64,16,1,3,1557.224,1541.3975,1574.8635,5.641765731840763,0.08815258956001192,0.027450421825051308,8.590542,0.665496,1.557224,10.806153
A,random_n16_00,max,natural,reference-proposed,coam,1,16,1,3,2.887,2.7365,6.916,1.0,1.0,0.029017643071711063,13.33502,0.656974,0.002887,14.000725
A,random_n16_00,max,natural,reference-proposed,coam,2,16,1,3,3.518,3.323,3.538,0.9229539641943734,0.4614769820971867,0.02857866697013378,12.6233,0.646351,0.003518,13.272779
A,random_n16_00,max,natural,reference-proposed,coam,4,16,1,3,2.987,2.9115,3.2275,0.966521593572146,0.2416303983930365,0.025592039339244366,9.94346,0.655604,0.002987,10.602532
A,random_n16_00,max,natural,reference-proposed,coam,8,16,1,3,3.187,3.122,3.1875,0.9055834378920954,0.11319792973651192,0.023433880880475044,8.29554,0.675308,0.003187,9.016397
A,random_n16_00,max,natural,reference-proposed,coam,16,16,1,3,5.142,4.816000000000001,5.3225,0.5759465478841871,0.03599665924276169,0.023628207854926586,7.758686,0.665453,0.005142,8.441897
A,random_n16_00,max,natural,reference-proposed,coam,32,16,1,3,4.801,4.681,5.277,0.6329752247314185,0.01978047577285683,0.024603333324193954,8.117124,0.670756,0.004801,8.793633
A,random_n16_00,max,natural,reference-proposed,coam,64,16,1,3,4.56,4.5355,4.8309999999999995,0.6331140350877194,0.009892406798245615,0.025668932124972343,8.0034,0.663762,0.00456,8.671722
A,random_n16_00,min,static,reference,coam,1,16,1,3,39486384.143,39447115.434,39500546.6805,1.0,1.0,79.00183861609548,39499.083488,0.661856,39486.384143,78986.14064
A,random_n16_00,min,static,reference,coam,2,16,1,3,16637060.134,16633489.568,16638198.2985,2.3733991357225683,1.1866995678612842,33.31606088299304,16663.215125,0.669097,16637.060134,33300.925098
A,random_n16_00,min,static,reference,coam,4,16,1,3,8542302.638,8539229.491,8543189.637,4.622452026851264,1.155613006712816,17.126108908094466,8568.288818,0.634966,8542.302638,17111.226422
A,random_n16_00,min,static,reference,coam,8,16,1,3,4370575.527,4369578.979499999,4371510.808499999,9.038717881059318,1.1298397351324148,8.78619949799031,4398.418632,0.66837,4370.575527,8769.662529
A,random_n16_00,min,static,reference,coam,16,16,1,3,2247869.92,2242499.6215,2249718.198,17.5372943965435,1.0960808997839688,4.538652390241623,2273.347603,0.676556,2247.86992,4521.894079
A,random_n16_00,min,static,reference,coam,32,16,1,3,1149281.681,1148442.7905000001,1150204.117,34.382092633389846,1.0744403947934327,2.3420002795755863,1175.178107,0.669112,1149.281681,2325.138713
A,random_n16_00,min,static,reference,coam,64,16,1,3,601218.831,597963.7395,602532.4755,65.54659417346161,1.0241655339603377,1.2545891078189015,633.604862,0.659902,601.218831,1235.472138
A,random_n16_00,min,static,reference-proposed,coam,1,16,1,3,7161.789,7154.707,7191.2985,1.0,1.0,0.037162075750529766,14.814958,0.658309,7.161789,22.62692
A,random_n16_00,min,static,reference-proposed,coam,2,16,1,3,7619.182,7611.7235,7635.505499999999,0.9418121277993337,0.4709060638996668,0.03881298378109932,15.326692,0.674616,7.619182,23.653137
A,random_n16_00,min,static,reference-proposed,coam,4,16,1,3,4622.421,4621.4490000000005,4634.1155,1.5493588749272298,0.38733971873180745,0.03161167353391647,11.741364,0.687305,4.622421,17.037991
A,random_n16_00,min,static,reference-proposed,coam,8,16,1,3,3233.543,3219.196,3242.0,2.2214747034032447,0.2776843379254056,0.028997115790843964,9.778241,0.658961,3.233543,13.663618
A,random_n16_00,min,static,reference-proposed,coam,16,16,1,3,3634.309,3565.504,3670.137,1.9667081142522553,0.12291925714076596,0.028951731510460377,9.141126,0.657167,3.634309,13.463231
A,random_n16_00,min,static,reference-proposed,coam,32,16,1,3,3657.244,3655.6605,3917.995,1.954374660263302,0.06107420813322819,0.029762347228825092,9.30565,0.679083,3.657244,13.641977
A,random_n16_00,min,static,reference-proposed,coam,64,16,1,3,3831.833,3758.309,3998.254,1.8690243024682964,0.02920350472606713,0.03164978604763746,9.558273,0.68119,3.831833,14.071296
A,random_n16_00,spectrum,high,reference,coam,1,16,1,3,39493732.26,39490232.06,39530766.516499996,1.0,1.0,79.00811870861799,39497.775623,0.66412,39493.73226,78992.19104
A,random_n16_00,spectrum,high,reference,coam,2,16,1,3,16658665.214,16606992.471,16682689.55,2.3703418823025038,1.1851709411512519,33.35839170496911,16683.688035,0.648357,16658.665214,33342.965743
A,random_n16_00,spectrum,high,reference,coam,4,16,1,3,8541820.141,8532056.096,8544967.366,4.628833686279721,1.1572084215699303,17.127734043635428,8570.054757,0.660295,8541.820141,17112.505523
A,random_n16_00,spectrum,high,reference,coam,8,16,1,3,4367810.766,4366154.7895,4370395.0075,9.041997095530764,1.1302496369413455,8.777424585074186,4395.28832,0.678506,4367.810766,8762.950295
A,random_n16_00,spectrum,high,reference,coam,16,16,1,3,2248599.093,2247057.216,2277694.4124999996,17.563705501325664,1.097731593832854,4.536280358210206,2271.870393,0.672902,2248.599093,4521.20722
A,random_n16_00,spectrum,high,reference,coam,32,16,1,3,1151636.843,1149944.181,1154972.404,34.2935644166431,1.0716738880200969,2.3482268741354346,1178.617664,0.657877,1151.636843,2330.912384
A,random_n16_00,spectrum,high,reference,coam,64,16,1,3,597520.657,596601.1529999999,598453.656,66.21997132561059,1.0346870519626654,1.2461365452036262,629.164173,0.665242,597.520657,1227.719724
A,random_n16_00,spectrum,high,reference-proposed,coam,1,16,1,3,659474.455,659294.8965,660543.9785,1.0,1.0,13.617533492855728,11767.541491,0.670283,659.474455,12427.686229
A,random_n16_00,spectrum,high,reference-proposed,coam,2,16,1,3,349366.536,349331.798,350186.654,1.8866012341834595,0.9433006170917297,11.795632069930434,10251.682679,0.647274,349.366536,10601.702377
A,random_n16_00,spectrum,high,reference-proposed,coam,4,16,1,3,299185.418,299113.749,299323.13399999996,2.2052898207503104,0.5513224551875776,10.885533523745835,9384.974411,0.665625,299.185418,9684.681867
A,random_n16_00,spectrum,high,reference-proposed,coam,8,16,1,3,298885.969,298802.08499999996,298887.123,2.206478667163639,0.2758098333954549,10.622026305645704,9126.625981,0.633883,298.885969,9425.978065
A,random_n16_00,spectrum,high,reference-proposed,coam,16,16,1,3,298377.0,298355.792,298386.45499999996,2.2100653289785375,0.1381290830611586,10.71010021213442,9220.334148,0.646382,298.377,9519.365511
A,random_n16_00,spectrum,high,reference-proposed,coam,32,16,1,3,149069.431,149019.812,149103.6325,4.424477975939791,0.13826493674811846,10.147181492298841,8803.117096,0.678186,149.069431,8952.791905
A,random_n16_00,spectrum,high,reference-proposed,coam,64,16,1,3,76689.055,76673.3745,76711.7055,8.598162866730638,0.13434629479266622,9.997040745802224,8719.320759,0.670684,76.689055,8796.721984
A,random_n16_00,spectrum,natural,reference,coam,1,16,1,3,39555248.881,39513856.5545,39576782.4475,1.0,1.0,79.10925167705864,39537.563111,0.665021,39555.248881,79093.504629
A,random_n16_00,spectrum,natural,reference,coam,2,16,1,3,16654010.105,16653123.361000001,16671656.892,2.37040015319643,1.185200076598215,33.352712073363364,16682.355486,0.661365,16654.010105,33337.026956
A,random_n16_00,spectrum,natural,reference,coam,4,16,1,3,8544748.792,8533452.228,8549018.311999999,4.6245665594245375,1.1561416398561344,17.1304853791371,8569.466475,0.656735,8544.748792,17114.898404
A,random_n16_00,spectrum,natural,reference,coam,8,16,1,3,4376304.223,4375726.321,4380780.5649999995,9.038505292459874,1.1298131615574842,8.797555547207594,4405.160814,0.664413,4376.304223,8782.144377
A,random_n16_00,spectrum,natural,reference,coam,16,16,1,3,2242727.065,2238714.3805,2247464.132,17.656324138577247,1.103520258661078,4.531165167689323,2270.05236,0.645378,2242.727065,4513.419796
A,random_n16_00,spectrum,natural,reference,coam,32,16,1,3,1150106.711,1149036.344,1160282.2204999998,34.320697245283704,1.0725217889151157,2.3450639275833964,1178.149943,0.678282,1150.106711,2328.934779
A,random_n16_00,spectrum,natural,reference,coam,64,16,1,3,597934.726,595627.7975,598612.6510000001,66.15312200649808,1.0336425313515325,1.2468308927491307,630.492609,0.670273,597.934726,1229.089571
A,random_n16_00,spectrum,natural,reference-proposed,coam,1,16,1,3,18406.571,18338.408,18533.088499999998,1.0,1.0,13.024416737258434,11810.375675,0.656922,18.406571,11829.692203
A,random_n16_00,spectrum,natural,reference-proposed,coam,2,16,1,3,8714.174,8583.749,9082.8125,2.1122565374526605,1.0561282687263303,11.455730862915516,10254.92995,0.657968,8.714174,10264.302092
A,random_n16_00,spectrum,natural,reference-proposed,coam,4,16,1,3,4391.008,4389.871499999999,4412.846,4.1940493103365775,1.0485123275841444,10.713877298869193,9511.779791,0.652917,4.391008,9516.862184
A,random_n16_00,spectrum,natural,reference-proposed,coam,8,16,1,3,2740.314,2727.805,2823.3509999999997,6.728638424687401,0.8410798030859251,10.335639753378928,9137.500186,0.649389,2.740314,9140.862595
A,random_n16_00,spectrum,natural,reference-proposed,coam,16,16,1,3,2575.224,2573.0695,2576.084,7.1475611441956115,0.4467225715122257,10.338450880721211,9135.279584,0.657061,2.575224,9138.60497
A,random_n16_00,spectrum,natural,reference-proposed,coam,32,16,1,3,1208.77,1185.434,1211.6215,15.436853992074589,0.4824016872523309,10.067361822351813,8864.548604,0.645919,1.20877,8866.451286
A,random_n16_00,spectrum,natural,reference-proposed,coam,64,16,1,3,687.925,672.0695000000001,696.06,27.124477232256424,0.42381995675400663,9.991991151124239,8792.905956,0.674948,0.687925,8794.273227
B,AES,max,natural,bitwise,coam,1,8,6912,5,0.29272135416666667,0.2884720775462963,0.294591724537037,1.0,1.0,0.007164181210100651,0.005222,0.010655,2.02329,2.038174
B,AES,max,natural,bitwise,coam,2,8,6912,5,0.2978025173611111,0.28796310763888894,0.3042771990740741,0.9686690364557904,0.4843345182278952,0.007469089701771736,0.009862,0.02588,2.058411,2.097691
B,AES,max,natural,bitwise,coam,4,8,6912,5,0.33915697337962963,0.3349859664351852,0.3450831886574074,0.8611467537465076,0.2152866884366269,0.007750982418656349,0.010555,0.027553,2.344253,2.38215
B,AES,max,natural,bitwise,coam,8,8,6912,5,0.2863323206018519,0.2859537037037037,0.2885431134259259,1.0209625904402806,0.12762032380503507,0.007488450035452843,0.005793,0.010484,1.979129,1.994154
B,AES,max,natural,bitwise,coam,16,8,6912,5,0.2915513599537037,0.28702589699074077,0.2942599826388889,1.0064803004016494,0.06290501877510309,0.008222168311476707,0.008339,0.013472,2.015203,2.03592
B,AES,max,natural,bitwise,coam,32,8,6912,5,0.28836834490740737,0.28674508101851853,0.2945872395833333,1.0124408278236376,0.031638775869488676,0.008978620171546936,0.005633,0.010434,1.993202,2.00979
B,AES,max,natural,bitwise,coam,64,8,6912,5,0.28760836226851855,0.28686125578703703,0.290638599537037,1.0056153339872957,0.015712739593551496,0.009998511523008347,0.013812,0.01287,1.987949,2.014731
B,AES,max,natural,bitwise,coam-serial-source,1,8,6912,5,0.32238932291666667,0.31141420717592594,0.342533130787037,1.0,1.0,0.007048091851174831,0.007376,0.024636,2.228355,2.261201
B,AES,max,natural,peigen,coam,1,8,6912,5,0.8036688368055556,0.8014275173611111,0.8074409722222222,1.0,1.0,0.01011007558554411,0.010945,0.011006,5.554959,5.576298
B,AES,max,natural,proposed,coam,1,8,6912,5,0.09762514467592592,0.09676273148148148,0.09765842013888888,1.0,1.0,0.005602989345788956,0.00471,0.010283,0.674785,0.689469
B,AES,max,natural,proposed,coam,2,8,6912,5,0.10794140625,0.09759360532407407,0.10996440972222223,0.9194361009581941,0.45971805047909703,0.006146419793367386,0.009482,0.026421,0.746091,0.783127
B,AES,max,natural,proposed,coam,4,8,6912,5,0.1263855613425926,0.10222236689814815,0.1280865162037037,0.7647889081328836,0.1911972270332209,0.006435719318687916,0.010675,0.028536,0.873577,0.914059
B,AES,max,natural,proposed,coam,8,8,6912,5,0.09649406828703704,0.09591550925925925,0.11812413194444445,1.0120665640129123,0.12650832050161404,0.00638192892074585,0.005202,0.010353,0.666967,0.681831
B,AES,max,natural,proposed,coam,16,8,6912,5,0.09634056712962963,0.09605063657407407,0.09676924189814816,1.0167389162858373,0.06354618226786483,0.006799704395234585,0.007597,0.012759,0.665906,0.687045
B,AES,max,natural,proposed,coam,32,8,6912,5,0.09702777777777777,0.09684186921296296,0.09796412037037036,0.997268346216242,0.031164635819257564,0.007114831358194351,0.005743,0.010645,0.670656,0.688046
B,AES,max,natural,proposed,coam,64,8,6912,5,0.09654325810185185,0.09634924768518519,0.09658116319444444,1.0032073709468652,0.01567511517104477,0.008546361699700356,0.013291,0.01344,0.667307,0.695816
B,AES,max,natural,proposed,coam-serial-source,1,8,6912,5,0.09753269675925925,0.09653067129629629,0.10848104745370371,1.0,1.0,0.005653993226587772,0.003699,0.021108,0.674146,0.691957
B,AES,min,natural,bitwise,coam,1,8,491,5,3.644397148676171,3.6163095723014256,3.6979653767820775,1.0,1.0,0.006836947053670883,0.007518,0.014023,1.789399,1.810388
B,AES,min,natural,bitwise,coam,2,8,491,5,3.804551934826884,3.6252179226069248,4.093945010183299,0.9579044289855383,0.47895221449276915,0.006850347854197025,0.015275,0.028265,1.868035,1.911675
B,AES,min,natural,bitwise,coam,4,8,491,5,3.9460244399185336,3.696384928716904,4.16559266802444,0.9235617275475897,0.23089043188689742,0.006823427975177765,0.015125,0.026281,1.937498,1.978904
B,AES,min,natural,bitwise,coam,8,8,491,5,3.6926822810590627,3.6426985743380857,3.751529531568228,0.9863403982951149,0.12329254978688936,0.007221175357699394,0.00835,0.011266,1.813107,1.830887
B,AES,min,natural,bitwise,coam,16,8,491,5,3.64461099796334,3.634906313645621,3.6512199592668027,0.998131361389687,0.06238321008685544,0.007723760791122913,0.008629,0.012919,1.789504,1.811565
B,AES,min,natural,bitwise,coam,32,8,491,5,3.63220366598778,3.622670061099796,3.6504704684317715,1.0061253693411039,0.031441417791909496,0.008259320631623268,0.015195,0.01299,1.783412,1.812339
B,AES,min,natural,bitwise,coam,64,8,491,5,3.6525132382892056,3.6417270875763745,3.6609002036659875,1.0097647135170518,0.015777573648703934,0.009739930741488934,0.020066,0.0133,1.793384,1.827323
B,AES,min,natural,bitwise,coam-serial-source,1,8,491,5,3.755580448065173,3.7444439918533603,4.068116089613034,1.0,1.0,0.0064294058829545975,0.006666,0.01306,1.84399,1.863354
B,AES,min,natural,peigen,coam,1,8,491,5,2.5757942973523424,2.557164969450102,2.665602851323829,1.0,1.0,0.006566849537193775,0.013502,0.014072,1.264715,1.289542
B,AES,min,natural,proposed,coam,1,8,491,5,2.1619470468431774,2.1586272912423623,2.163109979633401,1.0,1.0,0.005651002749800682,0.005442,0.013582,1.061516,1.081473
B,AES,min,natural,proposed,coam,2,8,491,5,2.369480651731161,2.176987780040733,2.9513238289205703,0.9097011814356872,0.4548505907178436,0.006922723725438118,0.011837,0.028886,1.163415,1.213821
B,AES,min,natural,proposed,coam,4,8,491,5,2.1601364562118124,2.1554032586558045,2.1949633401221993,0.9993013566503587,0.24982533916258967,0.006166803650557995,0.005763,0.01275,1.060627,1.0791
B,AES,min,natural,proposed,coam,8,8,491,5,2.4062057026476578,2.30279633401222,2.4282729124236253,0.9102160316967245,0.11377700396209056,0.007014119997620583,0.011426,0.023805,1.181447,1.216809
B,AES,min,natural,proposed,coam,16,8,491,5,2.155894093686354,2.1372281059063134,2.1615804480651732,1.002807630103236,0.06267547688145225,0.0067717814818024635,0.006274,0.014323,1.058544,1.079422
B,AES,min,natural,proposed,coam,32,8,491,5,2.136539714867617,2.136419551934827,2.1390509164969447,1.0112475411178417,0.03160148565993255,0.00801079161465168,0.012981,0.013059,1.049041,1.075081
B,AES,min,natural,proposed,coam,64,8,491,5,2.1493340122199593,2.1421507128309574,2.152505091649694,1.006240753910454,0.015722511779850845,0.009240896441042423,0.015656,0.013491,1.055323,1.083097
B,AES,min,natural,proposed,coam-serial-source,1,8,491,5,2.086399185336049,2.0680875763747455,2.0942566191446033,1.0,1.0,0.005976716987788677,0.004771,0.01296,1.024422,1.042513
B,AES,spectrum,natural,bitwise,coam,1,8,640,5,2.6243953125,2.6215671874999997,2.8614124999999997,1.0,1.0,0.0067490478977561,0.008489,0.010615,1.679613,1.697985
B,AES,spectrum,natural,bitwise,coam,2,8,640,5,2.87385625,2.633,2.9741875,0.9873160368401064,0.4936580184200532,0.006973333656787872,0.016347,0.028325,1.839268,1.884452
B,AES,spectrum,natural,bitwise,coam,4,8,640,5,2.6086546875,2.6054781250000003,2.6188875,1.0010232159647943,0.25025580399119857,0.007315143011510372,0.008028,0.014825,1.669539,1.692202
B,AES,spectrum,natural,bitwise,coam,8,8,640,5,2.62725,2.6243874999999997,2.6502078124999997,1.0000029768850827,0.12500037211063533,0.0073923030868172646,0.00872,0.010905,1.68144,1.701065
B,AES,spectrum,natural,bitwise,coam,16,8,640,5,2.6146421875,2.61334375,2.6261671875,1.0042288973656834,0.06276430608535521,0.007542531006038189,0.011456,0.01314,1.673371,1.697678
B,AES,spectrum,natural,bitwise,coam,32,8,640,5,2.610665625,2.6056703125,2.6139812499999997,1.004175778926112,0.031380493091441,0.008663056418299675,0.00893,0.010565,1.670826,1.692081
B,AES,spectrum,natural,bitwise,coam,64,8,640,5,2.6309890625,2.6129328125,2.6320765625,1.0033044764713024,0.0156766324448641,0.009685158729553223,0.020388,0.013161,1.683833,1.71707
B,AES,spectrum,natural,bitwise,coam-serial-source,1,8,640,5,2.6657734375,2.6640453125,2.8848609375,1.0,1.0,0.006870175711810589,0.006775,0.013111,1.706095,1.725981
B,AES,spectrum,natural,peigen,coam,1,8,640,5,3.7230078125,3.7218921875,3.728309375,1.0,1.0,0.007475988939404488,0.01306,0.010394,2.382725,2.409372
B,AES,spectrum,natural,proposed,coam,1,8,640,5,1.3976890625,1.3958,1.4054140625,1.0,1.0,0.006198970600962639,0.008329,0.011166,0.894521,0.912282
B,AES,spectrum,natural,proposed,coam,2,8,640,5,1.39855,1.3873390625,1.41614375,0.9980336777376568,0.4990168388688284,0.005881305783987045,0.011196,0.013491,0.895072,0.917695
B,AES,spectrum,natural,proposed,coam,4,8,640,5,1.4676031250000001,1.4316609375,1.8371171875,0.951074562477509,0.23776864061937725,0.006743366830050945,0.012338,0.013582,0.939266,0.964304
B,AES,spectrum,natural,proposed,coam,8,8,640,5,1.4383046875,1.424334375,1.5082953124999998,0.9600745523676629,0.12000931904595787,0.006348481401801109,0.022962,0.023425,0.920515,0.967854
B,AES,spectrum,natural,proposed,coam,16,8,640,5,1.37824375,1.3766703125,1.3866265625,1.0066156510686344,0.06291347819178965,0.007019650191068649,0.012488,0.012529,0.882076,0.906612
B,AES,spectrum,natural,proposed,coam,32,8,640,5,1.4226218750000001,1.4072953124999998,1.4561515624999999,0.9811461671781196,0.03066081772431624,0.0079415924847126,0.01325,0.010474,0.910478,0.934212
B,AES,spectrum,natural,proposed,coam,64,8,640,5,1.383425,1.3777109375,1.41366875,0.9925646594498347,0.015508822803903668,0.00876046996563673,0.020808,0.013701,0.885392,0.921016
B,AES,spectrum,natural,proposed,coam-serial-source,1,8,640,5,1.22861875,1.221784375,1.2487578125,1.0,1.0,0.005575172603130341,0.00881,0.012619,0.786316,0.821075
B,CLEFIA_S0,max,natural,bitwise,coam,1,8,6912,5,0.2899552951388889,0.28918388310185184,0.2908029513888889,1.0,1.0,0.007069320417940617,0.004651,0.01291,2.004171,2.02516
B,CLEFIA_S0,max,natural,bitwise,coam,2,8,6912,5,0.30802199074074077,0.30239539930555553,0.3515157696759259,0.9509870139142002,0.4754935069571001,0.007502242922782898,0.015005,0.023634,2.129048,2.164299
B,CLEFIA_S0,max,natural,bitwise,coam,4,8,6912,5,0.33880034722222224,0.28953703703703704,0.3474337384259259,0.8535524992014648,0.2133881248003662,0.007944827899336815,0.009843,0.028075,2.341788,2.380737
B,CLEFIA_S0,max,natural,bitwise,coam,8,8,6912,5,0.2899947916666667,0.2899217303240741,0.30107971643518516,0.9974550123531705,0.12468187654414631,0.007610315456986427,0.005222,0.011206,2.004444,2.020367
B,CLEFIA_S0,max,natural,bitwise,coam,16,8,6912,5,0.2923790509259259,0.2886608796296296,0.29736877893518515,0.988723969827663,0.061795248114228936,0.00796078983694315,0.007958,0.010474,2.020924,2.039436
B,CLEFIA_S0,max,natural,bitwise,coam,32,8,6912,5,0.2898366608796296,0.2894602141203704,0.2990669849537037,0.9992018930536692,0.031225059157927164,0.008639596402645111,0.007858,0.014974,2.003351,2.026805
B,CLEFIA_S0,max,natural,bitwise,coam,64,8,6912,5,0.2888702256944445,0.2884117476851852,0.28980092592592593,1.0056530542098092,0.01571332897202827,0.00992846954613924,0.015395,0.012719,1.996671,2.029779
B,CLEFIA_S0,max,natural,bitwise,coam-serial-source,1,8,6912,5,0.3115089699074074,0.3108265335648148,0.31277358217592593,1.0,1.0,0.007095735520124435,0.00416,0.013021,2.15315,2.17061
B,CLEFIA_S0,max,natural,peigen,coam,1,8,6912,5,0.8258548900462963,0.8028404224537037,0.8301517650462963,1.0,1.0,0.010528584010899067,0.021128,0.02638,5.708309,5.771986
B,CLEFIA_S0,max,natural,proposed,coam,1,8,6912,5,0.09244429976851852,0.09092404513888888,0.09668417245370371,1.0,1.0,0.005258893594145775,0.004891,0.013491,0.638975,0.657878
B,CLEFIA_S0,max,natural,proposed,coam,2,8,6912,5,0.09291825810185185,0.0923080150462963,0.10921440972222222,0.9754379518288021,0.48771897591440105,0.005721002817153931,0.007266,0.011497,0.642251,0.660544
B,CLEFIA_S0,max,natural,proposed,coam,4,8,6912,5,0.10114597800925926,0.08990957754629629,0.1254826388888889,0.9801321945700386,0.24503304864250966,0.006715599447488785,0.009912,0.028145,0.699121,0.748564
B,CLEFIA_S0,max,natural,proposed,coam,8,8,6912,5,0.09243967013888889,0.09206264467592593,0.09986284722222223,0.9927258450536905,0.12409073063171132,0.0068543897941708565,0.010303,0.011336,0.638943,0.661054
B,CLEFIA_S0,max,natural,proposed,coam,16,8,6912,5,0.09175839120370372,0.09124001736111112,0.09230787037037037,1.0246782320321495,0.06404238950200934,0.006484637968242168,0.007829,0.010414,0.634234,0.651875
B,CLEFIA_S0,max,natural,proposed,coam,32,8,6912,5,0.09011921296296296,0.08984273726851852,0.09142607060185184,1.0113913015401506,0.031605978173129705,0.0072677601128816605,0.007558,0.015496,0.622904,0.646749
B,CLEFIA_S0,max,natural,proposed,coam,64,8,6912,5,0.09227170138888889,0.09112673611111112,0.09247034143518519,1.00745572412378,0.015741495689434063,0.008756420575082302,0.014513,0.012699,0.637782,0.666388
B,CLEFIA_S0,max,natural,proposed,coam-serial-source,1,8,6912,5,0.09167563657407407,0.09125868055555555,0.09176128472222222,1.0,1.0,0.005186976864933968,0.003699,0.01309,0.633662,0.65028
B,CLEFIA_S0,min,natural,bitwise,coam,1,8,491,5,4.46028716904277,4.451987780040733,4.532281059063136,1.0,1.0,0.007118267007172108,0.008459,0.014083,2.190001,2.211029
B,CLEFIA_S0,min,natural,bitwise,coam,2,8,491,5,4.799242362525459,4.618637474541751,5.070686354378819,0.9486311485010364,0.4743155742505182,0.007918769493699074,0.016659,0.028335,2.356428,2.401422
B,CLEFIA_S0,min,natural,bitwise,coam,4,8,491,5,4.554450101832994,4.466890020366599,5.1100712830957224,0.9951324435938084,0.2487831108984521,0.007358714938163757,0.016969,0.028425,2.236235,2.28175
B,CLEFIA_S0,min,natural,bitwise,coam,8,8,491,5,4.470012219959267,4.427297352342158,4.85864765784114,1.007451457192763,0.12593143214909538,0.00818123109638691,0.0174,0.024075,2.194776,2.215279
B,CLEFIA_S0,min,natural,bitwise,coam,16,8,491,5,4.438541751527495,4.436266802443992,4.460922606924643,0.9998575546052094,0.06249109716282559,0.00868100393563509,0.00905,0.013942,2.179324,2.203625
B,CLEFIA_S0,min,natural,bitwise,coam,32,8,491,5,4.4698900203665985,4.459820773930754,4.470272912423625,1.0090127579336514,0.03153164868542661,0.008438093587756157,0.015646,0.01326,2.194716,2.22361
B,CLEFIA_S0,min,natural,bitwise,coam,64,8,491,5,4.457594704684317,4.428912423625254,4.54386965376782,0.9926425940030493,0.015510040531297646,0.009598820470273495,0.021059,0.013321,2.188679,2.221444
B,CLEFIA_S0,min,natural,bitwise,coam-serial-source,1,8,491,5,4.497468431771894,4.496344195519349,4.505839103869653,1.0,1.0,0.006681038066744804,0.007156,0.013541,2.208257,2.229124
B,CLEFIA_S0,min,natural,peigen,coam,1,8,491,5,5.064160896130346,5.060183299389002,5.141680244399185,1.0,1.0,0.007308014668524265,0.015225,0.01288,2.486503,2.513885
B,CLEFIA_S0,min,natural,proposed,coam,1,8,491,5,2.2716171079429737,2.2376883910386964,2.276048879837067,1.0,1.0,0.00654805451631546,0.009782,0.026311,1.115364,1.153633
B,CLEFIA_S0,min,natural,proposed,coam,2,8,491,5,2.322690427698574,2.2609816700611,2.596498981670061,1.006664012351573,0.5033320061757866,0.006501311436295509,0.010764,0.0262,1.140441,1.178428
B,CLEFIA_S0,min,natural,proposed,coam,4,8,491,5,2.3527596741344197,2.2297087576374746,2.8207474541751525,0.9464891512761804,0.2366222878190451,0.006509340368211269,0.011105,0.026069,1.155205,1.192379
B,CLEFIA_S0,min,natural,proposed,coam,8,8,491,5,2.334482688391039,2.2290957230142565,2.509171079429735,0.958537153505707,0.11981714418821338,0.006460543721914291,0.011717,0.023184,1.146231,1.180731
B,CLEFIA_S0,min,natural,proposed,coam,16,8,491,5,2.2409164969450104,2.228272912423625,2.2416496945010187,1.0214408060821767,0.06384005038013604,0.007099832408130169,0.007186,0.013882,1.10029,1.121718
B,CLEFIA_S0,min,natural,proposed,coam,32,8,491,5,2.220397148676171,2.2158839103869656,2.2314419551934823,1.0251516775291154,0.032035989922784856,0.007975289598107338,0.010935,0.014844,1.090215,1.116094
B,CLEFIA_S0,min,natural,proposed,coam,64,8,491,5,2.2253951120162934,2.221725050916497,2.234010183299389,1.0207702424064378,0.01594953503760059,0.008894506841897964,0.015906,0.013522,1.092669,1.124844
B,CLEFIA_S0,min,natural,proposed,coam-serial-source,1,8,491,5,2.1977270875763746,2.1925274949083504,2.2016395112016296,1.0,1.0,0.005767691880464554,0.005012,0.01311,1.079084,1.096524
B,CLEFIA_S0,spectrum,natural,bitwise,coam,1,8,640,5,2.6338343749999997,2.6243328124999996,2.6396968750000003,1.0,1.0,0.00675339438021183,0.008509,0.01328,1.685654,1.706903
B,CLEFIA_S0,spectrum,natural,bitwise,coam,2,8,640,5,2.9492359375,2.6302687500000004,3.0302703125,0.8890348188699297,0.44451740943496487,0.007113669998943806,0.02181,0.023084,1.887511,1.93464
B,CLEFIA_S0,spectrum,natural,bitwise,coam,4,8,640,5,3.0554453125,2.6267453125,3.1540703125,0.8639319657271726,0.21598299143179314,0.007450515404343605,0.017561,0.026962,1.955485,2.00126
B,CLEFIA_S0,spectrum,natural,bitwise,coam,8,8,640,5,2.6347062500000002,2.6333359375,2.65476875,0.9957270789621092,0.12446588487026365,0.007556281052529812,0.009201,0.011356,1.686212,1.707055
B,CLEFIA_S0,spectrum,natural,bitwise,coam,16,8,640,5,2.6337625,2.6245421875000003,2.6386359375,1.000440561763621,0.06252753511022631,0.007960605435073376,0.011807,0.010885,1.685608,1.710697
B,CLEFIA_S0,spectrum,natural,bitwise,coam,32,8,640,5,2.629421875,2.6248703125,2.6298625,1.0015102975916041,0.03129719679973763,0.008489285595715046,0.012278,0.014975,1.68283,1.709903
B,CLEFIA_S0,spectrum,natural,bitwise,coam,64,8,640,5,2.6326328125,2.6307296875,2.6342125000000003,0.9982475244658229,0.015597617569778482,0.009885040111839771,0.020607,0.01324,1.684885,1.718081
B,CLEFIA_S0,spectrum,natural,bitwise,coam-serial-source,1,8,640,5,2.6898734374999997,2.674509375,2.787496875,1.0,1.0,0.006052161566913128,0.006936,0.01318,1.721519,1.741635
B,CLEFIA_S0,spectrum,natural,peigen,coam,1,8,640,5,3.7578765625,3.7414203125,3.7729671875,1.0,1.0,0.006583050824701786,0.017981,0.01299,2.405041,2.435321
B,CLEFIA_S0,spectrum,natural,proposed,coam,1,8,640,5,1.3901890625000002,1.3820125,1.4100546875,1.0,1.0,0.005599845200777054,0.012418,0.01313,0.889721,0.916141
B,CLEFIA_S0,spectrum,natural,proposed,coam,2,8,640,5,1.4169749999999999,1.4033328125,1.441465625,0.9753259584678629,0.4876629792339314,0.005823363550007343,0.014674,0.011416,0.906864,0.932353
B,CLEFIA_S0,spectrum,natural,proposed,coam,4,8,640,5,1.4241796875,1.404815625,1.743853125,0.966839463506953,0.24170986587673826,0.006415653973817825,0.019685,0.027995,0.911475,0.960448
B,CLEFIA_S0,spectrum,natural,proposed,coam,8,8,640,5,1.396934375,1.3841296875,1.399775,0.9948151083205489,0.12435188854006861,0.006329196505248547,0.01269,0.010524,0.894038,0.91694
B,CLEFIA_S0,spectrum,natural,proposed,coam,16,8,640,5,1.392965625,1.389053125,1.400075,0.9980067257582181,0.062375420359888634,0.007145020179450512,0.015646,0.011195,0.891498,0.916827
B,CLEFIA_S0,spectrum,natural,proposed,coam,32,8,640,5,1.3924484375,1.38500625,1.4019265625000001,1.0061860263658169,0.03144331332393178,0.007636960595846176,0.015015,0.015125,0.891167,0.920766
B,CLEFIA_S0,spectrum,natural,proposed,coam,64,8,640,5,1.4038796875000001,1.3996624999999998,1.4118671875,0.984645776039044,0.015385090250610063,0.008805333636701107,0.022772,0.013712,0.898483,0.939037
B,CLEFIA_S0,spectrum,natural,proposed,coam-serial-source,1,8,640,5,1.30505625,1.2323609375000002,1.596559375,1.0,1.0,0.005560154095292091,0.021519,0.024686,0.835236,0.882425
B,CLEFIA_S1,max,natural,bitwise,coam,1,8,6912,5,0.2980613425925926,0.2919962384259259,0.3109058159722222,1.0,1.0,0.007159174419939518,0.009061,0.026261,2.0602,2.095832
B,CLEFIA_S1,max,natural,bitwise,coam,2,8,6912,5,0.29245066550925924,0.28904210069444447,0.3026491608796296,1.0272812753506244,0.5136406376753122,0.007063467986881733,0.007869,0.010604,2.021419,2.038789
B,CLEFIA_S1,max,natural,bitwise,coam,4,8,6912,5,0.30230237268518517,0.28938758680555554,0.32225882523148147,0.9986376682479714,0.24965941706199285,0.007611250504851341,0.010244,0.028686,2.089514,2.129225
B,CLEFIA_S1,max,natural,bitwise,coam,8,8,6912,5,0.28975694444444444,0.289197337962963,0.29365856481481484,1.0265097954705564,0.12831372443381955,0.007818495854735374,0.005523,0.011205,2.0028,2.01993
B,CLEFIA_S1,max,natural,bitwise,coam,16,8,6912,5,0.2917222222222222,0.2911607349537037,0.29505005787037036,1.0028695609397849,0.06267934755873655,0.007798696868121624,0.007728,0.010594,2.016384,2.034817
B,CLEFIA_S1,max,natural,bitwise,coam,32,8,6912,5,0.2897594039351852,0.2897361111111111,0.29035489004629633,1.0300278980471367,0.03218837181397302,0.009206971153616905,0.008179,0.015004,2.002817,2.025468
B,CLEFIA_S1,max,natural,bitwise,coam,64,8,6912,5,0.290044849537037,0.28946339699074075,0.2982594039351852,0.996374682635089,0.015568354416173266,0.010030299425125122,0.016438,0.01322,2.00479,2.040191
B,CLEFIA_S1,max,natural,bitwise,coam-serial-source,1,8,6912,5,0.3137698206018518,0.3119202835648148,0.3173313078703704,1.0,1.0,0.007267944514751434,0.00436,0.01308,2.168777,2.191779
B,CLEFIA_S1,max,natural,peigen,coam,1,8,6912,5,0.8019594907407408,0.800976707175926,0.8032223668981482,1.0,1.0,0.010722504928708076,0.012198,0.013642,5.543144,5.575688
B,CLEFIA_S1,max,natural,proposed,coam,1,8,6912,5,0.0992800925925926,0.09731785300925926,0.10179890046296296,1.0,1.0,0.005404094234108925,0.00442,0.01309,0.686224,0.706621
B,CLEFIA_S1,max,natural,proposed,coam,2,8,6912,5,0.11831278935185184,0.10255729166666668,0.1338427372685185,0.8147874710443282,0.4073937355221641,0.005831290036439896,0.014232,0.023182,0.817778,0.857901
B,CLEFIA_S1,max,natural,proposed,coam,4,8,6912,5,0.13423191550925925,0.09792824074074075,0.14573003472222223,0.7249978713337091,0.18124946783342727,0.006456500850617886,0.009742,0.027924,0.927811,0.9664
B,CLEFIA_S1,max,natural,proposed,coam,8,8,6912,5,0.12662311921296296,0.09767491319444445,0.12761357060185186,0.8545594712407816,0.1068199339050977,0.005953674204647541,0.009101,0.02162,0.875219,0.90594
B,CLEFIA_S1,max,natural,proposed,coam,16,8,6912,5,0.09680439814814815,0.0965480324074074,0.09748885995370371,1.0183737161326896,0.0636483572582931,0.006297131069004536,0.007868,0.011106,0.669112,0.688286
B,CLEFIA_S1,max,natural,proposed,coam,32,8,6912,5,0.09700622106481481,0.09630873842592592,0.09758333333333333,1.031503188198405,0.032234474631200154,0.007070576772093773,0.007698,0.015135,0.670507,0.693099
B,CLEFIA_S1,max,natural,proposed,coam,64,8,6912,5,0.09774797453703704,0.09763831018518519,0.09799681712962963,1.0077317430271133,0.015745808484798646,0.00894844252616167,0.015345,0.013151,0.675634,0.705172
B,CLEFIA_S1,max,natural,proposed,coam-serial-source,1,8,6912,5,0.09624421296296296,0.09622193287037037,0.09639134837962963,1.0,1.0,0.005486673675477505,0.003699,0.01284,0.66524,0.682795
B,CLEFIA_S1,min,natural,bitwise,coam,1,8,491,5,3.686020366598778,3.6778635437881877,3.716877800407332,1.0,1.0,0.006720691919326782,0.007909,0.013731,1.809836,1.831476
B,CLEFIA_S1,min,natural,bitwise,coam,2,8,491,5,4.0676965376782075,4.050020366598778,4.164547861507128,0.9101239087580963,0.4550619543790482,0.007102558389306068,0.014935,0.026641,1.997239,2.038144
B,CLEFIA_S1,min,natural,bitwise,coam,4,8,491,5,3.9713014256619146,3.789672097759674,4.346918533604888,0.9261103979724182,0.23152759949310456,0.007439294829964638,0.016478,0.028465,1.949909,1.994963
B,CLEFIA_S1,min,natural,bitwise,coam,8,8,491,5,3.681572301425662,3.6720997963340123,3.6870651731160895,0.9975043486090251,0.12468804357612814,0.00758576113730669,0.007919,0.010985,1.807652,1.826556
B,CLEFIA_S1,min,natural,bitwise,coam,16,8,491,5,3.6540855397148677,3.6482403258655802,3.6697270875763746,1.0114776792475713,0.0632173549529732,0.007222493179142475,0.008609,0.01286,1.794156,1.816427
B,CLEFIA_S1,min,natural,bitwise,coam,32,8,491,5,3.691386965376782,3.6733401221995927,3.7078431771894094,0.9985461836354899,0.031204568238609058,0.007962719537317753,0.016227,0.014253,1.812471,1.841548
B,CLEFIA_S1,min,natural,bitwise,coam,64,8,491,5,3.6756863543788185,3.6674073319755602,3.6963503054989815,1.0028511182058948,0.015669548721967106,0.01059969887137413,0.020086,0.013911,1.804762,1.838329
B,CLEFIA_S1,min,natural,bitwise,coam-serial-source,1,8,491,5,3.8955193482688393,3.8011262729124238,4.229763747454175,1.0,1.0,0.006990836933255196,0.012458,0.025038,1.9127,1.951459
B,CLEFIA_S1,min,natural,peigen,coam,1,8,491,5,2.537303462321792,2.5326150712830957,2.5470549898167003,1.0,1.0,0.005831633694469929,0.011617,0.013712,1.245816,1.275221
B,CLEFIA_S1,min,natural,proposed,coam,1,8,491,5,2.4821853360488797,2.1526883910386965,2.579672097759674,1.0,1.0,0.005798814818263054,0.009552,0.026041,1.218753,1.255679
B,CLEFIA_S1,min,natural,proposed,coam,2,8,491,5,2.1667617107942974,2.161236252545825,2.7892321792260693,0.9920720710496774,0.4960360355248387,0.00623369961977005,0.005362,0.01294,1.06388,1.08134
B,CLEFIA_S1,min,natural,proposed,coam,4,8,491,5,2.5018024439918536,2.255256619144603,2.9715763747454176,0.9545203737635811,0.23863009344089528,0.007006233558058739,0.011337,0.029127,1.228385,1.268027
B,CLEFIA_S1,min,natural,proposed,coam,8,8,491,5,2.1415539714867617,2.127875763747454,2.158478615071283,1.0116607499901893,0.12645759374877366,0.006377519108355045,0.005072,0.010785,1.051503,1.06738
B,CLEFIA_S1,min,natural,proposed,coam,16,8,491,5,2.155790224032587,2.147279022403259,2.1636069246435845,1.1472441263598634,0.07170275789749146,0.006457214243710041,0.006295,0.01277,1.058493,1.080393
B,CLEFIA_S1,min,natural,proposed,coam,32,8,491,5,2.1314338085539717,2.1286659877800407,2.1353991853360488,1.1687144891471641,0.03652232778584888,0.007890650071203709,0.012558,0.013632,1.046534,1.071903
B,CLEFIA_S1,min,natural,proposed,coam,64,8,491,5,2.1641812627291244,2.1429144602851324,2.166633401221996,1.145641590611919,0.017900649853311235,0.008651320822536945,0.015746,0.012899,1.062613,1.091349
B,CLEFIA_S1,min,natural,proposed,coam-serial-source,1,8,491,5,2.102162932790224,2.0981405295315683,2.1030386965376784,1.0,1.0,0.005871541798114777,0.004771,0.01339,1.032162,1.049994
B,CLEFIA_S1,spectrum,natural,bitwise,coam,1,8,640,5,2.631025,2.623628125,2.6327296875000004,1.0,1.0,0.0067567164078354836,0.007818,0.012999,1.683856,1.705123
B,CLEFIA_S1,spectrum,natural,bitwise,coam,2,8,640,5,2.7596203125,2.6289578125,2.9859250000000004,0.9534010849545086,0.4767005424772543,0.0073036132380366325,0.021499,0.023575,1.766157,1.813326
B,CLEFIA_S1,spectrum,natural,bitwise,coam,4,8,640,5,2.6292890625,2.6215203125,2.6337828125000002,1.000660230753917,0.25016505768847924,0.00683694239705801,0.007988,0.01302,1.682745,1.703562
B,CLEFIA_S1,spectrum,natural,bitwise,coam,8,8,640,5,2.62419375,2.6223875,2.8269859375,1.003252784783898,0.12540659809798724,0.007183489389717579,0.009281,0.011497,1.679484,1.700262
B,CLEFIA_S1,spectrum,natural,bitwise,coam,16,8,640,5,2.6239171875,2.6235093750000003,2.63240625,1.0027088554981312,0.0626693034686332,0.007563331164419651,0.011306,0.010655,1.679307,1.700745
B,CLEFIA_S1,spectrum,natural,bitwise,coam,32,8,640,5,2.6398734375,2.63504375,2.6544484375,0.9984748830071607,0.031202340093973772,0.008015431463718414,0.011978,0.015075,1.689519,1.718434
B,CLEFIA_S1,spectrum,natural,bitwise,coam,64,8,640,5,2.6324031249999997,2.622234375,2.6398171875,0.9994764764610283,0.015616819944703568,0.009797870181500912,0.019836,0.0129,1.684738,1.717123
B,CLEFIA_S1,spectrum,natural,bitwise,coam-serial-source,1,8,640,5,2.6742609375,2.6707062500000003,2.6887046875,1.0,1.0,0.006706666201353073,0.006996,0.01295,1.711527,1.731473
B,CLEFIA_S1,spectrum,natural,peigen,coam,1,8,640,5,3.7382671875,3.7281828125,3.7451453124999996,1.0,1.0,0.007630765438079834,0.014805,0.013261,2.392491,2.419975
B,CLEFIA_S1,spectrum,natural,proposed,coam,1,8,640,5,1.4675078125,1.34543125,1.4859609375,1.0,1.0,0.00587946642190218,0.024557,0.02593,0.939205,0.992277
B,CLEFIA_S1,spectrum,natural,proposed,coam,2,8,640,5,1.48375,1.3549562499999999,1.510321875,0.9716523588721775,0.48582617943608875,0.006103571504354477,0.028986,0.021709,0.9496,1.001891
B,CLEFIA_S1,spectrum,natural,proposed,coam,4,8,640,5,1.342365625,1.341503125,1.3694109375,1.0716343592078255,0.26790858980195636,0.006368559785187244,0.015556,0.013491,0.859114,0.88805
B,CLEFIA_S1,spectrum,natural,proposed,coam,8,8,640,5,1.4577203125,1.34393125,1.6045,0.9261208709878467,0.11576510887348083,0.006371844559907913,0.027473,0.023143,0.932941,0.98426
B,CLEFIA_S1,spectrum,natural,proposed,coam,16,8,640,5,1.3657937500000001,1.340621875,1.3810984375,1.087983407084708,0.06799896294279426,0.007094118744134903,0.015797,0.011015,0.874108,0.899677
B,CLEFIA_S1,spectrum,natural,proposed,coam,32,8,640,5,1.3605484375,1.3445562500000001,1.3638890625,1.078614896795984,0.0337067155248745,0.007660594768822193,0.015115,0.015115,0.870751,0.90104
B,CLEFIA_S1,spectrum,natural,proposed,coam,64,8,640,5,1.3575765624999998,1.3444265625,1.3771953125,1.065577118350815,0.016649642474231483,0.008773948065936565,0.024827,0.013351,0.868849,0.908524
B,CLEFIA_S1,spectrum,natural,proposed,coam-serial-source,1,8,640,5,1.170090625,1.1685,1.2124859375,1.0,1.0,0.005788333714008331,0.013481,0.013532,0.748858,0.775871
B,MISTY1_FI_key0000,max,natural,bitwise,coam,1,16,512,5,68.836375,68.813662109375,69.12366015625,1.0,1.0,0.053248404525220394,1.90189,0.649299,35.244224,37.834012
B,MISTY1_FI_key0000,max,natural,bitwise,coam,2,16,512,5,116.99540234375,116.111337890625,117.475216796875,0.5884105774903221,0.29420528874516105,0.07772951386868954,2.103035,0.667337,59.901646,62.695996
B,MISTY1_FI_key0000,max,natural,bitwise,coam,4,16,512,5,75.1575390625,74.962080078125,75.165171875,0.9158944779013666,0.22897361947534164,0.056011940352618694,1.531715,0.660044,38.48066,40.659483
B,MISTY1_FI_key0000,max,natural,bitwise,coam,8,16,512,5,54.11090234375,54.0270625,54.355826171875,1.2717152944932033,0.1589644118116504,0.0453470665961504,1.242245,0.651453,27.704782,29.591978
B,MISTY1_FI_key0000,max,natural,bitwise,coam,16,16,512,5,58.500318359375,58.2911640625,58.61559375,1.1804106647274075,0.07377566654546297,0.047241716645658016,1.129472,0.655748,29.952163,31.72374
B,MISTY1_FI_key0000,max,natural,bitwise,coam,32,16,512,5,57.33349609375,57.269705078125,57.7558046875,1.20647690748516,0.03770240335891125,0.04721277207136154,1.191009,0.661987,29.35475,31.213096
B,MISTY1_FI_key0000,max,natural,bitwise,coam,64,16,512,5,57.217169921875,56.96330859375,57.73217578125,1.2079268816611461,0.01887385752595541,0.04780011158436537,1.252081,0.675189,29.295191,31.199698
B,MISTY1_FI_key0000,max,natural,bitwise,coam-serial-source,1,16,512,5,92.869392578125,92.67921484375,92.9077265625,1.0,1.0,0.06532807648181915,1.922918,0.669144,47.549129,50.138376
B,MISTY1_FI_key0000,max,natural,proposed,coam,1,16,512,5,2.226662109375,2.17215234375,2.36119140625,1.0,1.0,0.019078596495091915,1.872623,0.656925,1.140051,3.709773
B,MISTY1_FI_key0000,max,natural,proposed,coam,2,16,512,5,2.210806640625,2.173330078125,2.226103515625,1.0071718025713536,0.5035859012856768,0.019372474402189255,2.027784,0.658696,1.131933,3.815007
B,MISTY1_FI_key0000,max,natural,proposed,coam,4,16,512,5,2.206349609375,2.192423828125,2.21116015625,1.021536429585239,0.25538410739630973,0.01897289138287306,1.463048,0.655774,1.129651,3.251886
B,MISTY1_FI_key0000,max,natural,proposed,coam,8,16,512,5,2.19651171875,2.191013671875,2.207791015625,1.0085475000199047,0.12606843750248808,0.018597151152789593,1.171535,0.668642,1.124614,2.964397
B,MISTY1_FI_key0000,max,natural,proposed,coam,16,16,512,5,2.221220703125,2.2183984375,2.231203125,1.0024497368687157,0.06265310855429473,0.018589407205581665,1.062032,0.657769,1.137265,2.870726
B,MISTY1_FI_key0000,max,natural,proposed,coam,32,16,512,5,2.2108984375,2.2092265625,2.214212890625,1.0105186742588088,0.031578708570587775,0.0191643126308918,1.1076,0.674124,1.13198,2.92308
B,MISTY1_FI_key0000,max,natural,proposed,coam,64,16,512,5,2.30955859375,2.3027109375,2.31623828125,0.9681410909103261,0.015127204545473845,0.020230899564921856,1.177473,0.681512,1.182494,3.052213
B,MISTY1_FI_key0000,max,natural,proposed,coam-serial-source,1,16,512,5,2.5363828125,2.48724609375,2.5394921875,1.0,1.0,0.019146660342812538,1.845582,0.66771,1.298628,3.839953
B,MISTY1_FI_key0000,min,natural,bitwise,coam,1,16,1,5,2382640.829,2374711.0,2407324.132,1.0,1.0,4.78162054438144,2382.631416,0.663791,2382.640829,4765.935223
B,MISTY1_FI_key0000,min,natural,bitwise,coam,2,16,1,5,1198171.587,1198108.384,1213164.066,1.9843351772999185,0.9921675886499592,2.430991162545979,1216.254115,0.648505,1198.171587,2414.995554
B,MISTY1_FI_key0000,min,natural,bitwise,coam,4,16,1,5,599247.664,599003.218,600358.369,3.9704926264338445,0.9926231566084611,1.2329325685277581,617.153906,0.657014,599.247664,1217.523568
B,MISTY1_FI_key0000,min,natural,bitwise,coam,8,16,1,5,300118.098,299905.742,300525.092,7.939010825665036,0.9923763532081294,0.6345783695578575,318.595745,0.657846,300.118098,619.047734
B,MISTY1_FI_key0000,min,natural,bitwise,coam,16,16,1,5,152067.119,151913.807,152414.992,15.71152658546345,0.9819704115914656,0.3379008611664176,169.479909,0.64961,152.067119,322.05702
B,MISTY1_FI_key0000,min,natural,bitwise,coam,32,16,1,5,93733.846,93502.585,93836.131,25.391507552671797,0.7934846110209937,0.20695737935602665,96.076984,0.672961,93.733846,190.396875
B,MISTY1_FI_key0000,min,natural,bitwise,coam,64,16,1,5,56722.926,56478.226,57038.063,42.00489990590401,0.6563265610297502,0.13601110223680735,62.032969,0.666469,56.722926,119.183473
B,MISTY1_FI_key0000,min,natural,bitwise,coam-serial-source,1,16,1,5,2381286.684,2380957.108,2409400.12,1.0,1.0,4.778974080458283,2381.380584,0.662443,2381.286684,4763.340101
B,MISTY1_FI_key0000,min,natural,proposed,coam,1,16,1,5,2470.749,2469.72,2480.392,1.0,1.0,0.021083788014948368,2.711594,0.655258,2.470749,5.862756
B,MISTY1_FI_key0000,min,natural,proposed,coam,2,16,1,5,2623.764,2615.515,2636.634,0.9418741624498426,0.4709370812249213,0.02230258099734783,2.865462,0.66708,2.623764,6.156428
B,MISTY1_FI_key0000,min,natural,proposed,coam,4,16,1,5,2055.835,2052.905,2059.067,1.1999361846894734,0.29998404617236835,0.019885584712028503,2.312083,0.684108,2.055835,5.045254
B,MISTY1_FI_key0000,min,natural,proposed,coam,8,16,1,5,1783.763,1769.223,1790.837,1.3810612732745327,0.17263265915931658,0.019789298996329308,2.008118,0.659096,1.783763,4.445202
B,MISTY1_FI_key0000,min,natural,proposed,coam,16,16,1,5,1659.749,1659.219,1676.418,1.484252136919498,0.09276575855746863,0.019790198653936386,1.89362,0.651674,1.659749,4.209335
B,MISTY1_FI_key0000,min,natural,proposed,coam,32,16,1,5,1668.547,1661.095,1672.348,1.4874218512487245,0.04648193285152264,0.020171353593468666,1.959827,0.681431,1.668547,4.309805
B,MISTY1_FI_key0000,min,natural,proposed,coam,64,16,1,5,1690.279,1687.3,1694.346,1.4600165945593553,0.022812759289989926,0.021812807768583298,2.029324,0.653126,1.690279,4.372337
B,MISTY1_FI_key0000,min,natural,proposed,coam-serial-source,1,16,1,5,2399.204,2391.359,2399.403,1.0,1.0,0.021323826164007187,2.624393,0.668832,2.399204,5.695979
B,MISTY1_FI_key0000,spectrum,natural,bitwise,coam,1,16,128,5,47168.97615625,47012.01878125,48793.155328125,1.0,1.0,8.431231911294162,2378.466483,0.644185,6037.628948,8416.704199
B,MISTY1_FI_key0000,spectrum,natural,bitwise,coam,2,16,128,5,32451.8693203125,32441.450421875,32456.5096171875,1.4535056729914066,0.7267528364957033,5.384321242570877,1215.312158,0.648024,4153.839273,5370.397805
B,MISTY1_FI_key0000,spectrum,natural,bitwise,coam,4,16,128,5,16276.1131640625,16269.1881328125,16279.9041953125,2.8968050320536256,0.7242012580134064,2.7172305434942245,618.901638,0.69151,2083.342485,2703.07366
B,MISTY1_FI_key0000,spectrum,natural,bitwise,coam,8,16,128,5,8208.57815625,8197.4963984375,8222.618421875,5.746302862492161,0.7182878578115202,1.384962254203856,318.756858,0.650969,1050.698004,1370.233693
B,MISTY1_FI_key0000,spectrum,natural,bitwise,coam,16,16,128,5,4595.2570234375,4574.9884296875,4596.383859375,10.310184797444817,0.6443865498403011,0.7721937242895365,170.034049,0.657206,588.192899,758.249505
B,MISTY1_FI_key0000,spectrum,natural,bitwise,coam,32,16,128,5,5440.0869375,5438.2512109375,5448.3459296875,8.657485549739215,0.2705464234293505,0.8082267129793763,96.124895,0.653819,696.331128,793.179016
B,MISTY1_FI_key0000,spectrum,natural,bitwise,coam,64,16,128,5,5948.8341171875,5878.523984375,5968.399796875,7.876821322503407,0.12307533316411573,0.8426076797768474,62.55304,0.685478,761.450767,824.694353
B,MISTY1_FI_key0000,spectrum,natural,bitwise,coam-serial-source,1,16,128,5,44071.810359375,44011.60246875,44815.933,1.0,1.0,8.067633088678122,2381.025714,0.660099,5641.191726,8053.94744
B,MISTY1_FI_key0000,spectrum,natural,proposed,coam,1,16,128,5,11109.780890625,11082.0864921875,11227.917015625,1.0,1.0,4.1780107989907265,2694.970757,0.642362,1422.051954,4117.65648
B,MISTY1_FI_key0000,spectrum,natural,proposed,coam,2,16,128,5,5916.1044375,5914.685421875,5931.1803515625,1.8736561121579303,0.9368280560789651,2.5181608824059367,1698.956588,0.666116,757.261368,2458.805115
B,MISTY1_FI_key0000,spectrum,natural,proposed,coam,4,16,128,5,3483.2365859375,3481.25865625,3485.737234375,3.191311530580844,0.797827882645211,1.5172640550881624,1012.642247,0.661092,445.854283,1458.89941
B,MISTY1_FI_key0000,spectrum,natural,proposed,coam,8,16,128,5,2911.72065625,2909.7979765625,2912.17625,3.8180591849024443,0.47725739811280554,1.098231523297727,666.568982,0.657226,372.700244,1039.926452
B,MISTY1_FI_key0000,spectrum,natural,proposed,coam,16,16,128,5,2725.6048203125,2724.1113046875,2727.4583671875,4.068959081064781,0.2543099425665488,0.9042967930436134,496.197854,0.665304,348.877417,846.497504
B,MISTY1_FI_key0000,spectrum,natural,proposed,coam,32,16,128,5,1248.6430703125,1246.0804140625,1248.6857578125,8.897179151052047,0.27803684847037646,0.630574019625783,410.777136,0.663316,159.826313,571.253274
B,MISTY1_FI_key0000,spectrum,natural,proposed,coam,64,16,128,5,607.2278125,594.3056171875,608.8125703125,18.614146664517975,0.29084604163309336,0.5044404398649931,368.188466,0.67275,77.72516,445.899968
B,MISTY1_FI_key0000,spectrum,natural,proposed,coam-serial-source,1,16,128,5,10899.8671875,10886.284765625,10901.0154921875,1.0,1.0,4.125567775219679,2673.555772,0.664411,1395.183,4068.237383
B,MISTY1_S9,max,natural,bitwise,coam,1,9,5248,5,0.4700562118902439,0.4698306021341463,0.4714159679878049,1.0,1.0,0.007165620103478432,0.012589,0.014003,2.466855,2.494448
B,MISTY1_S9,max,natural,bitwise,coam,2,9,5248,5,0.4980146722560976,0.4753140243902439,0.5475636432926829,0.9438601673336315,0.47193008366681577,0.00775177963078022,0.020467,0.027974,2.613581,2.662022
B,MISTY1_S9,max,natural,bitwise,coam,4,9,5248,5,0.5360775533536586,0.4743767149390244,0.5397782012195121,0.8768436748556429,0.2192109187139107,0.008096389472484589,0.026401,0.031653,2.813335,2.872121
B,MISTY1_S9,max,natural,bitwise,coam,8,9,5248,5,0.4918765243902439,0.4803170731707317,0.5125333460365854,0.9551799665913577,0.11939749582391972,0.0077923256903886795,0.021881,0.026371,2.581368,2.630602
B,MISTY1_S9,max,natural,bitwise,coam,16,9,5248,5,0.4695524009146341,0.4682387576219512,0.470093368902439,1.0033996427811307,0.06271247767382067,0.00839042104780674,0.013561,0.014573,2.464211,2.493177
B,MISTY1_S9,max,natural,bitwise,coam,32,9,5248,5,0.4689998094512195,0.4687048399390244,0.46961204268292683,1.0024018574147184,0.03132505804420995,0.009036486968398094,0.015856,0.012098,2.461311,2.488273
B,MISTY1_S9,max,natural,bitwise,coam,64,9,5248,5,0.47005849847560977,0.4691909298780488,0.47148647103658536,0.9982962403459718,0.015598378755405809,0.010893858969211578,0.020978,0.014484,2.466867,2.502389
B,MISTY1_S9,max,natural,bitwise,coam-serial-source,1,9,5248,5,0.5410861280487804,0.5397353277439024,0.5413330792682927,1.0,1.0,0.00765822920948267,0.009472,0.014102,2.83962,2.862055
B,MISTY1_S9,max,natural,proposed,coam,1,9,5248,5,0.09734165396341463,0.09633708079268292,0.0980501143292683,1.0,1.0,0.005559952929615974,0.010193,0.015256,0.510849,0.536809
B,MISTY1_S9,max,natural,proposed,coam,2,9,5248,5,0.09779725609756097,0.0974483612804878,0.16352724847560976,0.9783317746083704,0.4891658873041852,0.005988926626741886,0.010033,0.014022,0.51324,0.536784
B,MISTY1_S9,max,natural,proposed,coam,4,9,5248,5,0.12047408536585365,0.09721360518292682,0.13768521341463416,0.8079883210385798,0.20199708025964494,0.005735903047025204,0.02168,0.031062,0.632248,0.686681
B,MISTY1_S9,max,natural,proposed,coam,8,9,5248,5,0.13638166920731706,0.0975342987804878,0.1377357088414634,0.7536512381076231,0.09420640476345289,0.006403014063835144,0.021619,0.02583,0.715731,0.76318
B,MISTY1_S9,max,natural,proposed,coam,16,9,5248,5,0.09785537347560976,0.09757755335365853,0.09816044207317073,1.0019900885024682,0.06262438053140426,0.006522064097225666,0.01282,0.014303,0.513545,0.541029
B,MISTY1_S9,max,natural,proposed,coam,32,9,5248,5,0.0971486280487805,0.09706688262195122,0.0974923780487805,0.9999319862728866,0.031247874571027706,0.006615613587200642,0.014964,0.011897,0.509836,0.536808
B,MISTY1_S9,max,natural,proposed,coam,64,9,5248,5,0.09621284298780487,0.09601429115853657,0.09710842225609756,1.003361891550221,0.015677529555472202,0.008243921212852001,0.022221,0.014423,0.504925,0.544506
B,MISTY1_S9,max,natural,proposed,coam-serial-source,1,9,5248,5,0.10340548780487804,0.09540625,0.1865453506097561,1.0,1.0,0.005511068738996983,0.01736,0.026702,0.542672,0.588437
B,MISTY1_S9,min,natural,bitwise,coam,1,9,138,5,147.65719565217393,147.22241304347827,147.79657971014493,1.0,1.0,0.02568588126450777,0.149365,0.014022,20.376693,20.53993
B,MISTY1_S9,min,natural,bitwise,coam,2,9,138,5,148.02123188405798,146.54124637681159,148.09952898550722,1.0066704590459752,0.5033352295229876,0.02573623973876238,0.151951,0.014183,20.42693,20.602014
B,MISTY1_S9,min,natural,bitwise,coam,4,9,138,5,147.60609420289856,147.3548768115942,147.86882608695652,1.0002678317656548,0.2500669579414137,0.026264014653861523,0.242131,0.031111,20.369641,20.642823
B,MISTY1_S9,min,natural,bitwise,coam,8,9,138,5,146.71858695652173,146.3188768115942,147.54789855072465,1.0063973400720545,0.1257996675090068,0.02586047165095806,0.153174,0.012438,20.247165,20.52649
B,MISTY1_S9,min,natural,bitwise,coam,16,9,138,5,147.0810579710145,146.64725362318842,147.14040579710144,1.006050955366702,0.06287818471041888,0.025952368043363094,0.157884,0.014272,20.297186,20.472512
B,MISTY1_S9,min,natural,bitwise,coam,32,9,138,5,147.01860869565215,146.9954927536232,147.3117971014493,1.004761062276795,0.031398783196149846,0.02722434513270855,0.158656,0.011877,20.288568,20.454832
B,MISTY1_S9,min,natural,bitwise,coam,64,9,138,5,147.86463768115942,147.43403623188405,148.03892028985507,1.0024590215904465,0.015663422212350727,0.028527080081403255,0.171935,0.015115,20.40532,20.593464
B,MISTY1_S9,min,natural,bitwise,coam-serial-source,1,9,138,5,146.73140579710144,146.7208115942029,148.51912318840579,1.0,1.0,0.02524079568684101,0.1567,0.014203,20.248934,20.474758
B,MISTY1_S9,min,natural,proposed,coam,1,9,138,5,7.087,7.083376811594203,7.0917391304347825,1.0,1.0,0.005885970778763294,0.010965,0.015266,0.978006,1.003826
B,MISTY1_S9,min,natural,proposed,coam,2,9,138,5,7.518804347826087,7.1055507246376814,9.894333333333334,0.9425700779205759,0.47128503896028795,0.006222608499228954,0.027292,0.029237,1.037595,1.094124
B,MISTY1_S9,min,natural,proposed,coam,4,9,138,5,8.46581884057971,7.127398550724638,9.726420289855072,0.8349783400083712,0.2087445850020928,0.006523095071315765,0.027724,0.031152,1.168283,1.228773
B,MISTY1_S9,min,natural,proposed,coam,8,9,138,5,7.073217391304348,7.06336231884058,7.524217391304348,1.001436322359093,0.12517954029488662,0.006406803615391254,0.013992,0.012309,0.976104,1.001031
B,MISTY1_S9,min,natural,proposed,coam,16,9,138,5,7.088326086956522,7.0614057971014494,7.09863768115942,1.0036245194843578,0.06272653246777236,0.00669356994330883,0.015726,0.014974,0.978189,1.007907
B,MISTY1_S9,min,natural,proposed,coam,32,9,138,5,7.055188405797101,7.039442028985507,7.057,1.0074291543610896,0.03148216107378405,0.007846809923648834,0.016158,0.011937,0.973616,1.0016
B,MISTY1_S9,min,natural,proposed,coam,64,9,138,5,7.070094202898551,7.064630434782609,7.077057971014493,1.0014048251443222,0.015646950392880034,0.008837064728140831,0.024617,0.015094,0.975673,1.016034
B,MISTY1_S9,min,natural,proposed,coam-serial-source,1,9,138,5,7.013340579710145,6.996094202898551,7.031304347826087,1.0,1.0,0.005784226581454277,0.012349,0.014524,0.967841,0.994272
B,MISTY1_S9,spectrum,natural,bitwise,coam,1,9,256,5,6.48171484375,6.46317578125,6.50194921875,1.0,1.0,0.0067573292180895805,0.161643,0.015205,1.659319,1.850411
B,MISTY1_S9,spectrum,natural,bitwise,coam,2,9,256,5,6.7296953125,6.57965234375,6.8945390625,0.9802977939426585,0.49014889697132924,0.00788949802517891,0.335478,0.031081,1.722802,2.106302
B,MISTY1_S9,spectrum,natural,bitwise,coam,4,9,256,5,6.62478515625,6.5664453125,6.7679140625,0.9852185040225747,0.24630462600564368,0.007555562071502209,0.157383,0.014654,1.695945,1.904623
B,MISTY1_S9,spectrum,natural,bitwise,coam,8,9,256,5,6.53214453125,6.4976796875,6.54140234375,0.9953774273738824,0.1244221784217353,0.007649896666407585,0.163236,0.012419,1.672229,1.842007
B,MISTY1_S9,spectrum,natural,bitwise,coam,16,9,256,5,6.53997265625,6.49178125,6.5645234375,0.9904678200412016,0.0619042387525751,0.0075655486434698105,0.15351,0.014463,1.674233,1.842812
B,MISTY1_S9,spectrum,natural,bitwise,coam,32,9,256,5,6.55117578125,6.52909375,6.5517578125,0.9893971800147994,0.03091866187546248,0.00810905359685421,0.157474,0.012148,1.677101,1.846492
B,MISTY1_S9,spectrum,natural,bitwise,coam,64,9,256,5,6.541921875,6.523296875,6.54860546875,0.9921114281756809,0.015501741065245014,0.009759900160133839,0.170102,0.014714,1.674732,1.85889
B,MISTY1_S9,spectrum,natural,bitwise,coam-serial-source,1,9,256,5,6.65159375,6.64298046875,6.6644609375,1.0,1.0,0.007058925926685333,0.150698,0.014072,1.702808,1.868237
B,MISTY1_S9,spectrum,natural,proposed,coam,1,9,256,5,2.8168125,2.81262109375,2.81865234375,1.0,1.0,0.005867612548172474,0.168359,0.014022,0.721104,0.902834
B,MISTY1_S9,spectrum,natural,proposed,coam,2,9,256,5,2.86396484375,2.83125390625,2.8800859375,0.9780307119741978,0.4890153559870989,0.006583341397345066,0.322554,0.030821,0.733175,1.059394
B,MISTY1_S9,spectrum,natural,proposed,coam,4,9,256,5,3.2071171875,2.8836875,3.23994140625,0.8783004596709955,0.21957511491774886,0.0066194962710142136,0.376048,0.030971,0.821022,1.229935
B,MISTY1_S9,spectrum,natural,proposed,coam,8,9,256,5,2.842453125,2.82048046875,2.90602734375,0.9972134623561201,0.12465168279451501,0.006549501791596413,0.170963,0.020035,0.727668,0.922619
B,MISTY1_S9,spectrum,natural,proposed,coam,16,9,256,5,2.82612109375,2.814890625,2.84813671875,0.9907939362652857,0.061924621016580354,0.006849081255495548,0.175565,0.014222,0.723487,0.912824
B,MISTY1_S9,spectrum,natural,proposed,coam,32,9,256,5,2.83153515625,2.800484375,2.85580078125,0.9976418610695063,0.03117630815842207,0.007650868967175484,0.178818,0.011937,0.724873,0.915894
B,MISTY1_S9,spectrum,natural,proposed,coam,64,9,256,5,2.87315625,2.83273046875,2.8876796875,0.9817569732162807,0.015339952706504387,0.008638598956167698,0.179415,0.014182,0.735528,0.930583
B,MISTY1_S9,spectrum,natural,proposed,coam-serial-source,1,9,256,5,2.47293359375,2.4723828125,2.4969296875,1.0,1.0,0.005461577326059341,0.168015,0.015836,0.633071,0.81658
B,PRESENT,max,natural,bitwise,coam,1,4,23808,5,0.05735853494623656,0.057206569220430104,0.06290162970430108,1.0,1.0,0.006274715065956116,0.002896,0.008851,1.365592,1.376468
B,PRESENT,max,natural,bitwise,coam,2,4,23808,5,0.05764847950268818,0.05744384240591398,0.05922484038978494,1.0038666556597933,0.5019333278298966,0.005896872840821743,0.002917,0.00851,1.372495,1.383541
B,PRESENT,max,natural,bitwise,coam,4,4,23808,5,0.06886592741935484,0.05924647177419355,0.07156094590053763,0.9255062333796872,0.2313765583449218,0.007006834261119366,0.005562,0.01715,1.63956,1.661962
B,PRESENT,max,natural,bitwise,coam,8,4,23808,5,0.05860790490591398,0.0575528813844086,0.05939297715053763,0.989580618999798,0.12369757737497475,0.006777253933250904,0.005192,0.00837,1.395337,1.406493
B,PRESENT,max,natural,bitwise,coam,16,4,23808,5,0.05725403225806452,0.05720871135752688,0.05735429267473118,1.001550889242682,0.06259693057766763,0.007265252061188221,0.006344,0.00867,1.363104,1.376716
B,PRESENT,max,natural,bitwise,coam,32,4,23808,5,0.05774311155913978,0.05757711693548387,0.05853557627688172,0.9862656441950516,0.030820801381095362,0.008031992241740227,0.008469,0.008349,1.374748,1.391396
B,PRESENT,max,natural,bitwise,coam,64,4,23808,5,0.05747391633064516,0.05740515793010753,0.05766418850806452,0.9953483749275581,0.015552318358243096,0.00951237604022026,0.01315,0.008509,1.368339,1.390049
B,PRESENT,max,natural,bitwise,coam-serial-source,1,4,23808,5,0.0514396001344086,0.05105325940860215,0.05614721942204301,1.0,1.0,0.006184868514537811,0.002326,0.008449,1.224674,1.235179
B,PRESENT,max,natural,peigen,coam,1,4,23808,5,0.07380355342741936,0.07372442036290323,0.07395896337365591,1.0,1.0,0.00688515417277813,0.004229,0.008991,1.757115,1.770636
B,PRESENT,max,natural,proposed,coam,1,4,23808,5,0.045883106518817204,0.04098370295698925,0.05377146337365591,1.0,1.0,0.005956591106951237,0.0041,0.017059,1.092385,1.113614
B,PRESENT,max,natural,proposed,coam,2,4,23808,5,0.03909685819892473,0.03898870127688172,0.04666385248655914,1.0506018713104852,0.5253009356552426,0.006234597414731979,0.003027,0.008219,0.930818,0.941973
B,PRESENT,max,natural,proposed,coam,4,4,23808,5,0.04702637768817204,0.04452486559139785,0.04804275873655914,1.119241791848589,0.27981044796214727,0.006509356200695038,0.004671,0.018513,1.119604,1.142788
B,PRESENT,max,natural,proposed,coam,8,4,23808,5,0.03891381048387097,0.03862815020161291,0.038977234543010754,1.1030782404630488,0.1378847800578811,0.006553994491696358,0.002626,0.008229,0.92646,0.938655
B,PRESENT,max,natural,proposed,coam,16,4,23808,5,0.03944674059139785,0.03887163978494624,0.03967926747311828,1.1375609583384967,0.07109755989615604,0.006543353199958801,0.005062,0.008239,0.939148,0.951807
B,PRESENT,max,natural,proposed,coam,32,4,23808,5,0.03897643649193548,0.03881342405913978,0.03903456821236559,1.1748917748917749,0.036715367965367965,0.008050289005041122,0.007827,0.00854,0.927951,0.942334
B,PRESENT,max,natural,proposed,coam,64,4,23808,5,0.03900638440860215,0.03894758064516129,0.039700940860215056,1.1780733426510681,0.01840739597892294,0.008972954005002975,0.013612,0.00872,0.928664,0.951657
B,PRESENT,max,natural,proposed,coam-serial-source,1,4,23808,5,0.03940797211021506,0.03930275537634409,0.03942002688172043,1.0,1.0,0.005639657378196716,0.001543,0.00838,0.938225,0.947918
B,PRESENT,min,natural,bitwise,coam,1,4,9594,5,0.1908658536585366,0.1881117365019804,0.19196174692516155,1.0,1.0,0.006425117142498493,0.003167,0.00884,1.831167,1.842603
B,PRESENT,min,natural,bitwise,coam,2,4,9594,5,0.20750458619970813,0.19014602876798,0.22795340838023764,0.9198151094108445,0.4599075547054223,0.007218699902296066,0.006144,0.018492,1.990799,2.016568
B,PRESENT,min,natural,bitwise,coam,4,4,9594,5,0.18737940379403792,0.18731415468000834,0.1907357723577236,1.0189611884088294,0.25474029710220736,0.0076472582295536995,0.005042,0.01753,1.797718,1.809606
B,PRESENT,min,natural,bitwise,coam,8,4,9594,5,0.19954012924744632,0.19031352928913903,0.21665645194913485,0.9410297181135695,0.11762871476419619,0.007512031123042107,0.006464,0.018362,1.914388,1.939214
B,PRESENT,min,natural,bitwise,coam,16,4,9594,5,0.18918615801542632,0.1888172816343548,0.18956378986866793,1.00761459648903,0.06297591228056437,0.0077728088945150375,0.005954,0.009311,1.815052,1.829185
B,PRESENT,min,natural,bitwise,coam,32,4,9594,5,0.1873993120700438,0.1867954971857411,0.1892447362935168,1.01849815535714,0.03182806735491062,0.008504381403326988,0.008109,0.00866,1.797909,1.814618
B,PRESENT,min,natural,bitwise,coam,64,4,9594,5,0.18827173233270794,0.18811799041067334,0.1893185324160934,1.0042389904770173,0.015691234226203395,0.010196900926530361,0.016999,0.008339,1.806279,1.831929
B,PRESENT,min,natural,bitwise,coam-serial-source,1,4,9594,5,0.1741364394413175,0.17399478840942256,0.17560423181154888,1.0,1.0,0.006559881381690502,0.002737,0.00835,1.670665,1.681591
B,PRESENT,min,natural,peigen,coam,1,4,9594,5,0.04963831561392537,0.04898947258703356,0.04976349801959558,1.0,1.0,0.005488457158207893,0.003027,0.009191,0.47623,0.488448
B,PRESENT,min,natural,proposed,coam,1,4,9594,5,0.16024786324786325,0.1599857202418178,0.16147091932457786,1.0,1.0,0.00633983314037323,0.003679,0.00883,1.537418,1.550408
B,PRESENT,min,natural,proposed,coam,2,4,9594,5,0.1931198665832812,0.1792636022514071,0.20670856785490932,0.8361175998169249,0.41805879990846245,0.006759826093912125,0.005903,0.018552,1.852792,1.875344
B,PRESENT,min,natural,proposed,coam,4,4,9594,5,0.19219762351469669,0.17418459453825308,0.199369918699187,0.9015692025377009,0.22539230063442522,0.007240160368382931,0.005593,0.018212,1.843944,1.867989
B,PRESENT,min,natural,proposed,coam,8,4,9594,5,0.16175964144256827,0.1600518032103398,0.16691307066916825,0.9982151164813695,0.12477688956017119,0.007330820895731449,0.003598,0.008981,1.551922,1.563188
B,PRESENT,min,natural,proposed,coam,16,4,9594,5,0.16049843652282678,0.16035219929122368,0.16072587033562644,0.9993493320090301,0.06245933325056438,0.007831335999071598,0.008138,0.009592,1.539822,1.559734
B,PRESENT,min,natural,proposed,coam,32,4,9594,5,0.16090931832395247,0.15974484052532834,0.1610675422138837,1.0017922445284655,0.03130600764151455,0.008207927457988262,0.006986,0.008419,1.543764,1.558949
B,PRESENT,min,natural,proposed,coam,64,4,9594,5,0.1604677923702314,0.16044642484886387,0.16117573483427142,0.9973616463118191,0.015583775723622174,0.009260262362658978,0.013671,0.00854,1.539528,1.563563
B,PRESENT,min,natural,proposed,coam-serial-source,1,4,9594,5,0.14501709401709403,0.14495132374400665,0.14703377110694182,1.0,1.0,0.006118270568549633,0.002496,0.008259,1.391294,1.401418
B,PRESENT,spectrum,natural,bitwise,coam,1,4,15872,5,0.1445390625,0.14406401209677422,0.14573147681451612,1.0,1.0,0.007074342109262943,0.004039,0.00886,2.294124,2.307023
B,PRESENT,spectrum,natural,bitwise,coam,2,4,15872,5,0.16296931703629033,0.1450046622983871,0.17222013608870967,0.8970610686478319,0.44853053432391593,0.007801905274391174,0.006715,0.018252,2.586649,2.611707
B,PRESENT,spectrum,natural,bitwise,coam,4,4,15872,5,0.14727331149193548,0.14676852318548386,0.16544134324596774,0.9814341854322655,0.24535854635806637,0.00785143207758665,0.007337,0.018663,2.337522,2.363301
B,PRESENT,spectrum,natural,bitwise,coam,8,4,15872,5,0.14448311491935484,0.1440135458669355,0.15172757056451613,1.0005171956618573,0.12506464945773216,0.007943114265799522,0.004461,0.008329,2.293236,2.305594
B,PRESENT,spectrum,natural,bitwise,coam,16,4,15872,5,0.1445297379032258,0.1442348160282258,0.14468623991935484,1.0030566652660777,0.06269104157912986,0.008426344953477383,0.007067,0.00883,2.293976,2.309812
B,PRESENT,spectrum,natural,bitwise,coam,32,4,15872,5,0.14449666078629034,0.14417842741935485,0.14463256048387096,1.007325326978833,0.03147891646808853,0.009274161420762539,0.010043,0.008619,2.293451,2.312936
B,PRESENT,spectrum,natural,bitwise,coam,64,4,15872,5,0.1443913810483871,0.14421484375,0.14538413558467742,1.0022481649015411,0.01566012757658658,0.010242992080748081,0.018503,0.00876,2.29178,2.317369
B,PRESENT,spectrum,natural,bitwise,coam-serial-source,1,4,15872,5,0.12148576108870968,0.12142748235887096,0.1215740927419355,1.0,1.0,0.00626514945179224,0.002516,0.008309,1.928222,1.939558
B,PRESENT,spectrum,natural,peigen,coam,1,4,15872,5,0.060958795362903224,0.060946509576612906,0.06097435735887097,1.0,1.0,0.005978451110422611,0.003468,0.008389,0.967538,0.978924
B,PRESENT,spectrum,natural,proposed,coam,1,4,15872,5,0.12761183215725808,0.12664881552419355,0.1277154107862903,1.0,1.0,0.00684869010001421,0.002716,0.00871,2.025455,2.03645
B,PRESENT,spectrum,natural,proposed,coam,2,4,15872,5,0.15347108114919353,0.14366513356854838,0.15551392389112903,0.8889798631993906,0.4444899315996953,0.006888585165143013,0.005543,0.018433,2.435893,2.459737
B,PRESENT,spectrum,natural,proposed,coam,4,4,15872,5,0.12922725554435485,0.1272860383064516,0.12999407762096774,0.9850957043938458,0.24627392609846144,0.0072566550225019455,0.005292,0.018251,2.051095,2.062131
B,PRESENT,spectrum,natural,proposed,coam,8,4,15872,5,0.13028692036290324,0.12724363659274193,0.13147366431451613,1.0026448893359756,0.12533061116699695,0.0078489501029253,0.003688,0.00866,2.067914,2.078578
B,PRESENT,spectrum,natural,proposed,coam,16,4,15872,5,0.1274601814516129,0.12658379536290323,0.1277641129032258,1.0081213933537667,0.06300758708461042,0.008196916431188583,0.005774,0.008329,2.023048,2.03686
B,PRESENT,spectrum,natural,proposed,coam,32,4,15872,5,0.1272005418346774,0.12697649949596773,0.12732447076612904,1.0040476946417578,0.03137649045755493,0.008731442503631115,0.008529,0.008619,2.018927,2.036097
B,PRESENT,spectrum,natural,proposed,coam,64,4,15872,5,0.1256873739919355,0.12511397429435483,0.12574873991935484,1.0199646592396348,0.015936947800619293,0.009729116223752499,0.013791,0.008689,1.99491,2.017652
B,PRESENT,spectrum,natural,proposed,coam-serial-source,1,4,15872,5,0.09594915574596774,0.09553918850806452,0.0995120337701613,1.0,1.0,0.006345465779304504,0.001824,0.008269,1.522905,1.532988
B,random_n08_00,max,natural,bitwise,coam,1,8,6912,5,0.2918666087962963,0.2884743923611111,0.29690393518518515,1.0,1.0,0.006776725873351097,0.004881,0.012498,2.017382,2.034681
B,random_n08_00,max,natural,bitwise,coam,2,8,6912,5,0.2941079282407408,0.2935652488425926,0.32293764467592595,0.9826585179902845,0.49132925899514224,0.007393541745841503,0.015034,0.023094,2.032874,2.072215
B,random_n08_00,max,natural,bitwise,coam,4,8,6912,5,0.29822120949074077,0.28837876157407405,0.30113194444444447,0.9955828953017627,0.24889572382544067,0.0076089538633823395,0.010113,0.028014,2.061305,2.100445
B,random_n08_00,max,natural,bitwise,coam,8,8,6912,5,0.3092297453703704,0.2986697048611111,0.31043489583333334,0.9601402828488497,0.12001753535610621,0.00756470113992691,0.010244,0.022401,2.137396,2.171665
B,random_n08_00,max,natural,bitwise,coam,16,8,6912,5,0.293748119212963,0.29010185185185183,0.29491710069444443,1.0028068442540916,0.06267542776588073,0.00859866663813591,0.007928,0.011477,2.030387,2.04927
B,random_n08_00,max,natural,bitwise,coam,32,8,6912,5,0.2960551215277778,0.29448668981481485,0.2964704861111111,0.9915550965057235,0.03098609676580386,0.009012018330395222,0.008119,0.015194,2.046333,2.069647
B,random_n08_00,max,natural,bitwise,coam,64,8,6912,5,0.29858101851851854,0.29676996527777777,0.29875824652777777,0.9834775851495217,0.015366837267961276,0.0100870281457901,0.015406,0.01309,2.063792,2.092418
B,random_n08_00,max,natural,bitwise,coam-serial-source,1,8,6912,5,0.3173962673611111,0.31159794560185183,0.32166391782407405,1.0,1.0,0.006777375005185604,0.00422,0.012809,2.193843,2.208597
B,random_n08_00,max,natural,peigen,coam,1,8,6912,5,0.8015041956018518,0.7973990162037037,0.80677734375,1.0,1.0,0.010654117912054062,0.010915,0.013671,5.539997,5.562829
B,random_n08_00,max,natural,proposed,coam,1,8,6912,5,0.09248046875,0.09239482060185185,0.09392057291666667,1.0,1.0,0.005355927161872387,0.00449,0.01295,0.639225,0.656605
B,random_n08_00,max,natural,proposed,coam,2,8,6912,5,0.13479296875,0.10297309027777778,0.13938151041666666,0.696776499454217,0.3483882497271085,0.006131231784820557,0.014544,0.023233,0.931689,0.967241
B,random_n08_00,max,natural,proposed,coam,4,8,6912,5,0.10309389467592592,0.09158723958333333,0.11020240162037037,0.8962201000582387,0.22405502501455968,0.006218383088707924,0.009793,0.028486,0.712585,0.750864
B,random_n08_00,max,natural,proposed,coam,8,8,6912,5,0.09415668402777777,0.09329094328703703,0.125875,0.9913123985192928,0.1239140498149116,0.006655612960457802,0.009833,0.023654,0.650811,0.678685
B,random_n08_00,max,natural,proposed,coam,16,8,6912,5,0.09364641203703704,0.09335836226851851,0.09366189236111111,0.9866349237737995,0.06166468273586247,0.006255057640373707,0.007678,0.011286,0.647284,0.667068
B,random_n08_00,max,natural,proposed,coam,32,8,6912,5,0.09291710069444445,0.09275462962962963,0.0936183449074074,0.9984957543721532,0.031202992324129788,0.007798077538609505,0.007377,0.015445,0.642243,0.667467
B,random_n08_00,max,natural,proposed,coam,64,8,6912,5,0.09378255208333333,0.09368388310185184,0.09387268518518518,0.9997401373514987,0.015620939646117167,0.008850383572280407,0.016458,0.014433,0.648225,0.677381
B,random_n08_00,max,natural,proposed,coam-serial-source,1,8,6912,5,0.09528501157407408,0.09306901041666667,0.10872569444444444,1.0,1.0,0.004925494082272053,0.006686,0.02615,0.65861,0.704867
B,random_n08_00,min,natural,bitwise,coam,1,8,491,5,3.6759938900203664,3.6549735234215888,3.833951120162933,1.0,1.0,0.006692524068057537,0.008028,0.013952,1.804913,1.825179
B,random_n08_00,min,natural,bitwise,coam,2,8,491,5,3.7249327902240323,3.72067617107943,3.7261160896130345,0.9809070451696973,0.49045352258484864,0.0060720136389136314,0.007758,0.013491,1.828942,1.850191
B,random_n08_00,min,natural,bitwise,coam,4,8,491,5,4.438327902240326,4.0494276985743385,4.470806517311609,0.8893432205127084,0.2223358051281771,0.007668869569897652,0.017089,0.028615,2.179219,2.224462
B,random_n08_00,min,natural,bitwise,coam,8,8,491,5,3.6605865580448067,3.6440061099796335,3.6664826883910386,1.015193462364813,0.1268991827956016,0.007726159878075123,0.00843,0.011297,1.797348,1.815469
B,random_n08_00,min,natural,bitwise,coam,16,8,491,5,3.744460285132383,3.71850916496945,3.7874215885947047,0.9776228127252452,0.061101425795327825,0.007865377701818943,0.009141,0.01316,1.83853,1.860541
B,random_n08_00,min,natural,bitwise,coam,32,8,491,5,3.7089613034623214,3.6877474541751525,3.710769857433809,0.992661808648666,0.031020681520270814,0.008492798544466496,0.015686,0.01306,1.8211,1.850057
B,random_n08_00,min,natural,bitwise,coam,64,8,491,5,3.6470346232179227,3.637845213849287,3.7077026476578414,1.0021768096615056,0.015659012650961025,0.009537998586893082,0.020748,0.013271,1.790694,1.82347
B,random_n08_00,min,natural,bitwise,coam-serial-source,1,8,491,5,3.8133625254582486,3.8055845213849286,3.8361466395112016,1.0,1.0,0.0064570968970656395,0.007467,0.014002,1.872361,1.8937
B,random_n08_00,min,natural,peigen,coam,1,8,491,5,2.549887983706721,2.544541751527495,2.8190264765784114,1.0,1.0,0.006087952293455601,0.012057,0.01301,1.251995,1.275639
B,random_n08_00,min,natural,proposed,coam,1,8,491,5,2.1459531568228107,2.145763747454175,2.146419551934827,1.0,1.0,0.005924088880419731,0.005221,0.013532,1.053663,1.072386
B,random_n08_00,min,natural,proposed,coam,2,8,491,5,2.171767820773931,2.1472973523421586,2.248386965376782,0.9893439040904479,0.49467195204522396,0.006202246993780136,0.005683,0.013532,1.066338,1.086505
B,random_n08_00,min,natural,proposed,coam,4,8,491,5,2.256329938900204,2.141494908350306,2.474684317718941,0.9486134504602576,0.2371533626150644,0.006560559384524822,0.010705,0.028786,1.107858,1.14748
B,random_n08_00,min,natural,proposed,coam,8,8,491,5,2.153706720977597,2.142266802443992,2.6673747454175154,0.996399897869443,0.12454998723368038,0.007116103544831276,0.006385,0.011637,1.05747,1.075261
B,random_n08_00,min,natural,proposed,coam,16,8,491,5,2.1526048879837067,2.1400020366598778,2.188739307535642,0.9971265808772396,0.062320411304827475,0.007027790881693363,0.006635,0.013301,1.056929,1.077176
B,random_n08_00,min,natural,proposed,coam,32,8,491,5,2.145743380855397,2.1386395112016294,2.160109979633401,1.0000094916283837,0.03125029661338699,0.007906380109488964,0.01262,0.01312,1.05356,1.080892
B,random_n08_00,min,natural,proposed,coam,64,8,491,5,2.1491303462321794,2.1490651731160897,2.1546883910386962,0.9985859897361051,0.015602906089626643,0.008907221257686615,0.016207,0.013582,1.055223,1.086945
B,random_n08_00,min,natural,proposed,coam-serial-source,1,8,491,5,2.132826883910387,2.1040977596741346,2.1356496945010184,1.0,1.0,0.005904830060899258,0.004791,0.01284,1.047218,1.064491
B,random_n08_00,spectrum,natural,bitwise,coam,1,8,640,5,2.633465625,2.632953125,2.640603125,1.0,1.0,0.006842492148280144,0.00865,0.01314,1.685418,1.707128
B,random_n08_00,spectrum,natural,bitwise,coam,2,8,640,5,2.6436031250000003,2.62924375,2.6463015624999997,1.0014108144214473,0.5007054072107237,0.006863955408334732,0.011176,0.011306,1.691906,1.714809
B,random_n08_00,spectrum,natural,bitwise,coam,4,8,640,5,2.7904828125,2.676065625,2.822921875,0.9462889766499861,0.23657224416249653,0.007312364876270294,0.01748,0.028416,1.785909,1.832416
B,random_n08_00,spectrum,natural,bitwise,coam,8,8,640,5,2.6633828125,2.6257484375,2.8948859375000002,0.9885747976756534,0.12357184970945667,0.007497045211493969,0.010113,0.011025,1.704565,1.723158
B,random_n08_00,spectrum,natural,bitwise,coam,16,8,640,5,2.6348921875,2.62959375,2.715690625,0.9994585879047471,0.06246616174404669,0.008277012035250664,0.012348,0.011176,1.686331,1.727596
B,random_n08_00,spectrum,natural,bitwise,coam,32,8,640,5,2.634225,2.6318078125000004,2.6348265625,0.999517172982566,0.03123491165570519,0.008752655237913132,0.012028,0.014874,1.685904,1.711259
B,random_n08_00,spectrum,natural,bitwise,coam,64,8,640,5,2.6318468750000004,2.6276421875000002,2.6332296875,1.0033270362661202,0.015676984941658128,0.00971135962754488,0.020858,0.01308,1.684382,1.717912
B,random_n08_00,spectrum,natural,bitwise,coam-serial-source,1,8,640,5,2.6667562499999997,2.666228125,2.6780875,1.0,1.0,0.006391789764165878,0.007016,0.01291,1.706724,1.726482
B,random_n08_00,spectrum,natural,peigen,coam,1,8,640,5,3.7357796875,3.7331656250000003,3.754109375,1.0,1.0,0.007161812856793404,0.013561,0.012769,2.390899,2.416398
B,random_n08_00,spectrum,natural,proposed,coam,1,8,640,5,1.3661218750000002,1.3552843749999999,1.3980843749999998,1.0,1.0,0.005701291374862194,0.012921,0.013461,0.874318,0.900528
B,random_n08_00,spectrum,natural,proposed,coam,2,8,640,5,1.4872265625,1.3804828125,1.506975,0.9121554006697298,0.4560777003348649,0.006120570935308933,0.032064,0.023714,0.951825,1.007603
B,random_n08_00,spectrum,natural,proposed,coam,4,8,640,5,1.6705828125,1.6236656250000001,1.68590625,0.8112644071632935,0.20281610179082338,0.006818817928433418,0.033135,0.028255,1.069173,1.129842
B,random_n08_00,spectrum,natural,proposed,coam,8,8,640,5,1.4234921875,1.3710703125,1.656825,0.9821510699369399,0.12276888374211749,0.006577819585800171,0.028114,0.023514,0.911035,0.963395
B,random_n08_00,spectrum,natural,proposed,coam,16,8,640,5,1.3876265625000002,1.3667046875000002,1.419471875,0.992919833281248,0.062057489580078,0.0063817789778113365,0.017009,0.011055,0.888081,0.916536
B,random_n08_00,spectrum,natural,proposed,coam,32,8,640,5,1.3670921875,1.3622390625,1.3790734375,1.0028503165170395,0.031339072391157484,0.007955989800393581,0.015886,0.015426,0.874939,0.906161
B,random_n08_00,spectrum,natural,proposed,coam,64,8,640,5,1.3703984375,1.3674421875,1.3935296874999998,1.0076002664394414,0.015743754163116273,0.008739065378904343,0.022983,0.013211,0.877055,0.915955
B,random_n08_00,spectrum,natural,proposed,coam-serial-source,1,8,640,5,1.1943640625,1.187753125,1.435909375,1.0,1.0,0.006013152189552784,0.011526,0.014865,0.764393,0.790784
B,random_n08_01,max,natural,bitwise,coam,1,8,6912,5,0.2866127025462963,0.2859720775462963,0.2875416666666667,1.0,1.0,0.007116436958312988,0.005282,0.013301,1.981067,1.998527
B,random_n08_01,max,natural,bitwise,coam,2,8,6912,5,0.29588151041666666,0.28727734375,0.29644603587962964,0.9732100552873578,0.4866050276436789,0.007187133654952049,0.015055,0.02159,2.045133,2.081968
B,random_n08_01,max,natural,bitwise,coam,4,8,6912,5,0.3430481770833333,0.32680613425925925,0.3489450231481481,0.8354881958071804,0.2088720489517951,0.007625403814017773,0.010484,0.028756,2.371149,2.41078
B,random_n08_01,max,natural,bitwise,coam,8,8,6912,5,0.28863194444444445,0.28640219907407405,0.30773683449074074,0.9930040941863356,0.12412551177329195,0.00832462776452303,0.006104,0.011356,1.995024,2.012384
B,random_n08_01,max,natural,bitwise,coam,16,8,6912,5,0.28752170138888894,0.28658506944444445,0.28771122685185185,0.9961818510957127,0.06226136569348204,0.00792618840932846,0.007748,0.010513,1.98735,2.005692
B,random_n08_01,max,natural,bitwise,coam,32,8,6912,5,0.28699074074074077,0.285673755787037,0.28855598958333334,0.9964848315291208,0.031140150985285026,0.00866690557450056,0.008119,0.014944,1.98368,2.006893
B,random_n08_01,max,natural,bitwise,coam,64,8,6912,5,0.2909548611111111,0.2871082175925926,0.29497294560185183,0.9826784613242636,0.015354350958191619,0.01006837747991085,0.016639,0.01303,2.01108,2.040057
B,random_n08_01,max,natural,bitwise,coam-serial-source,1,8,6912,5,0.3254560185185185,0.307779369212963,0.3458098958333333,1.0,1.0,0.007337143644690514,0.007448,0.025198,2.249552,2.282479
B,random_n08_01,max,natural,peigen,coam,1,8,6912,5,0.8000934606481481,0.8000672743055556,0.8002420428240741,1.0,1.0,0.010766519233584404,0.011868,0.013502,5.530246,5.554056
B,random_n08_01,max,natural,proposed,coam,1,8,6912,5,0.08586328125,0.08554311342592592,0.10097193287037037,1.0,1.0,0.00531909242272377,0.005021,0.013502,0.593487,0.610847
B,random_n08_01,max,natural,proposed,coam,2,8,6912,5,0.09850289351851851,0.09754137731481481,0.11078964120370371,0.871682832686105,0.4358414163430525,0.005924012511968613,0.014544,0.023514,0.680852,0.717165
B,random_n08_01,max,natural,proposed,coam,4,8,6912,5,0.08523885995370371,0.08478052662037036,0.11825607638888888,1.0073255472519862,0.25183138681299655,0.006078200414776802,0.005532,0.023784,0.589171,0.618487
B,random_n08_01,max,natural,proposed,coam,8,8,6912,5,0.08567144097222223,0.08527372685185185,0.08631409143518519,1.0031590805752173,0.12539488507190216,0.0067407237365841866,0.005362,0.011186,0.592161,0.608829
B,random_n08_01,max,natural,proposed,coam,16,8,6912,5,0.08540697337962963,0.08524305555555556,0.08561284722222223,1.0029251921400038,0.06268282450875023,0.006337716244161129,0.007437,0.010764,0.590333,0.608484
B,random_n08_01,max,natural,proposed,coam,32,8,6912,5,0.08580425347222223,0.0857427662037037,0.08593822337962963,1.0046262911465687,0.03139457159833027,0.007140452973544598,0.008139,0.015556,0.593079,0.616914
B,random_n08_01,max,natural,proposed,coam,64,8,6912,5,0.08550260416666668,0.08538671875,0.0871383101851852,1.0018316042379358,0.015653618816217747,0.008327449671924114,0.015436,0.01288,0.590994,0.6194
B,random_n08_01,max,natural,proposed,coam-serial-source,1,8,6912,5,0.08471730324074075,0.0846222511574074,0.08560706018518519,1.0,1.0,0.005205417983233929,0.003768,0.01325,0.585566,0.602194
B,random_n08_01,min,natural,bitwise,coam,1,8,491,5,3.6819735234215885,3.658474541751527,3.6948207739307537,1.0,1.0,0.006883736699819565,0.007488,0.013691,1.807849,1.831332
B,random_n08_01,min,natural,bitwise,coam,2,8,491,5,4.048085539714868,3.9879429735234218,4.126615071283096,0.8973022876721288,0.4486511438360644,0.00718079786747694,0.015806,0.028566,1.98761,2.031701
B,random_n08_01,min,natural,bitwise,coam,4,8,491,5,3.895099796334012,3.858904276985743,4.282702647657842,0.948581799472312,0.237145449868078,0.0069645121693611145,0.015717,0.028375,1.912494,1.957257
B,random_n08_01,min,natural,bitwise,coam,8,8,491,5,4.081344195519349,3.743692464358452,4.153256619144603,0.9052950687146322,0.11316188358932902,0.007423143833875656,0.014634,0.02191,2.00394,2.045897
B,random_n08_01,min,natural,bitwise,coam,16,8,491,5,3.6713319755600815,3.6611384928716904,3.711091649694501,0.9893838093801036,0.061836488086256476,0.007485790178179741,0.00856,0.012759,1.802624,1.823943
B,random_n08_01,min,natural,bitwise,coam,32,8,491,5,3.652022403258656,3.6425621181262726,3.673549898167006,1.0071158694766091,0.031472370921144036,0.00885586068034172,0.015285,0.013822,1.793143,1.821127
B,random_n08_01,min,natural,bitwise,coam,64,8,491,5,3.6395621181262725,3.638010183299389,3.7040855397148675,1.0120844466912207,0.015813819479550323,0.009760094806551933,0.020216,0.013651,1.787025,1.828861
B,random_n08_01,min,natural,bitwise,coam-serial-source,1,8,491,5,3.758631364562118,3.7472301425661914,3.808602851323829,1.0,1.0,0.007120292633771896,0.006685,0.013271,1.845488,1.865444
B,random_n08_01,min,natural,peigen,coam,1,8,491,5,2.5954399185336046,2.5869898167006107,2.595643584521385,1.0,1.0,0.006062683649361134,0.018453,0.013331,1.274361,1.299209
B,random_n08_01,min,natural,proposed,coam,1,8,491,5,2.1645763747454176,2.163152749490835,2.3422688391038697,1.0,1.0,0.006452580913901329,0.007537,0.014343,1.062807,1.083334
B,random_n08_01,min,natural,proposed,coam,2,8,491,5,2.3034195519348266,2.17881466395112,2.7136048879837067,1.0031411665545047,0.5015705832772523,0.0062544625252485275,0.011798,0.028956,1.130979,1.172365
B,random_n08_01,min,natural,proposed,coam,4,8,491,5,2.344366598778004,2.17857433808554,2.8707209775967413,0.9227024265822477,0.23067560664556191,0.0065305642783641815,0.010284,0.025799,1.151084,1.187167
B,random_n08_01,min,natural,proposed,coam,8,8,491,5,2.1753095723014257,2.15728716904277,2.7874134419551932,1.007751519013267,0.1259689398766584,0.006678113713860512,0.005994,0.020628,1.068077,1.084234
B,random_n08_01,min,natural,proposed,coam,16,8,491,5,2.1559959266802444,2.153397148676171,2.1582790224032586,1.0060858897099334,0.06288036810687084,0.007108435034751892,0.006685,0.013331,1.058594,1.07869
B,random_n08_01,min,natural,proposed,coam,32,8,491,5,2.1685071283095723,2.1616700610997963,2.1714419551934827,1.0013444760594699,0.03129201487685843,0.007565926760435104,0.012769,0.01304,1.064737,1.090005
B,random_n08_01,min,natural,proposed,coam,64,8,491,5,2.1634256619144603,2.148134419551935,2.168234215885947,1.0081794718701915,0.015752804247971743,0.00897836685180664,0.017,0.013602,1.062242,1.094802
B,random_n08_01,min,natural,proposed,coam-serial-source,1,8,491,5,2.0977922606924646,2.0891731160896128,2.098264765784114,1.0,1.0,0.005671319551765919,0.005102,0.01332,1.030016,1.048147
B,random_n08_01,spectrum,natural,bitwise,coam,1,8,640,5,2.6067218750000003,2.6042078125,2.6151875,1.0,1.0,0.006593161262571812,0.007577,0.021329,1.668302,1.69779
B,random_n08_01,spectrum,natural,bitwise,coam,2,8,640,5,2.832884375,2.6809046875,3.048278125,0.9754869362546109,0.48774346812730546,0.007305745966732502,0.019926,0.022592,1.813046,1.857909
B,random_n08_01,spectrum,natural,bitwise,coam,4,8,640,5,3.1038796874999997,2.6112140625,3.2462625,0.9109924424221099,0.22774811060552747,0.007545122876763344,0.015616,0.027984,1.986483,2.032979
B,random_n08_01,spectrum,natural,bitwise,coam,8,8,640,5,2.63371875,2.60499375,2.9289,0.9897495224195826,0.12371869030244782,0.007863141596317291,0.016588,0.022993,1.68558,1.725161
B,random_n08_01,spectrum,natural,bitwise,coam,16,8,640,5,2.617025,2.61259375,2.62165625,0.9967901869550135,0.062299386684688346,0.007769020274281502,0.010855,0.010554,1.674896,1.695875
B,random_n08_01,spectrum,natural,bitwise,coam,32,8,640,5,2.605984375,2.6037609375,2.6092859374999997,1.0013060236740798,0.031290813239814995,0.008572489954531193,0.011286,0.015195,1.66783,1.694311
B,random_n08_01,spectrum,natural,bitwise,coam,64,8,640,5,2.6145671874999996,2.612765625,2.616328125,0.9967246153202126,0.015573822114378322,0.00975855439901352,0.020998,0.013531,1.673323,1.708795
B,random_n08_01,spectrum,natural,bitwise,coam-serial-source,1,8,640,5,2.651103125,2.648325,2.6631078125,1.0,1.0,0.006536607630550861,0.006495,0.013742,1.696706,1.716391
B,random_n08_01,spectrum,natural,peigen,coam,1,8,640,5,3.7240953125000003,3.723565625,3.758521875,1.0,1.0,0.007766430266201496,0.014673,0.012809,2.383421,2.409763
B,random_n08_01,spectrum,natural,proposed,coam,1,8,640,5,1.3863734374999999,1.3701812500000001,1.4108703125,1.0,1.0,0.006168657913804054,0.01306,0.013451,0.887279,0.91379
B,random_n08_01,spectrum,natural,proposed,coam,2,8,640,5,1.3867140624999998,1.357975,1.4469328125,0.9997543653668688,0.4998771826834344,0.005959213711321354,0.028516,0.021831,0.887497,0.937844
B,random_n08_01,spectrum,natural,proposed,coam,4,8,640,5,1.8771078124999998,1.408125,1.93235625,0.7301295051054897,0.18253237627637242,0.006298338063061237,0.031322,0.028105,1.201349,1.260455
B,random_n08_01,spectrum,natural,proposed,coam,8,8,640,5,1.4194765625,1.382421875,1.5400531249999998,0.9939370256421546,0.12424212820526932,0.006729329004883766,0.014162,0.011195,0.908465,0.933332
B,random_n08_01,spectrum,natural,proposed,coam,16,8,640,5,1.374840625,1.3672296874999998,1.3828015625,1.0062330461603426,0.06288956538502141,0.006758524104952812,0.016267,0.010695,0.879898,0.911143
B,random_n08_01,spectrum,natural,proposed,coam,32,8,640,5,1.4005609374999999,1.397284375,1.4093640625000001,1.0010687444359325,0.03128339826362289,0.007539274170994759,0.015807,0.015296,0.896359,0.928363
B,random_n08_01,spectrum,natural,proposed,coam,64,8,640,5,1.3634609375,1.3629859375000002,1.3677984375,1.0268470201289,0.01604448468951406,0.008917628787457943,0.0216,0.01317,0.872615,0.907365
B,random_n08_01,spectrum,natural,proposed,coam-serial-source,1,8,640,5,1.226609375,1.1894140625,1.2631484375,1.0,1.0,0.005790785886347294,0.010895,0.012879,0.78503,0.808985
B,random_n12_00,max,natural,bitwise,coam,1,12,1152,5,3.2631119791666667,3.256056423611111,3.2917552083333335,1.0,1.0,0.00901887658983469,0.060157,0.048822,3.759105,3.867082
B,random_n12_00,max,natural,bitwise,coam,2,12,1152,5,3.191863715277778,3.165855902777778,3.1945616319444445,1.0288303501130542,0.5144151750565271,0.009499420411884785,0.084955,0.052131,3.677027,3.814975
B,random_n12_00,max,natural,bitwise,coam,4,12,1152,5,3.1687421875,3.168,3.1742361111111115,1.0300227206965489,0.2575056801741372,0.009952189400792122,0.061422,0.051118,3.650391,3.77048
B,random_n12_00,max,natural,bitwise,coam,8,12,1152,5,3.2210607638888886,3.216207465277778,3.2293932291666665,1.0115665799656741,0.12644582249570926,0.009584560990333557,0.057572,0.049034,3.710662,3.826867
B,random_n12_00,max,natural,bitwise,coam,16,12,1152,5,3.2941796875,3.2914435763888887,3.3138142361111114,0.9903999598335735,0.061899997489598346,0.010008440352976322,0.058113,0.048259,3.794895,3.904037
B,random_n12_00,max,natural,bitwise,coam,32,12,1152,5,3.320089409722222,3.317714409722222,3.3403064236111115,0.9807134753890654,0.030647296105908294,0.01126768533140421,0.071335,0.048741,3.824743,3.9447
B,random_n12_00,max,natural,bitwise,coam,64,12,1152,5,3.398809027777778,3.3794817708333333,3.4243342013888887,0.9626943439049431,0.015042099123514736,0.012612314894795418,0.085267,0.049544,3.915428,4.059361
B,random_n12_00,max,natural,bitwise,coam-serial-source,1,12,1152,5,4.211892361111111,4.1913064236111115,4.216140625,1.0,1.0,0.010069301351904869,0.06092,0.050607,4.8521,4.963276
B,random_n12_00,max,natural,proposed,coam,1,12,1152,5,0.2834774305555555,0.2795373263888889,0.28465277777777775,1.0,1.0,0.006047210656106472,0.060378,0.048841,0.326566,0.43277
B,random_n12_00,max,natural,proposed,coam,2,12,1152,5,0.28299739583333333,0.28205555555555556,0.2925677083333333,0.9877734936950368,0.4938867468475184,0.006167997606098652,0.079965,0.047929,0.326013,0.454593
B,random_n12_00,max,natural,proposed,coam,4,12,1152,5,0.2835798611111111,0.28126822916666666,0.2886345486111111,0.9938460778776684,0.2484615194694171,0.00635334849357605,0.061862,0.048762,0.326684,0.442721
B,random_n12_00,max,natural,proposed,coam,8,12,1152,5,0.28299739583333333,0.28247829861111107,0.28467881944444445,0.9986757801112717,0.12483447251390896,0.006359178572893143,0.051197,0.04815,0.326013,0.427438
B,random_n12_00,max,natural,proposed,coam,16,12,1152,5,0.30107552083333333,0.29743055555555553,0.3021197916666667,0.9369196395407974,0.058557477471299836,0.006818093359470367,0.06099,0.048532,0.346839,0.45508
B,random_n12_00,max,natural,proposed,coam,32,12,1152,5,0.3227326388888889,0.3150998263888889,0.32747309027777777,0.8741194782297277,0.02731623369467899,0.007826977409422398,0.07814,0.048943,0.371788,0.50269
B,random_n12_00,max,natural,proposed,coam,64,12,1152,5,0.3344184027777778,0.33326909722222225,0.3355564236111111,0.8447981043095397,0.013199970379836558,0.00900634378194809,0.093344,0.048221,0.38525,0.525721
B,random_n12_00,max,natural,proposed,coam-serial-source,1,12,1152,5,0.2919496527777778,0.29180989583333333,0.2926111111111111,1.0,1.0,0.005279887467622757,0.057463,0.050457,0.336326,0.444617
B,random_n12_00,min,natural,bitwise,coam,1,12,21,5,178.98404761904763,178.67985714285712,179.48619047619047,1.0,1.0,0.009419058449566364,0.19489,0.049675,3.758665,4.002879
B,random_n12_00,min,natural,bitwise,coam,2,12,21,5,315.53747619047624,314.278,324.45038095238095,0.5662714277241538,0.2831357138620769,0.01254898589104414,0.339634,0.04749,6.626287,7.021088
B,random_n12_00,min,natural,bitwise,coam,4,12,21,5,206.7597619047619,204.68457142857142,206.91880952380953,0.8698171676122852,0.2174542919030713,0.010054695419967175,0.219657,0.052239,4.341955,4.624963
B,random_n12_00,min,natural,bitwise,coam,8,12,21,5,145.88157142857142,144.69061904761907,146.4784761904762,1.2328026680480872,0.1541003335060109,0.009413586929440498,0.153492,0.048461,3.063513,3.265466
B,random_n12_00,min,natural,bitwise,coam,16,12,21,5,253.13652380952382,250.8492857142857,253.90766666666667,0.7104592722127924,0.04440370451329952,0.01214651484042406,0.345287,0.047289,5.315867,5.659239
B,random_n12_00,min,natural,bitwise,coam,32,12,21,5,1310.3634285714286,1306.7740952380952,1321.9649523809524,0.13659114999430183,0.004268473437321932,0.036176647990942,1.643023,0.052151,27.517632,29.2147
B,random_n12_00,min,natural,bitwise,coam,64,12,21,5,3868.9536666666663,3863.59,3881.0991904761904,0.046246226047669876,0.0007225972819948418,0.09544830955564976,4.729395,0.048722,81.248027,86.157981
B,random_n12_00,min,natural,bitwise,coam-serial-source,1,12,21,5,171.09504761904762,170.98271428571428,171.11871428571428,1.0,1.0,0.009123420342803001,0.196088,0.050747,3.592996,3.840041
B,random_n12_00,min,natural,proposed,coam,1,12,21,5,49.088904761904764,49.06661904761905,49.12861904761905,1.0,1.0,0.006384613923728466,0.06079,0.051217,1.030867,1.143523
B,random_n12_00,min,natural,proposed,coam,2,12,21,5,67.55409523809524,67.28876190476191,67.80090476190476,0.7272485683431127,0.36362428417155634,0.007298392243683338,0.086237,0.04806,1.418636,1.558086
B,random_n12_00,min,natural,proposed,coam,4,12,21,5,46.40071428571428,46.21895238095238,46.80171428571428,1.057934247728124,0.264483561932031,0.007168520241975784,0.060268,0.049986,0.974415,1.090233
B,random_n12_00,min,natural,proposed,coam,8,12,21,5,40.90761904761904,40.45661904761904,41.23323809523809,1.1992573277768723,0.14990716597210904,0.006894996389746666,0.052592,0.048381,0.85906,0.956545
B,random_n12_00,min,natural,proposed,coam,16,12,21,5,42.53195238095238,42.426476190476194,43.334666666666664,1.1536413519919477,0.07210258449949673,0.007775806821882725,0.061501,0.047499,0.893171,1.002113
B,random_n12_00,min,natural,proposed,coam,32,12,21,5,46.57228571428572,45.57,47.013238095238094,1.0535583189675446,0.03292369746773577,0.00793859176337719,0.068187,0.050466,0.978018,1.098896
B,random_n12_00,min,natural,proposed,coam,64,12,21,5,48.34776190476191,48.025619047619045,49.21057142857143,1.0161508436397804,0.015877356931871568,0.009087851271033287,0.092895,0.048832,1.015303,1.164929
B,random_n12_00,min,natural,proposed,coam-serial-source,1,12,21,5,48.920476190476194,48.88128571428572,48.97909523809523,1.0,1.0,0.0062180617824196815,0.059136,0.052409,1.02733,1.13757
B,random_n12_00,spectrum,natural,bitwise,coam,1,12,128,5,137.3579609375,137.0322421875,137.8423671875,1.0,1.0,0.02325118612498045,0.199961,0.051898,17.581819,17.837292
B,random_n12_00,spectrum,natural,bitwise,coam,2,12,128,5,251.944828125,250.8614765625,252.0302421875,0.5494760258782011,0.27473801293910055,0.03832240402698517,0.33381,0.049143,32.248938,32.632112
B,random_n12_00,spectrum,natural,bitwise,coam,4,12,128,5,165.6758828125,165.2233125,166.4683046875,0.8317916186788011,0.20794790466970028,0.027113543823361397,0.228073,0.048362,21.206513,21.471192
B,random_n12_00,spectrum,natural,bitwise,coam,8,12,128,5,177.8403125,176.904453125,178.8685,0.7701655810222013,0.09627069762777517,0.029787950217723846,0.22523,0.04818,22.76356,23.055875
B,random_n12_00,spectrum,natural,bitwise,coam,16,12,128,5,82.684671875,82.4285703125,83.110640625,1.6670848908475517,0.10419280567797198,0.017181298695504665,0.318454,0.049945,10.583638,10.949512
B,random_n12_00,spectrum,natural,bitwise,coam,32,12,128,5,83.5410703125,83.2630234375,83.743828125,1.6441968055195906,0.051381150172487206,0.019458952359855175,1.632593,0.048831,10.693257,12.434497
B,random_n12_00,spectrum,natural,bitwise,coam,64,12,128,5,124.58703125,123.208359375,125.7894296875,1.1025060920014498,0.017226657687522653,0.028999654576182365,4.5119,0.050085,15.94714,20.582029
B,random_n12_00,spectrum,natural,bitwise,coam-serial-source,1,12,128,5,131.389171875,130.2135234375,131.57225,1.0,1.0,0.022214550524950027,0.198427,0.050868,16.817814,17.067724
B,random_n12_00,spectrum,natural,proposed,coam,1,12,128,5,43.7920078125,43.72921875,43.80809375,1.0,1.0,0.012554414570331573,1.360688,0.049063,5.605377,7.007091
B,random_n12_00,spectrum,natural,proposed,coam,2,12,128,5,58.713515625,58.5542421875,59.2359140625,0.739956994569766,0.369978497284883,0.015047713182866573,1.446775,0.051708,7.51533,9.08068
B,random_n12_00,spectrum,natural,proposed,coam,4,12,128,5,43.0279765625,42.4928125,43.3091875,1.022334500329751,0.25558362508243776,0.013058270327746868,1.429908,0.054345,5.507581,7.008934
B,random_n12_00,spectrum,natural,proposed,coam,8,12,128,5,36.7756015625,36.5193515625,36.8567265625,1.189656297378295,0.14870703717228687,0.012130835093557835,1.313801,0.04783,4.707277,6.036048
B,random_n12_00,spectrum,natural,proposed,coam,16,12,128,5,52.90484375,52.3795859375,53.4272265625,0.8348523182710583,0.052178269891941145,0.014803980477154255,1.487374,0.051789,6.77182,8.313237
B,random_n12_00,spectrum,natural,proposed,coam,32,12,128,5,74.392453125,73.63796875,74.7815,0.5847598503640606,0.018273745323876895,0.019258893094956875,2.284012,0.04799,9.522234,11.820372
B,random_n12_00,spectrum,natural,proposed,coam,64,12,128,5,111.155265625,109.986859375,112.1772890625,0.39411622565676363,0.006158066025886932,0.028043375350534916,5.056803,0.048,14.227874,19.336136
B,random_n12_00,spectrum,natural,proposed,coam-serial-source,1,12,128,5,40.25965625,40.090578125,40.459046875,1.0,1.0,0.011913202702999115,1.366393,0.051087,5.153236,6.563631
B,random_n12_01,max,natural,bitwise,coam,1,12,1152,5,3.2424114583333337,3.2394461805555554,3.251644965277778,1.0,1.0,0.009299946017563343,0.060901,0.048121,3.735258,3.851241
B,random_n12_01,max,natural,bitwise,coam,2,12,1152,5,3.167590277777778,3.156933159722222,3.219073784722222,1.0236208518129581,0.5118104259064791,0.009285034611821175,0.081749,0.049475,3.649064,3.766563
B,random_n12_01,max,natural,bitwise,coam,4,12,1152,5,3.182927951388889,3.1547725694444444,3.1932829861111114,1.0204172060385,0.255104301509625,0.009907910600304604,0.062223,0.049204,3.666733,3.775584
B,random_n12_01,max,natural,bitwise,coam,8,12,1152,5,3.226605034722222,3.2195052083333335,3.2610520833333334,1.0048987785740786,0.12561234732175983,0.010185311548411846,0.054566,0.050145,3.717049,3.820358
B,random_n12_01,max,natural,bitwise,coam,16,12,1152,5,3.2879939236111113,3.2786362847222223,3.2903003472222223,0.9889449435802448,0.0618090589737653,0.01073991134762764,0.060629,0.049744,3.787769,3.899534
B,random_n12_01,max,natural,bitwise,coam,32,12,1152,5,3.356078125,3.3278359375,3.3773776041666665,0.9688823812102937,0.030277574412821678,0.010958731174468994,0.072327,0.04828,3.866202,3.990208
B,random_n12_01,max,natural,bitwise,coam,64,12,1152,5,3.3883723958333336,3.388284722222222,3.3950720486111114,0.955048647113854,0.014922635111153968,0.012063605710864067,0.095437,0.049212,3.903405,4.045272
B,random_n12_01,max,natural,bitwise,coam-serial-source,1,12,1152,5,4.186061631944444,4.184480902777778,4.187157118055556,1.0,1.0,0.009548243135213852,0.060159,0.049945,4.822343,4.937188
B,random_n12_01,max,natural,proposed,coam,1,12,1152,5,0.3005260416666667,0.2990789930555555,0.30202690972222224,1.0,1.0,0.005802135914564133,0.059697,0.049455,0.346206,0.454619
B,random_n12_01,max,natural,proposed,coam,2,12,1152,5,0.30285069444444446,0.29900607638888893,0.30425260416666666,0.987546003829353,0.4937730019146765,0.00640006922185421,0.082099,0.067375,0.348884,0.482935
B,random_n12_01,max,natural,proposed,coam,4,12,1152,5,0.31526475694444445,0.30005034722222224,0.3253515625,0.959272147851296,0.239818036962824,0.006447932682931423,0.059678,0.048772,0.363185,0.483255
B,random_n12_01,max,natural,proposed,coam,8,12,1152,5,0.2952647569444445,0.2949427083333333,0.2956822916666667,1.017818871363683,0.1272273589204604,0.00675432663410902,0.050727,0.049695,0.340145,0.443503
B,random_n12_01,max,natural,proposed,coam,16,12,1152,5,0.3187135416666667,0.31436284722222224,0.32293836805555554,0.9317927023907485,0.05823704389942178,0.007350553758442402,0.059487,0.048942,0.367158,0.477392
B,random_n12_01,max,natural,proposed,coam,32,12,1152,5,0.3339487847222222,0.333875,0.3384392361111111,0.8957813344981073,0.027993166703065852,0.008076786994934082,0.069449,0.051246,0.384709,0.506499
B,random_n12_01,max,natural,proposed,coam,64,12,1152,5,0.3597786458333333,0.3563862847222222,0.3637213541666667,0.8474706313617841,0.013241728615027877,0.00914845708757639,0.087251,0.048843,0.414465,0.549759
B,random_n12_01,max,natural,proposed,coam-serial-source,1,12,1152,5,0.3063402777777778,0.30570486111111106,0.3130659722222222,1.0,1.0,0.005253993906080723,0.057894,0.054195,0.352904,0.464261
B,random_n12_01,min,natural,bitwise,coam,1,12,21,5,181.2112857142857,181.177,182.83447619047618,1.0,1.0,0.00899249967187643,0.197653,0.051328,3.805437,4.057799
B,random_n12_01,min,natural,bitwise,coam,2,12,21,5,317.6198095238095,316.67904761904765,318.09457142857144,0.5721155263102495,0.28605776315512477,0.012836099602282047,0.337058,0.048742,6.670016,7.058362
B,random_n12_01,min,natural,bitwise,coam,4,12,21,5,207.84119047619046,207.60138095238094,208.03923809523812,0.871873786418889,0.21796844660472225,0.010845021344721317,0.231384,0.069931,4.364665,4.695467
B,random_n12_01,min,natural,bitwise,coam,8,12,21,5,142.87447619047617,142.6917619047619,143.28790476190477,1.2680851390031342,0.15851064237539178,0.008921443484723568,0.157854,0.04802,3.000364,3.217046
B,random_n12_01,min,natural,bitwise,coam,16,12,21,5,248.71390476190476,243.85247619047618,254.67338095238094,0.7351196402368604,0.045944977514803774,0.01208189595490694,0.332838,0.046607,5.222992,5.603109
B,random_n12_01,min,natural,bitwise,coam,32,12,21,5,1302.663761904762,1288.8585714285714,1311.4596666666666,0.14059827023024804,0.004393695944695251,0.036336165852844715,1.570403,0.05208,27.355939,28.978422
B,random_n12_01,min,natural,bitwise,coam,64,12,21,5,3838.2294761904764,3837.201761904762,3902.4101428571425,0.047088108116285186,0.000735751689316956,0.09468777198344469,4.687682,0.048321,80.602819,85.39604
B,random_n12_01,min,natural,bitwise,coam-serial-source,1,12,21,5,173.10490476190478,172.31571428571428,173.45995238095236,1.0,1.0,0.009145261719822884,0.193566,0.049844,3.635203,3.87542
B,random_n12_01,min,natural,proposed,coam,1,12,21,5,49.327666666666666,49.11852380952381,49.33861904761905,1.0,1.0,0.006500082090497017,0.06066,0.050978,1.035881,1.146787
B,random_n12_01,min,natural,proposed,coam,2,12,21,5,67.87138095238095,67.51252380952381,69.30566666666667,0.7269429081196296,0.3634714540598148,0.007304590195417404,0.081498,0.04739,1.425299,1.580909
B,random_n12_01,min,natural,proposed,coam,4,12,21,5,46.40571428571428,46.26728571428572,46.55695238095238,1.0550201698687527,0.26375504246718817,0.00708308070898056,0.062173,0.053774,0.97452,1.098417
B,random_n12_01,min,natural,proposed,coam,8,12,21,5,40.112095238095236,39.827571428571424,40.554095238095236,1.2194362465186845,0.15242953081483557,0.007201271131634712,0.054807,0.053794,0.842354,0.947405
B,random_n12_01,min,natural,proposed,coam,16,12,21,5,42.066857142857145,41.92204761904762,42.67171428571428,1.1627715065813602,0.07267321916133501,0.0075018564239144325,0.061712,0.049103,0.883404,0.994854
B,random_n12_01,min,natural,proposed,coam,32,12,21,5,46.648380952380954,45.638238095238094,46.68947619047619,1.057435770750988,0.033044867835968376,0.007967546582221985,0.071474,0.051547,0.979616,1.099614
B,random_n12_01,min,natural,proposed,coam,64,12,21,5,47.920476190476194,47.84423809523809,48.38785714285714,1.0293651187980086,0.016083829981218885,0.009787583723664284,0.08674,0.048351,1.00633,1.145232
B,random_n12_01,min,natural,proposed,coam-serial-source,1,12,21,5,48.76676190476191,48.743,48.767809523809525,1.0,1.0,0.006496387533843517,0.058997,0.050436,1.024102,1.13414
B,random_n12_01,spectrum,natural,bitwise,coam,1,12,128,5,138.1327890625,136.416796875,138.6999765625,1.0,1.0,0.02332664281129837,0.202768,0.047348,17.680997,17.928704
B,random_n12_01,spectrum,natural,bitwise,coam,2,12,128,5,251.33071875,251.2143203125,251.487328125,0.5518624116157707,0.2759312058078853,0.038454122841358185,0.334192,0.050196,32.170332,32.561255
B,random_n12_01,spectrum,natural,bitwise,coam,4,12,128,5,166.5950625,165.86903125,167.1604453125,0.8297416072516781,0.20743540181291953,0.02838426548987627,0.232075,0.049753,21.324168,21.600806
B,random_n12_01,spectrum,natural,bitwise,coam,8,12,128,5,178.133421875,177.4835859375,178.27140625,0.7724110420941154,0.09655138026176442,0.02978996653109789,0.230672,0.049163,22.801078,23.085639
B,random_n12_01,spectrum,natural,bitwise,coam,16,12,128,5,82.87578125,79.3179375,83.118703125,1.687667052035259,0.10547919075220369,0.0171189671382308,0.321401,0.049344,10.6081,10.986513
B,random_n12_01,spectrum,natural,bitwise,coam,32,12,128,5,83.02440625,82.3647734375,84.2419140625,1.6558795985539287,0.05174623745481027,0.0189658310264349,1.595253,0.049112,10.627124,12.130482
B,random_n12_01,spectrum,natural,bitwise,coam,64,12,128,5,123.93490625,123.876953125,124.2777265625,1.1145591927415526,0.01741498738658676,0.029030485078692436,4.448056,0.048462,15.863668,20.409249
B,random_n12_01,spectrum,natural,bitwise,coam-serial-source,1,12,128,5,131.44621875,130.8826640625,133.6017421875,1.0,1.0,0.022200213745236397,0.206891,0.05198,16.825116,17.080445
B,random_n12_01,spectrum,natural,proposed,coam,1,12,128,5,44.194046875,44.1235078125,44.3617421875,1.0,1.0,0.012998435646295547,1.367196,0.050965,5.656838,7.080284
B,random_n12_01,spectrum,natural,proposed,coam,2,12,128,5,59.82903125,59.8175859375,60.0099453125,0.7416170594689506,0.3708085297344753,0.014949312433600426,1.439081,0.05296,7.658116,9.213703
B,random_n12_01,spectrum,natural,proposed,coam,4,12,128,5,43.808875,43.5935390625,44.0606875,1.0157167812576688,0.2539291953144172,0.013283235020935535,1.348768,0.050525,5.607536,7.024475
B,random_n12_01,spectrum,natural,proposed,coam,8,12,128,5,36.116421875,36.0303828125,36.4475546875,1.2188313747511845,0.15235392184389807,0.012342983856797218,1.303437,0.04751,4.622902,6.005125
B,random_n12_01,spectrum,natural,proposed,coam,16,12,128,5,52.0054921875,51.71021875,52.2827890625,0.8497957622564805,0.05311223514103003,0.015189068391919136,1.541818,0.050496,6.656703,8.249017
B,random_n12_01,spectrum,natural,proposed,coam,32,12,128,5,73.040859375,72.90996875,73.2406484375,0.6056983810753144,0.018928074408603574,0.01891852170228958,2.223992,0.050797,9.34923,11.647076
B,random_n12_01,spectrum,natural,proposed,coam,64,12,128,5,113.4726171875,110.1473046875,113.5637265625,0.3909466731889818,0.006108541768577841,0.02820795588195324,4.941417,0.048783,14.524495,19.174157
B,random_n12_01,spectrum,natural,proposed,coam-serial-source,1,12,128,5,40.925171875,40.5305078125,41.0918359375,1.0,1.0,0.012095291167497635,1.336916,0.051417,5.238422,6.609804
B,random_n16_00,max,natural,bitwise,coam,1,16,512,5,70.08848046875,70.0728046875,70.210392578125,1.0,1.0,0.052252404391765594,1.325508,0.652304,35.885302,37.909799
B,random_n16_00,max,natural,bitwise,coam,2,16,512,5,112.152333984375,110.266298828125,113.59005859375,0.6353997234500391,0.31769986172501957,0.07431816961616278,1.515011,0.665161,57.421995,59.671601
B,random_n16_00,max,natural,bitwise,coam,4,16,512,5,72.7524453125,72.51590625,73.1776015625,0.9663094390067006,0.24157735975167516,0.053615412674844265,0.937253,0.685105,37.249252,38.841457
B,random_n16_00,max,natural,bitwise,coam,8,16,512,5,54.131845703125,54.084744140625,54.225640625,1.295611281904277,0.16195141023803464,0.04282580781728029,0.652946,0.665572,27.715505,29.030383
B,random_n16_00,max,natural,bitwise,coam,16,16,512,5,56.17409375,55.3449140625,56.42835546875,1.2661110035940804,0.07913193772463002,0.04407168738543987,0.539034,0.666308,28.761136,29.971122
B,random_n16_00,max,natural,bitwise,coam,32,16,512,5,55.416259765625,55.404525390625,55.979041015625,1.2647638213978898,0.039523869418684056,0.044616407714784145,0.578033,0.649948,28.373125,29.606159
B,random_n16_00,max,natural,bitwise,coam,64,16,512,5,55.3840234375,55.05296875,55.45989453125,1.2726502743096848,0.019885160536088825,0.04565931111574173,0.609286,0.678186,28.35662,29.6367
B,random_n16_00,max,natural,bitwise,coam-serial-source,1,16,512,5,89.12226953125,89.096078125,89.3491484375,1.0,1.0,0.06152790226042271,1.339765,0.659202,45.630602,47.63991
B,random_n16_00,max,natural,proposed,coam,1,16,512,5,2.128740234375,2.122248046875,2.132111328125,1.0,1.0,0.016917366534471512,1.282057,0.653047,1.089915,3.025019
B,random_n16_00,max,natural,proposed,coam,2,16,512,5,2.127603515625,2.121494140625,2.1388046875,0.9984785676083667,0.49923928380418336,0.0172578077763319,1.440034,0.65256,1.089333,3.187646
B,random_n16_00,max,natural,proposed,coam,4,16,512,5,2.11615625,2.10837890625,2.12161328125,1.0044088429269669,0.2511022107317417,0.01651026774197817,0.860637,0.657166,1.083472,2.602598
B,random_n16_00,max,natural,proposed,coam,8,16,512,5,2.11669921875,2.1154296875,2.13680859375,1.0026214532871973,0.12532768166089966,0.01591952983289957,0.577312,0.678317,1.08375,2.346967
B,random_n16_00,max,natural,proposed,coam,16,16,512,5,2.16478125,2.15529296875,2.165779296875,0.9833511974362306,0.06145944983976441,0.015795627608895302,0.471648,0.664243,1.108368,2.236207
B,random_n16_00,max,natural,proposed,coam,32,16,512,5,2.232986328125,2.211041015625,2.236,0.9504079895809371,0.029700249674404284,0.01732474099844694,0.511119,0.651364,1.143289,2.304469
B,random_n16_00,max,natural,proposed,coam,64,16,512,5,2.275060546875,2.26216796875,2.289892578125,0.9291974543946718,0.014518710224916747,0.01820460520684719,0.53599,0.676689,1.164831,2.37751
B,random_n16_00,max,natural,proposed,coam-serial-source,1,16,512,5,2.41610546875,2.405533203125,2.419703125,1.0,1.0,0.016658728010952473,1.263456,0.655905,1.237046,3.174297
B,random_n16_00,min,natural,bitwise,coam,1,16,1,5,29936.256,29931.314,29983.318,1.0,1.0,0.07520573772490025,30.343489,0.663121,29.936256,60.992116
B,random_n16_00,min,natural,bitwise,coam,2,16,1,5,23727.205,23718.911,23733.252,1.2619220788682275,0.6309610394341137,0.07652621064335108,38.997158,0.67438,23.727205,63.445129
B,random_n16_00,min,natural,bitwise,coam,4,16,1,5,22206.231,22084.219,22491.355,1.3478790705185404,0.3369697676296351,0.062077551148831844,25.993182,0.642212,22.206231,48.958054
B,random_n16_00,min,natural,bitwise,coam,8,16,1,5,13311.143,13285.556,13368.148,2.2519768084978904,0.2814971010622363,0.041194877587258816,13.587673,0.672311,13.311143,27.578017
B,random_n16_00,min,natural,bitwise,coam,16,16,1,5,7340.754,7329.397,7344.764,4.077416843010949,0.25483855268818434,0.03011862002313137,7.593584,0.670517,7.340754,15.588985
B,random_n16_00,min,natural,bitwise,coam,32,16,1,5,4694.438,4689.539,4714.617,6.379894484297924,0.19937170263431012,0.02484618965536356,5.161232,0.661245,4.694438,10.474274
B,random_n16_00,min,natural,bitwise,coam,64,16,1,5,5479.806,5425.106,5595.676,5.473584101334974,0.08552475158335897,0.029143516905605793,6.321383,0.686825,5.479806,12.482924
B,random_n16_00,min,natural,bitwise,coam-serial-source,1,16,1,5,27391.377,27303.483,28185.693,1.0,1.0,0.06972042564302683,27.615925,0.652666,27.391377,55.630006
B,random_n16_00,min,natural,proposed,coam,1,16,1,5,1072.996,1066.388,1077.116,1.0,1.0,0.0166419530287385,1.310251,0.655994,1.072996,3.033915
B,random_n16_00,min,natural,proposed,coam,2,16,1,5,1238.779,1228.446,1296.573,0.8559517072859647,0.42797585364298235,0.017593770287930965,1.47938,0.65026,1.238779,3.404716
B,random_n16_00,min,natural,proposed,coam,4,16,1,5,656.721,654.792,659.688,1.638309181057859,0.40957729526446474,0.01606079190969467,0.899826,0.654977,0.656721,2.226942
B,random_n16_00,min,natural,proposed,coam,8,16,1,5,366.646,366.506,369.1,2.9044465079586823,0.3630558134948353,0.01547180861234665,0.619167,0.65055,0.366646,1.641512
B,random_n16_00,min,natural,proposed,coam,16,16,1,5,258.083,257.182,261.094,4.131957548540586,0.25824734678378664,0.0149993896484375,0.498404,0.65268,0.258083,1.423342
B,random_n16_00,min,natural,proposed,coam,32,16,1,5,278.282,278.011,284.301,3.8140037624410543,0.11918761757628295,0.01610206440091133,0.558077,0.677923,0.278282,1.517239
B,random_n16_00,min,natural,proposed,coam,64,16,1,5,282.792,281.69,291.002,3.7495226173300518,0.05858629089578206,0.016990307718515396,0.583697,0.657146,0.282792,1.540782
B,random_n16_00,min,natural,proposed,coam-serial-source,1,16,1,5,1063.995,1063.012,1070.301,1.0,1.0,0.01685190573334694,1.300161,0.661596,1.063995,3.046941
B,random_n16_00,spectrum,natural,bitwise,coam,1,16,128,5,28482.992875,28470.2929765625,28543.0386640625,1.0,1.0,3.6907712323591113,29.846819,0.661568,3645.823088,3676.32956
B,random_n16_00,spectrum,natural,bitwise,coam,2,16,128,5,23225.888515625,23225.5094375,23231.098546875,1.2263467490528224,0.6131733745264112,3.02609692979604,39.197906,0.655022,2972.91373,3012.645055
B,random_n16_00,spectrum,natural,bitwise,coam,4,16,128,5,11834.26828125,11828.0884375,11840.575796875,2.408080817581391,0.6020202043953478,1.5553156426176429,26.199794,0.668821,1514.78634,1541.696032
B,random_n16_00,spectrum,natural,bitwise,coam,8,16,128,5,6074.7850078125,6073.6199453125,6076.3271015625,4.690650385654115,0.5863312982067643,0.8052630862221122,13.712663,0.641671,777.572481,791.904667
B,random_n16_00,spectrum,natural,bitwise,coam,16,16,128,5,3693.2954921875,3677.627203125,3694.0758359375,7.726706199798064,0.482919137487379,0.4940021997317672,7.58546,0.68006,472.741823,480.94977
B,random_n16_00,spectrum,natural,bitwise,coam,32,16,128,5,4456.6563046875,4449.0429140625,4459.7000546875,6.391112737377046,0.1997222730430327,0.5910508455708623,5.289087,0.669293,570.452007,576.418842
B,random_n16_00,spectrum,natural,bitwise,coam,64,16,128,5,5356.267203125,5309.7141328125,5363.599421875,5.3619257580411555,0.08378008996939305,0.7091672355309129,6.514397,0.684838,685.602202,692.783887
B,random_n16_00,spectrum,natural,bitwise,coam-serial-source,1,16,128,5,26493.1280078125,25447.828109375,29079.483078125,1.0,1.0,3.4335479540750384,27.857376,0.660154,3391.120385,3419.668554
B,random_n16_00,spectrum,natural,proposed,coam,1,16,128,5,10681.7647578125,10661.766671875,10845.4506171875,1.0,1.0,1.7620596764609218,331.093173,0.653067,1367.265889,1704.38254
B,random_n16_00,spectrum,natural,proposed,coam,2,16,128,5,5697.238953125,5691.17153125,5701.47653125,1.8724987901038803,0.9362493950519402,1.1153188198804855,329.493621,0.67572,729.246586,1060.338268
B,random_n16_00,spectrum,natural,proposed,coam,4,16,128,5,3351.226046875,3346.7198046875,3370.0480859375,3.1917117001702238,0.7979279250425559,0.7901319591328502,305.110941,0.657201,428.956934,734.144343
B,random_n16_00,spectrum,natural,proposed,coam,8,16,128,5,2789.11578125,2789.0961015625,2789.1266015625,3.829803276587265,0.47872540957340814,0.7173263160511851,303.57193,0.678896,357.00682,661.323148
B,random_n16_00,spectrum,natural,proposed,coam,16,16,128,5,2631.9040703125,2631.3873125,2632.5725859375,4.0548116770718545,0.2534257298169909,0.6976297916844487,303.591201,0.671299,336.883721,641.231368
B,random_n16_00,spectrum,natural,proposed,coam,32,16,128,5,1204.8638671875,1204.10084375,1206.53990625,8.866452407482441,0.2770766377338263,0.5079009644687176,293.874653,0.667671,154.222575,448.738626
B,random_n16_00,spectrum,natural,proposed,coam,64,16,128,5,618.1236015625,618.024078125,618.4636484375,17.32215981101404,0.27065874704709436,0.43000328540802,291.23726,0.678085,79.119821,370.530894
B,random_n16_00,spectrum,natural,proposed,coam-serial-source,1,16,128,5,10466.32525,10460.5793984375,10471.2154453125,1.0,1.0,1.7281392933800817,330.791552,0.667277,1339.689632,1671.774406
B,random_n16_01,max,natural,bitwise,coam,1,16,512,5,70.112486328125,70.017626953125,70.187322265625,1.0,1.0,0.05149757955223322,1.320615,0.649944,35.897593,37.839063
B,random_n16_01,max,natural,bitwise,coam,2,16,512,5,112.588341796875,110.51933984375,113.34971484375,0.6273305765744959,0.31366528828724793,0.07340704649686813,1.499819,0.671223,57.645231,59.15888
B,random_n16_01,max,natural,bitwise,coam,4,16,512,5,72.832703125,72.683080078125,72.945443359375,0.9626511624564257,0.24066279061410642,0.05318490508943796,0.939897,0.665494,37.290344,38.876861
B,random_n16_01,max,natural,bitwise,coam,8,16,512,5,54.09319140625,54.075677734375,54.101685546875,1.2958094105955924,0.16197617632444905,0.04308466427028179,0.656263,0.652323,27.695714,29.02966
B,random_n16_01,max,natural,bitwise,coam,16,16,512,5,55.919080078125,55.83060546875,56.43744921875,1.2525415712358148,0.07828384820223842,0.04380292072892189,0.558274,0.669945,28.630569,29.859246
B,random_n16_01,max,natural,bitwise,coam,32,16,512,5,55.730287109375,55.655208984375,56.27284765625,1.2580606241687493,0.039314394505273416,0.04494519717991352,0.578565,0.681923,28.533907,29.795577
B,random_n16_01,max,natural,bitwise,coam,64,16,512,5,55.71858984375,55.62003125,56.0718515625,1.261907278515328,0.019717301226802,0.04562793206423521,0.591235,0.709948,28.527918,29.78035
B,random_n16_01,max,natural,bitwise,coam-serial-source,1,16,512,5,89.124408203125,89.12392578125,89.527443359375,1.0,1.0,0.0617465004324913,1.34048,0.650267,45.631697,47.737116
B,random_n16_01,max,natural,proposed,coam,1,16,512,5,2.233724609375,2.223958984375,2.247099609375,1.0,1.0,0.016920008696615696,1.278555,0.650879,1.143667,3.068101
B,random_n16_01,max,natural,proposed,coam,2,16,512,5,2.231751953125,2.225625,2.25326171875,1.003639251614715,0.5018196258073575,0.017550484277307987,1.436877,0.686083,1.142657,3.26642
B,random_n16_01,max,natural,proposed,coam,4,16,512,5,2.270162109375,2.256732421875,2.3116796875,0.9898048114712314,0.24745120286780786,0.017045414075255394,0.873324,0.66727,1.162323,2.715343
B,random_n16_01,max,natural,proposed,coam,8,16,512,5,2.25198828125,2.246841796875,2.25962109375,0.9898155657724428,0.12372694572155535,0.01629694178700447,0.584334,0.649398,1.153018,2.408679
B,random_n16_01,max,natural,proposed,coam,16,16,512,5,2.2849375,2.28296484375,2.285509765625,0.9784314530686693,0.06115196581679183,0.01618270669132471,0.457888,0.664162,1.169888,2.296411
B,random_n16_01,max,natural,proposed,coam,32,16,512,5,2.339384765625,2.337931640625,2.343830078125,0.9570358478245499,0.029907370244517183,0.017431379295885563,0.505991,0.656951,1.197765,2.357101
B,random_n16_01,max,natural,proposed,coam,64,16,512,5,2.437037109375,2.429474609375,2.473986328125,0.9220621223742008,0.014407220662096888,0.01826886646449566,0.529251,0.668964,1.247763,2.462539
B,random_n16_01,max,natural,proposed,coam-serial-source,1,16,512,5,2.54278125,2.530267578125,2.55026171875,1.0,1.0,0.017246530391275883,1.2604,0.662369,1.301904,3.222501
B,random_n16_01,min,natural,bitwise,coam,1,16,1,5,29932.113,29875.612,29962.693,1.0,1.0,0.07485667429864407,30.252399,0.657207,29.932113,60.875474
B,random_n16_01,min,natural,bitwise,coam,2,16,1,5,23697.813,23693.59,23708.713,1.2629522319873507,0.6314761159936754,0.07764711789786816,40.314629,0.647855,23.697813,64.635773
B,random_n16_01,min,natural,bitwise,coam,4,16,1,5,22523.593,22172.173,22731.146,1.3289226545693664,0.3322306636423416,0.06288590747863054,26.074437,0.654294,22.523593,49.151933
B,random_n16_01,min,natural,bitwise,coam,8,16,1,5,13335.721,13284.707,13360.726,2.2470377117217732,0.28087971396522166,0.04148881882429123,13.608151,0.662475,13.335721,27.59977
B,random_n16_01,min,natural,bitwise,coam,16,16,1,5,7339.44,7330.357,7343.387,4.076063674704874,0.2547539796690546,0.029722411185503006,7.563923,0.653128,7.33944,15.563137
B,random_n16_01,min,natural,bitwise,coam,32,16,1,5,4735.624,4711.526,4736.152,6.327049469696074,0.1977202959280023,0.02572258748114109,5.168728,0.670395,4.735624,10.534843
B,random_n16_01,min,natural,bitwise,coam,64,16,1,5,5432.089,5398.48,5440.699,5.515869309210508,0.08618545795641419,0.028843686915934086,6.397869,0.657357,5.432089,12.537056
B,random_n16_01,min,natural,bitwise,coam-serial-source,1,16,1,5,28627.181,27950.053,28810.245,1.0,1.0,0.07190523762255907,28.724846,0.666608,28.627181,57.998078
B,random_n16_01,min,natural,proposed,coam,1,16,1,5,1069.577,1063.665,1071.293,1.0,1.0,0.017428822815418243,1.311041,0.652256,1.069577,3.038582
B,random_n16_01,min,natural,proposed,coam,2,16,1,5,1233.877,1231.362,1234.48,0.8668424810576743,0.4334212405288371,0.017580929212272167,1.473261,0.65424,1.233877,3.358863
B,random_n16_01,min,natural,proposed,coam,4,16,1,5,660.915,648.142,662.954,1.6044325850662338,0.40110814626655844,0.015910197980701923,0.897459,0.658109,0.660915,2.21696
B,random_n16_01,min,natural,proposed,coam,8,16,1,5,367.137,366.158,368.189,2.909627935652613,0.36370349195657664,0.01534506119787693,0.609454,0.654731,0.367137,1.631235
B,random_n16_01,min,natural,proposed,coam,16,16,1,5,255.642,254.357,256.945,4.184560898246707,0.26153505614041916,0.015440376475453377,0.503171,0.654818,0.255642,1.412131
B,random_n16_01,min,natural,proposed,coam,32,16,1,5,282.743,272.49,283.092,3.788928461535741,0.11840401442299191,0.016575710847973824,0.545036,0.657445,0.282743,1.49347
B,random_n16_01,min,natural,proposed,coam,64,16,1,5,285.131,281.369,300.133,3.751177528925301,0.05861214888945783,0.017259638756513596,0.562389,0.669655,0.285131,1.520813
B,random_n16_01,min,natural,proposed,coam-serial-source,1,16,1,5,1061.87,1059.874,1062.11,1.0,1.0,0.016811163164675236,1.298084,0.661706,1.06187,3.022718
B,random_n16_01,spectrum,natural,bitwise,coam,1,16,128,5,28619.5283046875,28581.2374453125,29767.271921875,1.0,1.0,3.7079413644969463,29.908221,0.678997,3663.299623,3693.844973
B,random_n16_01,spectrum,natural,bitwise,coam,2,16,128,5,23226.9595703125,23225.5940703125,23227.8911796875,1.231158891438999,0.6155794457194995,3.026508611626923,39.419355,0.651793,2973.050825,3013.539493
B,random_n16_01,spectrum,natural,bitwise,coam,4,16,128,5,11849.040875,11848.3721875,11849.686296875,2.418751254925835,0.6046878137314587,1.5570916449651122,26.148739,0.653975,1516.677232,1543.56256
B,random_n16_01,spectrum,natural,bitwise,coam,8,16,128,5,6074.897578125,6074.89478125,6075.28884375,4.718740249998403,0.5898425312498004,0.8054862814024091,13.613487,0.662146,777.58689,791.856203
B,random_n16_01,spectrum,natural,bitwise,coam,16,16,128,5,3676.89815625,3664.9575390625,3694.5093125,7.847523069498736,0.490470191843671,0.49267008528113365,7.58457,0.66069,470.642964,478.872812
B,random_n16_01,spectrum,natural,bitwise,coam,32,16,128,5,4474.855421875,4470.4452109375,4500.832984375,6.401941407237531,0.20006066897617283,0.5931583754718304,5.144248,0.670147,572.781494,578.611173
B,random_n16_01,spectrum,natural,bitwise,coam,64,16,128,5,5352.6356171875,5346.3860703125,5361.928859375,5.42784568746591,0.08481008886665484,0.7091912692412734,6.433568,0.689238,685.137359,692.067922
B,random_n16_01,spectrum,natural,bitwise,coam-serial-source,1,16,128,5,26691.3358515625,26456.5168671875,30107.219796875,1.0,1.0,3.45903442427516,27.951614,0.664802,3416.490989,3445.107405
B,random_n16_01,spectrum,natural,proposed,coam,1,16,128,5,11400.7673515625,11393.6071640625,11401.686203125,1.0,1.0,1.8553508566692472,335.744735,0.656849,1459.298221,1795.785305
B,random_n16_01,spectrum,natural,proposed,coam,2,16,128,5,6108.040234375,6106.6871328125,6137.249546875,1.8670820946207263,0.9335410473103631,1.1708695208653808,330.48036,0.653144,781.82915,1112.962654
B,random_n16_01,spectrum,natural,proposed,coam,4,16,128,5,3638.1959609375,3634.2148515625,3643.3306171875,3.130560303859993,0.7826400759649983,0.8295935858041048,305.545087,0.644773,465.689083,771.764675
B,random_n16_01,spectrum,natural,proposed,coam,8,16,128,5,3006.249390625,3005.927359375,3007.6986953125,3.7924264684042526,0.47405330855053157,0.7430699663236737,301.404202,0.651241,384.799922,686.606529
B,random_n16_01,spectrum,natural,proposed,coam,16,16,128,5,2864.53375,2863.86240625,2865.1528203125,3.977473529178178,0.24859209557363612,0.7301837196573615,303.905845,0.663517,366.66032,670.920677
B,random_n16_01,spectrum,natural,proposed,coam,32,16,128,5,1331.293921875,1331.12615625,1334.2081875,8.559374414338123,0.26748045044806634,0.5222811996936798,293.019501,0.645841,170.405622,464.126221
B,random_n16_01,spectrum,natural,proposed,coam,64,16,128,5,683.2383359375,679.487546875,683.4879375,16.68771437931724,0.26074553717683185,0.43798511754721403,291.385656,0.672773,87.454507,378.681337
B,random_n16_01,spectrum,natural,proposed,coam-serial-source,1,16,128,5,11216.461140625,11212.1029375,11223.87265625,1.0,1.0,1.8257592134177685,329.065768,0.676311,1435.707026,1767.30613
search,AES,max,natural,bitwise,coam,1,8,32640,5,0.2982238357843137,0.2959896139705882,0.30249923406862744,1.0,1.0,0.0147585179656744,0.005573,0.013,9.734026,9.751958
search,AES,max,natural,bitwise,coam,8,8,32640,5,0.3023142769607843,0.2965804227941176,0.308730300245098,0.9864695732613343,0.12330869665766679,0.015665859915316105,0.005633,0.010725,9.867538,9.882984
search,AES,max,natural,bitwise,coam,32,8,32640,5,0.2972066482843137,0.2965318627450981,0.29757931985294117,0.99484817012986,0.031089005316558126,0.016256186179816723,0.012409,0.013571,9.700825,9.73305
search,AES,max,natural,peigen,coam,1,8,32640,5,0.808002175245098,0.8073906862745098,0.8097263786764707,1.0,1.0,0.03125734440982342,0.010453,0.012809,26.373191,26.407839
search,AES,max,natural,proposed,coam,1,8,32640,5,0.1152985906862745,0.11528694852941176,0.11554558823529412,1.0,1.0,0.00879736989736557,0.00428,0.01292,3.763346,3.780835
search,AES,max,natural,proposed,coam,8,8,32640,5,0.1174576286764706,0.11520965073529411,0.12134629289215687,0.9814117366582703,0.12267646708228379,0.009474972262978554,0.009753,0.023705,3.833817,3.867685
search,AES,max,natural,proposed,coam,32,8,32640,5,0.115228125,0.1150169424019608,0.11531792279411765,1.0022694081286894,0.03132091900402154,0.01009434461593628,0.011937,0.01288,3.761046,3.785682
search,AES,min,natural,bitwise,coam,1,8,32640,5,2.230495588235294,2.222157506127451,2.2385086090686275,1.0,1.0,0.07849185913801193,0.007477,0.013421,72.803376,72.825737
search,AES,min,natural,bitwise,coam,8,8,32640,5,2.2444427083333336,2.2433734987745098,2.25334537377451,0.9943725334665295,0.12429656668331619,0.07927571423351765,0.00855,0.010684,73.25861,73.277232
search,AES,min,natural,bitwise,coam,32,8,32640,5,2.2514020526960783,2.251226593137255,2.2657306066176472,0.9861914738310689,0.030818483557220902,0.08098723273724318,0.014814,0.01314,73.485763,73.513116
search,AES,min,natural,peigen,coam,1,8,32640,5,3.2253181066176473,3.221676256127451,3.2269955882352943,1.0,1.0,0.11067522037774324,0.014383,0.012809,105.274383,105.302367
search,AES,min,natural,proposed,coam,1,8,32640,5,0.4909762254901961,0.4892982843137255,0.4911025735294118,1.0,1.0,0.020163788460195065,0.005643,0.013421,16.025464,16.04763
search,AES,min,natural,proposed,coam,8,8,32640,5,0.49609151348039215,0.4940246629901961,0.49865088848039213,0.9864108852329292,0.12330136065411615,0.022475676611065865,0.011818,0.024386,16.192427,16.22848
search,AES,min,natural,proposed,coam,32,8,32640,5,0.48853547794117647,0.48781329656862743,0.49041792279411767,1.0014602098176444,0.03129563155680139,0.02344124112278223,0.012709,0.01316,15.945798,15.975445
search,AES,spectrum,natural,bitwise,coam,1,8,32640,5,2.516566237745098,2.485607843137255,2.5167054227941175,1.0,1.0,0.08693717792630196,0.014153,0.02608,82.140722,82.165662
search,AES,spectrum,natural,bitwise,coam,8,8,32640,5,2.479524111519608,2.4734125919117647,2.482795006127451,1.0078168305207345,0.1259771038150918,0.08671417087316513,0.007848,0.011577,80.931667,80.950481
search,AES,spectrum,natural,bitwise,coam,32,8,32640,5,2.468867218137255,2.4681609681372545,2.484375796568627,1.0193765806056416,0.0318555181439263,0.08720281533896923,0.015335,0.013281,80.583826,80.613544
search,AES,spectrum,natural,peigen,coam,1,8,32640,5,3.4986214460784315,3.4881504901960785,3.5043605392156865,1.0,1.0,0.11971890926361084,0.016308,0.025228,114.195004,114.222808
search,AES,spectrum,natural,proposed,coam,1,8,32640,5,1.5825804227941176,1.5516166973039214,1.59223131127451,1.0,1.0,0.05729108024388552,0.0131,0.014163,51.655425,51.706062
search,AES,spectrum,natural,proposed,coam,8,8,32640,5,1.5156708639705883,1.5127998161764706,1.5201751838235293,1.0387074238526444,0.12983842798158055,0.05523323640227318,0.01301,0.011547,49.471497,49.495231
search,AES,spectrum,natural,proposed,coam,32,8,32640,5,1.524360968137255,1.5187960171568626,1.5827431066176472,1.0434385204840213,0.032607453765125666,0.05646470841020346,0.018784,0.01289,49.755142,49.787346
search,CLEFIA_S0,max,natural,bitwise,coam,1,8,32641,5,0.30936647161545294,0.3084456664930609,0.31399981618210226,1.0,1.0,0.014703293330967426,0.005092,0.013571,10.098031,10.116444
search,CLEFIA_S0,max,natural,bitwise,coam,8,8,32641,5,0.31995223798290495,0.3194817254373334,0.3214064520082105,0.9683385526729773,0.12104231908412216,0.016051492653787136,0.005884,0.011536,10.443561,10.47807
search,CLEFIA_S0,max,natural,bitwise,coam,32,8,32641,5,0.3096223154927852,0.3091869428019975,0.3099844980239576,1.000195708227842,0.031256115882120065,0.016795887611806393,0.012138,0.013101,10.106382,10.131399
search,CLEFIA_S0,max,natural,peigen,coam,1,8,32641,5,0.8265379737140406,0.8255519745105848,0.8328440611500874,1.0,1.0,0.03231075592339039,0.013571,0.013922,26.979026,27.003231
search,CLEFIA_S0,max,natural,proposed,coam,1,8,32641,5,0.10155215832848258,0.10021567966667688,0.10158380564320946,1.0,1.0,0.008718188852071762,0.004811,0.013953,3.314764,3.332184
search,CLEFIA_S0,max,natural,proposed,coam,8,8,32641,5,0.1007823902453969,0.10053248981342483,0.10099681382310591,1.0104574733176879,0.12630718416471098,0.00877020787447691,0.004721,0.011186,3.289638,3.305033
search,CLEFIA_S0,max,natural,proposed,coam,32,8,32641,5,0.10035443154315125,0.10027692166293925,0.10036276462118195,1.0119349665671349,0.031622967705222965,0.009963265620172024,0.011707,0.013351,3.275669,3.300396
search,CLEFIA_S0,min,natural,bitwise,coam,1,8,32640,5,2.653664460784314,2.636168351715686,2.712108731617647,1.0,1.0,0.09206878114491701,0.007747,0.013521,86.615608,86.636676
search,CLEFIA_S0,min,natural,bitwise,coam,8,8,32640,5,2.664175582107843,2.6257867340686274,2.6957549019607847,1.0168794463509194,0.12710993079386493,0.09328803606331348,0.00833,0.011166,86.958691,86.978737
search,CLEFIA_S0,min,natural,bitwise,coam,32,8,32640,5,2.6864314644607843,2.678691176470588,2.703147579656863,1.005935877960549,0.031435496186267155,0.09519751369953156,0.015665,0.013822,87.685123,87.713848
search,CLEFIA_S0,min,natural,peigen,coam,1,8,32640,5,4.663498161764706,4.663360447303921,4.665952634803921,1.0,1.0,0.15756386797875166,0.019184,0.01306,152.21658,152.265287
search,CLEFIA_S0,min,natural,proposed,coam,1,8,32640,5,0.5450176164215687,0.5424030637254902,0.5450558823529411,1.0,1.0,0.022566390223801136,0.009993,0.02624,17.789375,17.825608
search,CLEFIA_S0,min,natural,proposed,coam,8,8,32640,5,0.5419130821078432,0.5412327818627451,0.5449295955882353,1.003122059334913,0.12539025741686413,0.023887651041150093,0.007598,0.011246,17.688043,17.704891
search,CLEFIA_S0,min,natural,proposed,coam,32,8,32640,5,0.5426854166666667,0.5421208026960784,0.5428379595588235,1.0005206607604948,0.031266270648765464,0.024050681851804256,0.012879,0.01318,17.713252,17.73906
search,CLEFIA_S0,spectrum,natural,bitwise,coam,1,8,32899,5,2.532058421228609,2.5297590808231254,2.53661150794857,1.0,1.0,0.08772330824285746,0.00864,0.014052,83.30219,83.324091
search,CLEFIA_S0,spectrum,natural,bitwise,coam,8,8,32899,5,2.5170434663667587,2.5137753123195234,2.558532326210523,1.0037214177394662,0.12546517721743328,0.08898840378969908,0.018061,0.024326,82.808213,82.851032
search,CLEFIA_S0,spectrum,natural,bitwise,coam,32,8,32899,5,2.5222077266786225,2.5187338824888292,2.542691358399951,1.0043772779692794,0.03138678993653998,0.08981880731880665,0.017009,0.013802,82.978112,83.006347
search,CLEFIA_S0,spectrum,natural,peigen,coam,1,8,32899,5,3.4251783640840148,3.421284598316058,3.4332611933493418,1.0,1.0,0.11800962220877409,0.016548,0.01315,112.684943,112.715534
search,CLEFIA_S0,spectrum,natural,proposed,coam,1,8,32899,5,1.638089577190796,1.6197747347943707,1.687183409830086,1.0,1.0,0.05918643344193697,0.012758,0.013862,53.891509,53.942827
search,CLEFIA_S0,spectrum,natural,proposed,coam,8,8,32899,5,1.641127572266634,1.6228909085382535,1.6755350618559834,0.9990103625756016,0.1248762953219502,0.06026471871882677,0.013711,0.01306,53.991456,54.016333
search,CLEFIA_S0,spectrum,natural,proposed,coam,32,8,32899,5,1.6218858931882427,1.6134390407003252,1.6701022523480955,1.0074763929159594,0.03148363727862373,0.0603723730891943,0.019575,0.013331,53.358424,53.390829
search,CLEFIA_S1,max,natural,bitwise,coam,1,8,32640,5,0.2910064031862745,0.29049436274509804,0.2913659926470588,1.0,1.0,0.014379358850419521,0.004962,0.014413,9.498449,9.516381
search,CLEFIA_S1,max,natural,bitwise,coam,8,8,32640,5,0.2976063419117647,0.2940838848039216,0.3033830882352941,0.9761027297974206,0.12201284122467758,0.015856667421758175,0.010493,0.024266,9.713871,9.74802
search,CLEFIA_S1,max,natural,bitwise,coam,32,8,32640,5,0.29051314338235296,0.2897280637254902,0.29072233455882357,1.0044122044801138,0.03138788139000356,0.016157126985490322,0.012389,0.01302,9.482349,9.507817
search,CLEFIA_S1,max,natural,peigen,coam,1,8,32640,5,0.8153557904411766,0.8132986519607843,0.8172234375,1.0,1.0,0.03157637268304825,0.015094,0.02622,26.613213,26.63377
search,CLEFIA_S1,max,natural,proposed,coam,1,8,32640,5,0.11286038602941177,0.11268219975490196,0.1136626225490196,1.0,1.0,0.008246047422289848,0.00439,0.01344,3.683763,3.702215
search,CLEFIA_S1,max,natural,proposed,coam,8,8,32640,5,0.11359718137254901,0.11299335171568628,0.11400575980392157,0.9972462808115717,0.12465578510144647,0.009007487446069717,0.009733,0.024056,3.707812,3.743293
search,CLEFIA_S1,max,natural,proposed,coam,32,8,32640,5,0.1128185968137255,0.11278376225490196,0.11293786764705882,1.000370410702371,0.03126157533444909,0.010403433814644814,0.011416,0.01319,3.682399,3.708174
search,CLEFIA_S1,min,natural,bitwise,coam,1,8,32640,5,2.2930874387254905,2.2895839154411766,2.3299514399509804,1.0,1.0,0.07952455803751945,0.008169,0.013592,74.846374,74.886867
search,CLEFIA_S1,min,natural,bitwise,coam,8,8,32640,5,2.313439093137255,2.309988449754902,2.3482730392156865,0.9921978411544403,0.12402473014430504,0.08148508332669735,0.007787,0.011055,75.510652,75.529345
search,CLEFIA_S1,min,natural,bitwise,coam,32,8,32640,5,2.320368504901961,2.2990191789215686,2.341387101715686,0.9958959613878393,0.03112174879336998,0.08228138461709023,0.015586,0.013231,75.736828,75.765394
search,CLEFIA_S1,min,natural,peigen,coam,1,8,32640,5,2.835693964460784,2.833970404411765,2.8406096507352943,1.0,1.0,0.09771398082375526,0.01295,0.013411,92.557051,92.58244
search,CLEFIA_S1,min,natural,proposed,coam,1,8,32640,5,0.46220566789215684,0.46218618259803923,0.4638150735294118,1.0,1.0,0.020157597959041595,0.006334,0.013842,15.086393,15.104826
search,CLEFIA_S1,min,natural,proposed,coam,8,8,32640,5,0.4694675551470588,0.4629011029411765,0.46971838235294117,0.9879598034929667,0.12349497543662084,0.02079176716506481,0.006285,0.010855,15.323421,15.340561
search,CLEFIA_S1,min,natural,proposed,coam,32,8,32640,5,0.46653627450980395,0.4627292892156863,0.4678571384803922,0.9927846878534715,0.031024521495420985,0.021739104762673378,0.012639,0.01305,15.227744,15.252962
search,CLEFIA_S1,spectrum,natural,bitwise,coam,1,8,32640,5,2.5298207720588235,2.517002175245098,2.530622794117647,1.0,1.0,0.08779622241854668,0.008509,0.013631,82.57335,82.594979
search,CLEFIA_S1,spectrum,natural,bitwise,coam,8,8,32640,5,2.522135049019608,2.5210135110294116,2.536493841911765,0.9953966891768383,0.12442458614710479,0.08845710940659046,0.00838,0.010985,82.322488,82.363272
search,CLEFIA_S1,spectrum,natural,bitwise,coam,32,8,32640,5,2.530811488970588,2.5185819546568626,2.5528048713235294,0.9999254409687314,0.031247670030272855,0.08933711145073175,0.016347,0.013471,82.605687,82.637249
search,CLEFIA_S1,spectrum,natural,peigen,coam,1,8,32640,5,3.0918240196078433,3.0887495710784316,3.0976496017156863,1.0,1.0,0.10635548084974289,0.017159,0.015185,100.917136,100.948588
search,CLEFIA_S1,spectrum,natural,proposed,coam,1,8,32640,5,1.5074147977941177,1.4960731924019608,1.522104963235294,1.0,1.0,0.0544727947562933,0.012339,0.013612,49.202019,49.227077
search,CLEFIA_S1,spectrum,natural,proposed,coam,8,8,32640,5,1.5123179534313727,1.5047034620098039,1.5336866115196077,1.0071827827499396,0.12589784784374244,0.05590043682605028,0.027203,0.024045,49.362058,49.412915
search,CLEFIA_S1,spectrum,natural,proposed,coam,32,8,32640,5,1.4988768688725491,1.4882898897058825,1.527109068627451,1.0056962176806363,0.031428006802519885,0.05628686025738716,0.018943,0.01318,48.923341,48.955414
search,identity_n08,max,natural,bitwise,coam,1,8,32641,5,0.33328926809840387,0.33328482583254193,0.3341044392022303,1.0,1.0,0.015950077213346958,0.005212,0.013461,10.878895,10.896826
search,identity_n08,max,natural,bitwise,coam,8,8,32641,5,0.33754557152048037,0.33192199993872734,0.3380554210961674,1.0000136603624095,0.12500170754530118,0.017071896232664585,0.010284,0.023985,11.017825,11.052766
search,identity_n08,max,natural,bitwise,coam,32,8,32641,5,0.333261113323734,0.33301862688030387,0.3334556539321712,1.0000711529424224,0.0312522235294507,0.01771880965679884,0.012679,0.012869,10.877976,10.903003
search,identity_n08,max,natural,peigen,coam,1,8,32641,5,1.3965637694923563,1.3954377010508257,1.3986091725130971,1.0,1.0,0.05027560144662857,0.013852,0.01288,45.585238,45.612531
search,identity_n08,max,natural,proposed,coam,1,8,32641,5,0.06031141815508104,0.06031016206611317,0.06140583928188475,1.0,1.0,0.007111857645213604,0.005493,0.014143,1.968625,1.989363
search,identity_n08,max,natural,proposed,coam,8,8,32641,5,0.06132520449741123,0.060342667197696154,0.0647912441408045,0.9834482014431618,0.12293102518039523,0.007942385971546173,0.005273,0.010894,2.001716,2.017883
search,identity_n08,max,natural,proposed,coam,32,8,32641,5,0.06051980637848105,0.06045170184736987,0.06068845929965381,0.9976794087180039,0.03117748152243762,0.008841106668114662,0.012118,0.01309,1.975427,2.001126
search,identity_n08,min,natural,bitwise,coam,1,8,32640,5,4.295405821078432,4.278622549019608,4.343270006127451,1.0,1.0,0.14533181488513947,0.012157,0.014212,140.202046,140.227555
search,identity_n08,min,natural,bitwise,coam,8,8,32640,5,4.331263756127451,4.234353155637255,4.361875612745098,1.007344122974891,0.12591801537186137,0.14724025689065456,0.022892,0.023635,141.372449,141.411108
search,identity_n08,min,natural,bitwise,coam,32,8,32640,5,4.308662132352942,4.283081127450981,4.361592218137255,0.9989590254541767,0.031217469545443022,0.14742510952055454,0.017921,0.01291,140.634732,140.667858
search,identity_n08,min,natural,peigen,coam,1,8,32640,5,24.864255606617647,24.839690747549017,24.86878419117647,1.0,1.0,0.8166661951690912,0.063254,0.014674,811.569303,811.645968
search,identity_n08,min,natural,proposed,coam,1,8,32640,5,1.4479644607843138,1.4476213848039214,1.4555338848039217,1.0,1.0,0.05237049236893654,0.006926,0.014152,47.26156,47.289203
search,identity_n08,min,natural,proposed,coam,8,8,32640,5,1.4454793504901962,1.4432515318627452,1.448729963235294,1.0032654937947552,0.1254081867243444,0.05242655519396067,0.007307,0.011376,47.180446,47.219044
search,identity_n08,min,natural,proposed,coam,32,8,32640,5,1.4467444546568626,1.4407223039215686,1.4497173100490197,1.0040122130808422,0.03137538165877632,0.05402923282235861,0.014283,0.01324,47.221739,47.247659
search,identity_n08,spectrum,natural,bitwise,coam,1,8,32895,5,2.457146435628515,2.448102051983584,2.4581239094087244,1.0,1.0,0.0853383019566536,0.011567,0.01306,80.827832,80.851396
search,identity_n08,spectrum,natural,bitwise,coam,8,8,32895,5,2.4389844657242743,2.429930566955464,2.4572086335309318,1.0007080178940762,0.12508850223675952,0.08705913554877043,0.012168,0.011386,80.230394,80.254008
search,identity_n08,spectrum,natural,bitwise,coam,32,8,32895,5,2.4257476820185437,2.4225381668946646,2.427936038911689,1.00921545556067,0.03153798298627094,0.0868080509826541,0.019745,0.013722,79.79497,79.836574
search,identity_n08,spectrum,natural,peigen,coam,1,8,32895,5,2.9366099103207177,2.936202523179815,2.9392714090287275,1.0,1.0,0.10227337293326855,0.054436,0.01284,96.599783,96.667419
search,identity_n08,spectrum,natural,proposed,coam,1,8,32895,5,1.321051253989968,1.3172564523483812,1.3699311445508435,1.0,1.0,0.04879261739552021,0.015266,0.014222,43.455981,43.485349
search,identity_n08,spectrum,natural,proposed,coam,8,8,32895,5,1.3143084663322693,1.3019486852105182,1.318927861377109,1.0146722900805887,0.12683403626007358,0.04887326806783676,0.015095,0.010574,43.234177,43.289825
search,identity_n08,spectrum,natural,proposed,coam,32,8,32895,5,1.3472674570603436,1.2942478492172063,1.355377747378021,1.0107375211087655,0.03158554753464892,0.0508390748873353,0.021891,0.012949,44.318363,44.356551
search,random_n08_00,max,natural,bitwise,coam,1,8,32640,5,0.29232686887254905,0.2917375919117647,0.2944110600490196,1.0,1.0,0.01499048713594675,0.005793,0.014915,9.541549,9.560141
search,random_n08_00,max,natural,bitwise,coam,8,8,32640,5,0.29087435661764705,0.29055533088235297,0.2924908088235294,1.00059396486149,0.12507424560768626,0.015473608858883381,0.004911,0.011086,9.494139,9.510467
search,random_n08_00,max,natural,bitwise,coam,32,8,32640,5,0.2957902573529412,0.29093412990196077,0.30021890318627453,1.0047871281759124,0.03139959775549726,0.01695498265326023,0.012298,0.013782,9.654594,9.680424
search,random_n08_00,max,natural,peigen,coam,1,8,32640,5,0.8094519914215687,0.8088544730392156,0.8107398284313725,1.0,1.0,0.03111353237181902,0.011266,0.013581,26.420513,26.44103
search,random_n08_00,max,natural,proposed,coam,1,8,32640,5,0.11260428921568628,0.11242230392156863,0.11261323529411764,1.0,1.0,0.008054880425333977,0.004751,0.013732,3.675404,3.692714
search,random_n08_00,max,natural,proposed,coam,8,8,32640,5,0.11612006740196078,0.11305431985294118,0.11796286764705882,0.9662652674993318,0.12078315843741648,0.009909423999488354,0.005513,0.011586,3.790159,3.823606
search,random_n08_00,max,natural,proposed,coam,32,8,32640,5,0.11272870710784313,0.11267083333333333,0.11313164828431373,0.9988963069359268,0.031215509591747712,0.010545521974563599,0.011076,0.013702,3.679465,3.703951
search,random_n08_00,min,natural,bitwise,coam,1,8,32642,5,2.279736168126953,2.2768886404019364,2.3165071380430122,1.0,1.0,0.08060204051434994,0.00877,0.014103,74.415148,74.43792
search,random_n08_00,min,natural,bitwise,coam,8,8,32642,5,2.3102830096195084,2.2819390968690647,2.3184073279823543,1.0101324574697617,0.1262665571837202,0.08163859788328409,0.015886,0.022062,75.412258,75.467285
search,random_n08_00,min,natural,bitwise,coam,32,8,32642,5,2.2945897616567614,2.2843663378469454,2.3105401629802094,1.0016264222957385,0.03130082569674183,0.08178082667291164,0.015536,0.01309,74.899999,74.93094
search,random_n08_00,min,natural,peigen,coam,1,8,32642,5,3.031711935543165,3.025999234115557,3.0341037620243854,1.0,1.0,0.10468667559325695,0.013652,0.01294,98.961141,98.99095
search,random_n08_00,min,natural,proposed,coam,1,8,32642,5,0.4867005698180259,0.4851248391642669,0.48712695300533054,1.0,1.0,0.021104815416038036,0.005944,0.013682,15.88688,15.906055
search,random_n08_00,min,natural,proposed,coam,8,8,32642,5,0.48544274247901475,0.48458314441517064,0.4885693584951903,1.0011178571837245,0.12513973214796556,0.021889138035476208,0.006395,0.011316,15.845822,15.861678
search,random_n08_00,min,natural,proposed,coam,32,8,32642,5,0.4858920409288647,0.4848228968813186,0.48599129955272347,1.001459429965012,0.03129560718640662,0.022114720195531845,0.012579,0.013121,15.860488,15.885947
search,random_n08_00,spectrum,natural,bitwise,coam,1,8,32642,5,2.538412750444213,2.532229612156118,2.548556859261075,1.0,1.0,0.0881374403834343,0.007878,0.01326,82.858869,82.879757
search,random_n08_00,spectrum,natural,bitwise,coam,8,8,32642,5,2.5197464309784943,2.5150121622449606,2.527091048342626,1.0044801322489003,0.12556001653111254,0.08871529903262854,0.008801,0.011737,82.249563,82.291771
search,random_n08_00,spectrum,natural,bitwise,coam,32,8,32642,5,2.519700937442559,2.494078028307089,2.5212956926658907,1.0114521217140175,0.03160787880356305,0.08943022228777409,0.015335,0.013181,82.248078,82.278569
search,random_n08_00,spectrum,natural,peigen,coam,1,8,32642,5,3.275350713804301,3.270562281722934,3.284371944121071,1.0,1.0,0.11218189354985952,0.012488,0.01319,106.913998,106.942824
search,random_n08_00,spectrum,natural,proposed,coam,1,8,32642,5,1.578503369891551,1.5746595796826175,1.5873555235586054,1.0,1.0,0.05685296468436718,0.013421,0.013892,51.525507,51.551607
search,random_n08_00,spectrum,natural,proposed,coam,8,8,32642,5,1.6453821457018565,1.602261871208872,1.66166941363887,0.9647336502983025,0.12059170628728781,0.05973732192069292,0.028165,0.023403,53.708564,53.734233
search,random_n08_00,spectrum,natural,proposed,coam,32,8,32642,5,1.594447552233319,1.590059126279027,1.598983273083757,0.9864932448067003,0.030827913900209385,0.059286704286932945,0.019304,0.01323,52.045957,52.079545
search,random_n08_01,max,natural,bitwise,coam,1,8,32640,5,0.29964546568627454,0.2983538909313726,0.3010844669117647,1.0,1.0,0.014517935924232006,0.005323,0.01329,9.780428,9.79861
search,random_n08_01,max,natural,bitwise,coam,8,8,32640,5,0.30222754289215686,0.3011227022058824,0.3037942401960784,0.9863434721240067,0.12329293401550084,0.015965129248797894,0.010203,0.023705,9.864707,9.898565
search,random_n08_01,max,natural,bitwise,coam,32,8,32640,5,0.29773630514705884,0.2973219056372549,0.3015017156862745,1.00781496420198,0.031494217631311876,0.01663882937282324,0.012499,0.013431,9.718113,9.743923
search,random_n08_01,max,natural,peigen,coam,1,8,32640,5,0.8139420343137255,0.8123670649509804,0.8153220588235295,1.0,1.0,0.031449015252292156,0.014694,0.014583,26.567068,26.591825
search,random_n08_01,max,natural,proposed,coam,1,8,32640,5,0.11965401348039215,0.11944120710784314,0.12022386642156863,1.0,1.0,0.008686313405632973,0.005022,0.013271,3.905507,3.923037
search,random_n08_01,max,natural,proposed,coam,8,8,32640,5,0.11939010416666666,0.11907852328431373,0.12003541666666666,1.0022104789636257,0.1252763098704532,0.009045022539794445,0.004891,0.010785,3.896893,3.911938
search,random_n08_01,max,natural,proposed,coam,32,8,32640,5,0.1189140012254902,0.11868336397058823,0.1194624693627451,1.0085656262444032,0.0315176758201376,0.0106201795861125,0.011446,0.01324,3.881353,3.90668
search,random_n08_01,min,natural,bitwise,coam,1,8,32641,5,2.2569453141754234,2.2288676817499464,2.270570386936675,1.0,1.0,0.07883755676448345,0.007247,0.013682,73.668952,73.689519
search,random_n08_01,min,natural,bitwise,coam,8,8,32641,5,2.2206506234490364,2.207374100058209,2.2359266260224873,1.009400437343656,0.126175054667957,0.07861863635480404,0.015616,0.023734,72.484257,72.523607
search,random_n08_01,min,natural,bitwise,coam,32,8,32641,5,2.269838515976839,2.2393498054593914,2.2728462669648604,1.0007899162648592,0.03127468488327685,0.08030560053884983,0.015406,0.01311,74.089799,74.118064
search,random_n08_01,min,natural,peigen,coam,1,8,32641,5,3.2229209276676576,3.212880334548574,3.223274654575534,1.0,1.0,0.11084504518657923,0.014413,0.013913,105.199362,105.227437
search,random_n08_01,min,natural,proposed,coam,1,8,32641,5,0.4954522533010631,0.49400480990165746,0.4986296682086946,1.0,1.0,0.02103281579911709,0.005563,0.01303,16.172057,16.190921
search,random_n08_01,min,natural,proposed,coam,8,8,32641,5,0.49695968260776324,0.49685778621978494,0.5018804877301554,0.9971711565005039,0.12464639456256299,0.02161568496376276,0.006294,0.011266,16.221261,16.236948
search,random_n08_01,min,natural,proposed,coam,32,8,32641,5,0.49563260929505837,0.4950417572991024,0.49775114120278174,0.9953587427425883,0.031104960710705884,0.022931525483727455,0.01298,0.013271,16.177944,16.204504
search,random_n08_01,spectrum,natural,bitwise,coam,1,8,32641,5,2.4897731687141937,2.4717977390398578,2.521148341043473,1.0,1.0,0.08643867261707783,0.013973,0.026291,81.268686,81.30978
search,random_n08_01,spectrum,natural,bitwise,coam,8,8,32641,5,2.4740729144327687,2.473604791519868,2.4806017278882386,1.0065363623363583,0.1258170452920448,0.08679604716598988,0.008048,0.011557,80.756214,80.797719
search,random_n08_01,spectrum,natural,bitwise,coam,32,8,32641,5,2.5071692656474984,2.48875429674336,2.508864250482522,0.9923905481276413,0.03101220462898879,0.08834011293947697,0.015436,0.01311,81.836512,81.863875
search,random_n08_01,spectrum,natural,peigen,coam,1,8,32641,5,3.4821734934591464,3.4769544131613617,3.48297052786373,1.0,1.0,0.11903877090662718,0.015436,0.013872,113.661625,113.713074
search,random_n08_01,spectrum,natural,proposed,coam,1,8,32641,5,1.5980211084219234,1.5935047333108667,1.6039988970926136,1.0,1.0,0.05738084111362696,0.0129,0.013882,52.161007,52.187819
search,random_n08_01,spectrum,natural,proposed,coam,8,8,32641,5,1.610631383842407,1.5910604148157226,1.6187447688489935,0.9900803106041283,0.12376003882551603,0.05843808501958847,0.01291,0.010705,52.572619,52.596173
search,random_n08_01,spectrum,natural,proposed,coam,32,8,32641,5,1.5920430440243865,1.5832028736864678,1.675876014827977,0.993629877544451,0.031050933673264093,0.05925567727535963,0.018854,0.013962,51.965877,52.004676
search,random_n08_02,max,natural,bitwise,coam,1,8,32640,5,0.2977476715686274,0.297316237745098,0.2982192708333333,1.0,1.0,0.01470912341028452,0.004902,0.013671,9.718484,9.740405
search,random_n08_02,max,natural,bitwise,coam,8,8,32640,5,0.2964922794117647,0.29621718750000003,0.3020801776960784,1.0049572662318107,0.12561965827897634,0.015715054236352444,0.010123,0.011266,9.677508,9.694357
search,random_n08_02,max,natural,bitwise,coam,32,8,32640,5,0.30115756740196076,0.29711966911764703,0.3051547487745098,1.0006615806622117,0.031270674395694115,0.016089951619505882,0.012499,0.01302,9.829783,9.855232
search,random_n08_02,max,natural,peigen,coam,1,8,32640,5,0.8137909926470588,0.812818137254902,0.814265287990196,1.0,1.0,0.03176808916032314,0.010233,0.014163,26.562138,26.600672
search,random_n08_02,max,natural,proposed,coam,1,8,32640,5,0.12189240196078431,0.12189172794117648,0.1222936887254902,1.0,1.0,0.008423266932368279,0.004501,0.013181,3.978568,3.996437
search,random_n08_02,max,natural,proposed,coam,8,8,32640,5,0.12208630514705883,0.12206075367647058,0.12215640318627452,0.997833308461985,0.12472916355774813,0.010143110528588295,0.004802,0.010625,3.984897,4.000152
search,random_n08_02,max,natural,proposed,coam,32,8,32640,5,0.12231053921568627,0.12173906250000001,0.12265508578431372,0.9971676362777694,0.031161488633680293,0.010764247737824917,0.011567,0.013181,3.992216,4.017073
search,random_n08_02,min,natural,bitwise,coam,1,8,32641,5,2.3012916883673906,2.2905114426641338,2.3025410373456694,1.0,1.0,0.08028801716864109,0.007597,0.01291,75.116462,75.136768
search,random_n08_02,min,natural,bitwise,coam,8,8,32641,5,2.2903706687907848,2.28182950889985,2.299213290034006,1.0048977639409986,0.12561222049262483,0.08062583208084106,0.008399,0.011407,74.759989,74.802737
search,random_n08_02,min,natural,bitwise,coam,32,8,32641,5,2.312013112343372,2.299318066235716,2.3192284550105695,0.9997492262121351,0.031242163319129223,0.08281532116234303,0.016077,0.013962,75.46642,75.496739
search,random_n08_02,min,natural,peigen,coam,1,8,32641,5,3.248744891394259,3.244746913391134,3.258213167488741,1.0,1.0,0.1114655239507556,0.01295,0.013581,106.042282,106.067059
search,random_n08_02,min,natural,proposed,coam,1,8,32641,5,0.49502855304678167,0.4936766643178824,0.4952290983732116,1.0,1.0,0.02124598901718855,0.006525,0.013551,16.158227,16.17688
search,random_n08_02,min,natural,proposed,coam,8,8,32641,5,0.5003835666799424,0.4968256487239974,0.5031827456266659,0.9857726250258678,0.12322157812823348,0.022042585536837578,0.010926,0.023795,16.33302,16.368923
search,random_n08_02,min,natural,proposed,coam,32,8,32641,5,0.4949636653288808,0.49469810973928496,0.49550920621304495,0.9971018937304059,0.031159434179075185,0.023133878596127033,0.01293,0.01307,16.156109,16.181828
search,random_n08_02,spectrum,natural,bitwise,coam,1,8,32641,5,2.5653414417450446,2.53981299592537,2.567342544652431,1.0,1.0,0.08881426695734262,0.007658,0.01274,83.73531,83.755465
search,random_n08_02,spectrum,natural,bitwise,coam,8,8,32641,5,2.5394346067828804,2.5365458778836434,2.5493057504365675,1.0062902189373444,0.12578627736716805,0.08921691961586475,0.017329,0.023784,82.889685,82.909952
search,random_n08_02,spectrum,natural,bitwise,coam,32,8,32641,5,2.532779632976931,2.5301532734903955,2.5463216506847215,1.0074695162943017,0.03148342238419693,0.08988578151911497,0.016388,0.013892,82.67246,82.702951
search,random_n08_02,spectrum,natural,peigen,coam,1,8,32641,5,3.492806347844735,3.4893958824790907,3.4933241015900247,1.0,1.0,0.11938362196087837,0.01724,0.014824,114.008692,114.037087
search,random_n08_02,spectrum,natural,proposed,coam,1,8,32641,5,1.602385006586808,1.600597530712907,1.6067417052173647,1.0,1.0,0.05759257264435291,0.014794,0.014393,52.303449,52.332887
search,random_n08_02,spectrum,natural,proposed,coam,8,8,32641,5,1.5956055267914584,1.5955404246193439,1.597606200790417,1.0031695255197122,0.12539619068996402,0.058095626533031464,0.012979,0.010805,52.08216,52.105924
search,random_n08_02,spectrum,natural,proposed,coam,32,8,32641,5,1.6118799669127784,1.6085385251677338,1.6364198707147453,0.9950632239572884,0.031095725748665263,0.059829313308000565,0.020317,0.01314,52.613374,52.646992
search,random_n08_03,max,natural,bitwise,coam,1,8,32640,5,0.29515808823529416,0.295009681372549,0.30168710171568625,1.0,1.0,0.014693183824419975,0.005242,0.013411,9.63396,9.652082
search,random_n08_03,max,natural,bitwise,coam,8,8,32640,5,0.2942939338235294,0.29421639093137253,0.2955847120098039,1.0029363650162184,0.1253670456270273,0.014877283945679665,0.005032,0.010835,9.605754,9.627695
search,random_n08_03,max,natural,bitwise,coam,32,8,32640,5,0.2940697610294118,0.2937836090686275,0.29452251838235294,1.0031962495560476,0.03134988279862649,0.016234702430665493,0.012157,0.01311,9.598437,9.624848
search,random_n08_03,max,natural,peigen,coam,1,8,32640,5,0.809200643382353,0.8075435661764706,0.8102257965686274,1.0,1.0,0.031275425106287,0.010684,0.013251,26.412309,26.437508
search,random_n08_03,max,natural,proposed,coam,1,8,32640,5,0.12183854166666667,0.12163020833333332,0.12189549632352942,1.0,1.0,0.009079678915441036,0.004961,0.013772,3.97681,3.995573
search,random_n08_03,max,natural,proposed,coam,8,8,32640,5,0.12382015931372549,0.12258036151960784,0.12533774509803922,0.9865664440003286,0.12332080550004107,0.00954038929194212,0.009793,0.023835,4.04149,4.075669
search,random_n08_03,max,natural,proposed,coam,32,8,32640,5,0.12205615808823529,0.12170882352941176,0.12231081495098038,0.999354071514302,0.031229814734821938,0.010403295047581196,0.012148,0.013671,3.983913,4.009732
search,random_n08_03,min,natural,bitwise,coam,1,8,32643,5,2.2704554422081307,2.262154857090341,2.3332591673559415,1.0,1.0,0.07911679986864328,0.007387,0.01296,74.114477,74.134534
search,random_n08_03,min,natural,bitwise,coam,8,8,32643,5,2.2746576295070917,2.261034310571945,2.2885526759182673,0.994503448670884,0.1243129310838605,0.08051244635134935,0.00855,0.011847,74.251649,74.288964
search,random_n08_03,min,natural,bitwise,coam,32,8,32643,5,2.2641251416842816,2.257696841589315,2.2704936127194193,1.0081065039154296,0.031503328247357174,0.08155426848679781,0.015225,0.01319,73.907837,73.938508
search,random_n08_03,min,natural,peigen,coam,1,8,32643,5,3.2149106393407467,3.2093654688600926,3.215360475446497,1.0,1.0,0.11060554347932339,0.013291,0.013962,104.944328,104.970088
search,random_n08_03,min,natural,proposed,coam,1,8,32643,5,0.4944451796709861,0.49373899457770426,0.5041899335232669,1.0,1.0,0.020893631502985954,0.005473,0.012689,16.140174,16.16022
search,random_n08_03,min,natural,proposed,coam,8,8,32643,5,0.5030740740740741,0.4999610942621695,0.5052270930980608,0.996702647901206,0.12458783098765075,0.02205884177237749,0.012238,0.023644,16.421847,16.457529
search,random_n08_03,min,natural,proposed,coam,32,8,32643,5,0.4952666727935545,0.4936988328278651,0.4961310541310542,1.002778139206765,0.031336816850211405,0.022478194907307625,0.012038,0.013571,16.16699,16.192599
search,random_n08_03,spectrum,natural,bitwise,coam,1,8,32643,5,2.5256402904144837,2.520574916521153,2.527649633918451,1.0,1.0,0.08783586882054806,0.007698,0.013301,82.444476,82.465915
search,random_n08_03,spectrum,natural,bitwise,coam,8,8,32643,5,2.5421247434365712,2.5308751033912325,2.5475205710259474,0.994472875143751,0.12430910939296888,0.08871373254805803,0.008821,0.011496,82.982578,83.002765
search,random_n08_03,spectrum,natural,bitwise,coam,32,8,32643,5,2.5293797138743375,2.52523034034862,2.595344055387066,0.9976025187776836,0.031175078711802612,0.08979012072086334,0.016718,0.013842,82.566542,82.604109
search,random_n08_03,spectrum,natural,peigen,coam,1,8,32643,5,3.5094470790062187,3.506990687130472,3.526743375302515,1.0,1.0,0.12033063359558582,0.016037,0.014212,114.558881,114.587086
search,random_n08_03,spectrum,natural,proposed,coam,1,8,32643,5,1.6272538675979535,1.6198607052047913,1.6473046288637685,1.0,1.0,0.05827852711081505,0.012539,0.01302,53.118448,53.146833
search,random_n08_03,spectrum,natural,proposed,coam,8,8,32643,5,1.6256083999632387,1.6199144073767728,1.7076555157307847,0.9999668487595782,0.12499585609494727,0.059140829369425774,0.027323,0.023494,53.064735,53.115552
search,random_n08_03,spectrum,natural,proposed,coam,32,8,32643,5,1.625791011855528,1.6173644579235977,1.629106056428637,1.0061145214524203,0.031441078795388135,0.06048591434955597,0.019896,0.013662,53.070696,53.105926
search,random_n08_04,max,natural,bitwise,coam,1,8,32640,5,0.292990625,0.2923968137254902,0.29451200980392156,1.0,1.0,0.014303998090326786,0.004891,0.01325,9.563214,9.580854
search,random_n08_04,max,natural,bitwise,coam,8,8,32640,5,0.3050833333333333,0.29936807598039217,0.3087021446078431,0.9653493902341052,0.12066867377926314,0.015377715229988098,0.005292,0.010705,9.95792,9.973126
search,random_n08_04,max,natural,bitwise,coam,32,8,32640,5,0.2931390318627451,0.29259243259803924,0.2932444240196078,1.0022741671527007,0.031321067723521896,0.016407507471740246,0.01292,0.013923,9.568058,9.59494
search,random_n08_04,max,natural,peigen,coam,1,8,32640,5,0.806541881127451,0.8031312806372549,0.8081283394607843,1.0,1.0,0.03132534958422184,0.012369,0.013952,26.325527,26.352409
search,random_n08_04,max,natural,proposed,coam,1,8,32640,5,0.11864016544117646,0.11863805147058824,0.11909549632352942,1.0,1.0,0.008749159052968025,0.004731,0.013351,3.872415,3.89152
search,random_n08_04,max,natural,proposed,coam,8,8,32640,5,0.12213419117647059,0.12211982230392157,0.12255867034313725,0.9717427252603857,0.12146784065754822,0.009451858699321747,0.010033,0.024206,3.98646,4.019989
search,random_n08_04,max,natural,proposed,coam,32,8,32640,5,0.11863884803921569,0.11855805759803921,0.11869280024509804,1.0006925538828886,0.03127164230884027,0.010902035981416702,0.012158,0.013622,3.872372,3.89759
search,random_n08_04,min,natural,bitwise,coam,1,8,32640,5,2.270576531862745,2.2662601715686272,2.2936630821078428,1.0,1.0,0.08023284934461117,0.007617,0.013742,74.111618,74.15115
search,random_n08_04,min,natural,bitwise,coam,8,8,32640,5,2.293370404411765,2.2768802389705884,2.3061622855392154,0.9972314278985999,0.12465392848732498,0.08024701103568077,0.016809,0.024005,74.85561,74.896022
search,random_n08_04,min,natural,bitwise,coam,32,8,32640,5,2.2779070159313726,2.269704013480392,2.2809645526960787,1.0014068980065627,0.031293965562705084,0.08147391863167286,0.014784,0.015105,74.350885,74.382677
search,random_n08_04,min,natural,peigen,coam,1,8,32640,5,3.098798161764706,3.0981196997549016,3.104990349264706,1.0,1.0,0.10650054831057787,0.014083,0.01316,101.144772,101.171212
search,random_n08_04,min,natural,proposed,coam,1,8,32640,5,0.49077383578431377,0.49065572916666667,0.5009603553921569,1.0,1.0,0.021099192090332508,0.006926,0.014323,16.018858,16.037541
search,random_n08_04,min,natural,proposed,coam,8,8,32640,5,0.496312806372549,0.4924406862745098,0.5035575367647059,0.9892007528680226,0.12365009410850282,0.022110057063400745,0.006765,0.011356,16.19965,16.235932
search,random_n08_04,min,natural,proposed,coam,32,8,32640,5,0.4926319546568627,0.4910350183823529,0.4975191482843137,1.000191669538483,0.03125598967307759,0.0221154959872365,0.012609,0.013121,16.079507,16.104815
search,random_n08_04,spectrum,natural,bitwise,coam,1,8,32640,5,2.5158802083333334,2.510028155637255,2.5446507352941174,1.0,1.0,0.08763204980641603,0.008509,0.013661,82.11833,82.161319
search,random_n08_04,spectrum,natural,bitwise,coam,8,8,32640,5,2.531675643382353,2.504085416666667,2.5330359375,1.0049627994584776,0.1256203499323097,0.08822712861001492,0.009713,0.010744,82.633893,82.652827
search,random_n08_04,spectrum,natural,bitwise,coam,32,8,32640,5,2.5193409313725494,2.5057995710784313,2.5310801164215686,0.9986263379457221,0.031207073060803815,0.08917506225407124,0.015837,0.013562,82.231288,82.259894
search,random_n08_04,spectrum,natural,peigen,coam,1,8,32640,5,3.3785242340686272,3.375526531862745,3.379121446078431,1.0,1.0,0.11561267171055079,0.014924,0.01326,110.275031,110.299517
search,random_n08_04,spectrum,natural,proposed,coam,1,8,32640,5,1.621488756127451,1.6198761948529412,1.6934298406862744,1.0,1.0,0.058020103722810745,0.012419,0.01304,52.925393,52.950852
search,random_n08_04,spectrum,natural,proposed,coam,8,8,32640,5,1.6061164215686274,1.5980408088235294,1.6366707414215687,1.0095711209675635,0.12619639012094544,0.05879869591444731,0.027974,0.024286,52.42364,52.447174
search,random_n08_04,spectrum,natural,proposed,coam,32,8,32640,5,1.6141954656862745,1.6081149203431373,1.6194757046568626,1.0002472962051403,0.031257728006410634,0.05971024464815855,0.019245,0.013762,52.68734,52.720457
search,random_n08_05,max,natural,bitwise,coam,1,8,32640,5,0.29573569240196074,0.2921105698529412,0.30409905024509803,1.0,1.0,0.014910688623785973,0.005603,0.019875,9.652813,9.672528
search,random_n08_05,max,natural,bitwise,coam,8,8,32640,5,0.29759126838235295,0.29275557598039215,0.29892028186274505,0.9893463586982479,0.12366829483728099,0.015378773212432861,0.005583,0.011536,9.713379,9.747448
search,random_n08_05,max,natural,bitwise,coam,32,8,32640,5,0.2917135110294118,0.291616881127451,0.2919143995098039,1.013788121634666,0.03168087880108331,0.015890110284090042,0.011938,0.013511,9.521529,9.54784
search,random_n08_05,max,natural,peigen,coam,1,8,32640,5,0.8098627757352941,0.8074920955882353,0.8104732843137255,1.0,1.0,0.03149404842406511,0.017791,0.02636,26.433921,26.457164
search,random_n08_05,max,natural,proposed,coam,1,8,32640,5,0.11691685049019608,0.11681436887254902,0.11703330269607844,1.0,1.0,0.008530419319868088,0.004681,0.01344,3.816166,3.834345
search,random_n08_05,max,natural,proposed,coam,8,8,32640,5,0.11739264705882353,0.11717610294117646,0.11820229779411764,0.9950739829046981,0.12438424786308726,0.009248943068087101,0.004761,0.011106,3.831696,3.847212
search,random_n08_05,max,natural,proposed,coam,32,8,32640,5,0.11717760416666667,0.11692120098039216,0.1173250306372549,0.9987685234596281,0.031211516358113377,0.010668576695024967,0.012108,0.013752,3.824677,3.849524
search,random_n08_05,min,natural,bitwise,coam,1,8,32640,5,2.324330667892157,2.2915461090686278,2.3361483762254904,1.0,1.0,0.08147512003779411,0.007638,0.013471,75.866153,75.909922
search,random_n08_05,min,natural,bitwise,coam,8,8,32640,5,2.318917463235294,2.3038467830882357,2.3250131127450984,1.0048612286447678,0.12560765358059597,0.08202690910547972,0.007637,0.011788,75.689466,75.708891
search,random_n08_05,min,natural,bitwise,coam,32,8,32640,5,2.3388398590686275,2.297230238970588,2.3446458946078432,0.9963757775099876,0.031136743047187113,0.08298065699636936,0.015516,0.01284,76.339733,76.367728
search,random_n08_05,min,natural,peigen,coam,1,8,32640,5,3.220249908088235,3.215315073529412,3.2236517769607844,1.0,1.0,0.11036733537912369,0.014694,0.01317,105.108957,105.13646
search,random_n08_05,min,natural,proposed,coam,1,8,32640,5,0.48975793504901965,0.48907306985294113,0.490910631127451,1.0,1.0,0.021260958164930344,0.005873,0.01282,15.985699,16.007028
search,random_n08_05,min,natural,proposed,coam,8,8,32640,5,0.49494329044117646,0.49359283088235295,0.497928125,0.9874564812452711,0.12343206015565888,0.022017505019903183,0.005714,0.010765,16.154949,16.171427
search,random_n08_05,min,natural,proposed,coam,32,8,32640,5,0.48922956495098036,0.4881729166666667,0.4899483149509804,1.0019641177387595,0.031311378679336234,0.022420949302613735,0.012478,0.013541,15.968453,15.994083
search,random_n08_05,spectrum,natural,bitwise,coam,1,8,32640,5,2.53402806372549,2.5273448835784316,2.5562355085784314,1.0,1.0,0.08824228961020708,0.007838,0.013491,82.710676,82.732005
search,random_n08_05,spectrum,natural,bitwise,coam,8,8,32640,5,2.526480269607843,2.520696599264706,2.526810018382353,1.005288801700559,0.12566110021256988,0.08840436860918999,0.008911,0.011166,82.464316,82.482768
search,random_n08_05,spectrum,natural,bitwise,coam,32,8,32640,5,2.528740900735294,2.511070067401961,2.5303805759803923,1.00612380275395,0.03144136883606094,0.08914298098534346,0.015856,0.013872,82.538103,82.570227
search,random_n08_05,spectrum,natural,peigen,coam,1,8,32640,5,3.504771844362745,3.49816724877451,3.5299779105392157,1.0,1.0,0.11954276636242867,0.013261,0.013572,114.395753,114.423117
search,random_n08_05,spectrum,natural,proposed,coam,1,8,32640,5,1.6436991421568627,1.6302376531862743,1.6736898590686273,1.0,1.0,0.05876361206173897,0.0129,0.01307,53.65034,53.675758
search,random_n08_05,spectrum,natural,proposed,coam,8,8,32640,5,1.6299105085784313,1.6202704044117646,1.6361340992647058,1.0144597702218747,0.12680747127773434,0.059311214834451675,0.027934,0.024216,53.200279,53.252429
search,random_n08_05,spectrum,natural,proposed,coam,32,8,32640,5,1.6199996017156864,1.6177685968137254,1.6399419730392157,1.0146293495480352,0.0317071671733761,0.0610373979434371,0.019616,0.01338,52.876787,52.910212
search,random_n08_06,max,natural,bitwise,coam,1,8,32640,5,0.2951357843137255,0.2931339154411765,0.29558428308823526,1.0,1.0,0.014084303751587868,0.007176,0.014423,9.633232,9.665622
search,random_n08_06,max,natural,bitwise,coam,8,8,32640,5,0.295296875,0.29317689950980397,0.2973765012254902,0.9926810006607554,0.12408512508259442,0.01552667748183012,0.009061,0.023774,9.63849,9.675114
search,random_n08_06,max,natural,bitwise,coam,32,8,32640,5,0.29366139705882355,0.29278930759803923,0.2940549632352941,1.0050207050353528,0.031406897032354775,0.016092014499008656,0.012759,0.013511,9.585108,9.610687
search,random_n08_06,max,natural,peigen,coam,1,8,32640,5,0.8093647671568628,0.8086034620098039,0.8110413296568628,1.0,1.0,0.031087974086403847,0.010624,0.01317,26.417666,26.441961
search,random_n08_06,max,natural,proposed,coam,1,8,32640,5,0.12217438725490196,0.12192830882352941,0.1222094362745098,1.0,1.0,0.008833895437419415,0.004601,0.013461,3.987772,4.005503
search,random_n08_06,max,natural,proposed,coam,8,8,32640,5,0.12496700367647058,0.12215337009803921,0.12625122549019607,1.000079432732611,0.12500992909157638,0.009472365491092205,0.009733,0.023494,4.078923,4.11259
search,random_n08_06,max,natural,proposed,coam,32,8,32640,5,0.12226354166666667,0.12197524509803921,0.12230281862745097,0.9996151983587155,0.03123797494870986,0.010268866084516048,0.011587,0.01308,3.990682,4.014948
search,random_n08_06,min,natural,bitwise,coam,1,8,32640,5,2.3190364889705886,2.31187337622549,2.3248657781862745,1.0,1.0,0.08110883086919785,0.008078,0.013611,75.693351,75.736149
search,random_n08_06,min,natural,bitwise,coam,8,8,32640,5,2.346953400735294,2.298233026960784,2.354822487745098,0.9905888107782201,0.12382360134727752,0.08171697333455086,0.00881,0.011115,76.604559,76.623262
search,random_n08_06,min,natural,bitwise,coam,32,8,32640,5,2.3408476409313725,2.292330300245098,2.344595894607843,0.9949505444434871,0.03109220451385897,0.08309926185756922,0.016147,0.014103,76.405267,76.436529
search,random_n08_06,min,natural,peigen,coam,1,8,32640,5,3.1343756433823526,3.129575398284314,3.1586870710784316,1.0,1.0,0.10795328207314014,0.01325,0.013512,102.306021,102.330308
search,random_n08_06,min,natural,proposed,coam,1,8,32640,5,0.4970920343137255,0.4937798406862745,0.49780159313725486,1.0,1.0,0.021151642315089703,0.005252,0.01323,16.225084,16.242393
search,random_n08_06,min,natural,proposed,coam,8,8,32640,5,0.5025179227941177,0.5022821078431373,0.5029670343137255,0.9897300601747815,0.12371625752184769,0.022055741399526596,0.011146,0.024075,16.402185,16.438408
search,random_n08_06,min,natural,proposed,coam,32,8,32640,5,0.49610352328431373,0.4949126225490196,0.49635435049019605,0.9990753403894737,0.03122110438717105,0.02292618900537491,0.012769,0.013361,16.192819,16.218147
search,random_n08_06,spectrum,natural,bitwise,coam,1,8,32640,5,2.549597242647059,2.546906219362745,2.5723150122549017,1.0,1.0,0.08906347211450338,0.009372,0.013692,83.218854,83.242298
search,random_n08_06,spectrum,natural,bitwise,coam,8,8,32640,5,2.537243045343137,2.5300033394607846,2.5449729779411765,1.0066809713798888,0.1258351214224861,0.08851607609540224,0.018002,0.023484,82.815613,82.859583
search,random_n08_06,spectrum,natural,bitwise,coam,32,8,32640,5,2.5479953125000003,2.5414414828431373,2.551107291666667,1.0091912491654382,0.031537226536419945,0.09002127684652805,0.016178,0.015235,83.166567,83.196105
search,random_n08_06,spectrum,natural,peigen,coam,1,8,32640,5,3.378355300245098,3.3758279718137256,3.380454993872549,1.0,1.0,0.11559676006436348,0.017791,0.013932,110.269517,110.323611
search,random_n08_06,spectrum,natural,proposed,coam,1,8,32640,5,1.597172824754902,1.5844477328431372,1.6219967524509804,1.0,1.0,0.05748352035880089,0.01295,0.013762,52.131721,52.159064
search,random_n08_06,spectrum,natural,proposed,coam,8,8,32640,5,1.5701492034313727,1.5689557598039217,1.5800057291666667,1.0108652109744498,0.12635815137180623,0.05712990090250969,0.0126,0.010895,51.24967,51.305919
search,random_n08_06,spectrum,natural,proposed,coam,32,8,32640,5,1.5705845894607844,1.5628560355392158,1.578195036764706,1.014515872018991,0.03170362100059347,0.05822955537587404,0.019064,0.013591,51.263881,51.29826
search,random_n08_07,max,natural,bitwise,coam,1,8,32640,5,0.29487864583333334,0.29458995098039215,0.295201868872549,1.0,1.0,0.014217785559594631,0.00458,0.01302,9.624839,9.642159
search,random_n08_07,max,natural,bitwise,coam,8,8,32640,5,0.29520759803921565,0.29500205269607843,0.2955969669117647,0.9997994602502832,0.1249749325312854,0.015430180355906487,0.005282,0.011226,9.635576,9.651773
search,random_n08_07,max,natural,bitwise,coam,32,8,32640,5,0.2970290441176471,0.29528143382352945,0.3020088541666667,0.9917883682233821,0.03099338650698069,0.016997131519019604,0.01297,0.013461,9.695028,9.719234
search,random_n08_07,max,natural,peigen,coam,1,8,32640,5,0.8104814644607843,0.8096822916666666,0.8116317095588236,1.0,1.0,0.031226148828864098,0.010935,0.013511,26.454115,26.503459
search,random_n08_07,max,natural,proposed,coam,1,8,32640,5,0.11907135416666667,0.11906632965686274,0.1207953737745098,1.0,1.0,0.008737410418689251,0.00461,0.01317,3.886489,3.904657
search,random_n08_07,max,natural,proposed,coam,8,8,32640,5,0.11959721200980393,0.1190796262254902,0.1259422487745098,0.9956030927953894,0.12445038659942367,0.009123474359512329,0.005333,0.011386,3.903653,3.920372
search,random_n08_07,max,natural,proposed,coam,32,8,32640,5,0.11944886642156863,0.11932405024509804,0.11950116421568627,0.9967974851820208,0.03114992141193815,0.010699843056499958,0.011807,0.013781,3.898811,3.925272
search,random_n08_07,min,natural,bitwise,coam,1,8,32644,5,2.2550726013968876,2.251698351917657,2.3054032900379857,1.0,1.0,0.07927193958312273,0.007617,0.013521,73.61459,73.637313
search,random_n08_07,min,natural,bitwise,coam,8,8,32644,5,2.2692704631785316,2.2666553118490382,2.269503767920598,0.9948983184334041,0.12436228980417552,0.08026253338903189,0.009653,0.012177,74.078065,74.096949
search,random_n08_07,min,natural,bitwise,coam,32,8,32644,5,2.2869556733243477,2.2720071069721848,2.3146108626393826,0.991061315348792,0.03097066610464975,0.08162937685847282,0.015446,0.01294,74.655381,74.686072
search,random_n08_07,min,natural,peigen,coam,1,8,32644,5,3.1662238083568193,3.1588128293101336,3.1692685639014826,1.0,1.0,0.10890793707221746,0.015606,0.013892,103.35821,103.387096
search,random_n08_07,min,natural,proposed,coam,1,8,32644,5,0.4824774537434138,0.47876623575542215,0.4860116713638034,1.0,1.0,0.021070163697004318,0.007026,0.013922,15.749994,15.770942
search,random_n08_07,min,natural,proposed,coam,8,8,32644,5,0.48292586692807254,0.4807954907486828,0.48335933096434264,1.0040680115278153,0.12550850144097692,0.021409396082162857,0.011055,0.024075,15.764632,15.78108
search,random_n08_07,min,natural,proposed,coam,32,8,32644,5,0.4845224849895846,0.48018370910427643,0.5021741208185271,0.988119747973541,0.030878742124173155,0.0225190632045269,0.01336,0.013059,15.816752,15.842632
search,random_n08_07,spectrum,natural,bitwise,coam,1,8,32644,5,2.520321069721848,2.516213729935057,2.5240169403259407,1.0,1.0,0.08745093178004026,0.007848,0.013351,82.273361,82.294821
search,random_n08_07,spectrum,natural,bitwise,coam,8,8,32644,5,2.5341207878936407,2.533404117142507,2.542001255973533,0.9915924151507578,0.12394905189384472,0.08843179605901241,0.008369,0.010705,82.723839,82.742723
search,random_n08_07,spectrum,natural,bitwise,coam,32,8,32644,5,2.5402599558877585,2.5365984560715598,2.5433008516113222,0.992150848136744,0.03100471400427325,0.08952021971344948,0.016096,0.01292,82.924246,82.954043
search,random_n08_07,spectrum,natural,peigen,coam,1,8,32644,5,3.441714955275089,3.4377738022301187,3.4515140301433647,1.0,1.0,0.11780206207185984,0.014864,0.01311,112.351343,112.379316
search,random_n08_07,spectrum,natural,proposed,coam,1,8,32644,5,1.5538091226565374,1.5512815218723197,1.568452150471756,1.0,1.0,0.05588756687939167,0.024326,0.0263,50.722545,50.774074
search,random_n08_07,spectrum,natural,proposed,coam,8,8,32644,5,1.5432622840338195,1.5380309398358045,1.5513985724788628,1.0163224791395113,0.12704030989243892,0.0562866423279047,0.027293,0.023916,50.378254,50.429252
search,random_n08_07,spectrum,natural,proposed,coam,32,8,32644,5,1.5387932545031247,1.535874157578728,1.5469740840583264,1.0044183277978904,0.031388072743684076,0.05703447852283716,0.018682,0.014293,50.232367,50.265523
search,random_n08_08,max,natural,bitwise,coam,1,8,32640,5,0.29505879289215686,0.2946157475490196,0.295894362745098,1.0,1.0,0.014959212392568588,0.005212,0.01346,9.630719,9.649342
search,random_n08_08,max,natural,bitwise,coam,8,8,32640,5,0.2941965073529412,0.2936391237745098,0.2945669424019608,1.0016697409634137,0.1252087176204267,0.015262440778315067,0.006565,0.011285,9.602574,9.617729
search,random_n08_08,max,natural,bitwise,coam,32,8,32640,5,0.2946000919117647,0.294125643382353,0.2996984987745098,1.0032027173409759,0.031350084916905496,0.016081590205430984,0.012649,0.01348,9.615747,9.642829
search,random_n08_08,max,natural,peigen,coam,1,8,32640,5,0.8098217218137255,0.8059475796568628,0.8101293198529412,1.0,1.0,0.03106911014765501,0.010194,0.013642,26.432581,26.455053
search,random_n08_08,max,natural,proposed,coam,1,8,32640,5,0.1202859068627451,0.12022098651960784,0.12082561274509804,1.0,1.0,0.009055658243596554,0.005072,0.01354,3.926132,3.944374
search,random_n08_08,max,natural,proposed,coam,8,8,32640,5,0.12048955269607843,0.12006151960784314,0.12306933210784314,0.9995373593194665,0.12494216991493332,0.009124252013862133,0.004942,0.011175,3.932779,3.948234
search,random_n08_08,max,natural,proposed,coam,32,8,32640,5,0.12045327818627452,0.11993354779411765,0.1205107843137255,1.0031942204055517,0.03134981938767349,0.010718782432377338,0.011676,0.013391,3.931595,3.958539
search,random_n08_08,min,natural,bitwise,coam,1,8,32640,5,2.282701899509804,2.256048529411765,2.3157535232843136,1.0,1.0,0.07961837854236364,0.007457,0.013541,74.50739,74.527155
search,random_n08_08,min,natural,bitwise,coam,8,8,32640,5,2.3060130208333334,2.289819301470588,2.3076550857843134,0.9898911579800598,0.12373639474750747,0.08038021437823772,0.007728,0.010755,75.268265,75.288532
search,random_n08_08,min,natural,bitwise,coam,32,8,32640,5,2.321252359068627,2.318743780637255,2.3282444852941175,0.9833923875582871,0.03073101211119647,0.08273715991526842,0.015556,0.012839,75.765677,75.794453
search,random_n08_08,min,natural,peigen,coam,1,8,32640,5,3.176766237745098,3.1754735906862743,3.197929718137255,1.0,1.0,0.10924739297479391,0.014163,0.013431,103.68965,103.716702
search,random_n08_08,min,natural,proposed,coam,1,8,32640,5,0.49674408700980394,0.4919223958333333,0.5005545649509804,1.0,1.0,0.021590515971183777,0.006325,0.013901,16.213727,16.233953
search,random_n08_08,min,natural,proposed,coam,8,8,32640,5,0.49312429534313723,0.49191148897058823,0.49811295955882356,0.9975626844567299,0.12469533555709124,0.022051597945392132,0.011226,0.023785,16.095577,16.13134
search,random_n08_08,min,natural,proposed,coam,32,8,32640,5,0.49605340073529414,0.4936848651960784,0.4976655943627451,0.9988242814219203,0.031213258794435008,0.0228054067119956,0.012348,0.014453,16.191183,16.219608
search,random_n08_08,spectrum,natural,bitwise,coam,1,8,32643,5,2.484542689091076,2.465253591888,2.4899137027846705,1.0,1.0,0.08606350515037775,0.007677,0.012889,81.102927,81.123454
search,random_n08_08,spectrum,natural,bitwise,coam,8,8,32643,5,2.4819587354103483,2.451043531538155,2.4829327267714367,1.0043051621736523,0.12553814527170654,0.08641473483294249,0.008429,0.010956,81.018579,81.059483
search,random_n08_08,spectrum,natural,bitwise,coam,32,8,32643,5,2.4573417578041234,2.454716171920473,2.4648766963820727,1.0101575086653816,0.031567422145793174,0.08690795209258795,0.014964,0.013551,80.215007,80.243462
search,random_n08_08,spectrum,natural,peigen,coam,1,8,32643,5,3.443942499157553,3.43786919094446,3.4482061697760624,1.0,1.0,0.11795802600681782,0.015687,0.013972,112.420615,112.450194
search,random_n08_08,spectrum,natural,proposed,coam,1,8,32643,5,1.5177242900468706,1.516142419508011,1.5904928162239989,1.0,1.0,0.0551101379096508,0.012689,0.014002,49.543074,49.567741
search,random_n08_08,spectrum,natural,proposed,coam,8,8,32643,5,1.5190342186686274,1.5107718959654444,1.5752299114664707,0.9980962909689086,0.12476203637111358,0.05563682597130537,0.01355,0.011577,49.585834,49.609458
search,random_n08_08,spectrum,natural,proposed,coam,32,8,32643,5,1.5329617682198327,1.5158578868363817,1.5504103789480135,1.0068895710861696,0.0314652990964428,0.05715040024369955,0.019906,0.013441,50.040471,50.073948
search,random_n08_09,max,natural,bitwise,coam,1,8,32640,5,0.2923387867647059,0.29140560661764703,0.29323042279411765,1.0,1.0,0.014681674540042877,0.005703,0.013812,9.541938,9.559378
search,random_n08_09,max,natural,bitwise,coam,8,8,32640,5,0.29498707107843136,0.2924752144607843,0.29655747549019607,0.9961823269128616,0.1245227908641077,0.015314464457333088,0.005443,0.011025,9.628378,9.644846
search,random_n08_09,max,natural,bitwise,coam,32,8,32640,5,0.29268566176470584,0.29227092524509807,0.29655033700980393,0.9988148548244264,0.031212964213263326,0.01634420081973076,0.011646,0.013893,9.55326,9.581726
search,random_n08_09,max,natural,peigen,coam,1,8,32640,5,0.8098941176470588,0.8066566482843137,0.8137329044117647,1.0,1.0,0.031595402397215366,0.010615,0.013621,26.434944,26.457957
search,random_n08_09,max,natural,proposed,coam,1,8,32640,5,0.12434457720588236,0.12425897671568627,0.1293515931372549,1.0,1.0,0.009073792956769466,0.005041,0.014403,4.058607,4.077451
search,random_n08_09,max,natural,proposed,coam,8,8,32640,5,0.12639500612745097,0.1252017156862745,0.12738394607843137,1.0011176406165054,0.12513970507706318,0.009357559494674206,0.009803,0.023825,4.125533,4.160263
search,random_n08_09,max,natural,proposed,coam,32,8,32640,5,0.12377291666666666,0.1235203125,0.12403419117647059,1.0046186238040689,0.03139433199387715,0.010872774757444859,0.011827,0.013651,4.039948,4.066028
search,random_n08_09,min,natural,bitwise,coam,1,8,32640,5,2.2455532781862746,2.2383876838235293,2.2804958026960787,1.0,1.0,0.07900896947830915,0.008119,0.013842,73.294859,73.316469
search,random_n08_09,min,natural,bitwise,coam,8,8,32640,5,2.2353929840686275,2.2338569546568627,2.258970343137255,1.005235932186718,0.12565449152333974,0.07901199720799923,0.015515,0.024346,72.963227,73.003591
search,random_n08_09,min,natural,bitwise,coam,32,8,32640,5,2.285599356617647,2.268209957107843,2.289123682598039,0.9853977996094967,0.03079368123779677,0.08120451960712671,0.015246,0.013551,74.601963,74.630329
search,random_n08_09,min,natural,peigen,coam,1,8,32640,5,3.36155631127451,3.360825888480392,3.3723575980392155,1.0,1.0,0.11539544817060232,0.018242,0.013441,109.721198,109.753673
search,random_n08_09,min,natural,proposed,coam,1,8,32640,5,0.4868267156862745,0.4866477634803921,0.4886125919117647,1.0,1.0,0.02088502235710621,0.005462,0.01302,15.890024,15.909369
search,random_n08_09,min,natural,proposed,coam,8,8,32640,5,0.4925582107843137,0.4888311580882353,0.49332009803921567,0.9984676175299576,0.1248084521912447,0.021717200987040997,0.011346,0.024205,16.0771,16.113733
search,random_n08_09,min,natural,proposed,coam,32,8,32640,5,0.4853878982843137,0.4849339154411765,0.48544764093137255,1.003903212757095,0.03137197539865922,0.022478447295725346,0.01301,0.01322,15.843061,15.868729
search,random_n08_09,spectrum,natural,bitwise,coam,1,8,32649,5,2.458687555514717,2.4577405127262706,2.513447211246899,1.0,1.0,0.08596467040479183,0.007637,0.013782,80.27369,80.295651
search,random_n08_09,spectrum,natural,bitwise,coam,8,8,32649,5,2.4610359275934943,2.443761769120034,2.4632751692241723,1.01092454992513,0.12636556874064125,0.08610217738896608,0.008449,0.010805,80.350362,80.392668
search,random_n08_09,spectrum,natural,bitwise,coam,32,8,32649,5,2.4652095623143127,2.453609574565837,2.49847202058256,1.0029525330396571,0.031342266657489286,0.0874946704134345,0.015506,0.013531,80.486627,80.515804
search,random_n08_09,spectrum,natural,peigen,coam,1,8,32649,5,3.5895579037642804,3.5869679622653066,3.590307298845294,1.0,1.0,0.1224891347810626,0.015896,0.013832,117.195476,117.225525
search,random_n08_09,spectrum,natural,proposed,coam,1,8,32649,5,1.577360256056847,1.5702294097828418,1.589026677693038,1.0,1.0,0.0564374178647995,0.012839,0.01305,51.499235,51.525054
search,random_n08_09,spectrum,natural,proposed,coam,8,8,32649,5,1.5868564427700695,1.573421819963858,1.645628258139606,0.9871156084095829,0.12338945105119786,0.057816458866000175,0.015054,0.011657,51.809276,51.835016
search,random_n08_09,spectrum,natural,proposed,coam,32,8,32649,5,1.569531593616956,1.567528714508867,1.5873733651872952,1.0010415397801185,0.0312825481181287,0.058272127993404865,0.019285,0.01293,51.243637,51.277855
